                                                                        S      1
,,,9Hmini_pump,22HAutodesk Inventor 2017,7Hunknown,32,38,7,99,15,,1.,2, G      1
2HMM,1,0.08,15H20170914.123636,0.01,10000.,10HJohn Nduli,,11,0,15H201708G      2
31.075025;                                                              G      3
     186       1                                                00000000D      1
     186            -455       1       0                               0D      2
     186       2                                                00000000D      3
     186            -455       1       0                               0D      4
     514       3                                                00010000D      5
     514                       3       1                               0D      6
     514       6                                                00010000D      7
     514                       1       1                               0D      8
     510       7                                                00010000D      9
     510            -455       1       1                               0D     10
     510       8                                                00010000D     11
     510            -455       1       1                               0D     12
     510       9                                                00010000D     13
     510            -455       1       1                               0D     14
     510      10                                                00010000D     15
     510            -455       1       1                               0D     16
     510      11                                                00010000D     17
     510            -455       1       1                               0D     18
     510      12                                                00010000D     19
     510            -455       1       1                               0D     20
     510      13                                                00010000D     21
     510            -455       1       1                               0D     22
     510      14                                                00010000D     23
     510            -455       1       1                               0D     24
     510      15                                                00010000D     25
     510            -455       1       1                               0D     26
     510      16                                                00010000D     27
     510            -455       1       1                               0D     28
     510      17                                                00010000D     29
     510            -455       1       1                               0D     30
     510      18                                                00010000D     31
     510            -455       1       1                               0D     32
     510      19                                                00010000D     33
     510            -455       1       1                               0D     34
     510      20                                                00010000D     35
     510            -455       1       1                               0D     36
     510      21                                                00010000D     37
     510            -455       1       1                               0D     38
     510      22                                                00010000D     39
     510            -455       1       1                               0D     40
     510      23                                                00010000D     41
     510            -455       1       1                               0D     42
     510      24                                                00010000D     43
     510            -455       1       1                               0D     44
     510      25                                                00010000D     45
     510            -455       1       1                               0D     46
     510      26                                                00010000D     47
     510            -455       1       1                               0D     48
     510      27                                                00010000D     49
     510            -455       1       1                               0D     50
     510      28                                                00010000D     51
     510            -455       1       1                               0D     52
     510      29                                                00010000D     53
     510            -455       1       1                               0D     54
     510      30                                                00010000D     55
     510            -455       1       1                               0D     56
     510      31                                                00010000D     57
     510            -455       1       1                               0D     58
     510      32                                                00010000D     59
     510            -455       1       1                               0D     60
     510      33                                                00010000D     61
     510            -455       1       1                               0D     62
     510      34                                                00010000D     63
     510            -455       1       1                               0D     64
     510      35                                                00010000D     65
     510            -455       1       1                               0D     66
     510      36                                                00010000D     67
     510            -455       1       1                               0D     68
     510      37                                                00010000D     69
     510            -455       1       1                               0D     70
     510      38                                                00010000D     71
     510            -455       1       1                               0D     72
     510      39                                                00010000D     73
     510            -455       1       1                               0D     74
     510      40                                                00010000D     75
     510            -455       1       1                               0D     76
     510      41                                                00010000D     77
     510            -455       1       1                               0D     78
     510      42                                                00010000D     79
     510            -455       1       1                               0D     80
     510      43                                                00010000D     81
     510            -455       1       1                               0D     82
     510      44                                                00010000D     83
     510            -455       1       1                               0D     84
     510      45                                                00010000D     85
     510            -455       1       1                               0D     86
     510      46                                                00010000D     87
     510            -455       1       1                               0D     88
     508      47                                                00010000D     89
     508                       2       1                               0D     90
     508      49                                                00010000D     91
     508                       2       1                               0D     92
     508      51                                                00010000D     93
     508                       1       1                               0D     94
     508      52                                                00010000D     95
     508                       2       1                               0D     96
     508      54                                                00010000D     97
     508                       2       1                               0D     98
     508      56                                                00010000D     99
     508                       1       1                               0D    100
     508      57                                                00010000D    101
     508                       2       1                               0D    102
     508      59                                                00010000D    103
     508                       2       1                               0D    104
     508      61                                                00010000D    105
     508                       1       1                               0D    106
     508      62                                                00010000D    107
     508                       2       1                               0D    108
     508      64                                                00010000D    109
     508                       1       1                               0D    110
     508      65                                                00010000D    111
     508                       1       1                               0D    112
     508      66                                                00010000D    113
     508                       2       1                               0D    114
     508      68                                                00010000D    115
     508                       2       1                               0D    116
     508      70                                                00010000D    117
     508                       2       1                               0D    118
     508      72                                                00010000D    119
     508                       2       1                               0D    120
     508      74                                                00010000D    121
     508                       1       1                               0D    122
     508      75                                                00010000D    123
     508                       1       1                               0D    124
     508      76                                                00010000D    125
     508                       2       1                               0D    126
     508      78                                                00010000D    127
     508                       1       1                               0D    128
     508      79                                                00010000D    129
     508                       1       1                               0D    130
     508      80                                                00010000D    131
     508                       1       1                               0D    132
     508      81                                                00010000D    133
     508                       1       1                               0D    134
     508      82                                                00010000D    135
     508                       1       1                               0D    136
     508      83                                                00010000D    137
     508                       1       1                               0D    138
     508      84                                                00010000D    139
     508                       1       1                               0D    140
     508      85                                                00010000D    141
     508                       1       1                               0D    142
     508      86                                                00010000D    143
     508                       1       1                               0D    144
     508      87                                                00010000D    145
     508                       1       1                               0D    146
     508      88                                                00010000D    147
     508                       1       1                               0D    148
     508      89                                                00010000D    149
     508                       1       1                               0D    150
     508      90                                                00010000D    151
     508                       1       1                               0D    152
     508      91                                                00010000D    153
     508                       1       1                               0D    154
     508      92                                                00010000D    155
     508                       1       1                               0D    156
     508      93                                                00010000D    157
     508                       1       1                               0D    158
     508      94                                                00010000D    159
     508                       1       1                               0D    160
     508      95                                                00010000D    161
     508                       1       1                               0D    162
     508      96                                                00010000D    163
     508                       2       1                               0D    164
     508      98                                                00010000D    165
     508                       1       1                               0D    166
     508      99                                                00010000D    167
     508                       1       1                               0D    168
     508     100                                                00010000D    169
     508                       1       1                               0D    170
     508     101                                                00010000D    171
     508                       1       1                               0D    172
     508     102                                                00010000D    173
     508                       1       1                               0D    174
     508     103                                                00010000D    175
     508                       2       1                               0D    176
     508     105                                                00010000D    177
     508                       1       1                               0D    178
     508     106                                                00010000D    179
     508                       1       1                               0D    180
     508     107                                                00010000D    181
     508                       1       1                               0D    182
     508     108                                                00010000D    183
     508                       1       1                               0D    184
     508     109                                                00010000D    185
     508                       2       1                               0D    186
     508     111                                                00010000D    187
     508                       2       1                               0D    188
     508     113                                                00010000D    189
     508                       1       1                               0D    190
     508     114                                                00010000D    191
     508                       1       1                               0D    192
     126     115                                                00010000D    193
     126       0               9       0                               0D    194
     126     124                                                00010000D    195
     126       0               4       0                               0D    196
     126     128                                                00010000D    197
     126       0               9       0                               0D    198
     126     137                                                00010000D    199
     126       0               5       0                               0D    200
     126     142                                                00010000D    201
     126       0               5       0                               0D    202
     126     147                                                00010000D    203
     126       0               3       0                               0D    204
     126     150                                                00010000D    205
     126       0              11       0                               0D    206
     126     161                                                00010000D    207
     126       0               8       0                               0D    208
     126     169                                                00010000D    209
     126       0               3       0                               0D    210
     126     172                                                00010000D    211
     126       0               7       0                               0D    212
     126     179                                                00010000D    213
     126       0               5       0                               0D    214
     126     184                                                00010000D    215
     126       0               5       0                               0D    216
     126     189                                                00010000D    217
     126       0               2       0                               0D    218
     126     191                                                00010000D    219
     126       0               9       0                               0D    220
     126     200                                                00010000D    221
     126       0               9       0                               0D    222
     126     209                                                00010000D    223
     126       0               4       0                               0D    224
     126     213                                                00010000D    225
     126       0               9       0                               0D    226
     126     222                                                00010000D    227
     126       0               5       0                               0D    228
     126     227                                                00010000D    229
     126       0               5       0                               0D    230
     126     232                                                00010000D    231
     126       0               3       0                               0D    232
     126     235                                                00010000D    233
     126       0              11       0                               0D    234
     126     246                                                00010000D    235
     126       0               7       0                               0D    236
     126     253                                                00010000D    237
     126       0               3       0                               0D    238
     126     256                                                00010000D    239
     126       0               8       0                               0D    240
     126     264                                                00010000D    241
     126       0               5       0                               0D    242
     126     269                                                00010000D    243
     126       0               4       0                               0D    244
     126     273                                                00010000D    245
     126       0               8       0                               0D    246
     126     281                                                00010000D    247
     126       0               4       0                               0D    248
     126     285                                                00010000D    249
     126       0               2       0                               0D    250
     126     287                                                00010000D    251
     126       0               9       0                               0D    252
     126     296                                                00010000D    253
     126       0               4       0                               0D    254
     126     300                                                00010000D    255
     126       0               7       0                               0D    256
     126     307                                                00010000D    257
     126       0               5       0                               0D    258
     126     312                                                00010000D    259
     126       0               9       0                               0D    260
     126     321                                                00010000D    261
     126       0               2       0                               0D    262
     126     323                                                00010000D    263
     126       0               8       0                               0D    264
     126     331                                                00010000D    265
     126       0               3       0                               0D    266
     126     334                                                00010000D    267
     126       0               8       0                               0D    268
     126     342                                                00010000D    269
     126       0               5       0                               0D    270
     126     347                                                00010000D    271
     126       0               5       0                               0D    272
     126     352                                                00010000D    273
     126       0              10       0                               0D    274
     126     362                                                00010000D    275
     126       0               3       0                               0D    276
     126     365                                                00010000D    277
     126       0              10       0                               0D    278
     126     375                                                00010000D    279
     126       0               2       0                               0D    280
     126     377                                                00010000D    281
     126       0              10       0                               0D    282
     126     387                                                00010000D    283
     126       0              10       0                               0D    284
     126     397                                                00010000D    285
     126       0               9       0                               0D    286
     126     406                                                00010000D    287
     126       0               2       0                               0D    288
     126     408                                                00010000D    289
     126       0              10       0                               0D    290
     126     418                                                00010000D    291
     126       0              10       0                               0D    292
     126     428                                                00010000D    293
     126       0               2       0                               0D    294
     126     430                                                00010000D    295
     126       0              10       0                               0D    296
     126     440                                                00010000D    297
     126       0              10       0                               0D    298
     126     450                                                00010000D    299
     126       0               5       0                               0D    300
     126     455                                                00010000D    301
     126       0               3       0                               0D    302
     126     458                                                00010000D    303
     126       0               7       0                               0D    304
     126     465                                                00010000D    305
     126       0               4       0                               0D    306
     126     469                                                00010000D    307
     126       0               5       0                               0D    308
     126     474                                                00010000D    309
     126       0               3       0                               0D    310
     126     477                                                00010000D    311
     126       0               7       0                               0D    312
     126     484                                                00010000D    313
     126       0               3       0                               0D    314
     126     487                                                00010000D    315
     126       0               5       0                               0D    316
     126     492                                                00010000D    317
     126       0               4       0                               0D    318
     126     496                                                00010000D    319
     126       0               7       0                               0D    320
     126     503                                                00010000D    321
     126       0               3       0                               0D    322
     126     506                                                00010000D    323
     126       0               6       0                               0D    324
     126     512                                                00010000D    325
     126       0               3       0                               0D    326
     126     515                                                00010000D    327
     126       0               2       0                               0D    328
     126     517                                                00010000D    329
     126       0               2       0                               0D    330
     126     519                                                00010000D    331
     126       0               3       0                               0D    332
     126     522                                                00010000D    333
     126       0               3       0                               0D    334
     126     525                                                00010000D    335
     126       0               2       0                               0D    336
     126     527                                                00010000D    337
     126       0               3       0                               0D    338
     126     530                                                00010000D    339
     126       0               2       0                               0D    340
     126     532                                                00010000D    341
     126       0               5       0                               0D    342
     126     537                                                00010000D    343
     126       0               2       0                               0D    344
     126     539                                                00010000D    345
     126       0               8       0                               0D    346
     126     547                                                00010000D    347
     126       0               8       0                               0D    348
     126     555                                                00010000D    349
     126       0               3       0                               0D    350
     126     558                                                00010000D    351
     126       0              27       0                               0D    352
     126     585                                                00010000D    353
     126       0              28       0                               0D    354
     126     613                                                00010000D    355
     126       0              21       0                               0D    356
     126     634                                                00010000D    357
     126       0              22       0                               0D    358
     126     656                                                00010000D    359
     126       0               3       0                               0D    360
     128     659                                                00010000D    361
     128       0    -455      25       0                               0D    362
     128     684                                                00010000D    363
     128       0    -455      17       0                               0D    364
     128     701                                                00010000D    365
     128       0    -455       6       0                               0D    366
     128     707                                                00010000D    367
     128       0    -455      18       0                               0D    368
     128     725                                                00010000D    369
     128       0    -455      13       0                               0D    370
     128     738                                                00010000D    371
     128       0    -455       5       0                               0D    372
     128     743                                                00010000D    373
     128       0    -455      24       0                               0D    374
     128     767                                                00010000D    375
     128       0    -455      17       0                               0D    376
     128     784                                                00010000D    377
     128       0    -455       7       0                               0D    378
     128     791                                                00010000D    379
     128       0    -455      18       0                               0D    380
     128     809                                                00010000D    381
     128       0    -455       3       0                               0D    382
     128     812                                                00010000D    383
     128       0    -455      13       0                               0D    384
     128     825                                                00010000D    385
     128       0    -455      19       0                               0D    386
     128     844                                                00010000D    387
     128       0    -455      12       0                               0D    388
     128     856                                                00010000D    389
     128       0    -455      17       0                               0D    390
     128     873                                                00010000D    391
     128       0    -455       3       0                               0D    392
     128     876                                                00010000D    393
     128       0    -455      13       0                               0D    394
     128     889                                                00010000D    395
     128       0    -455      12       0                               0D    396
     128     901                                                00010000D    397
     128       0    -455       3       0                               0D    398
     128     904                                                00010000D    399
     128       0    -455       3       0                               0D    400
     128     907                                                00010000D    401
     128       0    -455      11       0                               0D    402
     128     918                                                00010000D    403
     128       0    -455      12       0                               0D    404
     128     930                                                00010000D    405
     128       0    -455       3       0                               0D    406
     128     933                                                00010000D    407
     128       0    -455       3       0                               0D    408
     128     936                                                00010000D    409
     128       0    -455       7       0                               0D    410
     128     943                                                00010000D    411
     128       0    -455       6       0                               0D    412
     128     949                                                00010000D    413
     128       0    -455       7       0                               0D    414
     128     956                                                00010000D    415
     128       0    -455      13       0                               0D    416
     128     969                                                00010000D    417
     128       0    -455       5       0                               0D    418
     128     974                                                00010000D    419
     128       0    -455      12       0                               0D    420
     128     986                                                00010000D    421
     128       0    -455       6       0                               0D    422
     128     992                                                00010000D    423
     128       0    -455       6       0                               0D    424
     128     998                                                00010000D    425
     128       0    -455       6       0                               0D    426
     128    1004                                                00010000D    427
     128       0    -455      12       0                               0D    428
     128    1016                                                00010000D    429
     128       0    -455       3       0                               0D    430
     128    1019                                                00010000D    431
     128       0    -455       3       0                               0D    432
     128    1022                                                00010000D    433
     128       0    -455       3       0                               0D    434
     128    1025                                                00010000D    435
     128       0    -455      14       0                               0D    436
     128    1039                                                00010000D    437
     128       0    -455      13       0                               0D    438
     128    1052                                                00010000D    439
     128       0    -455       8       0                               0D    440
     502    1060                                                00010000D    441
     502                      21       1                               0D    442
     502    1081                                                00010000D    443
     502                       3       1                               0D    444
     504    1084                                                00010001D    445
     504                      22       1                               0D    446
     504    1106                                                00010001D    447
     504                       3       1                               0D    448
     406    1109                                                00000000D    449
     406                       1      15                               0D    450
     406    1110                                                00000000D    451
     406                       1      15                               0D    452
     314    1111                                                00000200D    453
     314                       1       0                               0D    454
     314    1112                                                00000200D    455
     314                       1       0                               0D    456
186,5,1,0,0,1,449;                                                     1P      1
186,7,1,0,0,1,451;                                                     3P      2
514,36,9,1,11,1,13,1,15,1,17,1,19,1,21,1,23,1,25,1,27,1,29,1,31,       5P      3
1,33,1,35,1,37,1,39,1,41,1,43,1,45,1,47,1,49,1,51,1,53,1,55,1,         5P      4
57,1,59,1,61,1,63,1,65,1,67,1,69,1,71,1,73,1,75,1,77,1,79,1;           5P      5
514,4,81,1,83,1,85,1,87,1;                                             7P      6
510,361,1,1,89;                                                        9P      7
510,363,1,1,91;                                                       11P      8
510,365,1,1,93;                                                       13P      9
510,367,1,1,95;                                                       15P     10
510,369,1,1,97;                                                       17P     11
510,371,1,1,99;                                                       19P     12
510,373,1,1,101;                                                      21P     13
510,375,1,1,103;                                                      23P     14
510,377,1,1,105;                                                      25P     15
510,379,1,1,107;                                                      27P     16
510,381,2,1,109,111;                                                  29P     17
510,383,1,1,113;                                                      31P     18
510,385,1,1,115;                                                      33P     19
510,387,1,1,117;                                                      35P     20
510,389,1,1,119;                                                      37P     21
510,391,2,1,121,123;                                                  39P     22
510,393,1,1,125;                                                      41P     23
510,395,1,1,127;                                                      43P     24
510,397,2,1,129,131;                                                  45P     25
510,399,2,1,133,135;                                                  47P     26
510,401,1,1,137;                                                      49P     27
510,403,1,1,139;                                                      51P     28
510,405,2,1,141,143;                                                  53P     29
510,407,5,1,145,147,149,151,153;                                      55P     30
510,409,1,1,155;                                                      57P     31
510,411,1,1,157;                                                      59P     32
510,413,1,1,159;                                                      61P     33
510,415,1,1,161;                                                      63P     34
510,417,1,1,163;                                                      65P     35
510,419,1,1,165;                                                      67P     36
510,421,1,1,167;                                                      69P     37
510,423,1,1,169;                                                      71P     38
510,425,1,1,171;                                                      73P     39
510,427,2,1,173,175;                                                  75P     40
510,429,1,1,177;                                                      77P     41
510,431,1,1,179;                                                      79P     42
510,433,2,1,181,183;                                                  81P     43
510,435,1,1,185;                                                      83P     44
510,437,1,1,187;                                                      85P     45
510,439,2,1,189,191;                                                  87P     46
508,6,0,445,1,1,0,0,445,2,1,0,0,445,3,1,0,0,445,4,1,0,0,445,2,0,      89P     47
0,0,445,5,1,0;                                                        89P     48
508,5,0,445,4,0,0,0,445,6,1,0,0,445,7,0,0,0,445,6,0,0,0,445,3,0,      91P     49
0;                                                                    91P     50
508,2,0,445,1,0,0,0,445,5,0,0;                                        93P     51
508,6,0,445,8,1,0,0,445,9,1,0,0,445,10,1,0,0,445,11,1,0,0,445,9,      95P     52
0,0,0,445,12,1,0;                                                     95P     53
508,5,0,445,11,0,0,0,445,13,1,0,0,445,14,0,0,0,445,13,0,0,0,445,      97P     54
10,0,0;                                                               97P     55
508,2,0,445,8,0,0,0,445,12,0,0;                                       99P     56
508,6,0,445,15,1,0,0,445,16,1,0,0,445,17,1,0,0,445,18,1,0,0,445,     101P     57
16,0,0,0,445,19,1,0;                                                 101P     58
508,5,0,445,18,0,0,0,445,20,1,0,0,445,21,0,0,0,445,20,0,0,0,445,     103P     59
17,0,0;                                                              103P     60
508,2,0,445,15,0,0,0,445,19,0,0;                                     105P     61
508,6,0,445,22,1,0,0,445,23,1,0,0,445,24,1,0,0,445,25,1,0,0,445,     107P     62
23,0,0,0,445,26,1,0;                                                 107P     63
508,2,0,445,22,0,0,0,445,26,0,0;                                     109P     64
508,2,0,445,27,0,0,0,445,28,0,0;                                     111P     65
508,5,0,445,25,0,0,0,445,29,1,0,0,445,30,0,0,0,445,29,0,0,0,445,     113P     66
24,0,0;                                                              113P     67
508,6,0,445,27,1,0,0,445,31,1,0,0,445,32,1,0,0,445,33,1,0,0,445,     115P     68
31,0,0,0,445,28,1,0;                                                 115P     69
508,5,0,445,34,0,0,0,445,35,1,0,0,445,32,0,0,0,445,33,0,0,0,445,     117P     70
35,0,0;                                                              117P     71
508,6,0,445,36,1,0,0,445,37,1,0,0,445,38,1,0,0,445,39,1,0,0,445,     119P     72
37,0,0,0,445,40,1,0;                                                 119P     73
508,2,0,445,36,0,0,0,445,40,0,0;                                     121P     74
508,1,0,445,30,1,0;                                                  123P     75
508,5,0,445,41,1,0,0,445,42,1,0,0,445,38,0,0,0,445,39,0,0,0,445,     125P     76
42,0,0;                                                              125P     77
508,4,0,445,43,0,0,0,445,44,1,0,0,445,45,1,0,0,445,44,0,0;           127P     78
508,1,0,445,45,0,0;                                                  129P     79
508,1,0,445,41,0,0;                                                  131P     80
508,1,0,445,46,1,0;                                                  133P     81
508,1,0,445,43,1,0;                                                  135P     82
508,4,0,445,47,0,0,0,445,48,1,0,0,445,49,0,0,0,445,48,0,0;           137P     83
508,4,0,445,50,0,0,0,445,51,1,0,0,445,52,0,0,0,445,51,0,0;           139P     84
508,1,0,445,50,1,0;                                                  141P     85
508,1,0,445,49,1,0;                                                  143P     86
508,1,0,445,53,1,0;                                                  145P     87
508,1,0,445,7,1,0;                                                   147P     88
508,1,0,445,14,1,0;                                                  149P     89
508,1,0,445,21,1,0;                                                  151P     90
508,1,0,445,52,1,0;                                                  153P     91
508,4,0,445,54,0,0,0,445,55,1,0,0,445,56,1,0,0,445,57,1,0;           155P     92
508,4,0,445,58,0,0,0,445,59,1,0,0,445,60,1,0,0,445,61,1,0;           157P     93
508,4,0,445,62,0,0,0,445,63,1,0,0,445,64,1,0,0,445,65,1,0;           159P     94
508,4,0,445,66,0,0,0,445,67,1,0,0,445,60,0,0,0,445,68,0,0;           161P     95
508,6,0,445,57,0,0,0,445,69,0,0,0,445,63,0,0,0,445,70,0,0,0,445,     163P     96
68,1,0,0,445,59,0,0;                                                 163P     97
508,4,0,445,64,0,0,0,445,69,1,0,0,445,56,0,0,0,445,71,0,0;           165P     98
508,4,0,445,65,0,0,0,445,71,1,0,0,445,55,0,0,0,445,72,0,0;           167P     99
508,4,0,445,73,0,0,0,445,74,0,0,0,445,61,0,0,0,445,67,0,0;           169P    100
508,4,0,445,75,0,0,0,445,73,1,0,0,445,66,1,0,0,445,70,1,0;           171P    101
508,4,0,445,46,0,0,0,445,76,1,0,0,445,53,0,0,0,445,76,0,0;           173P    102
508,6,0,445,62,1,0,0,445,72,1,0,0,445,54,1,0,0,445,58,1,0,0,445,     175P    103
74,1,0,0,445,75,1,0;                                                 175P    104
508,1,0,445,47,1,0;                                                  177P    105
508,1,0,445,34,1,0;                                                  179P    106
508,1,0,447,1,1,0;                                                   181P    107
508,1,0,447,2,1,0;                                                   183P    108
508,5,0,447,2,0,0,0,447,3,1,0,0,447,4,0,0,0,447,5,0,0,0,447,3,0,     185P    109
0;                                                                   185P    110
508,5,0,447,6,0,0,0,447,7,0,0,0,447,8,1,0,0,447,1,0,0,0,447,8,0,     187P    111
0;                                                                   187P    112
508,2,0,447,6,1,0,0,447,7,1,0;                                       189P    113
508,2,0,447,4,1,0,0,447,5,1,0;                                       191P    114
126,6,2,0,0,0,0,-3.14159265358979,-3.14159265358979,                 193P    115
-3.14159265358979,-1.5707963267949,-1.5707963267949,0.,0.,           193P    116
1.5707963267949,1.5707963267949,1.5707963267949,1.,                  193P    117
0.707106781186549,1.,0.707106781186549,1.,0.707106781186547,1.,      193P    118
-7.16922863405995,-2.5,-4.5,-7.16922863405995,-2.5,-5.125,           193P    119
-7.79422863405995,-2.5,-5.125,-8.41922863405995,-2.5,-5.125,         193P    120
-8.41922863405995,-2.5,-4.5,-8.41922863405995,-2.5,-3.875,           193P    121
-7.79422863405995,-2.5,-3.875,-3.14159265358979,1.5707963267949,     193P    122
0.,0.,0.;                                                            193P    123
126,2,2,0,0,0,0,-1.5707963267949,-1.5707963267949,                   195P    124
-1.5707963267949,0.,0.,0.,1.,0.707106781186542,1.,                   195P    125
-7.79422863405995,-2.5,-3.875,-7.79422863405995,-2.5,-3.375,         195P    126
-7.79422863405995,-2.,-3.375,-1.5707963267949,0.,0.,0.,0.;           195P    127
126,6,2,0,0,0,0,-1.5707963267949,-1.5707963267949,                   197P    128
-1.5707963267949,0.,0.,1.5707963267949,1.5707963267949,              197P    129
3.14159265358979,3.14159265358979,3.14159265358979,1.,               197P    130
0.707106781186548,1.,0.707106781186548,1.,0.707106781186548,1.,      197P    131
-7.79422863405995,-2.,-3.375,-8.91922863405995,-2.,-3.375,           197P    132
-8.91922863405995,-2.,-4.5,-8.91922863405995,-2.,-5.625,             197P    133
-7.79422863405995,-2.,-5.625,-6.66922863405995,-2.,-5.625,           197P    134
-6.66922863405995,-2.,-4.5,-1.5707963267949,3.14159265358979,0.,     197P    135
0.,0.;                                                               197P    136
126,2,2,0,0,0,0,-3.14159265358979,-3.14159265358979,                 199P    137
-3.14159265358979,-1.5707963267949,-1.5707963267949,                 199P    138
-1.5707963267949,1.,0.707106781186548,1.,-6.66922863405995,-2.,      199P    139
-4.5,-6.66922863405995,-2.,-3.375,-7.79422863405995,-2.,-3.375,      199P    140
-3.14159265358979,-1.5707963267949,0.,0.,0.;                         199P    141
126,2,2,0,0,0,0,1.5707963267949,1.5707963267949,1.5707963267949,     201P    142
3.14159265358979,3.14159265358979,3.14159265358979,1.,               201P    143
0.707106781186547,1.,-7.79422863405995,-2.5,-3.875,                  201P    144
-7.16922863405995,-2.5,-3.875,-7.16922863405995,-2.5,-4.5,           201P    145
1.5707963267949,3.14159265358979,0.,0.,0.;                           201P    146
126,1,1,0,0,1,0,-1.77777777777778,-1.77777777777778,0.,0.,1.,1.,     203P    147
-6.66922863405995,-2.,-4.5,-6.66922863405995,0.,-4.5,                203P    148
-1.77777777777778,0.,0.,0.,0.;                                       203P    149
126,8,2,0,1,0,0,-3.14159265358979,-3.14159265358979,                 205P    150
-3.14159265358979,-1.5707963267949,-1.5707963267949,0.,0.,           205P    151
1.5707963267949,1.5707963267949,3.14159265358979,                    205P    152
3.14159265358979,3.14159265358979,1.,0.707106781186548,1.,           205P    153
0.707106781186548,1.,0.707106781186548,1.,0.707106781186548,1.,      205P    154
-6.66922863405995,0.,-4.5,-6.66922863405995,0.,-5.625,               205P    155
-7.79422863405995,0.,-5.625,-8.91922863405995,0.,-5.625,             205P    156
-8.91922863405995,0.,-4.5,-8.91922863405995,0.,-3.375,               205P    157
-7.79422863405995,0.,-3.375,-6.66922863405995,0.,-3.375,             205P    158
-6.66922863405995,0.,-4.5,-3.14159265358979,3.14159265358979,0.,     205P    159
0.,0.;                                                               205P    160
126,6,2,0,0,0,0,-3.14159265358979,-3.14159265358979,                 207P    161
-3.14159265358979,-1.5707963267949,-1.5707963267949,0.,0.,           207P    162
1.5707963267949,1.5707963267949,1.5707963267949,1.,                  207P    163
0.707106781186549,1.,0.707106781186549,1.,0.707106781186549,1.,      207P    164
0.625,-2.5,9.,0.625,-2.5,8.375,-3.82702124733548D-17,-2.5,8.375,     207P    165
-0.625,-2.5,8.375,-0.625,-2.5,9.,-0.625,-2.5,9.625,                  207P    166
-3.82702124733548D-17,-2.5,9.625,-3.14159265358979,                  207P    167
1.5707963267949,0.,0.,0.;                                            207P    168
126,2,2,0,0,0,0,-1.5707963267949,-1.5707963267949,                   209P    169
-1.5707963267949,0.,0.,0.,1.,0.707106781186549,1.,0.,-2.5,9.625,     209P    170
0.,-2.5,10.125,0.,-2.,10.125,-1.5707963267949,0.,0.,0.,0.;           209P    171
126,6,2,0,0,0,0,-1.5707963267949,-1.5707963267949,                   211P    172
-1.5707963267949,0.,0.,1.5707963267949,1.5707963267949,              211P    173
3.14159265358979,3.14159265358979,3.14159265358979,1.,               211P    174
0.707106781186548,1.,0.707106781186548,1.,0.707106781186547,1.,      211P    175
-6.88863824520386D-17,-2.,10.125,-1.125,-2.,10.125,-1.125,-2.,       211P    176
9.,-1.125,-2.,7.875,-6.88863824520386D-17,-2.,7.875,1.125,-2.,       211P    177
7.875,1.125,-2.,9.,-1.5707963267949,3.14159265358979,0.,0.,0.;       211P    178
126,2,2,0,0,0,0,-3.14159265358979,-3.14159265358979,                 213P    179
-3.14159265358979,-1.5707963267949,-1.5707963267949,                 213P    180
-1.5707963267949,1.,0.707106781186547,1.,1.125,-2.,9.,1.125,-2.,     213P    181
10.125,-6.88863824520386D-17,-2.,10.125,-3.14159265358979,           213P    182
-1.5707963267949,0.,0.,0.;                                           213P    183
126,2,2,0,0,0,0,1.5707963267949,1.5707963267949,1.5707963267949,     215P    184
3.14159265358979,3.14159265358979,3.14159265358979,1.,               215P    185
0.707106781186549,1.,-3.82702124733548D-17,-2.5,9.625,0.625,         215P    186
-2.5,9.625,0.625,-2.5,9.,1.5707963267949,3.14159265358979,0.,0.,     215P    187
0.;                                                                  215P    188
126,1,1,0,0,1,0,-1.77777777777778,-1.77777777777778,0.,0.,1.,1.,     217P    189
1.125,-2.,9.,1.125,0.,9.,-1.77777777777778,0.,0.,0.,0.;              217P    190
126,8,2,0,1,0,0,-3.14159265358979,-3.14159265358979,                 219P    191
-3.14159265358979,-1.5707963267949,-1.5707963267949,0.,0.,           219P    192
1.5707963267949,1.5707963267949,3.14159265358979,                    219P    193
3.14159265358979,3.14159265358979,1.,0.707106781186547,1.,           219P    194
0.707106781186548,1.,0.707106781186548,1.,0.707106781186547,1.,      219P    195
1.125,0.,9.,1.125,0.,7.875,-6.88863824520386D-17,0.,7.875,           219P    196
-1.125,0.,7.875,-1.125,0.,9.,-1.125,0.,10.125,                       219P    197
-6.88863824520386D-17,0.,10.125,1.125,0.,10.125,1.125,0.,9.,         219P    198
-3.14159265358979,3.14159265358979,0.,0.,0.;                         219P    199
126,6,2,0,0,0,0,-3.14159265358979,-3.14159265358979,                 221P    200
-3.14159265358979,-1.5707963267949,-1.5707963267949,0.,0.,           221P    201
1.5707963267949,1.5707963267949,1.5707963267949,1.,                  221P    202
0.70710678118655,1.,0.70710678118655,1.,0.70710678118655,1.,         221P    203
8.41922863405995,-2.5,-4.5,8.41922863405995,-2.5,-5.125,             221P    204
7.79422863405995,-2.5,-5.125,7.16922863405995,-2.5,-5.125,           221P    205
7.16922863405995,-2.5,-4.5,7.16922863405995,-2.5,-3.875,             221P    206
7.79422863405995,-2.5,-3.875,-3.14159265358979,1.5707963267949,      221P    207
0.,0.,0.;                                                            221P    208
126,2,2,0,0,0,0,-1.5707963267949,-1.5707963267949,                   223P    209
-1.5707963267949,0.,0.,0.,1.,0.707106781186548,1.,                   223P    210
7.79422863405995,-2.5,-3.875,7.79422863405995,-2.5,-3.375,           223P    211
7.79422863405995,-2.,-3.375,-1.5707963267949,0.,0.,0.,0.;            223P    212
126,6,2,0,0,0,0,-1.5707963267949,-1.5707963267949,                   225P    213
-1.5707963267949,0.,0.,1.5707963267949,1.5707963267949,              225P    214
3.14159265358979,3.14159265358979,3.14159265358979,1.,               225P    215
0.707106781186548,1.,0.707106781186546,1.,0.707106781186546,1.,      225P    216
7.79422863405995,-2.,-3.375,6.66922863405995,-2.,-3.375,             225P    217
6.66922863405995,-2.,-4.5,6.66922863405995,-2.,-5.625,               225P    218
7.79422863405995,-2.,-5.625,8.91922863405995,-2.,-5.625,             225P    219
8.91922863405995,-2.,-4.5,-1.5707963267949,3.14159265358979,0.,      225P    220
0.,0.;                                                               225P    221
126,2,2,0,0,0,0,-3.14159265358979,-3.14159265358979,                 227P    222
-3.14159265358979,-1.5707963267949,-1.5707963267949,                 227P    223
-1.5707963267949,1.,0.707106781186548,1.,8.91922863405995,-2.,       227P    224
-4.5,8.91922863405995,-2.,-3.375,7.79422863405995,-2.,-3.375,        227P    225
-3.14159265358979,-1.5707963267949,0.,0.,0.;                         227P    226
126,2,2,0,0,0,0,1.5707963267949,1.5707963267949,1.5707963267949,     229P    227
3.14159265358979,3.14159265358979,3.14159265358979,1.,               229P    228
0.70710678118655,1.,7.79422863405995,-2.5,-3.875,                    229P    229
8.41922863405995,-2.5,-3.875,8.41922863405995,-2.5,-4.5,             229P    230
1.5707963267949,3.14159265358979,0.,0.,0.;                           229P    231
126,1,1,0,0,1,0,-1.77777777777778,-1.77777777777778,0.,0.,1.,1.,     231P    232
8.91922863405995,-2.,-4.5,8.91922863405995,0.,-4.5,                  231P    233
-1.77777777777778,0.,0.,0.,0.;                                       231P    234
126,8,2,0,1,0,0,-3.14159265358979,-3.14159265358979,                 233P    235
-3.14159265358979,-1.5707963267949,-1.5707963267949,0.,0.,           233P    236
1.5707963267949,1.5707963267949,3.14159265358979,                    233P    237
3.14159265358979,3.14159265358979,1.,0.707106781186546,1.,           233P    238
0.707106781186546,1.,0.707106781186548,1.,0.707106781186548,1.,      233P    239
8.91922863405995,0.,-4.5,8.91922863405995,0.,-5.625,                 233P    240
7.79422863405995,0.,-5.625,6.66922863405995,0.,-5.625,               233P    241
6.66922863405995,0.,-4.5,6.66922863405995,0.,-3.375,                 233P    242
7.79422863405995,0.,-3.375,8.91922863405995,0.,-3.375,               233P    243
8.91922863405995,0.,-4.5,-3.14159265358979,3.14159265358979,0.,      233P    244
0.,0.;                                                               233P    245
126,6,2,0,0,0,0,-3.14159265358979,-3.14159265358979,                 235P    246
-3.14159265358979,-1.5707963267949,-1.5707963267949,0.,0.,           235P    247
1.5707963267949,1.5707963267949,1.5707963267949,1.,                  235P    248
0.707106781186548,1.,0.707106781186547,1.,0.707106781186547,1.,      235P    249
2.5,44.,-5.5,2.5,44.,-3.,-1.53080849893419D-16,44.,-3.,-2.5,44.,     235P    250
-3.,-2.5,44.,-5.5,-2.5,44.,-8.,-1.53080849893419D-16,44.,-8.,        235P    251
-3.14159265358979,1.5707963267949,0.,0.,0.;                          235P    252
126,2,2,0,0,0,0,-1.5707963267949,-1.5707963267949,                   237P    253
-1.5707963267949,0.,0.,0.,1.,0.707106781186515,1.,0.,44.,-8.,0.,     237P    254
44.,-8.25,0.,43.75,-8.25,-1.5707963267949,0.,0.,0.,0.;               237P    255
126,6,2,0,0,0,0,-1.5707963267949,-1.5707963267949,                   239P    256
-1.5707963267949,0.,0.,1.5707963267949,1.5707963267949,              239P    257
3.14159265358979,3.14159265358979,3.14159265358979,1.,               239P    258
0.707106781186548,1.,0.707106781186548,1.,0.707106781186548,1.,      239P    259
-1.68388934882761D-16,43.75,-8.25,-2.75,43.75,-8.25,-2.75,43.75,     239P    260
-5.5,-2.75,43.75,-2.75,-1.68388934882761D-16,43.75,-2.75,2.75,       239P    261
43.75,-2.75,2.75,43.75,-5.5,-1.5707963267949,3.14159265358979,       239P    262
0.,0.,0.;                                                            239P    263
126,2,2,0,0,0,0,-3.14159265358979,-3.14159265358979,                 241P    264
-3.14159265358979,-1.5707963267949,-1.5707963267949,                 241P    265
-1.5707963267949,1.,0.707106781186548,1.,2.75,43.75,-5.5,2.75,       241P    266
43.75,-8.25,-1.68388934882761D-16,43.75,-8.25,-3.14159265358979,     241P    267
-1.5707963267949,0.,0.,0.;                                           241P    268
126,2,2,0,0,0,0,1.5707963267949,1.5707963267949,1.5707963267949,     243P    269
3.14159265358979,3.14159265358979,3.14159265358979,1.,               243P    270
0.707106781186548,1.,-1.53080849893419D-16,44.,-8.,2.5,44.,-8.,      243P    271
2.5,44.,-5.5,1.5707963267949,3.14159265358979,0.,0.,0.;              243P    272
126,6,2,0,0,0,0,-3.14159265358979,-3.14159265358979,                 245P    273
-3.14159265358979,-1.5707963267949,-1.5707963267949,0.,0.,           245P    274
1.5707963267949,1.5707963267949,1.5707963267949,1.,                  245P    275
0.707106781186548,1.,0.707106781186548,1.,0.707106781186548,1.,      245P    276
2.25,44.,-5.5,2.25,44.,-7.75,-1.37772764904077D-16,44.,-7.75,        245P    277
-2.25,44.,-7.75,-2.25,44.,-5.5,-2.25,44.,-3.25,                      245P    278
-1.37772764904077D-16,44.,-3.25,-3.14159265358979,                   245P    279
1.5707963267949,0.,0.,0.;                                            245P    280
126,2,2,0,0,0,0,1.5707963267949,1.5707963267949,1.5707963267949,     247P    281
3.14159265358979,3.14159265358979,3.14159265358979,1.,               247P    282
0.707106781186548,1.,-1.37772764904077D-16,44.,-3.25,2.25,44.,       247P    283
-3.25,2.25,44.,-5.5,1.5707963267949,3.14159265358979,0.,0.,0.;       247P    284
126,1,1,0,0,1,0,-0.27272727272727,-0.27272727272727,0.,0.,1.,1.,     249P    285
2.75,43.75,-5.5,2.75,43.,-5.5,-0.27272727272727,0.,0.,0.,0.;         249P    286
126,8,2,0,1,0,0,-3.14159265358979,-3.14159265358979,                 251P    287
-3.14159265358979,-1.5707963267949,-1.5707963267949,0.,0.,           251P    288
1.5707963267949,1.5707963267949,3.14159265358979,                    251P    289
3.14159265358979,3.14159265358979,1.,0.707106781186548,1.,           251P    290
0.707106781186548,1.,0.707106781186548,1.,0.707106781186548,1.,      251P    291
2.75,43.,-5.5,2.75,43.,-2.75,-1.68388934882761D-16,43.,-2.75,        251P    292
-2.75,43.,-2.75,-2.75,43.,-5.5,-2.75,43.,-8.25,                      251P    293
-1.68388934882761D-16,43.,-8.25,2.75,43.,-8.25,2.75,43.,-5.5,        251P    294
-3.14159265358979,3.14159265358979,0.,0.,0.;                         251P    295
126,2,2,0,0,0,0,1.57079632679489,1.57079632679489,                   253P    296
1.57079632679489,3.14159265358979,3.14159265358979,                  253P    297
3.14159265358979,1.,0.707106781186512,1.,0.,44.,-3.25,0.,44.,        253P    298
-3.5,0.,43.75,-3.5,1.57079632679489,3.14159265358979,0.,0.,0.;       253P    299
126,6,2,0,0,0,0,-1.5707963267949,-1.5707963267949,                   255P    300
-1.5707963267949,0.,0.,1.5707963267949,1.5707963267949,              255P    301
3.14159265358979,3.14159265358979,3.14159265358979,1.,               255P    302
0.707106781186548,1.,0.707106781186549,1.,0.707106781186549,1.,      255P    303
-1.22464679914735D-16,43.75,-3.5,-2.,43.75,-3.5,-2.,43.75,-5.5,      255P    304
-2.,43.75,-7.5,-1.22464679914735D-16,43.75,-7.5,2.,43.75,-7.5,       255P    305
2.,43.75,-5.5,-1.5707963267949,3.14159265358979,0.,0.,0.;            255P    306
126,2,2,0,0,0,0,-3.14159265358979,-3.14159265358979,                 257P    307
-3.14159265358979,-1.5707963267949,-1.5707963267949,                 257P    308
-1.5707963267949,1.,0.707106781186548,1.,2.,43.75,-5.5,2.,43.75,     257P    309
-3.5,-1.22464679914735D-16,43.75,-3.5,-3.14159265358979,             257P    310
-1.5707963267949,0.,0.,0.;                                           257P    311
126,8,2,0,1,0,0,-3.14159265358979,-3.14159265358979,                 259P    312
-3.14159265358979,-1.5707963267949,-1.5707963267949,0.,0.,           259P    313
1.5707963267949,1.5707963267949,3.14159265358979,                    259P    314
3.14159265358979,3.14159265358979,1.,0.707106781186549,1.,           259P    315
0.707106781186549,1.,0.707106781186548,1.,0.707106781186548,1.,      259P    316
2.,43.,-5.5,2.,43.,-7.5,-1.22464679914735D-16,43.,-7.5,-2.,43.,      259P    317
-7.5,-2.,43.,-5.5,-2.,43.,-3.5,-1.22464679914735D-16,43.,-3.5,       259P    318
2.,43.,-3.5,2.,43.,-5.5,-3.14159265358979,3.14159265358979,0.,       259P    319
0.,0.;                                                               259P    320
126,1,1,0,0,1,0,0.,0.,0.374999999999996,0.374999999999996,1.,1.,     261P    321
2.,43.,-5.5,2.,43.75,-5.5,0.,0.374999999999996,0.,0.,0.;             261P    322
126,6,2,0,0,0,0,-3.14159265358979,-3.14159265358979,                 263P    323
-3.14159265358979,-1.5707963267949,-1.5707963267949,0.,0.,           263P    324
1.5707963267949,1.5707963267949,1.5707963267949,1.,                  263P    325
0.707106781186548,1.,0.707106781186548,1.,0.707106781186548,1.,      263P    326
9.5,43.,1.16341445918999D-15,9.5,43.,9.5,-5.81707229594993D-16,      263P    327
43.,9.5,-9.5,43.,9.5,-9.5,43.,0.,-9.5,43.,-9.5,                      263P    328
-5.81707229594993D-16,43.,-9.5,-3.14159265358979,                    263P    329
1.5707963267949,0.,0.,0.;                                            263P    330
126,2,2,0,0,0,0,-1.5707963267949,-1.5707963267949,                   265P    331
-1.5707963267949,0.,0.,0.,1.,0.70710678118655,1.,0.,43.,-9.5,0.,     265P    332
43.,-10.5,0.,42.,-10.5,-1.5707963267949,0.,0.,0.,0.;                 265P    333
126,6,2,0,0,0,0,-1.5707963267949,-1.5707963267949,                   267P    334
-1.5707963267949,0.,0.,1.5707963267949,1.5707963267949,              267P    335
3.14159265358979,3.14159265358979,3.14159265358979,1.,               267P    336
0.707106781186548,1.,0.707106781186548,1.,0.707106781186548,1.,      267P    337
-6.42939569552361D-16,42.,-10.5,-10.5,42.,-10.5,-10.5,42.,0.,        267P    338
-10.5,42.,10.5,-6.42939569552361D-16,42.,10.5,10.5,42.,10.5,         267P    339
10.5,42.,1.28587913910472D-15,-1.5707963267949,3.14159265358979,     267P    340
0.,0.,0.;                                                            267P    341
126,2,2,0,0,0,0,-3.14159265358979,-3.14159265358979,                 269P    342
-3.14159265358979,-1.5707963267949,-1.5707963267949,                 269P    343
-1.5707963267949,1.,0.707106781186548,1.,10.5,42.,                   269P    344
-1.28587913910472D-15,10.5,42.,-10.5,-6.42939569552361D-16,42.,      269P    345
-10.5,-3.14159265358979,-1.5707963267949,0.,0.,0.;                   269P    346
126,2,2,0,0,0,0,1.5707963267949,1.5707963267949,1.5707963267949,     271P    347
3.14159265358979,3.14159265358979,3.14159265358979,1.,               271P    348
0.707106781186548,1.,-5.81707229594993D-16,43.,-9.5,9.5,43.,         271P    349
-9.5,9.5,43.,-1.16341445918999D-15,1.5707963267949,                  271P    350
3.14159265358979,0.,0.,0.;                                           271P    351
126,8,2,0,1,0,0,-3.14159265358979,-3.14159265358979,                 273P    352
-3.14159265358979,-1.5707963267949,-1.5707963267949,0.,0.,           273P    353
1.5707963267949,1.5707963267949,3.14159265358979,                    273P    354
3.14159265358979,3.14159265358979,1.,0.707106781186548,1.,           273P    355
0.707106781186548,1.,0.707106781186548,1.,0.707106781186548,1.,      273P    356
10.5,41.,-1.28587913910472D-15,10.5,41.,-10.5,                       273P    357
-6.42939569552361D-16,41.,-10.5,-10.5,41.,-10.5,-10.5,41.,0.,        273P    358
-10.5,41.,10.5,-6.42939569552361D-16,41.,10.5,10.5,41.,10.5,         273P    359
10.5,41.,1.28587913910472D-15,-3.14159265358979,                     273P    360
3.14159265358979,0.,0.,0.;                                           273P    361
126,1,1,0,0,1,0,-0.190476190476191,-0.190476190476191,               275P    362
-0.0952380952380949,-0.0952380952380949,1.,1.,10.5,41.,0.,10.5,      275P    363
42.,0.,-0.190476190476191,-0.0952380952380949,0.,0.,0.;              275P    364
126,8,2,0,1,0,0,-3.14159265358979,-3.14159265358979,                 277P    365
-3.14159265358979,-1.5707963267949,-1.5707963267949,0.,0.,           277P    366
1.5707963267949,1.5707963267949,3.14159265358979,                    277P    367
3.14159265358979,3.14159265358979,1.,0.707106781186548,1.,           277P    368
0.707106781186548,1.,0.707106781186548,1.,0.707106781186548,1.,      277P    369
11.,43.,1.34711147906209D-15,11.,43.,11.,-6.73555739531044D-16,      277P    370
43.,11.,-11.,43.,11.,-11.,43.,0.,-11.,43.,-11.,                      277P    371
-6.73555739531044D-16,43.,-11.,11.,43.,-11.,11.,43.,                 277P    372
-1.34711147906209D-15,-3.14159265358979,3.14159265358979,0.,0.,      277P    373
0.;                                                                  277P    374
126,1,1,0,0,1,0,0.,0.,0.181818181818182,0.181818181818182,1.,1.,     279P    375
11.,43.,0.,11.,41.,0.,0.,0.181818181818182,0.,0.,0.;                 279P    376
126,8,2,0,1,0,0,-3.14159265358979,-3.14159265358979,                 281P    377
-3.14159265358979,-1.5707963267949,-1.5707963267949,0.,0.,           281P    378
1.5707963267949,1.5707963267949,3.14159265358979,                    281P    379
3.14159265358979,3.14159265358979,1.,0.707106781186548,1.,           281P    380
0.707106781186548,1.,0.707106781186548,1.,0.707106781186548,1.,      281P    381
11.,41.,1.34711147906209D-15,11.,41.,11.,-6.73555739531044D-16,      281P    382
41.,11.,-11.,41.,11.,-11.,41.,0.,-11.,41.,-11.,                      281P    383
-6.73555739531044D-16,41.,-11.,11.,41.,-11.,11.,41.,                 281P    384
-1.34711147906209D-15,-3.14159265358979,3.14159265358979,0.,0.,      281P    385
0.;                                                                  281P    386
126,8,2,0,1,0,0,-3.14159265358979,-3.14159265358979,                 283P    387
-3.14159265358979,-1.5707963267949,-1.5707963267949,0.,0.,           283P    388
1.5707963267949,1.5707963267949,3.14159265358979,                    283P    389
3.14159265358979,3.14159265358979,1.,0.707106781186548,1.,           283P    390
0.707106781186548,1.,0.707106781186548,1.,0.707106781186548,1.,      283P    391
-11.5,43.,1.40834381901946D-15,-11.5,43.,11.5,                       283P    392
7.04171909509728D-16,43.,11.5,11.5,43.,11.5,11.5,43.,0.,11.5,        283P    393
43.,-11.5,7.04171909509728D-16,43.,-11.5,-11.5,43.,-11.5,-11.5,      283P    394
43.,-1.40834381901946D-15,-3.14159265358979,3.14159265358979,0.,     283P    395
0.,0.;                                                               283P    396
126,8,2,0,1,0,0,-3.14159265358979,-3.14159265358979,                 285P    397
-3.14159265358979,-1.5707963267949,-1.5707963267949,0.,0.,           285P    398
1.5707963267949,1.5707963267949,3.14159265358979,                    285P    399
3.14159265358979,3.14159265358979,1.,0.707106781186548,1.,           285P    400
0.707106781186548,1.,0.707106781186548,1.,0.707106781186548,1.,      285P    401
2.5,0.,3.06161699786838D-16,2.5,0.,2.5,-1.53080849893419D-16,0.,     285P    402
2.5,-2.5,0.,2.5,-2.5,0.,0.,-2.5,0.,-2.5,-1.53080849893419D-16,       285P    403
0.,-2.5,2.5,0.,-2.5,2.5,0.,-3.06161699786838D-16,                    285P    404
-3.14159265358979,3.14159265358979,0.,0.,0.;                         285P    405
126,1,1,0,0,1,0,0.,0.,0.4,0.4,1.,1.,2.5,0.,0.,2.5,-1.,0.,0.,0.4,     287P    406
0.,0.,0.;                                                            287P    407
126,8,2,0,1,0,0,-3.14159265358979,-3.14159265358979,                 289P    408
-3.14159265358979,-1.5707963267949,-1.5707963267949,0.,0.,           289P    409
1.5707963267949,1.5707963267949,3.14159265358979,                    289P    410
3.14159265358979,3.14159265358979,1.,0.707106781186548,1.,           289P    411
0.707106781186548,1.,0.707106781186548,1.,0.707106781186548,1.,      289P    412
2.5,-1.,-3.06161699786838D-16,2.5,-1.,-2.5,                          289P    413
-1.53080849893419D-16,-1.,-2.5,-2.5,-1.,-2.5,-2.5,-1.,0.,-2.5,       289P    414
-1.,2.5,-1.53080849893419D-16,-1.,2.5,2.5,-1.,2.5,2.5,-1.,           289P    415
3.06161699786838D-16,-3.14159265358979,3.14159265358979,0.,0.,       289P    416
0.;                                                                  289P    417
126,8,2,0,1,0,0,-3.14159265358979,-3.14159265358979,                 291P    418
-3.14159265358979,-1.5707963267949,-1.5707963267949,0.,0.,           291P    419
1.5707963267949,1.5707963267949,3.14159265358979,                    291P    420
3.14159265358979,3.14159265358979,1.,0.707106781186548,1.,           291P    421
0.707106781186548,1.,0.707106781186548,1.,0.707106781186548,1.,      291P    422
6.75,-1.,8.26636589424463D-16,6.75,-1.,6.75,                         291P    423
-4.13318294712232D-16,-1.,6.75,-6.75,-1.,6.75,-6.75,-1.,0.,          291P    424
-6.75,-1.,-6.75,-4.13318294712232D-16,-1.,-6.75,6.75,-1.,-6.75,      291P    425
6.75,-1.,-8.26636589424463D-16,-3.14159265358979,                    291P    426
3.14159265358979,0.,0.,0.;                                           291P    427
126,1,1,0,0,1,0,-0.148148148148148,-0.148148148148148,0.,0.,1.,      293P    428
1.,6.75,-1.,0.,6.75,0.,0.,-0.148148148148148,0.,0.,0.,0.;            293P    429
126,8,2,0,1,0,0,-3.14159265358979,-3.14159265358979,                 295P    430
-3.14159265358979,-1.5707963267949,-1.5707963267949,0.,0.,           295P    431
1.5707963267949,1.5707963267949,3.14159265358979,                    295P    432
3.14159265358979,3.14159265358979,1.,0.707106781186548,1.,           295P    433
0.707106781186548,1.,0.707106781186548,1.,0.707106781186548,1.,      295P    434
6.75,0.,-8.26636589424463D-16,6.75,0.,-6.75,                         295P    435
-4.13318294712232D-16,0.,-6.75,-6.75,0.,-6.75,-6.75,0.,0.,-6.75,     295P    436
0.,6.75,-4.13318294712232D-16,0.,6.75,6.75,0.,6.75,6.75,0.,          295P    437
8.26636589424463D-16,-3.14159265358979,3.14159265358979,0.,0.,       295P    438
0.;                                                                  295P    439
126,8,2,0,1,0,0,-3.14159265358979,-3.14159265358979,                 297P    440
-3.14159265358979,-1.5707963267949,-1.5707963267949,0.,0.,           297P    441
1.5707963267949,1.5707963267949,3.14159265358979,                    297P    442
3.14159265358979,3.14159265358979,1.,0.707106781186548,1.,           297P    443
0.707106781186548,1.,0.707106781186548,1.,0.707106781186548,1.,      297P    444
-11.5,0.,-1.40834381901946D-15,-11.5,0.,-11.5,                       297P    445
7.04171909509728D-16,0.,-11.5,11.5,0.,-11.5,11.5,0.,0.,11.5,0.,      297P    446
11.5,7.04171909509728D-16,0.,11.5,-11.5,0.,11.5,-11.5,0.,            297P    447
1.40834381901946D-15,-3.14159265358979,3.14159265358979,0.,0.,       297P    448
0.;                                                                  297P    449
126,2,2,0,0,0,0,-2.24274722329081,-2.24274722329081,                 299P    450
-2.24274722329081,-1.5707963267949,-1.5707963267949,                 299P    451
-1.5707963267949,1.,0.944089163069934,1.,-7.15891053163817,11.5,     299P    452
-9.,-4.01597420067507,11.5,-11.5,7.04171909509728D-16,11.5,          299P    453
-11.5,-2.24274722329081,-1.5707963267949,0.,0.,0.;                   299P    454
126,1,1,0,0,1,0,-0.272474047360062,-0.272474047360062,0.,0.,1.,      301P    455
1.,-7.15891053163818,11.5,-9.,-9.36834149900387,11.5,                301P    456
-10.5945612088982,-0.272474047360062,0.,0.,0.,0.;                    301P    457
126,4,2,0,0,0,0,-2.51644647509703,-2.51644647509703,                 303P    458
-2.51644647509703,-1.25822323754852,-1.25822323754852,0.,0.,0.,      303P    459
1.,0.808550574529304,1.,0.808550574529306,1.,-9.36834149900387,      303P    460
11.5,-10.5945612088982,-9.6634015892324,11.5,-10.8075080631434,      303P    461
-9.55150633050481,11.5,-11.1537540315717,-9.43961107177723,11.5,     303P    462
-11.5,-9.07573359297622,11.5,-11.5,-2.51644647509703,0.,0.,0.,       303P    463
0.;                                                                  303P    464
126,1,1,0,0,1,0,-1.81514671859524,-1.81514671859524,                 305P    465
-0.907573359297622,-0.907573359297622,1.,1.,-9.07573359297622,       305P    466
11.5,-11.5,0.,11.5,-11.5,-1.81514671859524,-0.907573359297622,       305P    467
0.,0.,0.;                                                            305P    468
126,2,2,0,0,0,0,-1.5707963267949,-1.5707963267949,                   307P    469
-1.5707963267949,-0.898845430298983,-0.898845430298983,              307P    470
-0.898845430298983,1.,0.944089163069936,1.,7.04171909509728D-16,     307P    471
11.5,-11.5,4.01597420067507,11.5,-11.5,7.15891053163818,11.5,        307P    472
-9.,-1.5707963267949,-0.898845430298983,0.,0.,0.;                    307P    473
126,1,1,0,0,1,0,-0.907573359297622,-0.907573359297622,0.,0.,1.,      309P    474
1.,0.,11.5,-11.5,9.07573359297622,11.5,-11.5,-0.907573359297622,     309P    475
0.,0.,0.,0.;                                                         309P    476
126,4,2,0,0,0,0,-2.51644647509702,-2.51644647509702,                 311P    477
-2.51644647509702,-1.25822323754851,-1.25822323754851,0.,0.,0.,      311P    478
1.,0.80855057452931,1.,0.808550574529313,1.,9.07573359297622,        311P    479
11.5,-11.5,9.43961107177723,11.5,-11.5,9.55150633050481,11.5,        311P    480
-11.1537540315717,9.6634015892324,11.5,-10.8075080631434,            311P    481
9.36834149900388,11.5,-10.5945612088982,-2.51644647509702,0.,0.,     311P    482
0.,0.;                                                               311P    483
126,1,1,0,0,1,0,-0.272474047360062,-0.272474047360062,0.,0.,1.,      313P    484
1.,9.36834149900388,11.5,-10.5945612088982,7.15891053163818,         313P    485
11.5,-9.,-0.272474047360062,0.,0.,0.,0.;                             313P    486
126,2,2,0,0,0,0,1.5707963267949,1.5707963267949,1.5707963267949,     315P    487
2.24274722329081,2.24274722329081,2.24274722329081,1.,               315P    488
0.944089163069934,1.,7.04171909509728D-16,38.5,-11.5,                315P    489
-4.01597420067507,38.5,-11.5,-7.15891053163817,38.5,-9.,             315P    490
1.5707963267949,2.24274722329081,0.,0.,0.;                           315P    491
126,1,1,0,0,1,0,0.907573359297622,0.907573359297622,                 317P    492
1.81514671859524,1.81514671859524,1.,1.,0.,38.5,-11.5,               317P    493
-9.07573359297622,38.5,-11.5,0.907573359297622,1.81514671859524,     317P    494
0.,0.,0.;                                                            317P    495
126,4,2,0,0,0,0,0.,0.,0.,1.25822323754852,1.25822323754852,          319P    496
2.51644647509703,2.51644647509703,2.51644647509703,1.,               319P    497
0.808550574529306,1.,0.808550574529304,1.,-9.07573359297622,         319P    498
38.5,-11.5,-9.43961107177723,38.5,-11.5,-9.55150633050481,38.5,      319P    499
-11.1537540315717,-9.6634015892324,38.5,-10.8075080631434,           319P    500
-9.36834149900387,38.5,-10.5945612088982,0.,2.51644647509703,0.,     319P    501
0.,0.;                                                               319P    502
126,1,1,0,0,1,0,0.,0.,0.272474047360062,0.272474047360062,1.,1.,     321P    503
-9.36834149900387,38.5,-10.5945612088982,-7.15891053163818,38.5,     321P    504
-9.,0.,0.272474047360062,0.,0.,0.;                                   321P    505
126,4,2,0,0,0,0,0.,0.,0.,1.25822323754851,1.25822323754851,          323P    506
2.51644647509702,2.51644647509702,2.51644647509702,1.,               323P    507
0.808550574529313,1.,0.80855057452931,1.,9.36834149900388,38.5,      323P    508
-10.5945612088982,9.6634015892324,38.5,-10.8075080631434,            323P    509
9.55150633050481,38.5,-11.1537540315717,9.43961107177723,38.5,       323P    510
-11.5,9.07573359297622,38.5,-11.5,0.,2.51644647509702,0.,0.,0.;      323P    511
126,1,1,0,0,1,0,0.,0.,2.7,2.7,1.,1.,9.36834149900388,38.5,           325P    512
-10.5945612088982,9.36834149900388,11.5,-10.5945612088982,0.,        325P    513
2.7,0.,0.,0.;                                                        325P    514
126,1,1,0,0,1,0,0.,0.,2.7,2.7,1.,1.,9.07573359297622,38.5,-11.5,     327P    515
9.07573359297622,11.5,-11.5,0.,2.7,0.,0.,0.;                         327P    516
126,1,1,0,0,1,0,0.,0.,2.7,2.7,1.,1.,-9.07573359297622,38.5,          329P    517
-11.5,-9.07573359297622,11.5,-11.5,0.,2.7,0.,0.,0.;                  329P    518
126,1,1,0,0,1,0,0.,0.,0.907573359297622,0.907573359297622,1.,1.,     331P    519
9.07573359297622,38.5,-11.5,0.,38.5,-11.5,0.,0.907573359297622,      331P    520
0.,0.,0.;                                                            331P    521
126,1,1,0,0,1,0,0.,0.,2.7,2.7,1.,1.,-9.36834149900387,38.5,          333P    522
-10.5945612088982,-9.36834149900387,11.5,-10.5945612088982,0.,       333P    523
2.7,0.,0.,0.;                                                        333P    524
126,1,1,0,0,1,0,-3.85,-3.85,-1.15,-1.15,1.,1.,-7.15891053163818,     335P    525
38.5,-9.,-7.15891053163818,11.5,-9.,-3.85,-1.15,0.,0.,0.;            335P    526
126,1,1,0,0,1,0,0.,0.,0.272474047360062,0.272474047360062,1.,1.,     337P    527
7.15891053163818,38.5,-9.,9.36834149900388,38.5,                     337P    528
-10.5945612088982,0.,0.272474047360062,0.,0.,0.;                     337P    529
126,1,1,0,0,1,0,1.15,1.15,3.85,3.85,1.,1.,7.15891053163818,11.5,     339P    530
-9.,7.15891053163818,38.5,-9.,1.15,3.85,0.,0.,0.;                    339P    531
126,2,2,0,0,0,0,0.898845430298983,0.898845430298983,                 341P    532
0.898845430298983,1.5707963267949,1.5707963267949,                   341P    533
1.5707963267949,1.,0.944089163069936,1.,7.15891053163818,38.5,       341P    534
-9.,4.01597420067507,38.5,-11.5,7.04171909509728D-16,38.5,-11.5,     341P    535
0.898845430298983,1.5707963267949,0.,0.,0.;                          341P    536
126,1,1,0,0,1,0,-3.73913043478261,-3.73913043478261,0.,0.,1.,1.,     343P    537
-11.5,43.,0.,-11.5,0.,0.,-3.73913043478261,0.,0.,0.,0.;              343P    538
126,8,2,0,1,0,0,-3.14159265358979,-3.14159265358979,                 345P    539
-3.14159265358979,-1.5707963267949,-1.5707963267949,0.,0.,           345P    540
1.5707963267949,1.5707963267949,3.14159265358979,                    345P    541
3.14159265358979,3.14159265358979,1.,0.707106781186548,1.,           345P    542
0.707106781186549,1.,0.707106781186549,1.,0.707106781186548,1.,      345P    543
-4.,5.75,20.5,-4.,9.5,20.5,-7.75,9.5,20.5,-11.5,9.5,20.5,-11.5,      345P    544
5.75,20.5,-11.5,2.,20.5,-7.75,2.,20.5,-4.,2.,20.5,-4.,5.75,20.5,     345P    545
-3.14159265358979,3.14159265358979,0.,0.,0.;                         345P    546
126,8,2,0,1,0,0,-3.14159265358979,-3.14159265358979,                 347P    547
-3.14159265358979,-1.5707963267949,-1.5707963267949,0.,0.,           347P    548
1.5707963267949,1.5707963267949,3.14159265358979,                    347P    549
3.14159265358979,3.14159265358979,1.,0.707106781186548,1.,           347P    550
0.707106781186548,1.,0.707106781186548,1.,0.707106781186548,1.,      347P    551
-5.5,5.75,20.5,-5.5,3.5,20.5,-7.75,3.5,20.5,-10.,3.5,20.5,-10.,      347P    552
5.75,20.5,-10.,8.,20.5,-7.75,8.,20.5,-5.5,8.,20.5,-5.5,5.75,         347P    553
20.5,-3.14159265358979,3.14159265358979,0.,0.,0.;                    347P    554
126,1,1,0,0,1,0,-4.,-4.,0.622442249616854,0.622442249616854,1.,      349P    555
1.,-5.5,5.75,20.5,-5.5,5.75,10.0995049383621,-4.,                    349P    556
0.622442249616854,0.,0.,0.;                                          349P    557
126,19,3,0,0,1,0,0.,0.,0.,0.,0.0447367583727655,                     351P    558
0.0447367583727655,0.089473516745531,0.089473516745531,              351P    559
0.178947033491062,0.178947033491062,0.311719993122221,               351P    560
0.311719993122221,0.44449295275338,0.44449295275338,                 351P    561
0.552298189960806,0.552298189960806,0.660103427168232,               351P    562
0.660103427168232,0.74319783883631,0.74319783883631,                 351P    563
0.826292250504389,0.826292250504389,0.826292250504389,               351P    564
0.826292250504389,1.,1.,1.,1.,1.,1.,1.,1.,1.,1.,1.,1.,1.,1.,1.,      351P    565
1.,1.,1.,1.,1.,-10.,5.75,5.67890834580027,-10.,5.60087747209078,     351P    566
5.67890834580027,-9.98515596065496,5.45631556422482,                 351P    567
5.70522473857877,-9.93133593591424,5.18078271691465,                 351P    568
5.79839864450889,-9.89231974061826,5.04980346493745,                 351P    569
5.86520833883389,-9.74801136028901,4.68243877486786,                 351P    570
6.10417146651266,-9.61430157183241,4.47156445271414,                 351P    571
6.31476440399077,-9.2664451956358,4.05662134152197,                  351P    572
6.82036778723226,-9.00361398334057,3.85296024046058,                 351P    573
7.1688126040363,-8.40921294856379,3.57382320151277,                  351P    574
7.85761272734403,-8.07698026532535,3.5,8.19806463626105,             351P    575
-7.48450780065858,3.5,8.73849391901439,-7.18433162910348,            351P    576
3.54973913886887,8.98704880707818,-6.60346910003673,                 351P    577
3.78872584903896,9.42209433032844,-6.32348961220224,                 351P    578
3.97885634209912,9.60904288383624,-5.92565510356456,                 351P    579
4.40863873416935,9.85790714556891,-5.76757470982231,                 351P    580
4.64789265137078,9.94987694730981,-5.55458216572308,                 351P    581
5.18009454142623,10.0703319348561,-5.5,5.47301862777307,             351P    582
10.0995049383621,-5.5,5.75,10.0995049383621,0.,                      351P    583
0.826292250504389,0.,0.,0.;                                          351P    584
126,19,3,0,0,1,0,0.826292250504389,0.826292250504389,                353P    585
0.826292250504389,0.826292250504389,0.909386662172467,               353P    586
0.909386662172467,0.992481073840546,0.992481073840546,               353P    587
1.10028631104797,1.10028631104797,1.2080915482554,                   353P    588
1.2080915482554,1.34086450788656,1.34086450788656,                   353P    589
1.47363746751772,1.47363746751772,1.56311098426325,                  353P    590
1.56311098426325,1.60784774263601,1.60784774263601,                  353P    591
1.65258450100878,1.65258450100878,1.65258450100878,                  353P    592
1.65258450100878,1.,1.,1.,1.,1.,1.,1.,1.,1.,1.,1.,1.,1.,1.,1.,       353P    593
1.,1.,1.,1.,1.,-5.5,5.75,10.0995049383621,-5.5,6.02698137222693,     353P    594
10.0995049383621,-5.55458216572308,6.31990545857378,                 353P    595
10.0703319348561,-5.76757470982231,6.85210734862922,                 353P    596
9.94987694730981,-5.92565510356456,7.09136126583065,                 353P    597
9.85790714556891,-6.32348961220224,7.52114365790089,                 353P    598
9.60904288383624,-6.60346910003673,7.71127415096104,                 353P    599
9.42209433032844,-7.18433162910348,7.95026086113113,                 353P    600
8.98704880707818,-7.48450780065858,8.,8.73849391901439,              353P    601
-8.07698026532535,8.,8.19806463626105,-8.40921294856378,             353P    602
7.92617679848723,7.85761272734403,-9.00361398334057,                 353P    603
7.64703975953942,7.1688126040363,-9.2664451956358,                   353P    604
7.44337865847803,6.82036778723226,-9.61430157183241,                 353P    605
7.02843554728586,6.31476440399077,-9.74801136028901,                 353P    606
6.81756122513214,6.10417146651266,-9.89231974061826,                 353P    607
6.45019653506254,5.86520833883389,-9.93133593591424,                 353P    608
6.31921728308535,5.79839864450888,-9.98515596065496,                 353P    609
6.04368443577518,5.70522473857877,-10.,5.89912252790922,             353P    610
5.67890834580028,-10.,5.75,5.67890834580028,0.826292250504389,       353P    611
1.65258450100878,0.,0.,0.;                                           353P    612
126,15,3,0,0,1,0,0.,0.,0.,0.,0.508262039481399,                      355P    613
0.508262039481399,0.762393059222099,0.762393059222099,               355P    614
1.0165240789628,1.0165240789628,1.18901065019208,                    355P    615
1.18901065019208,1.36149722142136,1.36149722142136,                  355P    616
1.50033259514664,1.50033259514664,1.63916796887192,                  355P    617
1.63916796887192,1.63916796887192,1.63916796887192,1.,1.,1.,1.,      355P    618
1.,1.,1.,1.,1.,1.,1.,1.,1.,1.,1.,1.,-11.5,5.75,0.,-11.5,             355P    619
6.59013123613421,1.47122947951039,-11.2041264063611,                 355P    620
7.49550398860971,3.0464137502891,-10.2604865840718,                  355P    621
8.57640964552035,5.25484699508102,-9.86577212845019,                 355P    622
8.89025468925831,5.9652906195058,-8.92283764442602,                  355P    623
9.3502976443226,7.30076164944673,-8.37584903200964,9.5,              355P    624
7.92544870413092,-7.3252169343646,9.5,8.88379256790406,              355P    625
-6.83362699911301,9.42308399227424,9.26739697791827,                 355P    626
-5.87142230853137,9.03667538771254,9.90502389401014,                 355P    627
-5.40267381271106,8.72487831381694,10.16046189021,                   355P    628
-4.72580339692162,8.01039247995783,10.4894913117284,                 355P    629
-4.45434802831195,7.60368053405249,10.6041033152758,                 355P    630
-4.09132973929647,6.70477140395074,10.7493833202189,-4.,             355P    631
6.21278457908428,10.7819293264239,-4.,5.75,10.7819293264239,0.,      355P    632
1.63916796887192,0.,0.,0.;                                           355P    633
126,15,3,0,0,1,0,1.63916796887192,1.63916796887192,                  357P    634
1.63916796887192,1.63916796887192,1.77800334259721,                  357P    635
1.77800334259721,1.91683871632249,1.91683871632249,                  357P    636
2.08932528755177,2.08932528755177,2.26181185878105,                  357P    637
2.26181185878105,2.51594287852175,2.51594287852175,                  357P    638
2.77007389826245,2.77007389826245,3.27833593774385,                  357P    639
3.27833593774385,3.27833593774385,3.27833593774385,1.,1.,1.,1.,      357P    640
1.,1.,1.,1.,1.,1.,1.,1.,1.,1.,1.,1.,-4.,5.75,10.7819293264239,       357P    641
-4.,5.28721542091572,10.7819293264239,-4.09132973929647,             357P    642
4.79522859604926,10.7493833202189,-4.45434802831195,                 357P    643
3.89631946594751,10.6041033152758,-4.72580339692162,                 357P    644
3.48960752004217,10.4894913117284,-5.40267381271106,                 357P    645
2.77512168618307,10.16046189021,-5.87142230853137,                   357P    646
2.46332461228746,9.90502389401015,-6.83362699911301,                 357P    647
2.07691600772576,9.26739697791827,-7.3252169343646,2.,               357P    648
8.88379256790406,-8.37584903200964,2.,7.92544870413092,              357P    649
-8.92283764442602,2.1497023556774,7.30076164944673,                  357P    650
-9.86577212845019,2.60974531074169,5.9652906195058,                  357P    651
-10.2604865840718,2.92359035447965,5.25484699508102,                 357P    652
-11.2041264063611,4.00449601139029,3.0464137502891,-11.5,            357P    653
4.90986876386579,1.47122947951039,-11.5,5.75,0.,                     357P    654
1.63916796887192,3.27833593774385,0.,0.,0.;                          357P    655
126,1,1,0,0,1,0,-0.191485512953623,-0.191485512953623,2.4,2.4,       359P    656
1.,1.,-4.,5.75,10.7819293264239,-4.,5.75,20.5,                       359P    657
-0.191485512953623,2.4,0.,0.,0.;                                     359P    658
128,2,8,2,2,0,1,0,0,1,0.,0.,0.,1.5707963267949,1.5707963267949,      361P    659
1.5707963267949,-3.14159265358979,-3.14159265358979,                 361P    660
-3.14159265358979,-1.5707963267949,-1.5707963267949,0.,0.,           361P    661
1.5707963267949,1.5707963267949,3.14159265358979,                    361P    662
3.14159265358979,3.14159265358979,1.,0.707106781186542,1.,           361P    663
0.707106781186548,0.499999999999996,0.707106781186548,1.,            361P    664
0.707106781186542,1.,0.707106781186548,0.499999999999996,            361P    665
0.707106781186548,1.,0.707106781186542,1.,0.707106781186548,         361P    666
0.499999999999996,0.707106781186548,1.,0.707106781186542,1.,         361P    667
0.707106781186548,0.499999999999996,0.707106781186548,1.,            361P    668
0.707106781186542,1.,-7.79422863405995,-2.5,-3.875,                  361P    669
-7.79422863405995,-2.5,-3.375,-7.79422863405995,-2.,-3.375,          361P    670
-8.41922863405995,-2.5,-3.875,-8.91922863405995,-2.5,-3.375,         361P    671
-8.91922863405995,-2.,-3.375,-8.41922863405995,-2.5,-4.5,            361P    672
-8.91922863405995,-2.5,-4.5,-8.91922863405995,-2.,-4.5,              361P    673
-8.41922863405995,-2.5,-5.125,-8.91922863405995,-2.5,-5.625,         361P    674
-8.91922863405995,-2.,-5.625,-7.79422863405995,-2.5,-5.125,          361P    675
-7.79422863405995,-2.5,-5.625,-7.79422863405995,-2.,-5.625,          361P    676
-7.16922863405995,-2.5,-5.125,-6.66922863405995,-2.5,-5.625,         361P    677
-6.66922863405995,-2.,-5.625,-7.16922863405995,-2.5,-4.5,            361P    678
-6.66922863405995,-2.5,-4.5,-6.66922863405995,-2.,-4.5,              361P    679
-7.16922863405995,-2.5,-3.875,-6.66922863405995,-2.5,-3.375,         361P    680
-6.66922863405995,-2.,-3.375,-7.79422863405995,-2.5,-3.875,          361P    681
-7.79422863405995,-2.5,-3.375,-7.79422863405995,-2.,-3.375,0.,       361P    682
1.5707963267949,-3.14159265358979,3.14159265358979;                  361P    683
128,1,8,1,2,0,1,0,0,1,0.,0.,1.77777777777778,1.77777777777778,       363P    684
-3.14159265358979,-3.14159265358979,-3.14159265358979,               363P    685
-1.5707963267949,-1.5707963267949,0.,0.,1.5707963267949,             363P    686
1.5707963267949,3.14159265358979,3.14159265358979,                   363P    687
3.14159265358979,1.,1.,0.707106781186548,0.707106781186548,1.,       363P    688
1.,0.707106781186548,0.707106781186548,1.,1.,0.707106781186548,      363P    689
0.707106781186548,1.,1.,0.707106781186548,0.707106781186548,1.,      363P    690
1.,-6.66922863405995,-2.,-4.5,-6.66922863405995,0.,-4.5,             363P    691
-6.66922863405995,-2.,-3.375,-6.66922863405995,0.,-3.375,            363P    692
-7.79422863405995,-2.,-3.375,-7.79422863405995,0.,-3.375,            363P    693
-8.91922863405995,-2.,-3.375,-8.91922863405995,0.,-3.375,            363P    694
-8.91922863405995,-2.,-4.5,-8.91922863405995,0.,-4.5,                363P    695
-8.91922863405995,-2.,-5.625,-8.91922863405995,0.,-5.625,            363P    696
-7.79422863405995,-2.,-5.625,-7.79422863405995,0.,-5.625,            363P    697
-6.66922863405995,-2.,-5.625,-6.66922863405995,0.,-5.625,            363P    698
-6.66922863405995,-2.,-4.5,-6.66922863405995,0.,-4.5,0.,             363P    699
1.77777777777778,-3.14159265358979,3.14159265358979;                 363P    700
128,1,1,1,1,0,0,1,0,0,-0.0634999999999998,-0.0634999999999998,       365P    701
0.0635000000000001,0.0635000000000001,-0.0635,-0.0635,0.0635,        365P    702
0.0635,1.,1.,1.,1.,-8.42922863405995,-2.5,-3.865,                    365P    703
-8.42922863405995,-2.5,-5.135,-7.15922863405995,-2.5,-3.865,         365P    704
-7.15922863405995,-2.5,-5.135,-0.0634999999999998,                   365P    705
0.0635000000000001,-0.0635,0.0635;                                   365P    706
128,2,8,2,2,0,1,0,0,1,0.,0.,0.,1.5707963267949,1.5707963267949,      367P    707
1.5707963267949,-3.14159265358979,-3.14159265358979,                 367P    708
-3.14159265358979,-1.5707963267949,-1.5707963267949,0.,0.,           367P    709
1.5707963267949,1.5707963267949,3.14159265358979,                    367P    710
3.14159265358979,3.14159265358979,1.,0.707106781186549,1.,           367P    711
0.707106781186548,0.500000000000001,0.707106781186548,1.,            367P    712
0.707106781186549,1.,0.707106781186548,0.500000000000001,            367P    713
0.707106781186548,1.,0.707106781186549,1.,0.707106781186548,         367P    714
0.500000000000001,0.707106781186548,1.,0.707106781186549,1.,         367P    715
0.707106781186548,0.500000000000001,0.707106781186548,1.,            367P    716
0.707106781186549,1.,0.,-2.5,9.625,0.,-2.5,10.125,0.,-2.,10.125,     367P    717
-0.625,-2.5,9.625,-1.125,-2.5,10.125,-1.125,-2.,10.125,-0.625,       367P    718
-2.5,9.,-1.125,-2.5,9.,-1.125,-2.,9.,-0.625,-2.5,8.375,-1.125,       367P    719
-2.5,7.875,-1.125,-2.,7.875,0.,-2.5,8.375,0.,-2.5,7.875,0.,-2.,      367P    720
7.875,0.625,-2.5,8.375,1.125,-2.5,7.875,1.125,-2.,7.875,0.625,       367P    721
-2.5,9.,1.125,-2.5,9.,1.125,-2.,9.,0.625,-2.5,9.625,1.125,-2.5,      367P    722
10.125,1.125,-2.,10.125,0.,-2.5,9.625,0.,-2.5,10.125,0.,-2.,         367P    723
10.125,0.,1.5707963267949,-3.14159265358979,3.14159265358979;        367P    724
128,1,8,1,2,0,1,0,0,1,0.,0.,1.77777777777778,1.77777777777778,       369P    725
-3.14159265358979,-3.14159265358979,-3.14159265358979,               369P    726
-1.5707963267949,-1.5707963267949,0.,0.,1.5707963267949,             369P    727
1.5707963267949,3.14159265358979,3.14159265358979,                   369P    728
3.14159265358979,1.,1.,0.707106781186548,0.707106781186548,1.,       369P    729
1.,0.707106781186548,0.707106781186548,1.,1.,0.707106781186548,      369P    730
0.707106781186548,1.,1.,0.707106781186548,0.707106781186548,1.,      369P    731
1.,1.125,-2.,9.,1.125,0.,9.,1.125,-2.,10.125,1.125,0.,10.125,0.,     369P    732
-2.,10.125,0.,0.,10.125,-1.125,-2.,10.125,-1.125,0.,10.125,          369P    733
-1.125,-2.,9.,-1.125,0.,9.,-1.125,-2.,7.875,-1.125,0.,7.875,0.,      369P    734
-2.,7.875,0.,0.,7.875,1.125,-2.,7.875,1.125,0.,7.875,1.125,-2.,      369P    735
9.,1.125,0.,9.,0.,1.77777777777778,-3.14159265358979,                369P    736
3.14159265358979;                                                    369P    737
128,1,1,1,1,0,0,1,0,0,-0.0635000000000001,-0.0635000000000001,       371P    738
0.0634999999999999,0.0634999999999999,-0.0635,-0.0635,0.0635,        371P    739
0.0635,1.,1.,1.,1.,-0.635,-2.5,9.635,-0.635,-2.5,8.365,0.635,        371P    740
-2.5,9.635,0.635,-2.5,8.365,-0.0635000000000001,                     371P    741
0.0634999999999999,-0.0635,0.0635;                                   371P    742
128,2,8,2,2,0,1,0,0,1,0.,0.,0.,1.5707963267949,1.5707963267949,      373P    743
1.5707963267949,-3.14159265358979,-3.14159265358979,                 373P    744
-3.14159265358979,-1.5707963267949,-1.5707963267949,0.,0.,           373P    745
1.5707963267949,1.5707963267949,3.14159265358979,                    373P    746
3.14159265358979,3.14159265358979,1.,0.707106781186548,1.,           373P    747
0.707106781186548,0.5,0.707106781186548,1.,0.707106781186548,1.,     373P    748
0.707106781186548,0.5,0.707106781186548,1.,0.707106781186548,1.,     373P    749
0.707106781186548,0.5,0.707106781186548,1.,0.707106781186548,1.,     373P    750
0.707106781186548,0.5,0.707106781186548,1.,0.707106781186548,1.,     373P    751
7.79422863405995,-2.5,-3.875,7.79422863405995,-2.5,-3.375,           373P    752
7.79422863405995,-2.,-3.375,7.16922863405995,-2.5,-3.875,            373P    753
6.66922863405995,-2.5,-3.375,6.66922863405995,-2.,-3.375,            373P    754
7.16922863405995,-2.5,-4.5,6.66922863405995,-2.5,-4.5,               373P    755
6.66922863405995,-2.,-4.5,7.16922863405995,-2.5,-5.125,              373P    756
6.66922863405995,-2.5,-5.625,6.66922863405995,-2.,-5.625,            373P    757
7.79422863405995,-2.5,-5.125,7.79422863405995,-2.5,-5.625,           373P    758
7.79422863405995,-2.,-5.625,8.41922863405995,-2.5,-5.125,            373P    759
8.91922863405995,-2.5,-5.625,8.91922863405995,-2.,-5.625,            373P    760
8.41922863405995,-2.5,-4.5,8.91922863405995,-2.5,-4.5,               373P    761
8.91922863405995,-2.,-4.5,8.41922863405995,-2.5,-3.875,              373P    762
8.91922863405995,-2.5,-3.375,8.91922863405995,-2.,-3.375,            373P    763
7.79422863405995,-2.5,-3.875,7.79422863405995,-2.5,-3.375,           373P    764
7.79422863405995,-2.,-3.375,0.,1.5707963267949,                      373P    765
-3.14159265358979,3.14159265358979;                                  373P    766
128,1,8,1,2,0,1,0,0,1,0.,0.,1.77777777777778,1.77777777777778,       375P    767
-3.14159265358979,-3.14159265358979,-3.14159265358979,               375P    768
-1.5707963267949,-1.5707963267949,0.,0.,1.5707963267949,             375P    769
1.5707963267949,3.14159265358979,3.14159265358979,                   375P    770
3.14159265358979,1.,1.,0.707106781186548,0.707106781186548,1.,       375P    771
1.,0.707106781186548,0.707106781186548,1.,1.,0.707106781186548,      375P    772
0.707106781186548,1.,1.,0.707106781186548,0.707106781186548,1.,      375P    773
1.,8.91922863405995,-2.,-4.5,8.91922863405995,0.,-4.5,               375P    774
8.91922863405995,-2.,-3.375,8.91922863405995,0.,-3.375,              375P    775
7.79422863405995,-2.,-3.375,7.79422863405995,0.,-3.375,              375P    776
6.66922863405995,-2.,-3.375,6.66922863405995,0.,-3.375,              375P    777
6.66922863405995,-2.,-4.5,6.66922863405995,0.,-4.5,                  375P    778
6.66922863405995,-2.,-5.625,6.66922863405995,0.,-5.625,              375P    779
7.79422863405995,-2.,-5.625,7.79422863405995,0.,-5.625,              375P    780
8.91922863405995,-2.,-5.625,8.91922863405995,0.,-5.625,              375P    781
8.91922863405995,-2.,-4.5,8.91922863405995,0.,-4.5,0.,               375P    782
1.77777777777778,-3.14159265358979,3.14159265358979;                 375P    783
128,1,1,1,1,0,0,1,0,0,-0.0634999999999999,-0.0634999999999999,       377P    784
0.0635000000000001,0.0635000000000001,-0.0635000000000001,           377P    785
-0.0635000000000001,0.0634999999999999,0.0634999999999999,1.,1.,     377P    786
1.,1.,7.15922863405995,-2.5,-3.865,7.15922863405995,-2.5,-5.135,     377P    787
8.42922863405995,-2.5,-3.865,8.42922863405995,-2.5,-5.135,           377P    788
-0.0634999999999999,0.0635000000000001,-0.0635000000000001,          377P    789
0.0634999999999999;                                                  377P    790
128,2,8,2,2,0,1,0,0,1,0.,0.,0.,1.5707963267949,1.5707963267949,      379P    791
1.5707963267949,-3.14159265358979,-3.14159265358979,                 379P    792
-3.14159265358979,-1.5707963267949,-1.5707963267949,0.,0.,           379P    793
1.5707963267949,1.5707963267949,3.14159265358979,                    379P    794
3.14159265358979,3.14159265358979,1.,0.707106781186515,1.,           379P    795
0.707106781186548,0.499999999999977,0.707106781186548,1.,            379P    796
0.707106781186515,1.,0.707106781186548,0.499999999999977,            379P    797
0.707106781186548,1.,0.707106781186515,1.,0.707106781186548,         379P    798
0.499999999999977,0.707106781186548,1.,0.707106781186515,1.,         379P    799
0.707106781186548,0.499999999999977,0.707106781186548,1.,            379P    800
0.707106781186515,1.,0.,44.,-8.,0.,44.,-8.25,0.,43.75,-8.25,         379P    801
-2.5,44.,-8.,-2.75,44.,-8.25,-2.75,43.75,-8.25,-2.5,44.,-5.5,        379P    802
-2.75,44.,-5.5,-2.75,43.75,-5.5,-2.5,44.,-3.,-2.75,44.,-2.75,        379P    803
-2.75,43.75,-2.75,0.,44.,-3.,0.,44.,-2.75,0.,43.75,-2.75,2.5,        379P    804
44.,-3.,2.75,44.,-2.75,2.75,43.75,-2.75,2.5,44.,-5.5,2.75,44.,       379P    805
-5.5,2.75,43.75,-5.5,2.5,44.,-8.,2.75,44.,-8.25,2.75,43.75,          379P    806
-8.25,0.,44.,-8.,0.,44.,-8.25,0.,43.75,-8.25,0.,1.5707963267949,     379P    807
-3.14159265358979,3.14159265358979;                                  379P    808
128,1,1,1,1,0,0,1,0,0,-0.251,-0.251,0.251,0.251,-0.251,-0.251,       381P    809
0.251,0.251,1.,1.,1.,1.,-2.51,44.,-8.01,-2.51,44.,-2.99,2.51,        381P    810
44.,-8.01,2.51,44.,-2.99,-0.251,0.251,-0.251,0.251;                  381P    811
128,1,8,1,2,0,1,0,0,1,0.,0.,0.27272727272727,0.27272727272727,       383P    812
-3.14159265358979,-3.14159265358979,-3.14159265358979,               383P    813
-1.5707963267949,-1.5707963267949,0.,0.,1.5707963267949,             383P    814
1.5707963267949,3.14159265358979,3.14159265358979,                   383P    815
3.14159265358979,1.,1.,0.707106781186548,0.707106781186548,1.,       383P    816
1.,0.707106781186548,0.707106781186548,1.,1.,0.707106781186548,      383P    817
0.707106781186548,1.,1.,0.707106781186548,0.707106781186548,1.,      383P    818
1.,2.75,43.75,-5.5,2.75,43.,-5.5,2.75,43.75,-8.25,2.75,43.,          383P    819
-8.25,0.,43.75,-8.25,0.,43.,-8.25,-2.75,43.75,-8.25,-2.75,43.,       383P    820
-8.25,-2.75,43.75,-5.5,-2.75,43.,-5.5,-2.75,43.75,-2.75,-2.75,       383P    821
43.,-2.75,0.,43.75,-2.75,0.,43.,-2.75,2.75,43.75,-2.75,2.75,43.,     383P    822
-2.75,2.75,43.75,-5.5,2.75,43.,-5.5,0.,0.27272727272727,             383P    823
-3.14159265358979,3.14159265358979;                                  383P    824
128,2,8,2,2,0,1,0,0,1,-3.14159265358979,-3.14159265358979,           385P    825
-3.14159265358979,-1.57079632679489,-1.57079632679489,               385P    826
-1.57079632679489,-3.14159265358979,-3.14159265358979,               385P    827
-3.14159265358979,-1.5707963267949,-1.5707963267949,0.,0.,           385P    828
1.5707963267949,1.5707963267949,3.14159265358979,                    385P    829
3.14159265358979,3.14159265358979,1.,0.707106781186512,1.,           385P    830
0.707106781186548,0.499999999999975,0.707106781186548,1.,            385P    831
0.707106781186512,1.,0.707106781186548,0.499999999999975,            385P    832
0.707106781186548,1.,0.707106781186512,1.,0.707106781186548,         385P    833
0.499999999999975,0.707106781186548,1.,0.707106781186512,1.,         385P    834
0.707106781186548,0.499999999999975,0.707106781186548,1.,            385P    835
0.707106781186512,1.,0.,44.,-3.25,0.,44.,-3.5,0.,43.75,-3.5,         385P    836
-2.25,44.,-3.25,-2.,44.,-3.5,-2.,43.75,-3.5,-2.25,44.,-5.5,-2.,      385P    837
44.,-5.5,-2.,43.75,-5.5,-2.25,44.,-7.75,-2.,44.,-7.5,-2.,43.75,      385P    838
-7.5,0.,44.,-7.75,0.,44.,-7.5,0.,43.75,-7.5,2.25,44.,-7.75,2.,       385P    839
44.,-7.5,2.,43.75,-7.5,2.25,44.,-5.5,2.,44.,-5.5,2.,43.75,-5.5,      385P    840
2.25,44.,-3.25,2.,44.,-3.5,2.,43.75,-3.5,0.,44.,-3.25,0.,44.,        385P    841
-3.5,0.,43.75,-3.5,-3.14159265358979,-1.57079632679489,              385P    842
-3.14159265358979,3.14159265358979;                                  385P    843
128,1,8,1,2,0,1,0,0,1,0.,0.,0.374999999999996,0.374999999999996,     387P    844
-3.14159265358979,-3.14159265358979,-3.14159265358979,               387P    845
-1.5707963267949,-1.5707963267949,0.,0.,1.5707963267949,             387P    846
1.5707963267949,3.14159265358979,3.14159265358979,                   387P    847
3.14159265358979,1.,1.,0.707106781186548,0.707106781186548,1.,       387P    848
1.,0.707106781186548,0.707106781186548,1.,1.,0.707106781186548,      387P    849
0.707106781186548,1.,1.,0.707106781186548,0.707106781186548,1.,      387P    850
1.,2.,43.,-5.5,2.,43.75,-5.5,2.,43.,-7.5,2.,43.75,-7.5,0.,43.,       387P    851
-7.5,0.,43.75,-7.5,-2.,43.,-7.5,-2.,43.75,-7.5,-2.,43.,-5.5,-2.,     387P    852
43.75,-5.5,-2.,43.,-3.5,-2.,43.75,-3.5,0.,43.,-3.5,0.,43.75,         387P    853
-3.5,2.,43.,-3.5,2.,43.75,-3.5,2.,43.,-5.5,2.,43.75,-5.5,0.,         387P    854
0.374999999999996,-3.14159265358979,3.14159265358979;                387P    855
128,2,8,2,2,0,1,0,0,1,0.,0.,0.,1.5707963267949,1.5707963267949,      389P    856
1.5707963267949,-3.14159265358979,-3.14159265358979,                 389P    857
-3.14159265358979,-1.5707963267949,-1.5707963267949,0.,0.,           389P    858
1.5707963267949,1.5707963267949,3.14159265358979,                    389P    859
3.14159265358979,3.14159265358979,1.,0.70710678118655,1.,            389P    860
0.707106781186548,0.500000000000002,0.707106781186548,1.,            389P    861
0.70710678118655,1.,0.707106781186548,0.500000000000002,             389P    862
0.707106781186548,1.,0.70710678118655,1.,0.707106781186548,          389P    863
0.500000000000002,0.707106781186548,1.,0.70710678118655,1.,          389P    864
0.707106781186548,0.500000000000002,0.707106781186548,1.,            389P    865
0.70710678118655,1.,0.,43.,-9.5,0.,43.,-10.5,0.,42.,-10.5,-9.5,      389P    866
43.,-9.5,-10.5,43.,-10.5,-10.5,42.,-10.5,-9.5,43.,0.,-10.5,43.,      389P    867
0.,-10.5,42.,0.,-9.5,43.,9.5,-10.5,43.,10.5,-10.5,42.,10.5,0.,       389P    868
43.,9.5,0.,43.,10.5,0.,42.,10.5,9.5,43.,9.5,10.5,43.,10.5,10.5,      389P    869
42.,10.5,9.5,43.,0.,10.5,43.,0.,10.5,42.,0.,9.5,43.,-9.5,10.5,       389P    870
43.,-10.5,10.5,42.,-10.5,0.,43.,-9.5,0.,43.,-10.5,0.,42.,-10.5,      389P    871
0.,1.5707963267949,-3.14159265358979,3.14159265358979;               389P    872
128,1,1,1,1,0,0,1,0,0,-0.951,-0.951,0.951,0.951,-0.951,-0.951,       391P    873
0.951,0.951,1.,1.,1.,1.,-9.51,43.,-9.51,-9.51,43.,9.51,9.51,43.,     391P    874
-9.51,9.51,43.,9.51,-0.951,0.951,-0.951,0.951;                       391P    875
128,1,8,1,2,0,1,0,0,1,0.0952380952380949,0.0952380952380949,         393P    876
0.190476190476191,0.190476190476191,-3.14159265358979,               393P    877
-3.14159265358979,-3.14159265358979,-1.5707963267949,                393P    878
-1.5707963267949,0.,0.,1.5707963267949,1.5707963267949,              393P    879
3.14159265358979,3.14159265358979,3.14159265358979,1.,1.,            393P    880
0.707106781186548,0.707106781186548,1.,1.,0.707106781186548,         393P    881
0.707106781186548,1.,1.,0.707106781186548,0.707106781186548,1.,      393P    882
1.,0.707106781186548,0.707106781186548,1.,1.,10.5,41.,0.,10.5,       393P    883
42.,0.,10.5,41.,10.5,10.5,42.,10.5,0.,41.,10.5,0.,42.,10.5,          393P    884
-10.5,41.,10.5,-10.5,42.,10.5,-10.5,41.,0.,-10.5,42.,0.,-10.5,       393P    885
41.,-10.5,-10.5,42.,-10.5,0.,41.,-10.5,0.,42.,-10.5,10.5,41.,        393P    886
-10.5,10.5,42.,-10.5,10.5,41.,0.,10.5,42.,0.,0.0952380952380949,     393P    887
0.190476190476191,-3.14159265358979,3.14159265358979;                393P    888
128,1,8,1,2,0,1,0,0,1,0.,0.,0.181818181818182,0.181818181818182,     395P    889
-3.14159265358979,-3.14159265358979,-3.14159265358979,               395P    890
-1.5707963267949,-1.5707963267949,0.,0.,1.5707963267949,             395P    891
1.5707963267949,3.14159265358979,3.14159265358979,                   395P    892
3.14159265358979,1.,1.,0.707106781186548,0.707106781186548,1.,       395P    893
1.,0.707106781186548,0.707106781186548,1.,1.,0.707106781186548,      395P    894
0.707106781186548,1.,1.,0.707106781186548,0.707106781186548,1.,      395P    895
1.,11.,43.,0.,11.,41.,0.,11.,43.,11.,11.,41.,11.,0.,43.,11.,0.,      395P    896
41.,11.,-11.,43.,11.,-11.,41.,11.,-11.,43.,0.,-11.,41.,0.,-11.,      395P    897
43.,-11.,-11.,41.,-11.,0.,43.,-11.,0.,41.,-11.,11.,43.,-11.,11.,     395P    898
41.,-11.,11.,43.,0.,11.,41.,0.,0.,0.181818181818182,                 395P    899
-3.14159265358979,3.14159265358979;                                  395P    900
128,1,1,1,1,0,0,1,0,0,-1.101,-1.101,1.101,1.101,-1.101,-1.101,       397P    901
1.101,1.101,1.,1.,1.,1.,-11.01,41.,-11.01,-11.01,41.,11.01,          397P    902
11.01,41.,-11.01,11.01,41.,11.01,-1.101,1.101,-1.101,1.101;          397P    903
128,1,1,1,1,0,0,1,0,0,-1.151,-1.151,1.151,1.151,-1.151,-1.151,       399P    904
1.151,1.151,1.,1.,1.,1.,-11.51,43.,-11.51,-11.51,43.,11.51,          399P    905
11.51,43.,-11.51,11.51,43.,11.51,-1.151,1.151,-1.151,1.151;          399P    906
128,1,8,1,2,0,1,0,0,1,0.,0.,0.4,0.4,-3.14159265358979,               401P    907
-3.14159265358979,-3.14159265358979,-1.5707963267949,                401P    908
-1.5707963267949,0.,0.,1.5707963267949,1.5707963267949,              401P    909
3.14159265358979,3.14159265358979,3.14159265358979,1.,1.,            401P    910
0.707106781186548,0.707106781186548,1.,1.,0.707106781186548,         401P    911
0.707106781186548,1.,1.,0.707106781186548,0.707106781186548,1.,      401P    912
1.,0.707106781186548,0.707106781186548,1.,1.,2.5,0.,0.,2.5,-1.,      401P    913
0.,2.5,0.,2.5,2.5,-1.,2.5,0.,0.,2.5,0.,-1.,2.5,-2.5,0.,2.5,-2.5,     401P    914
-1.,2.5,-2.5,0.,0.,-2.5,-1.,0.,-2.5,0.,-2.5,-2.5,-1.,-2.5,0.,0.,     401P    915
-2.5,0.,-1.,-2.5,2.5,0.,-2.5,2.5,-1.,-2.5,2.5,0.,0.,2.5,-1.,0.,      401P    916
0.,0.4,-3.14159265358979,3.14159265358979;                           401P    917
128,1,8,1,2,0,1,0,0,1,0.,0.,0.148148148148148,0.148148148148148,     403P    918
-3.14159265358979,-3.14159265358979,-3.14159265358979,               403P    919
-1.5707963267949,-1.5707963267949,0.,0.,1.5707963267949,             403P    920
1.5707963267949,3.14159265358979,3.14159265358979,                   403P    921
3.14159265358979,1.,1.,0.707106781186548,0.707106781186548,1.,       403P    922
1.,0.707106781186548,0.707106781186548,1.,1.,0.707106781186548,      403P    923
0.707106781186548,1.,1.,0.707106781186548,0.707106781186548,1.,      403P    924
1.,6.75,-1.,0.,6.75,0.,0.,6.75,-1.,6.75,6.75,0.,6.75,0.,-1.,         403P    925
6.75,0.,0.,6.75,-6.75,-1.,6.75,-6.75,0.,6.75,-6.75,-1.,0.,-6.75,     403P    926
0.,0.,-6.75,-1.,-6.75,-6.75,0.,-6.75,0.,-1.,-6.75,0.,0.,-6.75,       403P    927
6.75,-1.,-6.75,6.75,0.,-6.75,6.75,-1.,0.,6.75,0.,0.,0.,              403P    928
0.148148148148148,-3.14159265358979,3.14159265358979;                403P    929
128,1,1,1,1,0,0,1,0,0,-0.676,-0.676,0.676,0.676,-0.676,-0.676,       405P    930
0.676,0.676,1.,1.,1.,1.,-6.76,-1.,6.76,-6.76,-1.,-6.76,6.76,-1.,     405P    931
6.76,6.76,-1.,-6.76,-0.676,0.676,-0.676,0.676;                       405P    932
128,1,1,1,1,0,0,1,0,0,-1.151,-1.151,1.151,1.151,-1.151,-1.151,       407P    933
1.151,1.151,1.,1.,1.,1.,-11.51,0.,11.51,-11.51,0.,-11.51,11.51,      407P    934
0.,11.51,11.51,0.,-11.51,-1.151,1.151,-1.151,1.151;                  407P    935
128,1,1,1,1,0,0,1,0,0,-0.135948044767297,-0.135948044767297,         409P    936
0.116051955232703,0.116051955232703,-0.96734015892324,               409P    937
-0.96734015892324,0.000999999999999895,0.000999999999999895,1.,      409P    938
1.,1.,1.,-9.6734015892324,11.5,-8.99,-9.6734015892324,11.5,          409P    939
-11.51,0.0100000000000007,11.5,-8.99,0.0100000000000011,11.5,        409P    940
-11.51,-0.135948044767297,0.116051955232703,-0.96734015892324,       409P    941
0.000999999999999895;                                                409P    942
128,1,1,1,1,0,0,1,0,0,-0.135948044767297,-0.135948044767297,         411P    943
0.116051955232703,0.116051955232703,-0.00100000000000018,            411P    944
-0.00100000000000018,0.96734015892324,0.96734015892324,1.,1.,1.,     411P    945
1.,-0.01,11.5,-8.99,-0.01,11.5,-11.51,9.6734015892324,11.5,          411P    946
-8.99,9.6734015892324,11.5,-11.51,-0.135948044767297,                411P    947
0.116051955232703,-0.00100000000000018,0.96734015892324;             411P    948
128,1,1,1,1,0,0,1,0,0,-0.135948044767297,-0.135948044767297,         413P    949
0.116051955232703,0.116051955232703,-0.96734015892324,               413P    950
-0.96734015892324,0.000999999999999895,0.000999999999999895,1.,      413P    951
1.,1.,1.,-9.6734015892324,38.5,-11.51,-9.6734015892324,38.5,         413P    952
-8.99,0.0100000000000011,38.5,-11.51,0.0100000000000007,38.5,        413P    953
-8.99,-0.135948044767297,0.116051955232703,-0.96734015892324,        413P    954
0.000999999999999895;                                                413P    955
128,1,4,1,2,0,0,0,0,0,0.,0.,53.9999999999999,53.9999999999999,       415P    956
-2.51644647509702,-2.51644647509702,-2.51644647509702,               415P    957
-1.25822323754851,-1.25822323754851,-6.93889390390723D-17,           415P    958
-6.93889390390723D-17,-6.93889390390723D-17,1.,1.,                   415P    959
0.808550574529309,0.808550574529309,1.,1.,0.808550574529309,         415P    960
0.808550574529309,1.,1.,9.07573359297622,11.5,-11.5,                 415P    961
9.07573359297622,38.5,-11.5,9.43961107177723,11.5,-11.5,             415P    962
9.43961107177723,38.5,-11.5,9.55150633050481,11.5,                   415P    963
-11.1537540315717,9.55150633050481,38.5,-11.1537540315717,           415P    964
9.6634015892324,11.5,-10.8075080631434,9.6634015892324,38.5,         415P    965
-10.8075080631434,9.36834149900388,11.5,-10.5945612088982,           415P    966
9.36834149900388,38.5,-10.5945612088982,0.,53.9999999999999,         415P    967
-2.51644647509702,-6.93889390390723D-17;                             415P    968
128,1,1,1,1,0,0,1,0,0,-0.00100000000000011,-0.00100000000000011,     417P    969
1.81614671859524,1.81614671859524,-0.001,-0.001,2.701,2.701,1.,      417P    970
1.,1.,1.,-9.08573359297622,38.51,-11.5,9.08573359297622,38.51,       417P    971
-11.5,-9.08573359297622,11.49,-11.5,9.08573359297622,11.49,          417P    972
-11.5,-0.00100000000000011,1.81614671859524,-0.001,2.701;            417P    973
128,1,4,1,2,0,0,0,0,0,0.,0.,54.0000000000002,54.0000000000002,       419P    974
-2.51644647509704,-2.51644647509704,-2.51644647509704,               419P    975
-1.25822323754852,-1.25822323754852,0.,0.,0.,1.,1.,                  419P    976
0.808550574529307,0.808550574529307,1.,1.,0.808550574529307,         419P    977
0.808550574529307,1.,1.,-9.36834149900387,11.5,                      419P    978
-10.5945612088982,-9.36834149900387,38.5,-10.5945612088982,          419P    979
-9.6634015892324,11.5,-10.8075080631434,-9.6634015892324,38.5,       419P    980
-10.8075080631434,-9.55150633050481,11.5,-11.1537540315717,          419P    981
-9.55150633050481,38.5,-11.1537540315717,-9.43961107177723,11.5,     419P    982
-11.5,-9.43961107177723,38.5,-11.5,-9.07573359297622,11.5,-11.5,     419P    983
-9.07573359297622,38.5,-11.5,0.,54.0000000000002,                    419P    984
-2.51644647509704,0.;                                                419P    985
128,1,1,1,1,0,0,1,0,0,-0.001,-0.001,0.273474047360062,               421P    986
0.273474047360062,-0.001,-0.001,2.701,2.701,1.,1.,1.,1.,             421P    987
-7.15080175581614,38.51,-8.99414784187945,-9.37645027482591,         421P    988
38.51,-10.6004133670187,-7.15080175581614,11.49,                     421P    989
-8.99414784187945,-9.37645027482591,11.49,-10.6004133670187,         421P    990
-0.001,0.273474047360062,-0.001,2.701;                               421P    991
128,1,1,1,1,0,0,1,0,0,-0.001,-0.001,0.273474047360062,               423P    992
0.273474047360062,-0.001,-0.001,2.701,2.701,1.,1.,1.,1.,             423P    993
9.37645027482591,38.51,-10.6004133670187,7.15080175581614,38.51,     423P    994
-8.99414784187945,9.37645027482591,11.49,-10.6004133670187,          423P    995
7.15080175581614,11.49,-8.99414784187945,-0.001,                     423P    996
0.273474047360062,-0.001,2.701;                                      423P    997
128,1,1,1,1,0,0,1,0,0,-0.135948044767297,-0.135948044767297,         425P    998
0.116051955232703,0.116051955232703,-0.00100000000000018,            425P    999
-0.00100000000000018,0.96734015892324,0.96734015892324,1.,1.,1.,     425P   1000
1.,-0.01,38.5,-11.51,-0.01,38.5,-8.99,9.6734015892324,38.5,          425P   1001
-11.51,9.6734015892324,38.5,-8.99,-0.135948044767297,                425P   1002
0.116051955232703,-0.00100000000000018,0.96734015892324;             425P   1003
128,1,8,1,2,0,1,0,0,1,0.,0.,3.73913043478261,3.73913043478261,       427P   1004
-3.14159265358979,-3.14159265358979,-3.14159265358979,               427P   1005
-1.5707963267949,-1.5707963267949,0.,0.,1.5707963267949,             427P   1006
1.5707963267949,3.14159265358979,3.14159265358979,                   427P   1007
3.14159265358979,1.,1.,0.707106781186548,0.707106781186548,1.,       427P   1008
1.,0.707106781186548,0.707106781186548,1.,1.,0.707106781186548,      427P   1009
0.707106781186548,1.,1.,0.707106781186548,0.707106781186548,1.,      427P   1010
1.,-11.5,43.,0.,-11.5,0.,0.,-11.5,43.,11.5,-11.5,0.,11.5,0.,43.,     427P   1011
11.5,0.,0.,11.5,11.5,43.,11.5,11.5,0.,11.5,11.5,43.,0.,11.5,0.,      427P   1012
0.,11.5,43.,-11.5,11.5,0.,-11.5,0.,43.,-11.5,0.,0.,-11.5,-11.5,      427P   1013
43.,-11.5,-11.5,0.,-11.5,-11.5,43.,0.,-11.5,0.,0.,0.,                427P   1014
3.73913043478261,-3.14159265358979,3.14159265358979;                 427P   1015
128,1,1,1,1,0,0,1,0,0,-0.251,-0.251,0.251,0.251,-0.251,-0.251,       429P   1016
0.251,0.251,1.,1.,1.,1.,-2.51,0.,2.51,-2.51,0.,-2.51,2.51,0.,        429P   1017
2.51,2.51,0.,-2.51,-0.251,0.251,-0.251,0.251;                        429P   1018
128,1,1,1,1,0,0,1,0,0,-0.751,-0.751,-0.349,-0.349,-0.201,-0.201,     431P   1019
0.201,0.201,1.,1.,1.,1.,-2.01,43.,-7.51,-2.01,43.,-3.49,2.01,        431P   1020
43.,-7.51,2.01,43.,-3.49,-0.751,-0.349,-0.201,0.201;                 431P   1021
128,1,1,1,1,0,0,1,0,0,-0.376,-0.376,0.376,0.376,-0.376,-0.376,       433P   1022
0.376,0.376,1.,1.,1.,1.,-11.51,1.99,20.5,-3.99,1.99,20.5,-11.51,     433P   1023
9.51,20.5,-3.99,9.51,20.5,-0.376,0.376,-0.376,0.376;                 433P   1024
128,1,8,1,2,0,1,0,0,1,-4.,-4.,2.58715184631099,2.58715184631099,     435P   1025
-3.14159265358979,-3.14159265358979,-3.14159265358979,               435P   1026
-1.5707963267949,-1.5707963267949,0.,0.,1.5707963267949,             435P   1027
1.5707963267949,3.14159265358979,3.14159265358979,                   435P   1028
3.14159265358979,1.,1.,0.707106781186548,0.707106781186548,1.,       435P   1029
1.,0.707106781186548,0.707106781186548,1.,1.,0.707106781186548,      435P   1030
0.707106781186548,1.,1.,0.707106781186548,0.707106781186548,1.,      435P   1031
1.,-5.5,5.75,20.5,-5.5,5.75,5.67890834580027,-5.5,3.5,20.5,-5.5,     435P   1032
3.5,5.67890834580027,-7.75,3.5,20.5,-7.75,3.5,5.67890834580027,      435P   1033
-10.,3.5,20.5,-10.,3.5,5.67890834580027,-10.,5.75,20.5,-10.,         435P   1034
5.75,5.67890834580027,-10.,8.,20.5,-10.,8.,5.67890834580027,         435P   1035
-7.75,8.,20.5,-7.75,8.,5.67890834580027,-5.5,8.,20.5,-5.5,8.,        435P   1036
5.67890834580027,-5.5,5.75,20.5,-5.5,5.75,5.67890834580027,-4.,      435P   1037
2.58715184631099,-3.14159265358979,3.14159265358979;                 435P   1038
128,1,8,1,2,0,1,0,0,1,-2.4,-2.4,3.06666666666667,                    437P   1039
3.06666666666667,-3.14159265358979,-3.14159265358979,                437P   1040
-3.14159265358979,-1.5707963267949,-1.5707963267949,0.,0.,           437P   1041
1.5707963267949,1.5707963267949,3.14159265358979,                    437P   1042
3.14159265358979,3.14159265358979,1.,1.,0.707106781186548,           437P   1043
0.707106781186548,1.,1.,0.707106781186548,0.707106781186548,1.,      437P   1044
1.,0.707106781186548,0.707106781186548,1.,1.,0.707106781186548,      437P   1045
0.707106781186548,1.,1.,-4.,5.75,0.,-4.,5.75,20.5,-4.,2.,0.,-4.,     437P   1046
2.,20.5,-7.75,2.,0.,-7.75,2.,20.5,-11.5,2.,0.,-11.5,2.,20.5,         437P   1047
-11.5,5.75,0.,-11.5,5.75,20.5,-11.5,9.5,0.,-11.5,9.5,20.5,-7.75,     437P   1048
9.5,0.,-7.75,9.5,20.5,-4.,9.5,0.,-4.,9.5,20.5,-4.,5.75,0.,-4.,       437P   1049
5.75,20.5,-2.4,3.06666666666667,-3.14159265358979,                   437P   1050
3.14159265358979;                                                    437P   1051
128,1,2,1,2,0,0,0,0,0,0.173913043478261,0.173913043478261,           439P   1052
0.826086956521739,0.826086956521739,-3.14159265358979,               439P   1053
-3.14159265358979,-3.14159265358979,-1.92604773573314,               439P   1054
-1.92604773573314,-1.92604773573314,1.,1.,0.820922069065183,         439P   1055
0.820922069065183,1.,1.,-11.5,2.,0.,-11.5,9.5,0.,-11.5,2.,           439P   1056
7.9994959518629,-11.5,9.5,7.9994959518629,-4.,2.,                    439P   1057
10.7819293264239,-4.,9.5,10.7819293264239,0.173913043478261,         439P   1058
0.826086956521739,-3.14159265358979,-1.92604773573314;               439P   1059
502,52,-7.16922863405995,-2.5,-4.5,-7.79422863405995,-2.5,           441P   1060
-3.875,-7.79422863405995,-2.,-3.375,-6.66922863405995,-2.,-4.5,      441P   1061
-6.66922863405995,0.,-4.5,0.625,-2.5,9.,0.,-2.5,9.625,0.,-2.,        441P   1062
10.125,1.125,-2.,9.,1.125,0.,9.,8.41922863405995,-2.5,-4.5,          441P   1063
7.79422863405995,-2.5,-3.875,7.79422863405995,-2.,-3.375,            441P   1064
8.91922863405995,-2.,-4.5,8.91922863405995,0.,-4.5,2.5,44.,-5.5,     441P   1065
0.,44.,-8.,0.,43.75,-8.25,2.75,43.75,-5.5,2.25,44.,-5.5,0.,44.,      441P   1066
-3.25,2.75,43.,-5.5,0.,43.75,-3.5,2.,43.75,-5.5,2.,43.,-5.5,9.5,     441P   1067
43.,1.16341445918999D-15,0.,43.,-9.5,0.,42.,-10.5,10.5,42.,          441P   1068
-1.28587913910472D-15,10.5,41.,-1.28587913910472D-15,11.,43.,        441P   1069
-1.34711147906209D-15,11.,41.,-1.34711147906209D-15,-11.5,43.,       441P   1070
1.40834381901946D-15,2.5,0.,3.06161699786838D-16,2.5,-1.,            441P   1071
3.06161699786838D-16,6.75,-1.,8.26636589424463D-16,6.75,0.,          441P   1072
8.26636589424463D-16,-11.5,0.,1.40834381901946D-15,                  441P   1073
-7.15891053163817,11.5,-9.,0.,11.5,-11.5,-9.36834149900387,11.5,     441P   1074
-10.5945612088982,-9.07573359297622,11.5,-11.5,7.15891053163818,     441P   1075
11.5,-9.,9.07573359297622,11.5,-11.5,9.36834149900388,11.5,          441P   1076
-10.5945612088982,0.,38.5,-11.5,-7.15891053163818,38.5,-9.,          441P   1077
-9.07573359297622,38.5,-11.5,-9.36834149900387,38.5,                 441P   1078
-10.5945612088982,9.36834149900388,38.5,-10.5945612088982,           441P   1079
9.07573359297622,38.5,-11.5,7.15891053163818,38.5,-9.;               441P   1080
502,6,-4.,5.75,20.5,-5.5,5.75,20.5,-5.5,5.75,10.0995049383621,       443P   1081
-10.,5.75,5.67890834580027,-11.5,5.75,0.,-4.,5.75,                   443P   1082
10.7819293264239;                                                    443P   1083
504,76,193,441,1,441,2,195,441,2,441,3,197,441,3,441,4,199,441,      445P   1084
4,441,3,201,441,2,441,1,203,441,4,441,5,205,441,5,441,5,207,441,     445P   1085
6,441,7,209,441,7,441,8,211,441,8,441,9,213,441,9,441,8,215,441,     445P   1086
7,441,6,217,441,9,441,10,219,441,10,441,10,221,441,11,441,12,        445P   1087
223,441,12,441,13,225,441,13,441,14,227,441,14,441,13,229,441,       445P   1088
12,441,11,231,441,14,441,15,233,441,15,441,15,235,441,16,441,17,     445P   1089
237,441,17,441,18,239,441,18,441,19,241,441,19,441,18,243,441,       445P   1090
17,441,16,245,441,20,441,21,247,441,21,441,20,249,441,19,441,22,     445P   1091
251,441,22,441,22,253,441,21,441,23,255,441,23,441,24,257,441,       445P   1092
24,441,23,259,441,25,441,25,261,441,25,441,24,263,441,26,441,27,     445P   1093
265,441,27,441,28,267,441,28,441,29,269,441,29,441,28,271,441,       445P   1094
27,441,26,273,441,30,441,30,275,441,30,441,29,277,441,31,441,31,     445P   1095
279,441,31,441,32,281,441,32,441,32,283,441,33,441,33,285,441,       445P   1096
34,441,34,287,441,34,441,35,289,441,35,441,35,291,441,36,441,36,     445P   1097
293,441,36,441,37,295,441,37,441,37,297,441,38,441,38,299,441,       445P   1098
39,441,40,301,441,39,441,41,303,441,41,441,42,305,441,42,441,40,     445P   1099
307,441,40,441,43,309,441,40,441,44,311,441,44,441,45,313,441,       445P   1100
45,441,43,315,441,46,441,47,317,441,46,441,48,319,441,48,441,49,     445P   1101
321,441,49,441,47,323,441,50,441,51,325,441,50,441,45,327,441,       445P   1102
51,441,44,329,441,48,441,42,331,441,51,441,46,333,441,49,441,41,     445P   1103
335,441,47,441,39,337,441,52,441,50,339,441,43,441,52,341,441,       445P   1104
52,441,46,343,441,33,441,38;                                         445P   1105
504,8,345,443,1,443,1,347,443,2,443,2,349,443,2,443,3,351,443,4,     447P   1106
443,3,353,443,3,443,4,355,443,5,443,6,357,443,6,443,5,359,443,6,     447P   1107
443,1;                                                               447P   1108
406,1,6HSolid1;                                                      449P   1109
406,1,6HSolid2;                                                      451P   1110
314,74.9019607843137,74.9019607843137,74.9019607843137,;             453P   1111
314,94.5098039215686,94.5098039215686,94.5098039215686,;             455P   1112
S      1G      3D    456P   1112                                        T      1
