ISO-10303-21;
HEADER;
FILE_DESCRIPTION (( 'STEP AP203' ),
    '1' );
FILE_NAME ('92000A124_Passivated 18-8 Stainless Steel Pan Head Phillips Screws.STEP',
    '2026-01-08T09:17:21',
    ( 'McMaster Carr Supply' ),
    ( 'McMaster Carr Supply' ),
    'SwSTEP 2.0',
    'SolidWorks 2024',
    '' );
FILE_SCHEMA (( 'CONFIG_CONTROL_DESIGN' ));
ENDSEC;

DATA;
#1 = VERTEX_POINT ( 'NONE', #914 ) ;
#2 = CARTESIAN_POINT ( 'NONE',  ( 1.322475605676672661, -0.7635316469341572043, 5.098958333333337478 ) ) ;
#3 =( BOUNDED_CURVE ( )  B_SPLINE_CURVE ( 2, ( #7281, #5374, #5289, #3625, #4657, #7910, #7197 ),
 .UNSPECIFIED., .F., .F. ) 
 B_SPLINE_CURVE_WITH_KNOTS ( ( 3, 2, 2, 3 ),
 ( 0.5000000000000000000, 0.5138888888888888395, 0.5277777777777776791, 0.5416666666666665186 ),
 .UNSPECIFIED. ) 
 CURVE ( )  GEOMETRIC_REPRESENTATION_ITEM ( )  RATIONAL_B_SPLINE_CURVE ( ( 1.000000000000000000, 0.8660254037844387076, 1.000000000000000000, 0.8660254037844387076, 1.000000000000000000, 0.8660254037844398178, 0.9999999999999988898 ) ) 
 REPRESENTATION_ITEM ( '' )  );
#4 = CARTESIAN_POINT ( 'NONE',  ( 0.000000000000000000, 1.500000000000001110, 0.8125000000000014433 ) ) ;
#5 = CARTESIAN_POINT ( 'NONE',  ( -0.6785254037844501429, 1.175240473580833944, -2.458333333333330373 ) ) ;
#6 = ORIENTED_EDGE ( 'NONE', *, *, #5385, .T. ) ;
#7 = DIRECTION ( 'NONE',  ( 0.000000000000000000, 1.000000000000000000, 1.224646799147353207E-16 ) ) ;
#8 = CARTESIAN_POINT ( 'NONE',  ( -1.017788105676672439, -0.5876202367904403978, -6.333333333333330373 ) ) ;
#9 = CARTESIAN_POINT ( 'NONE',  ( 1.017788105676671995, -0.5876202367904428403, 6.833333333333335702 ) ) ;
#10 = EDGE_CURVE ( 'NONE', #1474, #5036, #5040, .T. ) ;
#12 = EDGE_CURVE ( 'NONE', #5394, #5350, #6998, .T. ) ;
#11 = CARTESIAN_POINT ( 'NONE',  ( -1.357050807568896511, -1.536584485857369722E-14, 1.125000000000002665 ) ) ;
#13 = CARTESIAN_POINT ( 'NONE',  ( 0.8660254037844475894, -1.500000000000033085, 5.104166666666667851 ) ) ;
#14 = CARTESIAN_POINT ( 'NONE',  ( -0.6785254037844485886, -1.175240473580867695, 3.208333333333335702 ) ) ;
#15 = CARTESIAN_POINT ( 'NONE',  ( 0.000000000000000000, -1.500000000000001554, 8.250000000000000000 ) ) ;
#16 = PERSON_AND_ORGANIZATION ( #5956, #3810 ) ;
#17 = CARTESIAN_POINT ( 'NONE',  ( 0.6785254037844490327, 1.175240473580835943, 2.958333333333335702 ) ) ;
#18 = CARTESIAN_POINT ( 'NONE',  ( 0.6785254037844490327, 1.175240473580836387, -0.9791666666666641872 ) ) ;
#19 = CARTESIAN_POINT ( 'NONE',  ( 1.017788105676672883, 0.5876202367904099777, -0.5833333333333307058 ) ) ;
#20 = CARTESIAN_POINT ( 'NONE',  ( 0.6785254037844478114, -1.175240473580868361, 6.291666666666669627 ) ) ;
#21 = CARTESIAN_POINT ( 'NONE',  ( 0.000000000000000000, -2.963999999999998636, 6.316076999219322197 ) ) ;
#22 = LINE ( 'NONE', #1246, #5556 ) ;
#23 = FACE_OUTER_BOUND ( 'NONE', #6108, .T. ) ;
#24 = CARTESIAN_POINT ( 'NONE',  ( -1.322475605676673105, -0.7635316469341550949, -3.536458333333332593 ) ) ;
#25 = CARTESIAN_POINT ( 'NONE',  ( -1.017788105676672439, -0.5876202367904408419, -2.833333333333330817 ) ) ;
#26 = VERTEX_POINT ( 'NONE', #7769 ) ;
#27 = CARTESIAN_POINT ( 'NONE',  ( 0.6785254037844490327, 1.175240473580836387, -0.4791666666666642427 ) ) ;
#28 = CARTESIAN_POINT ( 'NONE',  ( 0.000000000000000000, -7.438283133705603770E-16, 8.250000000000000000 ) ) ;
#29 = CARTESIAN_POINT ( 'NONE',  ( -1.357050807568896511, -1.420243039938371489E-14, -8.374999999999996447 ) ) ;
#30 = DIRECTION ( 'NONE',  ( -0.000000000000000000, -1.224646799147353207E-16, 1.000000000000000000 ) ) ;
#31 = ADVANCED_FACE ( 'NONE', ( #3978 ), #3388, .T. ) ;
#32 = VERTEX_POINT ( 'NONE', #7311 ) ;
#33 = ORIENTED_EDGE ( 'NONE', *, *, #7260, .F. ) ;
#34 = CARTESIAN_POINT ( 'NONE',  ( -1.439254484199210086E-16, -1.175240473580867917, 4.812500000000002665 ) ) ;
#35 = CARTESIAN_POINT ( 'NONE',  ( -1.299038105676672217, -0.7500000000000237588, 4.416666666666671404 ) ) ;
#36 = CARTESIAN_POINT ( 'NONE',  ( -1.439254484199210086E-16, -1.175240473580868139, 6.812500000000001776 ) ) ;
#37 = DIRECTION ( 'NONE',  ( -0.9188184237650770525, 0.3805870524817706602, 0.1045284632676538317 ) ) ;
#38 = CARTESIAN_POINT ( 'NONE',  ( 1.322475605676672661, -0.7635316469341554280, -8.369791666666666075 ) ) ;
#39 = ORIENTED_EDGE ( 'NONE', *, *, #869, .F. ) ;
#40 = CARTESIAN_POINT ( 'NONE',  ( 1.357050807568896511, -1.487924389719782649E-14, -5.562499999999997335 ) ) ;
#41 = CARTESIAN_POINT ( 'NONE',  ( -1.836970198721050395E-16, -1.500000000000031308, -6.937499999999999112 ) ) ;
#42 = ORIENTED_EDGE ( 'NONE', *, *, #3488, .T. ) ;
#43 = CARTESIAN_POINT ( 'NONE',  ( 0.8816504037844482555, -1.527063293868297533, 4.057291666666670515 ) ) ;
#44 = CARTESIAN_POINT ( 'NONE',  ( -1.299038105676672217, -0.7500000000000234257, 0.9791666666666678509 ) ) ;
#45 = CARTESIAN_POINT ( 'NONE',  ( -0.6785254037844485886, -1.175240473580867695, 1.708333333333336590 ) ) ;
#46 = CARTESIAN_POINT ( 'NONE',  ( 1.299038105676672883, 0.7499999999999922284, -3.333333333333329485 ) ) ;
#47 = ORIENTED_EDGE ( 'NONE', *, *, #4419, .T. ) ;
#48 = CARTESIAN_POINT ( 'NONE',  ( -1.524207146240229349, -0.1474052775258416492, 7.406250000000000888 ) ) ;
#49 = CARTESIAN_POINT ( 'NONE',  ( 1.357050807568896067, -1.468789283483105124E-14, -7.124999999999997335 ) ) ;
#50 = CARTESIAN_POINT ( 'NONE',  ( 1.017788105676671995, -0.5876202367904428403, 7.333333333333335702 ) ) ;
#51 = CARTESIAN_POINT ( 'NONE',  ( -1.322475605676673105, -0.7635316469341553169, -2.536458333333333037 ) ) ;
#52 = DIRECTION ( 'NONE',  ( -0.000000000000000000, -1.224646799147353207E-16, 1.000000000000000000 ) ) ;
#53 = CARTESIAN_POINT ( 'NONE',  ( -1.017788105676672439, 0.5876202367904104218, 4.583333333333334814 ) ) ;
#54 = CARTESIAN_POINT ( 'NONE',  ( -0.1863564938362143319, 1.480580224308151394, 7.402807630076059908 ) ) ;
#55 = VECTOR ( 'NONE', #4471, 999.9999999999998863 ) ;
#56 = ORIENTED_EDGE ( 'NONE', *, *, #1210, .T. ) ;
#57 = CARTESIAN_POINT ( 'NONE',  ( -1.524207146240224242, 0.1474052775258875292, 7.406250000000000888 ) ) ;
#58 = EDGE_CURVE ( 'NONE', #305, #5467, #7021, .T. ) ;
#59 = ORIENTED_EDGE ( 'NONE', *, *, #4666, .T. ) ;
#60 = CARTESIAN_POINT ( 'NONE',  ( -1.357050807568896511, -1.494487252136679673E-14, -2.312499999999997335 ) ) ;
#61 = CARTESIAN_POINT ( 'NONE',  ( 0.6785254037844478114, -1.175240473580867695, 1.291666666666669183 ) ) ;
#62 = DIRECTION ( 'NONE',  ( 0.000000000000000000, 0.000000000000000000, 1.000000000000000000 ) ) ;
#63 = CIRCLE ( 'NONE', #6811, 1.550799999999997514 ) ;
#64 = CARTESIAN_POINT ( 'NONE',  ( -0.9279710683664097459, 0.2990896682797150596, 8.265361283549927052 ) ) ;
#65 = CARTESIAN_POINT ( 'NONE',  ( -0.2470292989821756269, -1.534691860997136947, 7.980070810694635419 ) ) ;
#66 = CARTESIAN_POINT ( 'NONE',  ( -1.299038105676672217, 0.7499999999999933387, -1.604166666666665408 ) ) ;
#67 = CARTESIAN_POINT ( 'NONE',  ( 0.000000000000000000, 1.175240473580837275, -2.499999999999996891 ) ) ;
#68 = ADVANCED_FACE ( 'NONE', ( #4059 ), #340, .T. ) ;
#69 = ORIENTED_EDGE ( 'NONE', *, *, #3695, .T. ) ;
#70 = CARTESIAN_POINT ( 'NONE',  ( 0.6785254037844478114, -1.175240473580867695, -1.145833333333330817 ) ) ;
#71 = CARTESIAN_POINT ( 'NONE',  ( 0.000000000000000000, -7.438283133705603770E-16, 8.250000000000000000 ) ) ;
#72 = CARTESIAN_POINT ( 'NONE',  ( 1.017788105676672883, 0.5876202367904108659, -8.083333333333332149 ) ) ;
#73 = CARTESIAN_POINT ( 'NONE',  ( 0.000000000000000000, 1.500000000000001332, -1.187499999999998668 ) ) ;
#74 = FACE_OUTER_BOUND ( 'NONE', #2111, .T. ) ;
#75 = VERTEX_POINT ( 'NONE', #6594 ) ;
#76 = CARTESIAN_POINT ( 'NONE',  ( -1.357050807568896511, -1.616951932051415136E-14, 7.687500000000002665 ) ) ;
#77 = DIRECTION ( 'NONE',  ( -0.000000000000000000, -1.224646799147353207E-16, 1.000000000000000000 ) ) ;
#78 = CARTESIAN_POINT ( 'NONE',  ( -1.017788105676672439, -0.5876202367904419521, 5.729166666666668739 ) ) ;
#79 = CARTESIAN_POINT ( 'NONE',  ( 0.1522618602394505971, -1.523737468660977035, 7.406250000000000888 ) ) ;
#80 = B_SPLINE_CURVE_WITH_KNOTS ( 'NONE', 3,
 ( #4955, #8037, #2336, #4327, #370, #4873, #7964 ),
 .UNSPECIFIED., .F., .F.,
 ( 4, 3, 4 ),
 ( 8.711650476514994481E-19, 0.0002866636736917478850, 0.0005794830328019653486 ),
 .UNSPECIFIED. ) ;
#81 = CARTESIAN_POINT ( 'NONE',  ( -1.763300807568897621, -1.421391146312572210E-14, -8.078124999999998224 ) ) ;
#82 = ORIENTED_EDGE ( 'NONE', *, *, #1015, .F. ) ;
#83 = CARTESIAN_POINT ( 'NONE',  ( -1.439254484199210086E-16, -1.175240473580866807, -6.687499999999997335 ) ) ;
#84 = ORIENTED_EDGE ( 'NONE', *, *, #7564, .T. ) ;
#85 = CARTESIAN_POINT ( 'NONE',  ( 1.322475605676673771, 0.7635316469341234535, 6.182291666666671404 ) ) ;
#86 = CARTESIAN_POINT ( 'NONE',  ( 0.000000000000000000, 1.500000000000000888, 4.750000000000004441 ) ) ;
#87 = CARTESIAN_POINT ( 'NONE',  ( -1.017788105676672439, -0.5876202367904415080, 2.666666666666668739 ) ) ;
#88 = ORIENTED_EDGE ( 'NONE', *, *, #289, .T. ) ;
#89 = FACE_OUTER_BOUND ( 'NONE', #3704, .T. ) ;
#90 = CARTESIAN_POINT ( 'NONE',  ( 0.000000000000000000, 1.175240473580837719, -5.999999999999996447 ) ) ;
#91 = CARTESIAN_POINT ( 'NONE',  ( -1.322475605676673105, 0.7635316469341250079, 4.380208333333333037 ) ) ;
#92 = CARTESIAN_POINT ( 'NONE',  ( 1.322475605676672661, -0.7635316469341564272, -1.369791666666666075 ) ) ;
#93 = CARTESIAN_POINT ( 'NONE',  ( 0.000000000000000000, -7.438283133705603770E-16, 8.250000000000000000 ) ) ;
#94 = CARTESIAN_POINT ( 'NONE',  ( -1.322475605676673105, -0.7635316469341546508, -7.567708333333328596 ) ) ;
#95 = CARTESIAN_POINT ( 'NONE',  ( -1.495966003080823725, -0.1843326785565940762, 7.406250000000000888 ) ) ;
#96 = DIRECTION ( 'NONE',  ( 0.3805870524817673850, 0.9188184237650784958, 0.1045284632676539288 ) ) ;
#97 = ORIENTED_EDGE ( 'NONE', *, *, #6904, .T. ) ;
#98 = CARTESIAN_POINT ( 'NONE',  ( 1.017788105676671995, -0.5876202367904419521, -0.6041666666666642982 ) ) ;
#99 = CARTESIAN_POINT ( 'NONE',  ( -1.017788105676672439, 0.5876202367904110879, -2.354166666666664298 ) ) ;
#100 = CARTESIAN_POINT ( 'NONE',  ( -1.299038105676672217, -0.7500000000000233147, 0.4166666666666704599 ) ) ;
#101 = CARTESIAN_POINT ( 'NONE',  ( 1.201505211727710742, -0.8874305920716664131, 5.565802836342718329 ) ) ;
#102 = CARTESIAN_POINT ( 'NONE',  ( -1.299038105676672217, 0.7499999999999928946, 2.395833333333334370 ) ) ;
#103 = ORIENTED_EDGE ( 'NONE', *, *, #4510, .F. ) ;
#104 = CARTESIAN_POINT ( 'NONE',  ( -0.8816504037844485886, 1.527063293868266447, -2.192708333333328596 ) ) ;
#105 = CARTESIAN_POINT ( 'NONE',  ( 1.017788105676671995, -0.5876202367904421742, 1.895833333333336146 ) ) ;
#106 = CARTESIAN_POINT ( 'NONE',  ( -1.836970198721050149E-16, -1.500000000000031974, 1.500000000000003553 ) ) ;
#107 = CARTESIAN_POINT ( 'NONE',  ( 1.017788105676672883, 0.5876202367904103108, -3.020833333333330373 ) ) ;
#108 = CYLINDRICAL_SURFACE ( 'NONE', #6154, 1.500000000000000888 ) ;
#109 = ADVANCED_FACE ( 'NONE', ( #5319 ), #2814, .T. ) ;
#110 = EDGE_CURVE ( 'NONE', #4421, #5093, #2147, .T. ) ;
#111 = ADVANCED_FACE ( 'NONE', ( #3348 ), #3828, .T. ) ;
#112 = CARTESIAN_POINT ( 'NONE',  ( -0.1659638459673516142, 1.518332637784021388, 7.406250000000000888 ) ) ;
#113 = ORIENTED_EDGE ( 'NONE', *, *, #3901, .F. ) ;
#114 = CARTESIAN_POINT ( 'NONE',  ( -0.6785254037844485886, -1.175240473580868139, 7.770833333333335702 ) ) ;
#115 = AXIS2_PLACEMENT_3D ( 'NONE', #848, #6360, #6445 ) ;
#116 = DIRECTION ( 'NONE',  ( 0.000000000000000000, -1.000000000000000000, 0.000000000000000000 ) ) ;
#117 = AXIS2_PLACEMENT_3D ( 'NONE', #5646, #8175, #5491 ) ;
#118 = CARTESIAN_POINT ( 'NONE',  ( -0.6785254037844480335, 1.175240473580835721, 8.104166666666669627 ) ) ;
#119 = CARTESIAN_POINT ( 'NONE',  ( 0.1821761911992808014, -1.500309455660794544, 7.406250000000000888 ) ) ;
#120 = CARTESIAN_POINT ( 'NONE',  ( 1.017788105676671995, -0.5876202367904415080, -4.166666666666664298 ) ) ;
#121 = VERTEX_POINT ( 'NONE', #805 ) ;
#122 = CARTESIAN_POINT ( 'NONE',  ( -1.357050807568896511, -1.439378146175048856E-14, -6.812499999999997335 ) ) ;
#123 = DIRECTION ( 'NONE',  ( -0.000000000000000000, -1.224646799147353207E-16, 1.000000000000000000 ) ) ;
#124 = AXIS2_PLACEMENT_3D ( 'NONE', #2401, #3642, #2981 ) ;
#125 = ORIENTED_EDGE ( 'NONE', *, *, #6695, .T. ) ;
#126 = CARTESIAN_POINT ( 'NONE',  ( -1.763300807568897621, -1.592458996068468107E-14, 5.890625000000004441 ) ) ;
#127 = DIRECTION ( 'NONE',  ( 1.000000000000000000, -7.046274848959573646E-16, -0.000000000000000000 ) ) ;
#128 = CARTESIAN_POINT ( 'NONE',  ( 1.017788105676671995, -0.5876202367904422852, 2.333333333333335702 ) ) ;
#129 = CARTESIAN_POINT ( 'NONE',  ( 1.299038105676673105, 0.7499999999999926725, -5.270833333333332149 ) ) ;
#130 = CARTESIAN_POINT ( 'NONE',  ( 1.515250468763447822, -0.1704000625668499191, 7.406250000000000888 ) ) ;
#131 = CARTESIAN_POINT ( 'NONE',  ( 0.6785254037844490327, 1.175240473580837053, -5.541666666666663410 ) ) ;
#132 = CARTESIAN_POINT ( 'NONE',  ( -0.8816504037844491437, -1.527063293868296645, 3.505208333333333925 ) ) ;
#133 = VECTOR ( 'NONE', #6319, 1000.000000000000000 ) ;
#134 = VECTOR ( 'NONE', #7610, 1000.000000000000000 ) ;
#135 = CARTESIAN_POINT ( 'NONE',  ( 1.322475605676673771, 0.7635316469341243417, -1.286458333333332815 ) ) ;
#136 = DIRECTION ( 'NONE',  ( 0.3826834323650949443, 0.9238795325112846291, -0.000000000000000000 ) ) ;
#137 = CARTESIAN_POINT ( 'NONE',  ( -1.763300807568897621, -1.427131678183575341E-14, -7.609374999999995559 ) ) ;
#138 = DIRECTION ( 'NONE',  ( -0.000000000000000000, -1.224646799147353207E-16, 1.000000000000000000 ) ) ;
#139 = VECTOR ( 'NONE', #6462, 1000.000000000000000 ) ;
#140 = ORIENTED_EDGE ( 'NONE', *, *, #4509, .F. ) ;
#141 = CARTESIAN_POINT ( 'NONE',  ( 0.6785254037844490327, 1.175240473580835943, 2.458333333333335702 ) ) ;
#142 = ORIENTED_EDGE ( 'NONE', *, *, #2597, .T. ) ;
#143 = CARTESIAN_POINT ( 'NONE',  ( 0.6785254037844490327, 1.175240473580836831, -2.479166666666664298 ) ) ;
#144 = CARTESIAN_POINT ( 'NONE',  ( 0.000000000000000000, -2.816358005589996605, 7.098507708920578807 ) ) ;
#145 = CARTESIAN_POINT ( 'NONE',  ( -1.439254484199210086E-16, -1.175240473580868361, 8.250000000000001776 ) ) ;
#146 = CARTESIAN_POINT ( 'NONE',  ( -1.034592285688543001, -0.8267255392586478902, 5.097932949756562415 ) ) ;
#147 = CARTESIAN_POINT ( 'NONE',  ( -1.299038105676672217, -0.7500000000000229816, -2.583333333333329929 ) ) ;
#148 = CARTESIAN_POINT ( 'NONE',  ( -0.2402462345495704477, -1.556630036246273274, 7.972636439135568409 ) ) ;
#149 = CARTESIAN_POINT ( 'NONE',  ( 1.299038105676672883, 0.7499999999999923395, -3.833333333333329040 ) ) ;
#150 = ORIENTED_EDGE ( 'NONE', *, *, #3330, .F. ) ;
#151 = CARTESIAN_POINT ( 'NONE',  ( 1.732050807568896511, -1.564464814666492117E-14, 0.1250000000000037748 ) ) ;
#152 = CARTESIAN_POINT ( 'NONE',  ( 0.000000000000000000, 1.175240473580836609, 2.062500000000002665 ) ) ;
#153 = CARTESIAN_POINT ( 'NONE',  ( 0.000000000000000000, 1.500000000000001998, -2.249999999999995559 ) ) ;
#154 = CARTESIAN_POINT ( 'NONE',  ( -1.017788105676672439, 0.5876202367904111989, -3.354166666666664298 ) ) ;
#155 = CARTESIAN_POINT ( 'NONE',  ( -1.357050807568896511, -1.493721847887212420E-14, -2.374999999999997335 ) ) ;
#156 = CARTESIAN_POINT ( 'NONE',  ( -1.836970198721050149E-16, -1.500000000000031974, -0.9374999999999988898 ) ) ;
#157 = ORIENTED_EDGE ( 'NONE', *, *, #6143, .T. ) ;
#158 = DIRECTION ( 'NONE',  ( -0.000000000000000000, -1.224646799147353207E-16, 1.000000000000000000 ) ) ;
#159 = EDGE_CURVE ( 'NONE', #5579, #6952, #906, .T. ) ;
#160 = EDGE_CURVE ( 'NONE', #3542, #885, #8060, .T. ) ;
#161 = CARTESIAN_POINT ( 'NONE',  ( 1.299038105676671995, -0.7500000000000238698, -3.354166666666665630 ) ) ;
#162 = CARTESIAN_POINT ( 'NONE',  ( 1.017788105676672883, 0.5876202367904088675, 8.479166666666669627 ) ) ;
#163 = CARTESIAN_POINT ( 'NONE',  ( 0.2062073137888513485, -1.537627273944347062, 7.591675565820956706 ) ) ;
#164 = CARTESIAN_POINT ( 'NONE',  ( -1.870113174931204576E-16, -1.527063293868295757, -6.453124999999999112 ) ) ;
#165 = VERTEX_POINT ( 'NONE', #7781 ) ;
#166 = CARTESIAN_POINT ( 'NONE',  ( -1.439254484199210086E-16, -1.175240473580866807, -7.187499999999996447 ) ) ;
#167 = CARTESIAN_POINT ( 'NONE',  ( -1.523740898691711365, 0.1510359517259047268, 7.406250000000000888 ) ) ;
#168 = ORIENTED_EDGE ( 'NONE', *, *, #5624, .F. ) ;
#169 = CARTESIAN_POINT ( 'NONE',  ( -1.322475605676673105, -0.7635316469341564272, 7.432291666666670515 ) ) ;
#170 = CARTESIAN_POINT ( 'NONE',  ( -1.836970198721050149E-16, -1.500000000000031974, 0.5000000000000036637 ) ) ;
#171 = EDGE_CURVE ( 'NONE', #3255, #2905, #3317, .T. ) ;
#172 = CARTESIAN_POINT ( 'NONE',  ( -1.017788105676672439, -0.5876202367904413970, 1.666666666666668739 ) ) ;
#173 = CARTESIAN_POINT ( 'NONE',  ( -0.2078487863861321339, 1.576622122564785622, 7.967077405468494966 ) ) ;
#174 = CARTESIAN_POINT ( 'NONE',  ( -1.836970198721050149E-16, -1.500000000000030864, -7.499999999999996447 ) ) ;
#175 = ORIENTED_EDGE ( 'NONE', *, *, #5477, .F. ) ;
#176 = CARTESIAN_POINT ( 'NONE',  ( -1.763300807568897621, -1.562225528214517630E-14, 3.421875000000000444 ) ) ;
#177 = CARTESIAN_POINT ( 'NONE',  ( 0.8816504037844482555, -1.527063293868296645, -2.411458333333333037 ) ) ;
#178 = CARTESIAN_POINT ( 'NONE',  ( -0.6785254037844485886, -1.175240473580867695, 4.208333333333335702 ) ) ;
#179 = CARTESIAN_POINT ( 'NONE',  ( 0.8660254037844475894, -1.500000000000032196, -1.395833333333332149 ) ) ;
#180 = ORIENTED_EDGE ( 'NONE', *, *, #1056, .T. ) ;
#181 = CARTESIAN_POINT ( 'NONE',  ( 0.6785254037844478114, -1.175240473580866807, -8.145833333333332149 ) ) ;
#182 = EDGE_LOOP ( 'NONE', ( #2779, #7136, #6387, #293 ) ) ;
#183 = CARTESIAN_POINT ( 'NONE',  ( 0.6785254037844490327, 1.175240473580836387, -0.4791666666666642427 ) ) ;
#184 = CARTESIAN_POINT ( 'NONE',  ( 1.732050807568896511, -1.552218346675018286E-14, -0.8749999999999962252 ) ) ;
#185 = LINE ( 'NONE', #2035, #1971 ) ;
#186 = CARTESIAN_POINT ( 'NONE',  ( 1.036004162901804415, -0.2622035415152690896, 8.124444084471207361 ) ) ;
#187 = CIRCLE ( 'NONE', #4946, 4.608510497053427635 ) ;
#188 = CARTESIAN_POINT ( 'NONE',  ( 1.732050807568896511, -1.533848644687808330E-14, -2.374999999999995559 ) ) ;
#189 = CARTESIAN_POINT ( 'NONE',  ( 0.5251542044367952800, -0.3682059365705858678, 7.406250000000000888 ) ) ;
#190 =( BOUNDED_CURVE ( )  B_SPLINE_CURVE ( 2, ( #7645, #13, #3762, #7733, #6479, #6351, #5731 ),
 .UNSPECIFIED., .F., .F. ) 
 B_SPLINE_CURVE_WITH_KNOTS ( ( 3, 2, 2, 3 ),
 ( 0.4583333333333333148, 0.4722222222222222099, 0.4861111111111111049, 0.5000000000000000000 ),
 .UNSPECIFIED. ) 
 CURVE ( )  GEOMETRIC_REPRESENTATION_ITEM ( )  RATIONAL_B_SPLINE_CURVE ( ( 1.000000000000000000, 0.8660254037844387076, 1.000000000000000000, 0.8660254037844387076, 1.000000000000000000, 0.8660254037844387076, 1.000000000000000000 ) ) 
 REPRESENTATION_ITEM ( '' )  );
#191 = AXIS2_PLACEMENT_3D ( 'NONE', #2240, #1693, #3557 ) ;
#192 = CARTESIAN_POINT ( 'NONE',  ( 1.299038105676672883, 0.7499999999999914513, 3.229166666666667407 ) ) ;
#193 = CARTESIAN_POINT ( 'NONE',  ( -1.017788105676672439, 0.5876202367904106438, 1.145833333333335480 ) ) ;
#194 = CARTESIAN_POINT ( 'NONE',  ( 0.000000000000000000, 1.500000000000001110, 1.250000000000003997 ) ) ;
#195 =( BOUNDED_CURVE ( )  B_SPLINE_CURVE ( 2, ( #6156, #1813, #5059, #1740, #4271, #14, #3679, #471, #6813, #3138, #6233, #4236, #6192, #4900, #1121, #5569, #8099, #3056, #5605, #4352, #1986, #3853, #753, #674, #7734, #4434, #5236, #4603, #1453, #178, #3982, #2690, #6975, #798, #3184, #5194, #5813, #3265, #53, #2065, #3310, #6397, #1279 ),
 .UNSPECIFIED., .F., .F. ) 
 B_SPLINE_CURVE_WITH_KNOTS ( ( 3, 2, 2, 2, 2, 2, 2, 2, 2, 2, 2, 2, 2, 2, 2, 2, 2, 2, 2, 2, 2, 3 ),
 ( 0.08333333333333332871, 0.09722222222222222376, 0.1111111111111111049, 0.1250000000000000000, 0.1388888888888888951, 0.1527777777777777901, 0.1666666666666666574, 0.1805555555555555525, 0.1944444444444444753, 0.2083333333333333148, 0.2222222222222222099, 0.2361111111111111049, 0.2500000000000000000, 0.2638888888888888951, 0.2777777777777777901, 0.2916666666666666852, 0.3055555555555555802, 0.3194444444444444198, 0.3333333333333333148, 0.3472222222222222099, 0.3611111111111111049, 0.3695887650817890058 ),
 .UNSPECIFIED. ) 
 CURVE ( )  GEOMETRIC_REPRESENTATION_ITEM ( )  RATIONAL_B_SPLINE_CURVE ( ( 1.000000000000000000, 0.8660254037844387076, 1.000000000000000000, 0.8660254037844387076, 1.000000000000000000, 0.8660254037844387076, 1.000000000000000000, 0.8660254037844387076, 1.000000000000000000, 0.8660254037844387076, 1.000000000000000000, 0.8660254037844387076, 1.000000000000000000, 0.8660254037844387076, 1.000000000000000000, 0.8660254037844387076, 1.000000000000000000, 0.8660254037844387076, 1.000000000000000000, 0.8660254037844387076, 1.000000000000000000, 0.8660254037844387076, 1.000000000000000000, 0.8660254037844387076, 1.000000000000000000, 0.8660254037844387076, 1.000000000000000000, 0.8660254037844387076, 1.000000000000000000, 0.8660254037844387076, 1.000000000000000000, 0.8660254037844387076, 1.000000000000000000, 0.8660254037844387076, 1.000000000000000000, 0.8660254037844387076, 1.000000000000000000, 0.8660254037844387076, 1.000000000000000000, 0.8660254037844387076, 1.000000000000000000, 0.9182231007344688889, 0.9362779821555522464 ) ) 
 REPRESENTATION_ITEM ( '' )  );
#196 = CARTESIAN_POINT ( 'NONE',  ( -1.017788105676672439, 0.5876202367904118651, -8.416666666666664298 ) ) ;
#197 = CARTESIAN_POINT ( 'NONE',  ( 0.6785254037844478114, -1.175240473580867695, -1.208333333333330817 ) ) ;
#198 = CARTESIAN_POINT ( 'NONE',  ( 0.000000000000000000, -7.041719095097280880E-16, 5.750000000000000000 ) ) ;
#199 = ORIENTED_EDGE ( 'NONE', *, *, #1673, .T. ) ;
#200 = CARTESIAN_POINT ( 'NONE',  ( -1.017788105676672439, 0.5876202367904099777, 7.645833333333334814 ) ) ;
#201 = CARTESIAN_POINT ( 'NONE',  ( 0.000000000000000000, 1.500000000000001776, -5.249999999999995559 ) ) ;
#202 = CARTESIAN_POINT ( 'NONE',  ( 0.000000000000000000, 1.175240473580836387, 4.000000000000001776 ) ) ;
#203 = CARTESIAN_POINT ( 'NONE',  ( 0.000000000000000000, 1.500000000000001554, -3.749999999999996447 ) ) ;
#204 = CARTESIAN_POINT ( 'NONE',  ( 0.8816504037844494768, 1.527063293868265115, 2.755208333333333925 ) ) ;
#205 = CARTESIAN_POINT ( 'NONE',  ( -1.322475605676673105, 0.7635316469341264511, -6.619791666666666075 ) ) ;
#206 = ORIENTED_EDGE ( 'NONE', *, *, #6897, .F. ) ;
#207 = EDGE_CURVE ( 'NONE', #2609, #5467, #6205, .T. ) ;
#208 = CARTESIAN_POINT ( 'NONE',  ( 0.000000000000000000, 1.175240473580837275, -3.437499999999996891 ) ) ;
#209 = CARTESIAN_POINT ( 'NONE',  ( -1.535890407632279686, 0.2469850266604167455, 7.979649587690044399 ) ) ;
#210 = VERTEX_POINT ( 'NONE', #5111 ) ;
#211 = CARTESIAN_POINT ( 'NONE',  ( 0.8816504037844482555, -1.527063293868297755, 5.557291666666670515 ) ) ;
#212 = DIRECTION ( 'NONE',  ( -0.000000000000000000, -1.224646799147353207E-16, 1.000000000000000000 ) ) ;
#213 = CARTESIAN_POINT ( 'NONE',  ( 0.6785254037844478114, -1.175240473580867695, 0.7916666666666694052 ) ) ;
#214 = CARTESIAN_POINT ( 'NONE',  ( -1.559594178744788451, 0.1879607210212157486, 7.782412223762204206 ) ) ;
#215 = CARTESIAN_POINT ( 'NONE',  ( 0.000000000000000000, 1.500000000000001776, -4.749999999999996447 ) ) ;
#216 = CARTESIAN_POINT ( 'NONE',  ( -1.017788105676672439, 0.5876202367904106438, 2.645833333333335702 ) ) ;
#217 = CARTESIAN_POINT ( 'NONE',  ( 1.763300807568897621, -1.608475559010849982E-14, 3.671875000000000444 ) ) ;
#218 = CARTESIAN_POINT ( 'NONE',  ( 1.017788105676672883, 0.5876202367904096446, 2.416666666666669183 ) ) ;
#219 = EDGE_CURVE ( 'NONE', #7070, #5048, #5201, .T. ) ;
#220 = EDGE_CURVE ( 'NONE', #7745, #842, #817, .T. ) ;
#221 = CARTESIAN_POINT ( 'NONE',  ( -1.870113174931204576E-16, -1.527063293868295757, -6.984374999999994671 ) ) ;
#222 = CARTESIAN_POINT ( 'NONE',  ( 1.732050807568896955, -1.467258474984171251E-14, -7.812499999999998224 ) ) ;
#223 = EDGE_LOOP ( 'NONE', ( #1874, #5599, #1917, #3581 ) ) ;
#224 = CARTESIAN_POINT ( 'NONE',  ( 1.017788105676671995, -0.5876202367904415080, -4.166666666666664298 ) ) ;
#225 = CARTESIAN_POINT ( 'NONE',  ( -0.4805343592609031544, -1.175240473580866141, -8.217008497187473282 ) ) ;
#226 = ORIENTED_EDGE ( 'NONE', *, *, #1907, .F. ) ;
#227 = CARTESIAN_POINT ( 'NONE',  ( 1.017788105676672883, 0.5876202367904096446, 1.979166666666668961 ) ) ;
#228 = LINE ( 'NONE', #7072, #4095 ) ;
#229 = CARTESIAN_POINT ( 'NONE',  ( 1.357050807568896067, -1.462666049487368367E-14, -7.624999999999997335 ) ) ;
#230 = CARTESIAN_POINT ( 'NONE',  ( -0.7954915155712454222, -1.066544045521093054, 5.115114299221664496 ) ) ;
#231 = CARTESIAN_POINT ( 'NONE',  ( 0.8660254037844475894, -1.500000000000032641, -2.458333333333330373 ) ) ;
#232 = CARTESIAN_POINT ( 'NONE',  ( -1.299038105676672217, -0.7500000000000230926, -1.520833333333332149 ) ) ;
#233 = CARTESIAN_POINT ( 'NONE',  ( -1.322475605676673105, -0.7635316469341554280, -1.067708333333329040 ) ) ;
#234 = CARTESIAN_POINT ( 'NONE',  ( 0.6785254037844490327, 1.175240473580836165, 0.02083333333333580936 ) ) ;
#235 = DIRECTION ( 'NONE',  ( 0.9945218953682732899, -4.160321055760484329E-15, -0.1045284632676538178 ) ) ;
#236 = CARTESIAN_POINT ( 'NONE',  ( -0.6785254037844485886, -1.175240473580866585, -6.291666666666663410 ) ) ;
#237 = CARTESIAN_POINT ( 'NONE',  ( 0.000000000000000000, 1.175240473580837053, -0.4999999999999973910 ) ) ;
#238 =( BOUNDED_SURFACE ( )  B_SPLINE_SURFACE ( 1, 2, ( 
 ( #8050, #4889, #1731, #6261, #3669, #5679, #4425, #5094, #663, #1270, #2391, #6840, #497, #6223, #2428, #6882, #6965, #6182, #7508, #1801, #4929, #1886, #1767, #6921, #3172, #7587, #3796, #6340, #5721, #5049, #3008, #43, #7472, #2554, #5559, #1148, #5638, #4969, #8090, #4341, #7634, #1929, #5005, #1189, #4302, #7548, #4466, #3714, #541, #3046, #5596, #8126, #7011, #1316, #580, #3086, #2, #4380, #8165, #1229, #2466, #1842, #3754, #6296, #619, #3128, #2509, #211, #6552, #2767, #5184, #3383, #3884, #7220, #7725, #126, #4512, #2722, #4594, #3341, #5891, #5762, #85, #6469, #4553, #7055, #2056, #7764, #7138, #1443, #7850, #1401, #1977, #5266, #3973, #6513, #1359, #2596, #3214, #5931, #3926, #788, #7803, #5136, #5846, #7682, #832, #3256, #3842, #2099, #4637, #2680, #169, #6428, #873, #6383, #744, #3301, #2638, #5803, #2016, #7178, #250, #5225, #7096, #1484, #4012, #5314, #2142, #701, #4680, #2185, #5979, #451, #413, #4879, #7262, #1026, #7968, #4842, #4804, #7383, #950, #3426, #7893 ),
 ( #2961, #2849, #1063, #1563, #1522, #5395, #6019, #4722, #2925, #2265, #3544, #6096, #294, #2809, #4137, #2226, #4097, #7345, #5437, #1645, #4177, #5509, #7306, #6633, #5470, #6713, #8005, #3468, #5353, #909, #3582, #1604, #6674, #2304, #334, #3505, #7930, #1683, #4764, #4054, #4218, #6756, #374, #6056, #990, #6134, #2887, #8041, #2340, #6590, #8116, #6793, #652, #531, #34, #3658, #8081, #3077, #3163, #5627, #1139, #6211, #7498, #4920, #6912, #5666, #6326, #1875, #2500, #3620, #2381, #1722, #7461, #3038, #2419, #8198, #7425, #5588, #4960, #6173, #3117, #2999, #8153, #4415, #609, #5039, #7579, #6955, #6287, #4252, #1260, #487, #4372, #5712, #2543, #3785, #5548, #1098, #1793, #7539, #1758, #4996, #4331, #3746, #4291, #1834, #6873, #1219, #6831, #1181, #3705, #6254, #571, #2457, #5753, #7169, #1394, #5877, #3203, #2005, #5127, #2087, #200, #76, #7793, #114, #5085, #4627, #3961, #7045, #5172, #820, #7713, #5922, #7625, #2667, #4584, #7754, #693, #1475, #2627, #4455, #4542, #2710, #4002 ) ),
 .UNSPECIFIED., .F., .F., .F. ) 
 B_SPLINE_SURFACE_WITH_KNOTS ( ( 2, 2 ),
 ( 3, 2, 2, 2, 2, 2, 2, 2, 2, 2, 2, 2, 2, 2, 2, 2, 2, 2, 2, 2, 2, 2, 2, 2, 2, 2, 2, 2, 2, 2, 2, 2, 2, 2, 2, 2, 2, 2, 2, 2, 2, 2, 2, 2, 2, 2, 2, 2, 2, 2, 2, 2, 2, 2, 2, 2, 2, 2, 2, 2, 2, 2, 2, 2, 2, 2, 2, 2, 2, 2, 2, 2, 3 ),
 ( 0.000000000000000000, 1.000000000000000000 ),
 ( 0.000000000000000000, 0.01388888888888888812, 0.02777777777777777624, 0.04166666666666666435, 0.05555555555555555247, 0.06944444444444444753, 0.08333333333333332871, 0.09722222222222222376, 0.1111111111111111049, 0.1250000000000000000, 0.1388888888888888951, 0.1527777777777777901, 0.1666666666666666574, 0.1805555555555555525, 0.1944444444444444475, 0.2083333333333333426, 0.2222222222222222099, 0.2361111111111111049, 0.2500000000000000000, 0.2638888888888888951, 0.2777777777777777901, 0.2916666666666666852, 0.3055555555555555802, 0.3194444444444444198, 0.3333333333333333148, 0.3472222222222222099, 0.3611111111111111049, 0.3750000000000000000, 0.3888888888888888951, 0.4027777777777777901, 0.4166666666666666852, 0.4305555555555555802, 0.4444444444444444198, 0.4583333333333333148, 0.4722222222222222099, 0.4861111111111111049, 0.5000000000000000000, 0.5138888888888888395, 0.5277777777777777901, 0.5416666666666666297, 0.5555555555555555802, 0.5694444444444444198, 0.5833333333333333703, 0.5972222222222222099, 0.6111111111111111605, 0.6250000000000000000, 0.6388888888888888395, 0.6527777777777777901, 0.6666666666666666297, 0.6805555555555555802, 0.6944444444444444198, 0.7083333333333333703, 0.7222222222222222099, 0.7361111111111111605, 0.7500000000000000000, 0.7638888888888888395, 0.7777777777777777901, 0.7916666666666666297, 0.8055555555555555802, 0.8194444444444444198, 0.8333333333333333703, 0.8472222222222222099, 0.8611111111111111605, 0.8750000000000000000, 0.8888888888888888395, 0.9027777777777777901, 0.9166666666666666297, 0.9305555555555555802, 0.9444444444444444198, 0.9583333333333333703, 0.9722222222222222099, 0.9861111111111111605, 1.000000000000000000 ),
 .UNSPECIFIED. ) 
 GEOMETRIC_REPRESENTATION_ITEM ( )  RATIONAL_B_SPLINE_SURFACE ( (
 ( 1.000000000000000000, 0.8660254037844387076, 1.000000000000000000, 0.8660254037844387076, 1.000000000000000000, 0.8660254037844387076, 1.000000000000000000, 0.8660254037844387076, 1.000000000000000000, 0.8660254037844387076, 1.000000000000000000, 0.8660254037844387076, 1.000000000000000000, 0.8660254037844387076, 1.000000000000000000, 0.8660254037844387076, 1.000000000000000000, 0.8660254037844387076, 1.000000000000000000, 0.8660254037844387076, 1.000000000000000000, 0.8660254037844387076, 1.000000000000000000, 0.8660254037844387076, 1.000000000000000000, 0.8660254037844387076, 1.000000000000000000, 0.8660254037844387076, 1.000000000000000000, 0.8660254037844387076, 1.000000000000000000, 0.8660254037844387076, 1.000000000000000000, 0.8660254037844387076, 1.000000000000000000, 0.8660254037844387076, 1.000000000000000000, 0.8660254037844387076, 1.000000000000000000, 0.8660254037844387076, 1.000000000000000000, 0.8660254037844387076, 1.000000000000000000, 0.8660254037844387076, 1.000000000000000000, 0.8660254037844387076, 1.000000000000000000, 0.8660254037844387076, 1.000000000000000000, 0.8660254037844387076, 1.000000000000000000, 0.8660254037844387076, 1.000000000000000000, 0.8660254037844387076, 1.000000000000000000, 0.8660254037844387076, 1.000000000000000000, 0.8660254037844387076, 1.000000000000000000, 0.8660254037844387076, 1.000000000000000000, 0.8660254037844387076, 1.000000000000000000, 0.8660254037844387076, 1.000000000000000000, 0.8660254037844387076, 1.000000000000000000, 0.8660254037844387076, 1.000000000000000000, 0.8660254037844387076, 1.000000000000000000, 0.8660254037844387076, 1.000000000000000000, 0.8660254037844387076, 1.000000000000000000, 0.8660254037844387076, 1.000000000000000000, 0.8660254037844387076, 1.000000000000000000, 0.8660254037844387076, 1.000000000000000000, 0.8660254037844387076, 1.000000000000000000, 0.8660254037844387076, 1.000000000000000000, 0.8660254037844387076, 1.000000000000000000, 0.8660254037844387076, 1.000000000000000000, 0.8660254037844387076, 1.000000000000000000, 0.8660254037844387076, 1.000000000000000000, 0.8660254037844387076, 1.000000000000000000, 0.8660254037844387076, 1.000000000000000000, 0.8660254037844387076, 1.000000000000000000, 0.8660254037844387076, 1.000000000000000000, 0.8660254037844387076, 1.000000000000000000, 0.8660254037844387076, 1.000000000000000000, 0.8660254037844387076, 1.000000000000000000, 0.8660254037844387076, 1.000000000000000000, 0.8660254037844387076, 1.000000000000000000, 0.8660254037844387076, 1.000000000000000000, 0.8660254037844387076, 1.000000000000000000, 0.8660254037844387076, 1.000000000000000000, 0.8660254037844387076, 1.000000000000000000, 0.8660254037844387076, 1.000000000000000000, 0.8660254037844387076, 1.000000000000000000, 0.8660254037844387076, 1.000000000000000000, 0.8660254037844387076, 1.000000000000000000, 0.8660254037844387076, 1.000000000000000000, 0.8660254037844387076, 1.000000000000000000, 0.8660254037844387076, 1.000000000000000000, 0.8660254037844387076, 1.000000000000000000, 0.8660254037844387076, 1.000000000000000000, 0.8660254037844387076, 1.000000000000000000, 0.8660254037844387076, 1.000000000000000000, 0.8660254037844387076, 1.000000000000000000, 0.8660254037844387076, 1.000000000000000000),
 ( 1.000000000000000000, 0.8660254037844387076, 1.000000000000000000, 0.8660254037844387076, 1.000000000000000000, 0.8660254037844387076, 1.000000000000000000, 0.8660254037844387076, 1.000000000000000000, 0.8660254037844387076, 1.000000000000000000, 0.8660254037844387076, 1.000000000000000000, 0.8660254037844387076, 1.000000000000000000, 0.8660254037844387076, 1.000000000000000000, 0.8660254037844387076, 1.000000000000000000, 0.8660254037844387076, 1.000000000000000000, 0.8660254037844387076, 1.000000000000000000, 0.8660254037844387076, 1.000000000000000000, 0.8660254037844387076, 1.000000000000000000, 0.8660254037844387076, 1.000000000000000000, 0.8660254037844387076, 1.000000000000000000, 0.8660254037844387076, 1.000000000000000000, 0.8660254037844387076, 1.000000000000000000, 0.8660254037844387076, 1.000000000000000000, 0.8660254037844387076, 1.000000000000000000, 0.8660254037844387076, 1.000000000000000000, 0.8660254037844387076, 1.000000000000000000, 0.8660254037844387076, 1.000000000000000000, 0.8660254037844387076, 1.000000000000000000, 0.8660254037844387076, 1.000000000000000000, 0.8660254037844387076, 1.000000000000000000, 0.8660254037844387076, 1.000000000000000000, 0.8660254037844387076, 1.000000000000000000, 0.8660254037844387076, 1.000000000000000000, 0.8660254037844387076, 1.000000000000000000, 0.8660254037844387076, 1.000000000000000000, 0.8660254037844387076, 1.000000000000000000, 0.8660254037844387076, 1.000000000000000000, 0.8660254037844387076, 1.000000000000000000, 0.8660254037844387076, 1.000000000000000000, 0.8660254037844387076, 1.000000000000000000, 0.8660254037844387076, 1.000000000000000000, 0.8660254037844387076, 1.000000000000000000, 0.8660254037844387076, 1.000000000000000000, 0.8660254037844387076, 1.000000000000000000, 0.8660254037844387076, 1.000000000000000000, 0.8660254037844387076, 1.000000000000000000, 0.8660254037844387076, 1.000000000000000000, 0.8660254037844387076, 1.000000000000000000, 0.8660254037844387076, 1.000000000000000000, 0.8660254037844387076, 1.000000000000000000, 0.8660254037844387076, 1.000000000000000000, 0.8660254037844387076, 1.000000000000000000, 0.8660254037844387076, 1.000000000000000000, 0.8660254037844387076, 1.000000000000000000, 0.8660254037844387076, 1.000000000000000000, 0.8660254037844387076, 1.000000000000000000, 0.8660254037844387076, 1.000000000000000000, 0.8660254037844387076, 1.000000000000000000, 0.8660254037844387076, 1.000000000000000000, 0.8660254037844387076, 1.000000000000000000, 0.8660254037844387076, 1.000000000000000000, 0.8660254037844387076, 1.000000000000000000, 0.8660254037844387076, 1.000000000000000000, 0.8660254037844387076, 1.000000000000000000, 0.8660254037844387076, 1.000000000000000000, 0.8660254037844387076, 1.000000000000000000, 0.8660254037844387076, 1.000000000000000000, 0.8660254037844387076, 1.000000000000000000, 0.8660254037844387076, 1.000000000000000000, 0.8660254037844387076, 1.000000000000000000, 0.8660254037844387076, 1.000000000000000000, 0.8660254037844387076, 1.000000000000000000, 0.8660254037844387076, 1.000000000000000000, 0.8660254037844387076, 1.000000000000000000, 0.8660254037844387076, 1.000000000000000000, 0.8660254037844387076, 1.000000000000000000, 0.8660254037844387076, 1.000000000000000000) ) ) 
 REPRESENTATION_ITEM ( '' )  SURFACE ( )  );
#239 = ORIENTED_EDGE ( 'NONE', *, *, #1963, .T. ) ;
#240 = CARTESIAN_POINT ( 'NONE',  ( -7.891887417399452545E-14, 1.410392906041637806, 5.364234679818165930 ) ) ;
#241 = DIRECTION ( 'NONE',  ( 0.000000000000000000, -1.000000000000000000, 0.000000000000000000 ) ) ;
#242 = CARTESIAN_POINT ( 'NONE',  ( 1.017788105676671995, -0.5876202367904423962, 3.333333333333335702 ) ) ;
#243 = CARTESIAN_POINT ( 'NONE',  ( 0.1571052013842133832, -1.522428280850913085, 7.406250000000000888 ) ) ;
#244 = CARTESIAN_POINT ( 'NONE',  ( 1.836970198721030920E-16, 1.500000000000000222, 8.250000000000000000 ) ) ;
#245 = CARTESIAN_POINT ( 'NONE',  ( 0.8816504037844494768, 1.527063293868266447, -6.744791666666666075 ) ) ;
#246 = ORIENTED_EDGE ( 'NONE', *, *, #7324, .F. ) ;
#247 = CARTESIAN_POINT ( 'NONE',  ( -0.6785254037844480335, 1.175240473580837275, -2.895833333333331261 ) ) ;
#248 = ORIENTED_EDGE ( 'NONE', *, *, #3200, .T. ) ;
#249 = AXIS2_PLACEMENT_3D ( 'NONE', #93, #52, #5812 ) ;
#250 = CARTESIAN_POINT ( 'NONE',  ( -1.322475605676673105, 0.7635316469341245638, 7.848958333333336590 ) ) ;
#251 = CARTESIAN_POINT ( 'NONE',  ( 0.000000000000000000, 1.500000000000000888, 1.812500000000001332 ) ) ;
#252 = DIRECTION ( 'NONE',  ( 0.02078751127481453728, 0.1045058763748856895, 0.9943069954385902465 ) ) ;
#253 = CARTESIAN_POINT ( 'NONE',  ( -1.836970198721050149E-16, -1.500000000000031752, -2.437499999999998668 ) ) ;
#254 = CARTESIAN_POINT ( 'NONE',  ( -0.8660254037844480335, 1.500000000000000666, 4.354166666666666963 ) ) ;
#255 = CARTESIAN_POINT ( 'NONE',  ( 1.763300807568897621, -1.614598793006586424E-14, 4.171875000000000000 ) ) ;
#256 = CARTESIAN_POINT ( 'NONE',  ( -1.763300807568897621, -1.519362890244360013E-14, -0.07812499999999963918 ) ) ;
#257 = AXIS2_PLACEMENT_3D ( 'NONE', #485, #6132, #3656 ) ;
#258 = AXIS2_PLACEMENT_3D ( 'NONE', #6380, #123, #2054 ) ;
#259 = CARTESIAN_POINT ( 'NONE',  ( -1.017788105676672439, 0.5876202367904118651, -8.416666666666664298 ) ) ;
#260 = CARTESIAN_POINT ( 'NONE',  ( 1.322475605676672661, -0.7635316469341557610, -6.401041666666661634 ) ) ;
#261 = CARTESIAN_POINT ( 'NONE',  ( 1.732050807568896511, -1.534614048937274951E-14, -2.312499999999999112 ) ) ;
#262 = ORIENTED_EDGE ( 'NONE', *, *, #4052, .F. ) ;
#263 = CARTESIAN_POINT ( 'NONE',  ( -0.6785254037844480335, 1.175240473580837497, -3.958333333333330373 ) ) ;
#264 = CARTESIAN_POINT ( 'NONE',  ( 1.017788105676671995, -0.5876202367904411750, -6.604166666666663410 ) ) ;
#265 = AXIS2_PLACEMENT_3D ( 'NONE', #71, #4038, #5787 ) ;
#266 = CIRCLE ( 'NONE', #4885, 1.590263637062382163 ) ;
#267 = EDGE_CURVE ( 'NONE', #783, #6207, #6436, .T. ) ;
#268 = ORIENTED_EDGE ( 'NONE', *, *, #1673, .F. ) ;
#269 = CARTESIAN_POINT ( 'NONE',  ( -1.017788105676672439, -0.5876202367904411750, -0.2708333333333308168 ) ) ;
#270 = CARTESIAN_POINT ( 'NONE',  ( -0.2470295586577161417, -1.572796539073741506, 7.980073281342368041 ) ) ;
#271 = EDGE_CURVE ( 'NONE', #7821, #570, #7036, .T. ) ;
#272 = EDGE_CURVE ( 'NONE', #5506, #6482, #5903, .T. ) ;
#273 = CARTESIAN_POINT ( 'NONE',  ( 1.017788105676672883, 0.5876202367904099777, -0.02083333333333103887 ) ) ;
#274 = FACE_OUTER_BOUND ( 'NONE', #2214, .T. ) ;
#275 = DIRECTION ( 'NONE',  ( -0.000000000000000000, -1.224646799147353207E-16, 1.000000000000000000 ) ) ;
#276 = CARTESIAN_POINT ( 'NONE',  ( 0.5883555573418843831, 0.4314072894756709187, 8.191913363870522602 ) ) ;
#277 = CARTESIAN_POINT ( 'NONE',  ( 0.000000000000000000, 1.527063293868266003, -1.234374999999995559 ) ) ;
#278 =( BOUNDED_CURVE ( )  B_SPLINE_CURVE ( 2, ( #3737, #1253, #1869, #6991, #3778, #4325, #3698 ),
 .UNSPECIFIED., .F., .F. ) 
 B_SPLINE_CURVE_WITH_KNOTS ( ( 3, 2, 2, 3 ),
 ( 0.7916666666666666297, 0.8055555555555555802, 0.8194444444444443088, 0.8333333333333332593 ),
 .UNSPECIFIED. ) 
 CURVE ( )  GEOMETRIC_REPRESENTATION_ITEM ( )  RATIONAL_B_SPLINE_CURVE ( ( 1.000000000000000000, 0.8660254037844387076, 1.000000000000000000, 0.8660254037844387076, 1.000000000000000000, 0.8660254037844398178, 0.9999999999999988898 ) ) 
 REPRESENTATION_ITEM ( '' )  );
#279 = CARTESIAN_POINT ( 'NONE',  ( -1.439254484199210086E-16, -1.175240473580867695, 2.750000000000002665 ) ) ;
#280 = CARTESIAN_POINT ( 'NONE',  ( -1.017788105676672439, -0.5876202367904413970, 1.229166666666669183 ) ) ;
#281 = CARTESIAN_POINT ( 'NONE',  ( -1.439254484199210086E-16, -1.175240473580867917, 3.812500000000002665 ) ) ;
#282 = CARTESIAN_POINT ( 'NONE',  ( 1.017788105676672883, 0.5876202367904106438, -7.083333333333330373 ) ) ;
#283 = CARTESIAN_POINT ( 'NONE',  ( -1.439254484199210086E-16, -1.175240473580867251, -2.749999999999997335 ) ) ;
#284 = ORIENTED_EDGE ( 'NONE', *, *, #6088, .T. ) ;
#285 = CARTESIAN_POINT ( 'NONE',  ( -0.1533120777041316329, -1.175240473580866585, -8.249999999999992895 ) ) ;
#286 = CARTESIAN_POINT ( 'NONE',  ( 0.6785254037844490327, 1.175240473580835721, 3.458333333333335258 ) ) ;
#287 = CARTESIAN_POINT ( 'NONE',  ( -1.357050807568896511, -1.433254912179312098E-14, -7.312499999999996447 ) ) ;
#288 = CARTESIAN_POINT ( 'NONE',  ( 1.322475605676673771, 0.7635316469341238976, 2.213541666666667407 ) ) ;
#289 = EDGE_CURVE ( 'NONE', #3269, #2055, #6764, .T. ) ;
#290 = CARTESIAN_POINT ( 'NONE',  ( 0.8816504037844494768, 1.527063293868266447, -6.244791666666666075 ) ) ;
#291 = VERTEX_POINT ( 'NONE', #4112 ) ;
#292 = CARTESIAN_POINT ( 'NONE',  ( 0.6785254037844490327, 1.175240473580836831, -2.479166666666664298 ) ) ;
#293 = ORIENTED_EDGE ( 'NONE', *, *, #6000, .T. ) ;
#294 = CARTESIAN_POINT ( 'NONE',  ( 0.000000000000000000, 1.175240473580836609, 3.062500000000002220 ) ) ;
#295 = CARTESIAN_POINT ( 'NONE',  ( 1.576622122564782069, -0.2078487863861533114, 7.967077405468494966 ) ) ;
#296 = CARTESIAN_POINT ( 'NONE',  ( -0.8875095126142379387, -1.187058818928866222, 5.528208514417602970 ) ) ;
#297 = CARTESIAN_POINT ( 'NONE',  ( -1.550969061094561674, 0.1780109122479313077, 7.690090594014555414 ) ) ;
#298 = CARTESIAN_POINT ( 'NONE',  ( -1.836970198721050149E-16, -1.500000000000031752, -2.999999999999996447 ) ) ;
#299 = CARTESIAN_POINT ( 'NONE',  ( -1.836970198721050149E-16, -1.500000000000032419, 4.562500000000000888 ) ) ;
#300 = CARTESIAN_POINT ( 'NONE',  ( -1.870113174931204576E-16, -1.527063293868297311, 5.546875000000000000 ) ) ;
#301 = CARTESIAN_POINT ( 'NONE',  ( 1.322475605676673771, 0.7635316469341241197, 0.2135416666666669905 ) ) ;
#302 = CARTESIAN_POINT ( 'NONE',  ( 0.8660254037844475894, -1.500000000000032419, 1.041666666666670515 ) ) ;
#303 = CARTESIAN_POINT ( 'NONE',  ( -0.8816504037844491437, -1.527063293868295757, -4.526041666666662522 ) ) ;
#304 = CARTESIAN_POINT ( 'NONE',  ( 0.1966617905630063112, 1.489937016748776433, 7.500855978943536506 ) ) ;
#305 = VERTEX_POINT ( 'NONE', #387 ) ;
#306 = CARTESIAN_POINT ( 'NONE',  ( 1.836970198721030920E-16, 1.500000000000000222, 8.250000000000000000 ) ) ;
#307 = CARTESIAN_POINT ( 'NONE',  ( -0.6785254037844485886, -1.175240473580866585, -7.229166666666663410 ) ) ;
#308 = VERTEX_POINT ( 'NONE', #2861 ) ;
#309 = CARTESIAN_POINT ( 'NONE',  ( -1.017788105676672439, -0.5876202367904413970, 1.229166666666669183 ) ) ;
#310 = CARTESIAN_POINT ( 'NONE',  ( 0.8454866920095237548, -1.239012612379261746, 5.610428147091795381 ) ) ;
#311 = CARTESIAN_POINT ( 'NONE',  ( -0.6785254037844480335, 1.175240473580837053, -0.8958333333333309279 ) ) ;
#312 = DIRECTION ( 'NONE',  ( 0.9238795325112859613, -0.3826834323650916136, 0.000000000000000000 ) ) ;
#313 = CARTESIAN_POINT ( 'NONE',  ( 0.4314072894756710852, 0.5883555573418839391, 8.191913363870524378 ) ) ;
#314 = EDGE_CURVE ( 'NONE', #32, #4192, #1908, .T. ) ;
#315 = CARTESIAN_POINT ( 'NONE',  ( -1.322475605676673105, 0.7635316469341257850, -1.651041666666662300 ) ) ;
#316 = DIRECTION ( 'NONE',  ( 0.9945218953682730678, 0.000000000000000000, -0.1045284632676558717 ) ) ;
#317 = CARTESIAN_POINT ( 'NONE',  ( -0.6785254037844480335, 1.175240473580837053, -0.9583333333333310389 ) ) ;
#318 = CARTESIAN_POINT ( 'NONE',  ( 1.017788105676672883, 0.5876202367904094226, 3.979166666666669183 ) ) ;
#319 = CARTESIAN_POINT ( 'NONE',  ( -1.017788105676672439, 0.5876202367904115320, -5.916666666666663410 ) ) ;
#320 = CARTESIAN_POINT ( 'NONE',  ( 1.017788105676671995, -0.5876202367904419521, -0.6666666666666644092 ) ) ;
#321 = EDGE_CURVE ( 'NONE', #1201, #4192, #2821, .T. ) ;
#322 = AXIS2_PLACEMENT_3D ( 'NONE', #5807, #2513, #1934 ) ;
#323 =( BOUNDED_CURVE ( )  B_SPLINE_CURVE ( 2, ( #8085, #6835, #3042, #2385, #575, #1837, #4924 ),
 .UNSPECIFIED., .F., .F. ) 
 B_SPLINE_CURVE_WITH_KNOTS ( ( 3, 2, 2, 3 ),
 ( 0.08333333333333332871, 0.09722222222222222376, 0.1111111111111111049, 0.1250000000000000000 ),
 .UNSPECIFIED. ) 
 CURVE ( )  GEOMETRIC_REPRESENTATION_ITEM ( )  RATIONAL_B_SPLINE_CURVE ( ( 1.000000000000000000, 0.8660254037844387076, 1.000000000000000000, 0.8660254037844387076, 1.000000000000000000, 0.8660254037844387076, 1.000000000000000000 ) ) 
 REPRESENTATION_ITEM ( '' )  );
#324 = VERTEX_POINT ( 'NONE', #962 ) ;
#325 = FACE_OUTER_BOUND ( 'NONE', #4972, .T. ) ;
#326 = CARTESIAN_POINT ( 'NONE',  ( 1.357050807568896511, -1.659374941600412172E-14, 8.437500000000001776 ) ) ;
#327 = CARTESIAN_POINT ( 'NONE',  ( -1.017788105676672439, 0.5876202367904116430, -6.854166666666663410 ) ) ;
#328 = B_SPLINE_CURVE_WITH_KNOTS ( 'NONE', 3,
 ( #3235, #2701, #1503, #101, #5247, #4614, #7158, #3363, #2744, #5291 ),
 .UNSPECIFIED., .F., .F.,
 ( 4, 2, 2, 2, 4 ),
 ( 6.085481629483642551E-15, 0.0005142363715601498903, 0.001028472743114214154, 0.001542709114668278092, 0.002056945486222342464 ),
 .UNSPECIFIED. ) ;
#329 = CYLINDRICAL_SURFACE ( 'NONE', #5882, 1.500000000000000888 ) ;
#330 = CARTESIAN_POINT ( 'NONE',  ( 1.322475605676673771, 0.7635316469341250079, -5.786458333333333037 ) ) ;
#331 = ORIENTED_EDGE ( 'NONE', *, *, #7665, .T. ) ;
#332 = CARTESIAN_POINT ( 'NONE',  ( -1.439254484199210086E-16, -1.175240473580867029, -4.187499999999997335 ) ) ;
#333 = ORIENTED_EDGE ( 'NONE', *, *, #7566, .F. ) ;
#334 = CARTESIAN_POINT ( 'NONE',  ( 1.017788105676672883, 0.5876202367904094226, 3.979166666666669183 ) ) ;
#335 = FACE_OUTER_BOUND ( 'NONE', #486, .T. ) ;
#336 = DESIGN_CONTEXT ( 'detailed design', #4146, 'design' ) ;
#337 = CARTESIAN_POINT ( 'NONE',  ( 0.000000000000000000, 1.500000000000001998, -4.687499999999999112 ) ) ;
#338 = CYLINDRICAL_SURFACE ( 'NONE', #1299, 1.500000000000000888 ) ;
#339 = CARTESIAN_POINT ( 'NONE',  ( 1.732050807568896511, -1.595846388894642525E-14, 2.687500000000000888 ) ) ;
#340 = CYLINDRICAL_SURFACE ( 'NONE', #7670, 1.500000000000000888 ) ;
#341 = CARTESIAN_POINT ( 'NONE',  ( 1.322475605676673771, 0.7635316469341234535, 6.213541666666666963 ) ) ;
#342 = CARTESIAN_POINT ( 'NONE',  ( -1.322475605676673105, 0.7635316469341253409, 1.380208333333333925 ) ) ;
#343 = CARTESIAN_POINT ( 'NONE',  ( 0.6785254037844478114, -1.175240473580866807, -7.708333333333331261 ) ) ;
#344 = CARTESIAN_POINT ( 'NONE',  ( 1.322475605676672661, -0.7635316469341558721, -5.401041666666661634 ) ) ;
#345 = LINE ( 'NONE', #1614, #7137 ) ;
#346 = EDGE_LOOP ( 'NONE', ( #6440, #5761, #1680, #5826 ) ) ;
#347 = FACE_OUTER_BOUND ( 'NONE', #5587, .T. ) ;
#348 = CARTESIAN_POINT ( 'NONE',  ( 1.357050807568896067, -1.463431453736835620E-14, -7.562499999999997335 ) ) ;
#349 = VERTEX_POINT ( 'NONE', #5367 ) ;
#350 = CARTESIAN_POINT ( 'NONE',  ( -1.357050807568896511, -1.543473124102573732E-14, 1.687500000000002220 ) ) ;
#351 = CARTESIAN_POINT ( 'NONE',  ( -1.017788105676672439, 0.5876202367904103108, 5.583333333333335702 ) ) ;
#352 = APPROVAL ( #1016, 'UNSPECIFIED' ) ;
#353 = CARTESIAN_POINT ( 'NONE',  ( 0.6785254037844490327, 1.175240473580836387, -1.479166666666664520 ) ) ;
#354 = CARTESIAN_POINT ( 'NONE',  ( 0.2324325179827401167, -1.565698917497979181, 7.969794681949657011 ) ) ;
#355 = CARTESIAN_POINT ( 'NONE',  ( -1.836970198721050149E-16, -1.500000000000032641, 5.062500000000000888 ) ) ;
#356 = CARTESIAN_POINT ( 'NONE',  ( 0.000000000000000000, 1.527063293868266003, -0.2343749999999954481 ) ) ;
#357 = CARTESIAN_POINT ( 'NONE',  ( -1.017788105676672439, 0.5876202367904105328, 3.083333333333335702 ) ) ;
#358 = CARTESIAN_POINT ( 'NONE',  ( 1.357050807568896511, -1.523898389444735941E-14, -2.624999999999997335 ) ) ;
#359 = CARTESIAN_POINT ( 'NONE',  ( 0.3559375851764662313, 1.361616131688234255, 5.348074156620734598 ) ) ;
#360 = CARTESIAN_POINT ( 'NONE',  ( 1.017788105676671995, -0.5876202367904413970, -5.166666666666664298 ) ) ;
#361 = CARTESIAN_POINT ( 'NONE',  ( -1.017788105676672439, -0.5876202367904412860, 0.1666666666666691277 ) ) ;
#362 = DIRECTION ( 'NONE',  ( -0.000000000000000000, -1.224646799147353207E-16, 1.000000000000000000 ) ) ;
#363 = ORIENTED_EDGE ( 'NONE', *, *, #766, .T. ) ;
#364 = ADVANCED_FACE ( 'NONE', ( #1075 ), #7275, .T. ) ;
#365 = CARTESIAN_POINT ( 'NONE',  ( -0.8513657609206507493, -0.8169588401053721194, -8.250000000000000000 ) ) ;
#366 = CARTESIAN_POINT ( 'NONE',  ( -1.439254484199210086E-16, -1.175240473580868139, 5.750000000000001776 ) ) ;
#367 = CARTESIAN_POINT ( 'NONE',  ( -1.017788105676672439, -0.5876202367904403978, -6.770833333333330373 ) ) ;
#368 = ADVANCED_FACE ( 'NONE', ( #347 ), #5448, .T. ) ;
#369 = EDGE_CURVE ( 'NONE', #7622, #6964, #4823, .T. ) ;
#370 = CARTESIAN_POINT ( 'NONE',  ( -0.2267097614933415439, 1.516811748361103884, 7.786743325484764888 ) ) ;
#371 = VERTEX_POINT ( 'NONE', #4783 ) ;
#372 = CARTESIAN_POINT ( 'NONE',  ( -0.6785254037844480335, 1.175240473580837275, -3.895833333333329929 ) ) ;
#373 = ORIENTED_EDGE ( 'NONE', *, *, #160, .F. ) ;
#374 = CARTESIAN_POINT ( 'NONE',  ( -1.439254484199210086E-16, -1.175240473580867917, 4.312500000000001776 ) ) ;
#375 = CARTESIAN_POINT ( 'NONE',  ( -1.836970198721050149E-16, -1.500000000000031974, 0.5625000000000011102 ) ) ;
#376 = LINE ( 'NONE', #2187, #3207 ) ;
#377 = CARTESIAN_POINT ( 'NONE',  ( 0.000000000000000000, 1.500000000000001776, -4.249999999999995559 ) ) ;
#378 = CARTESIAN_POINT ( 'NONE',  ( 1.567404313149281858, -0.2303456307747425991, 7.969288913115502915 ) ) ;
#379 = CARTESIAN_POINT ( 'NONE',  ( 0.6785254037844490327, 1.175240473580835721, 3.520833333333335258 ) ) ;
#380 = CARTESIAN_POINT ( 'NONE',  ( -1.763300807568897621, -1.580595230201728218E-14, 4.921875000000000888 ) ) ;
#381 = CARTESIAN_POINT ( 'NONE',  ( 0.8816504037844482555, -1.527063293868297311, 0.08854166666666733743 ) ) ;
#382 = CARTESIAN_POINT ( 'NONE',  ( -1.017788105676672439, 0.5876202367904117541, -7.416666666666663410 ) ) ;
#383 = CARTESIAN_POINT ( 'NONE',  ( -0.8816504037844491437, -1.527063293868295535, -6.526041666666661634 ) ) ;
#384 = CARTESIAN_POINT ( 'NONE',  ( 0.8660254037844475894, -1.500000000000031974, -2.395833333333331705 ) ) ;
#385 = AXIS2_PLACEMENT_3D ( 'NONE', #8025, #969, #6077 ) ;
#386 = ORIENTED_EDGE ( 'NONE', *, *, #2222, .F. ) ;
#387 = CARTESIAN_POINT ( 'NONE',  ( 0.000000000000000000, 1.500000000000002220, -7.749999999999995559 ) ) ;
#388 = CARTESIAN_POINT ( 'NONE',  ( 0.6785254037844490327, 1.175240473580836831, -3.479166666666664298 ) ) ;
#389 = ORIENTED_EDGE ( 'NONE', *, *, #58, .F. ) ;
#390 = CARTESIAN_POINT ( 'NONE',  ( 1.357050807568896511, -1.561403197668623738E-14, 0.4375000000000026090 ) ) ;
#391 = CARTESIAN_POINT ( 'NONE',  ( 1.017788105676671995, -0.5876202367904423962, 3.333333333333335702 ) ) ;
#392 = VECTOR ( 'NONE', #7142, 1000.000000000000000 ) ;
#393 = CARTESIAN_POINT ( 'NONE',  ( -1.439254484199210086E-16, -1.175240473580867473, -0.6874999999999975575 ) ) ;
#394 = VECTOR ( 'NONE', #5269, 1000.000000000000000 ) ;
#395 = CARTESIAN_POINT ( 'NONE',  ( -0.1867183014945881236, 4.159846808080187595E-15, 7.406250000000000888 ) ) ;
#396 = CARTESIAN_POINT ( 'NONE',  ( 0.000000000000000000, 1.500000000000001332, -1.687499999999998668 ) ) ;
#397 = AXIS2_PLACEMENT_3D ( 'NONE', #4094, #8150, #1832 ) ;
#398 = CARTESIAN_POINT ( 'NONE',  ( -1.763300807568897621, -1.494487252136679673E-14, -2.109374999999995559 ) ) ;
#399 = CARTESIAN_POINT ( 'NONE',  ( 0.1887742588306660640, 1.560372599061994103, 7.789916474573789884 ) ) ;
#400 = CARTESIAN_POINT ( 'NONE',  ( -1.017788105676672439, 0.5876202367904109769, -1.416666666666664076 ) ) ;
#401 = CARTESIAN_POINT ( 'NONE',  ( 1.017788105676671995, -0.5876202367904423962, 3.395833333333335702 ) ) ;
#402 = CARTESIAN_POINT ( 'NONE',  ( 1.357050807568896511, -1.493282219466052154E-14, -5.124999999999997335 ) ) ;
#403 =( NAMED_UNIT ( * ) SI_UNIT ( $, .STERADIAN. ) SOLID_ANGLE_UNIT ( ) );
#404 = ORIENTED_EDGE ( 'NONE', *, *, #3998, .F. ) ;
#405 = CARTESIAN_POINT ( 'NONE',  ( 0.8660254037844475894, -1.500000000000032196, -0.8958333333333320381 ) ) ;
#406 = CARTESIAN_POINT ( 'NONE',  ( -1.017788105676672439, -0.5876202367904420631, 7.166666666666668739 ) ) ;
#407 = PLANE ( 'NONE',  #6884 ) ;
#408 = CARTESIAN_POINT ( 'NONE',  ( 0.000000000000000000, 2.070106209874711453E-15, 8.250000000000000000 ) ) ;
#409 = ORIENTED_EDGE ( 'NONE', *, *, #7205, .T. ) ;
#410 = CARTESIAN_POINT ( 'NONE',  ( 1.150543476945650179, -0.5215438536518975932, 4.952211414916042109 ) ) ;
#411 = EDGE_CURVE ( 'NONE', #7630, #3339, #1282, .T. ) ;
#412 = ORIENTED_EDGE ( 'NONE', *, *, #4255, .F. ) ;
#413 = CARTESIAN_POINT ( 'NONE',  ( -1.322475605676673105, 0.7635316469341245638, 8.348958333333337478 ) ) ;
#414 = CARTESIAN_POINT ( 'NONE',  ( -1.299038105676672217, -0.7500000000000233147, 0.4791666666666679064 ) ) ;
#415 = CARTESIAN_POINT ( 'NONE',  ( -1.087651933792507908, -0.9865439799049849912, 5.515311908434655130 ) ) ;
#416 = CARTESIAN_POINT ( 'NONE',  ( 0.000000000000000000, 1.500000000000000888, 5.250000000000004441 ) ) ;
#417 = CARTESIAN_POINT ( 'NONE',  ( 0.6785254037844478114, -1.175240473580867695, 3.354166666666668739 ) ) ;
#418 = CARTESIAN_POINT ( 'NONE',  ( 0.8816504037844482555, -1.527063293868297755, 5.088541666666666963 ) ) ;
#419 = CARTESIAN_POINT ( 'NONE',  ( -1.870113174931204576E-16, -1.527063293868296645, 0.5468750000000004441 ) ) ;
#420 = CARTESIAN_POINT ( 'NONE',  ( -0.6785254037844480335, 1.175240473580837497, -5.958333333333331261 ) ) ;
#421 = CARTESIAN_POINT ( 'NONE',  ( 1.322475605676673771, 0.7635316469341250079, -6.317708333333328596 ) ) ;
#422 = CARTESIAN_POINT ( 'NONE',  ( -1.836970198721050149E-16, -1.500000000000031530, -4.999999999999996447 ) ) ;
#423 = ADVANCED_FACE ( 'NONE', ( #4734 ), #4816, .T. ) ;
#424 = CARTESIAN_POINT ( 'NONE',  ( 1.299038105676671995, -0.7500000000000235367, -5.854166666666665186 ) ) ;
#425 = CARTESIAN_POINT ( 'NONE',  ( 0.6785254037844490327, 1.175240473580836831, -3.979166666666663854 ) ) ;
#426 = VERTEX_POINT ( 'NONE', #4262 ) ;
#427 = CARTESIAN_POINT ( 'NONE',  ( -0.2631248712943653478, -0.9978205399679982435, 8.133209951772101931 ) ) ;
#428 = CARTESIAN_POINT ( 'NONE',  ( 1.357050807568896511, -1.609623665385050860E-14, 4.375000000000001776 ) ) ;
#429 = CARTESIAN_POINT ( 'NONE',  ( 1.017788105676671995, -0.5876202367904418411, -1.104166666666664076 ) ) ;
#430 = B_SPLINE_CURVE_WITH_KNOTS ( 'NONE', 3,
 ( #6230, #4896, #3052, #1277 ),
 .UNSPECIFIED., .F., .F.,
 ( 4, 4 ),
 ( 5.421010862427522170E-20, 0.0002264108095573637682 ),
 .UNSPECIFIED. ) ;
#431 = CARTESIAN_POINT ( 'NONE',  ( 1.524207146240229349, 0.1474052775258398729, 7.406250000000000888 ) ) ;
#432 = CARTESIAN_POINT ( 'NONE',  ( 1.299038105676671773, -0.7500000000000244249, 1.145833333333334370 ) ) ;
#433 = CARTESIAN_POINT ( 'NONE',  ( 1.499053598773169904, 0.2066980920887493689, 7.596345009431916040 ) ) ;
#434 = CARTESIAN_POINT ( 'NONE',  ( 1.322475605676672661, -0.7635316469341569823, 3.098958333333337034 ) ) ;
#435 = CARTESIAN_POINT ( 'NONE',  ( -0.2078487863861621654, -1.576622122564782069, 7.967077405468494966 ) ) ;
#436 = CARTESIAN_POINT ( 'NONE',  ( 0.000000000000000000, 1.175240473580837053, -1.999999999999997335 ) ) ;
#437 = CARTESIAN_POINT ( 'NONE',  ( -1.357050807568896067, -1.561842826089784320E-14, 3.187500000000002220 ) ) ;
#438 = CARTESIAN_POINT ( 'NONE',  ( 0.6785254037844478114, -1.175240473580867251, -4.708333333333330373 ) ) ;
#439 = MECHANICAL_CONTEXT ( 'NONE', #6851, 'mechanical' ) ;
#440 = ORIENTED_EDGE ( 'NONE', *, *, #171, .T. ) ;
#441 = DIRECTION ( 'NONE',  ( 0.000000000000000000, -1.000000000000000000, 0.000000000000000000 ) ) ;
#442 = CARTESIAN_POINT ( 'NONE',  ( -0.6785254037844485886, -1.175240473580867695, 6.708333333333333925 ) ) ;
#443 = CARTESIAN_POINT ( 'NONE',  ( -1.439254484199210086E-16, -1.175240473580866585, -8.187499999999996447 ) ) ;
#444 = CARTESIAN_POINT ( 'NONE',  ( -0.8660254037844483666, 1.500000000000002220, -4.145833333333332149 ) ) ;
#445 = AXIS2_PLACEMENT_3D ( 'NONE', #5893, #7804, #2100 ) ;
#446 = EDGE_LOOP ( 'NONE', ( #2410, #1342, #5061, #2549, #1320, #6632, #1866, #6467, #248, #7111, #5902, #1833, #1310, #4405, #6202, #692, #6307, #5563, #7660, #6095, #6322, #1001, #3651, #6935, #6726 ) ) ;
#447 = CARTESIAN_POINT ( 'NONE',  ( 0.000000000000000000, 1.500000000000000888, 3.750000000000003553 ) ) ;
#448 = ORIENTED_EDGE ( 'NONE', *, *, #715, .F. ) ;
#449 =( BOUNDED_SURFACE ( )  B_SPLINE_SURFACE ( 1, 2, ( 
 ( #952, #2228, #4766, #1295, #7385, #4406, #1826, #5657, #562, #6946, #6318, #1786, #8145, #4988, #1251, #8188, #4324, #7618, #3736, #3697, #2581, #3824, #3066, #729, #3155, #7529, #3867, #8007, #5076, #1911, #687, #6413, #6279, #601, #5705, #6367, #4447, #5618, #6863, #2492, #642, #6246, #4365, #70, #7039, #1172, #3777, #2450, #5032, #7662, #3196, #3109, #6990, #6906, #1212, #7573, #2306, #5472, #1867, #27, #2535, #5747, #5119, #1955, #4491, #1344, #4844, #5165, #812, #5917, #2124, #234, #2167, #4079, #7202, #1387, #2619, #4577, #3366, #1508, #855, #1427, #7836, #7709, #2747, #7747, #5296, #7244, #893, #4662, #3952, #2704, #1999, #3910, #5339, #7787, #4037, #6453, #193, #3281, #280, #6575, #770, #5961, #6495, #3238, #2794, #3407, #5207, #3322, #7873, #5870, #6616, #5786, #4706, #1546, #105, #7080, #4535, #5828, #152, #5250, #2081, #2040, #2661, #7121, #4620, #7162, #1467, #3995, #6536, #7916, #3605, #2329, #6777, #7406, #4124, #4746, #1628, #1052, #4863, #6120, #3454, #976, #6041 ),
 ( #2832, #7993, #5420, #1012, #6659, #2291, #1669, #5380, #3491, #358, #4829, #3527, #2209, #2948, #7330, #7289, #6160, #1706, #2871, #4275, #6736, #7955, #7447, #6006, #436, #5496, #4240, #1744, #4165, #6698, #3569, #1087, #8027, #2252, #1590, #6081, #4201, #4793, #400, #474, #2367, #2913, #7370, #5459, #2985, #5532, #8064, #4904, #936, #317, #1164, #5610, #1125, #7653, #2405, #5651, #515, #3688, #19, #1860, #1900, #6273, #6237, #3023, #4358, #1244, #5697, #3769, #5738, #1944, #2526, #4945, #6196, #8140, #6938, #5066, #4396, #4982, #3146, #5573, #6310, #3060, #634, #2570, #4439, #7606, #7521, #595, #8102, #7486, #679, #3102, #6982, #1780, #3728, #6857, #3814, #1285, #4317, #6359, #1819, #6817, #3189, #61, #555, #6899, #5110, #1203, #3646, #2444, #8181, #2484, #5024, #7565, #3858, #7030, #1333, #6404, #719, #4483, #3767, #5816, #1413, #7109, #7069, #3313, #5695, #7698, #6401, #3268, #3227, #141, #7603, #1856, #6308, #632, #6483, #5734, #4524, #7649, #6979, #1374, #3896, #17, #8179 ) ),
 .UNSPECIFIED., .F., .F., .F. ) 
 B_SPLINE_SURFACE_WITH_KNOTS ( ( 2, 2 ),
 ( 3, 2, 2, 2, 2, 2, 2, 2, 2, 2, 2, 2, 2, 2, 2, 2, 2, 2, 2, 2, 2, 2, 2, 2, 2, 2, 2, 2, 2, 2, 2, 2, 2, 2, 2, 2, 2, 2, 2, 2, 2, 2, 2, 2, 2, 2, 2, 2, 2, 2, 2, 2, 2, 2, 2, 2, 2, 2, 2, 2, 2, 2, 2, 2, 2, 2, 2, 2, 2, 2, 2, 2, 3 ),
 ( 0.000000000000000000, 1.000000000000000000 ),
 ( 0.000000000000000000, 0.01388888888888888812, 0.02777777777777777624, 0.04166666666666666435, 0.05555555555555555247, 0.06944444444444444753, 0.08333333333333332871, 0.09722222222222222376, 0.1111111111111111049, 0.1250000000000000000, 0.1388888888888888951, 0.1527777777777777901, 0.1666666666666666574, 0.1805555555555555525, 0.1944444444444444475, 0.2083333333333333426, 0.2222222222222222099, 0.2361111111111111049, 0.2500000000000000000, 0.2638888888888888951, 0.2777777777777777901, 0.2916666666666666852, 0.3055555555555555802, 0.3194444444444444198, 0.3333333333333333148, 0.3472222222222222099, 0.3611111111111111049, 0.3750000000000000000, 0.3888888888888888951, 0.4027777777777777901, 0.4166666666666666852, 0.4305555555555555802, 0.4444444444444444198, 0.4583333333333333148, 0.4722222222222222099, 0.4861111111111111049, 0.5000000000000000000, 0.5138888888888888395, 0.5277777777777777901, 0.5416666666666666297, 0.5555555555555555802, 0.5694444444444444198, 0.5833333333333333703, 0.5972222222222222099, 0.6111111111111111605, 0.6250000000000000000, 0.6388888888888888395, 0.6527777777777777901, 0.6666666666666666297, 0.6805555555555555802, 0.6944444444444444198, 0.7083333333333333703, 0.7222222222222222099, 0.7361111111111111605, 0.7500000000000000000, 0.7638888888888888395, 0.7777777777777777901, 0.7916666666666666297, 0.8055555555555555802, 0.8194444444444444198, 0.8333333333333333703, 0.8472222222222222099, 0.8611111111111111605, 0.8750000000000000000, 0.8888888888888888395, 0.9027777777777777901, 0.9166666666666666297, 0.9305555555555555802, 0.9444444444444444198, 0.9583333333333333703, 0.9722222222222222099, 0.9861111111111111605, 1.000000000000000000 ),
 .UNSPECIFIED. ) 
 GEOMETRIC_REPRESENTATION_ITEM ( )  RATIONAL_B_SPLINE_SURFACE ( (
 ( 1.000000000000000000, 0.8660254037844387076, 1.000000000000000000, 0.8660254037844387076, 1.000000000000000000, 0.8660254037844387076, 1.000000000000000000, 0.8660254037844387076, 1.000000000000000000, 0.8660254037844387076, 1.000000000000000000, 0.8660254037844387076, 1.000000000000000000, 0.8660254037844387076, 1.000000000000000000, 0.8660254037844387076, 1.000000000000000000, 0.8660254037844387076, 1.000000000000000000, 0.8660254037844387076, 1.000000000000000000, 0.8660254037844387076, 1.000000000000000000, 0.8660254037844387076, 1.000000000000000000, 0.8660254037844387076, 1.000000000000000000, 0.8660254037844387076, 1.000000000000000000, 0.8660254037844387076, 1.000000000000000000, 0.8660254037844387076, 1.000000000000000000, 0.8660254037844387076, 1.000000000000000000, 0.8660254037844387076, 1.000000000000000000, 0.8660254037844387076, 1.000000000000000000, 0.8660254037844387076, 1.000000000000000000, 0.8660254037844387076, 1.000000000000000000, 0.8660254037844387076, 1.000000000000000000, 0.8660254037844387076, 1.000000000000000000, 0.8660254037844387076, 1.000000000000000000, 0.8660254037844387076, 1.000000000000000000, 0.8660254037844387076, 1.000000000000000000, 0.8660254037844387076, 1.000000000000000000, 0.8660254037844387076, 1.000000000000000000, 0.8660254037844387076, 1.000000000000000000, 0.8660254037844387076, 1.000000000000000000, 0.8660254037844387076, 1.000000000000000000, 0.8660254037844387076, 1.000000000000000000, 0.8660254037844387076, 1.000000000000000000, 0.8660254037844387076, 1.000000000000000000, 0.8660254037844387076, 1.000000000000000000, 0.8660254037844387076, 1.000000000000000000, 0.8660254037844387076, 1.000000000000000000, 0.8660254037844387076, 1.000000000000000000, 0.8660254037844387076, 1.000000000000000000, 0.8660254037844387076, 1.000000000000000000, 0.8660254037844387076, 1.000000000000000000, 0.8660254037844387076, 1.000000000000000000, 0.8660254037844387076, 1.000000000000000000, 0.8660254037844387076, 1.000000000000000000, 0.8660254037844387076, 1.000000000000000000, 0.8660254037844387076, 1.000000000000000000, 0.8660254037844387076, 1.000000000000000000, 0.8660254037844387076, 1.000000000000000000, 0.8660254037844387076, 1.000000000000000000, 0.8660254037844387076, 1.000000000000000000, 0.8660254037844387076, 1.000000000000000000, 0.8660254037844387076, 1.000000000000000000, 0.8660254037844387076, 1.000000000000000000, 0.8660254037844387076, 1.000000000000000000, 0.8660254037844387076, 1.000000000000000000, 0.8660254037844387076, 1.000000000000000000, 0.8660254037844387076, 1.000000000000000000, 0.8660254037844387076, 1.000000000000000000, 0.8660254037844387076, 1.000000000000000000, 0.8660254037844387076, 1.000000000000000000, 0.8660254037844387076, 1.000000000000000000, 0.8660254037844387076, 1.000000000000000000, 0.8660254037844387076, 1.000000000000000000, 0.8660254037844387076, 1.000000000000000000, 0.8660254037844387076, 1.000000000000000000, 0.8660254037844387076, 1.000000000000000000, 0.8660254037844387076, 1.000000000000000000, 0.8660254037844387076, 1.000000000000000000, 0.8660254037844387076, 1.000000000000000000, 0.8660254037844387076, 1.000000000000000000, 0.8660254037844387076, 1.000000000000000000, 0.8660254037844387076, 1.000000000000000000),
 ( 1.000000000000000000, 0.8660254037844387076, 1.000000000000000000, 0.8660254037844387076, 1.000000000000000000, 0.8660254037844387076, 1.000000000000000000, 0.8660254037844387076, 1.000000000000000000, 0.8660254037844387076, 1.000000000000000000, 0.8660254037844387076, 1.000000000000000000, 0.8660254037844387076, 1.000000000000000000, 0.8660254037844387076, 1.000000000000000000, 0.8660254037844387076, 1.000000000000000000, 0.8660254037844387076, 1.000000000000000000, 0.8660254037844387076, 1.000000000000000000, 0.8660254037844387076, 1.000000000000000000, 0.8660254037844387076, 1.000000000000000000, 0.8660254037844387076, 1.000000000000000000, 0.8660254037844387076, 1.000000000000000000, 0.8660254037844387076, 1.000000000000000000, 0.8660254037844387076, 1.000000000000000000, 0.8660254037844387076, 1.000000000000000000, 0.8660254037844387076, 1.000000000000000000, 0.8660254037844387076, 1.000000000000000000, 0.8660254037844387076, 1.000000000000000000, 0.8660254037844387076, 1.000000000000000000, 0.8660254037844387076, 1.000000000000000000, 0.8660254037844387076, 1.000000000000000000, 0.8660254037844387076, 1.000000000000000000, 0.8660254037844387076, 1.000000000000000000, 0.8660254037844387076, 1.000000000000000000, 0.8660254037844387076, 1.000000000000000000, 0.8660254037844387076, 1.000000000000000000, 0.8660254037844387076, 1.000000000000000000, 0.8660254037844387076, 1.000000000000000000, 0.8660254037844387076, 1.000000000000000000, 0.8660254037844387076, 1.000000000000000000, 0.8660254037844387076, 1.000000000000000000, 0.8660254037844387076, 1.000000000000000000, 0.8660254037844387076, 1.000000000000000000, 0.8660254037844387076, 1.000000000000000000, 0.8660254037844387076, 1.000000000000000000, 0.8660254037844387076, 1.000000000000000000, 0.8660254037844387076, 1.000000000000000000, 0.8660254037844387076, 1.000000000000000000, 0.8660254037844387076, 1.000000000000000000, 0.8660254037844387076, 1.000000000000000000, 0.8660254037844387076, 1.000000000000000000, 0.8660254037844387076, 1.000000000000000000, 0.8660254037844387076, 1.000000000000000000, 0.8660254037844387076, 1.000000000000000000, 0.8660254037844387076, 1.000000000000000000, 0.8660254037844387076, 1.000000000000000000, 0.8660254037844387076, 1.000000000000000000, 0.8660254037844387076, 1.000000000000000000, 0.8660254037844387076, 1.000000000000000000, 0.8660254037844387076, 1.000000000000000000, 0.8660254037844387076, 1.000000000000000000, 0.8660254037844387076, 1.000000000000000000, 0.8660254037844387076, 1.000000000000000000, 0.8660254037844387076, 1.000000000000000000, 0.8660254037844387076, 1.000000000000000000, 0.8660254037844387076, 1.000000000000000000, 0.8660254037844387076, 1.000000000000000000, 0.8660254037844387076, 1.000000000000000000, 0.8660254037844387076, 1.000000000000000000, 0.8660254037844387076, 1.000000000000000000, 0.8660254037844387076, 1.000000000000000000, 0.8660254037844387076, 1.000000000000000000, 0.8660254037844387076, 1.000000000000000000, 0.8660254037844387076, 1.000000000000000000, 0.8660254037844387076, 1.000000000000000000, 0.8660254037844387076, 1.000000000000000000, 0.8660254037844387076, 1.000000000000000000, 0.8660254037844387076, 1.000000000000000000, 0.8660254037844387076, 1.000000000000000000) ) ) 
 REPRESENTATION_ITEM ( '' )  SURFACE ( )  );
#450 = B_SPLINE_CURVE_WITH_KNOTS ( 'NONE', 3,
 ( #6159, #3022, #8101, #1932, #4239, #5495, #6386 ),
 .UNSPECIFIED., .F., .F.,
 ( 4, 3, 4 ),
 ( 0.000000000000000000, 0.0002928193619181946759, 0.0005794830383588857239 ),
 .UNSPECIFIED. ) ;
#451 = CARTESIAN_POINT ( 'NONE',  ( -0.8816504037844485886, 1.527063293868264893, 8.307291666666671404 ) ) ;
#452 = CARTESIAN_POINT ( 'NONE',  ( -1.836970198721050149E-16, -1.500000000000032196, 1.562500000000001332 ) ) ;
#453 = CARTESIAN_POINT ( 'NONE',  ( -0.4635201020745616241, -1.079971891169102083, 4.718158681502365503 ) ) ;
#454 = CARTESIAN_POINT ( 'NONE',  ( 0.6785254037844478114, -1.175240473580867695, 2.854166666666668739 ) ) ;
#455 = CARTESIAN_POINT ( 'NONE',  ( 0.8816504037844494768, 1.527063293868264893, 5.755208333333333925 ) ) ;
#456 = CARTESIAN_POINT ( 'NONE',  ( -1.299038105676672217, -0.7500000000000236478, 2.979166666666667851 ) ) ;
#457 = EDGE_CURVE ( 'NONE', #1, #3751, #1578, .T. ) ;
#458 = CARTESIAN_POINT ( 'NONE',  ( -0.6785254037844485886, -1.175240473580866585, -6.291666666666663410 ) ) ;
#459 = CARTESIAN_POINT ( 'NONE',  ( 0.000000000000000000, 1.527063293868266225, -2.234374999999995115 ) ) ;
#460 = CARTESIAN_POINT ( 'NONE',  ( -1.508146100628091180, 0.1771724077350222415, 7.406250000000000888 ) ) ;
#461 = CARTESIAN_POINT ( 'NONE',  ( -1.836970198721050149E-16, -1.500000000000031308, -6.999999999999995559 ) ) ;
#462 = CARTESIAN_POINT ( 'NONE',  ( 1.357050807568896067, -1.500170857711256164E-14, -4.562499999999998224 ) ) ;
#463 = CARTESIAN_POINT ( 'NONE',  ( -1.439254484199210086E-16, -1.175240473580867251, -2.249999999999997780 ) ) ;
#464 = ORIENTED_EDGE ( 'NONE', *, *, #468, .F. ) ;
#465 = CARTESIAN_POINT ( 'NONE',  ( 0.000000000000000000, 1.175240473580836609, 2.562500000000002220 ) ) ;
#466 = CARTESIAN_POINT ( 'NONE',  ( 1.017788105676672883, 0.5876202367904093116, 4.916666666666668739 ) ) ;
#467 = CARTESIAN_POINT ( 'NONE',  ( -1.439254484199210086E-16, -1.175240473580867695, 0.8125000000000024425 ) ) ;
#468 = EDGE_CURVE ( 'NONE', #121, #2243, #1074, .T. ) ;
#469 = ADVANCED_FACE ( 'NONE', ( #2970 ), #238, .T. ) ;
#470 = CARTESIAN_POINT ( 'NONE',  ( -0.09332938304229895787, 1.344689426178005354, -8.092810573821994424 ) ) ;
#471 = CARTESIAN_POINT ( 'NONE',  ( 0.6785254037844478114, -1.175240473580867695, 3.291666666666669183 ) ) ;
#472 = CARTESIAN_POINT ( 'NONE',  ( -0.8816504037844485886, 1.527063293868265781, 1.807291666666671626 ) ) ;
#473 = CARTESIAN_POINT ( 'NONE',  ( -1.732050807568896511, -1.543473124102574047E-14, 1.875000000000003553 ) ) ;
#474 = CARTESIAN_POINT ( 'NONE',  ( -1.357050807568896511, -1.505968315878686250E-14, -1.374999999999997558 ) ) ;
#475 = CARTESIAN_POINT ( 'NONE',  ( 0.05496445076863426538, -0.1326959224940234272, 3.624131139626886711 ) ) ;
#476 = CARTESIAN_POINT ( 'NONE',  ( 0.6785254037844490327, 1.175240473580836831, -2.541666666666664298 ) ) ;
#477 = CARTESIAN_POINT ( 'NONE',  ( 1.322475605676673771, 0.7635316469341246748, -3.286458333333332149 ) ) ;
#478 = VERTEX_POINT ( 'NONE', #1350 ) ;
#479 = FACE_OUTER_BOUND ( 'NONE', #7890, .T. ) ;
#480 = CARTESIAN_POINT ( 'NONE',  ( 0.6785254037844490327, 1.175240473580835721, 5.458333333333335702 ) ) ;
#481 = CARTESIAN_POINT ( 'NONE',  ( 1.357050807568896511, -1.494047623715519407E-14, -5.062499999999997335 ) ) ;
#482 = CARTESIAN_POINT ( 'NONE',  ( 1.732050807568896511, -1.613450686632385860E-14, 4.125000000000002665 ) ) ;
#483 = ORIENTED_EDGE ( 'NONE', *, *, #1155, .T. ) ;
#484 = B_SPLINE_CURVE_WITH_KNOTS ( 'NONE', 3,
 ( #4245, #6745, #365, #4130 ),
 .UNSPECIFIED., .F., .F.,
 ( 4, 4 ),
 ( 0.0005344103384122327266, 0.0006387323511942517764 ),
 .UNSPECIFIED. ) ;
#485 = CARTESIAN_POINT ( 'NONE',  ( 0.000000000000000000, 1.301042606982605321E-15, 3.639227159146550150 ) ) ;
#486 = EDGE_LOOP ( 'NONE', ( #5858, #4189, #4290, #1017, #4633, #3300, #5180, #7686, #440, #641, #6245, #2415, #3743, #5450, #1488, #4525, #2130, #2901, #47, #4009, #7148, #4066, #4839, #2592, #3531, #3595, #4854, #1898, #4489, #5008, #4719, #6271, #1097, #5720, #5081, #3783, #2534, #8138, #331, #4152, #1660, #2854 ) ) ;
#487 = CARTESIAN_POINT ( 'NONE',  ( 0.6785254037844478114, -1.175240473580868361, 6.354166666666669627 ) ) ;
#488 = CARTESIAN_POINT ( 'NONE',  ( -0.2866551442409662753, 0.9254976877526310819, 8.147054690030637758 ) ) ;
#489 = FACE_OUTER_BOUND ( 'NONE', #3099, .T. ) ;
#490 = CARTESIAN_POINT ( 'NONE',  ( -1.439254484199210086E-16, -1.175240473580867695, 3.312500000000002220 ) ) ;
#491 = CARTESIAN_POINT ( 'NONE',  ( -1.836970198721050395E-16, -1.500000000000031752, -3.937499999999998224 ) ) ;
#492 = CARTESIAN_POINT ( 'NONE',  ( 0.8660254037844489217, 1.500000000000000666, -0.2291666666666654917 ) ) ;
#493 = CARTESIAN_POINT ( 'NONE',  ( -1.357050807568896511, -1.469228911904265390E-14, -4.374999999999997335 ) ) ;
#494 = CARTESIAN_POINT ( 'NONE',  ( 1.763300807568897621, -1.534614048937274951E-14, -2.359374999999995115 ) ) ;
#495 = CARTESIAN_POINT ( 'NONE',  ( -1.220076292500112736, 0.6560562342785902779, 5.262005286723570485 ) ) ;
#496 =( BOUNDED_CURVE ( )  B_SPLINE_CURVE ( 2, ( #5147, #672, #3183, #7022, #4433, #6437, #5193 ),
 .UNSPECIFIED., .F., .F. ) 
 B_SPLINE_CURVE_WITH_KNOTS ( ( 3, 2, 2, 3 ),
 ( 0.8750000000000001110, 0.8888888888888889506, 0.9027777777777779011, 0.9166666666666667407 ),
 .UNSPECIFIED. ) 
 CURVE ( )  GEOMETRIC_REPRESENTATION_ITEM ( )  RATIONAL_B_SPLINE_CURVE ( ( 0.9999999999999988898, 0.8660254037844398178, 1.000000000000000000, 0.8660254037844387076, 1.000000000000000000, 0.8660254037844375974, 1.000000000000001110 ) ) 
 REPRESENTATION_ITEM ( '' )  );
#497 = CARTESIAN_POINT ( 'NONE',  ( 0.000000000000000000, 1.527063293868265559, 3.265625000000003997 ) ) ;
#498 = CARTESIAN_POINT ( 'NONE',  ( 1.017788105676672883, 0.5876202367904103108, -3.520833333333330817 ) ) ;
#499 = CARTESIAN_POINT ( 'NONE',  ( 1.357050807568896067, -1.548391325427682971E-14, -0.6249999999999976685 ) ) ;
#500 = ORIENTED_EDGE ( 'NONE', *, *, #4560, .T. ) ;
#501 = CARTESIAN_POINT ( 'NONE',  ( 0.5883555573418832729, -0.4314072894756743048, 8.191913363870522602 ) ) ;
#502 = CARTESIAN_POINT ( 'NONE',  ( -0.6785254037844480335, 1.175240473580835721, 7.041666666666668739 ) ) ;
#503 = CARTESIAN_POINT ( 'NONE',  ( 0.6785254037844490327, 1.175240473580836165, 2.520833333333335702 ) ) ;
#504 = CARTESIAN_POINT ( 'NONE',  ( 0.6785254037844478114, -1.175240473580867695, 0.2916666666666692942 ) ) ;
#505 = CARTESIAN_POINT ( 'NONE',  ( 1.515488654394540724, 0.1701009219599376177, 7.406250000000000888 ) ) ;
#506 = CARTESIAN_POINT ( 'NONE',  ( 1.430806672962427806, -0.5217701466205371119, 5.596012769632196182 ) ) ;
#507 = CARTESIAN_POINT ( 'NONE',  ( 0.000000000000000000, 1.500000000000001776, -4.249999999999995559 ) ) ;
#508 = ADVANCED_FACE ( 'NONE', ( #1964 ), #4499, .T. ) ;
#509 = EDGE_CURVE ( 'NONE', #7821, #1415, #5214, .T. ) ;
#510 = EDGE_CURVE ( 'NONE', #7965, #7864, #4228, .T. ) ;
#511 = EDGE_CURVE ( 'NONE', #2823, #7177, #8174, .T. ) ;
#512 = AXIS2_PLACEMENT_3D ( 'NONE', #6157, #5526, #3139 ) ;
#513 = CARTESIAN_POINT ( 'NONE',  ( 1.322475605676673771, 0.7635316469341240087, 1.682291666666671404 ) ) ;
#514 = CARTESIAN_POINT ( 'NONE',  ( 0.8660254037844475894, -1.500000000000032419, 1.541666666666670515 ) ) ;
#515 = CARTESIAN_POINT ( 'NONE',  ( 1.017788105676671995, -0.5876202367904419521, -0.6666666666666644092 ) ) ;
#516 = CARTESIAN_POINT ( 'NONE',  ( -1.299038105676672439, -0.7500000000000229816, -3.020833333333332149 ) ) ;
#517 = CARTESIAN_POINT ( 'NONE',  ( -0.6785254037844485886, -1.175240473580867029, -2.791666666666663410 ) ) ;
#518 = CARTESIAN_POINT ( 'NONE',  ( -1.299038105676672439, -0.7500000000000223155, -7.520833333333332149 ) ) ;
#519 = AXIS2_PLACEMENT_3D ( 'NONE', #1822, #6902, #1206 ) ;
#520 = CARTESIAN_POINT ( 'NONE',  ( -1.870113174931204576E-16, -1.527063293868296201, -3.953124999999999112 ) ) ;
#521 = ORIENTED_EDGE ( 'NONE', *, *, #2890, .T. ) ;
#522 = AXIS2_PLACEMENT_3D ( 'NONE', #5427, #942, #3533 ) ;
#523 = CARTESIAN_POINT ( 'NONE',  ( 1.836970198721030920E-16, 1.500000000000000222, 8.250000000000000000 ) ) ;
#524 = CARTESIAN_POINT ( 'NONE',  ( -1.357050807568896511, -1.469994316153732643E-14, -4.312499999999996447 ) ) ;
#525 = CARTESIAN_POINT ( 'NONE',  ( -1.299038105676672439, 0.7499999999999937828, -4.104166666666665186 ) ) ;
#526 = B_SPLINE_CURVE_WITH_KNOTS ( 'NONE', 3,
 ( #1461, #7825, #806, #3232, #7074, #3318, #5245, #3191, #3990, #3362, #5777, #2741, #6531, #681, #5910, #3860, #146, #230, #4441, #3904, #3273, #1335 ),
 .UNSPECIFIED., .F., .F.,
 ( 4, 2, 2, 2, 2, 2, 2, 2, 2, 2, 4 ),
 ( 0.004306731403096160891, 0.004815192723950569020, 0.005069423384377772651, 0.005323654044804977149, 0.005832115365659385278, 0.006086346026086588909, 0.006340576686513793407, 0.006849038007368201536, 0.007357499328222609665, 0.007865960649077019529, 0.008374421969931426790 ),
 .UNSPECIFIED. ) ;
#527 = ORIENTED_EDGE ( 'NONE', *, *, #4006, .T. ) ;
#528 = VECTOR ( 'NONE', #2612, 999.9999999999998863 ) ;
#529 = CARTESIAN_POINT ( 'NONE',  ( -0.3682059365705830922, -0.5251542044367975004, 7.406250000000000888 ) ) ;
#530 = ORIENTED_EDGE ( 'NONE', *, *, #3030, .T. ) ;
#531 = CARTESIAN_POINT ( 'NONE',  ( -0.6785254037844485886, -1.175240473580867695, 4.770833333333335702 ) ) ;
#532 = CARTESIAN_POINT ( 'NONE',  ( 0.4612122490825852905, -0.5181173504688774134, 8.198166147663302539 ) ) ;
#533 = DIRECTION ( 'NONE',  ( -0.000000000000000000, -1.224646799147353207E-16, 1.000000000000000000 ) ) ;
#534 = CARTESIAN_POINT ( 'NONE',  ( -0.6785254037844485886, -1.175240473580867695, 5.270833333333335702 ) ) ;
#535 = CARTESIAN_POINT ( 'NONE',  ( 1.732050807568896955, -1.516244346950064994E-14, -3.812499999999999556 ) ) ;
#536 =( BOUNDED_CURVE ( )  B_SPLINE_CURVE ( 2, ( #2373, #2411, #6947, #6247, #6907, #1213, #7203 ),
 .UNSPECIFIED., .F., .F. ) 
 B_SPLINE_CURVE_WITH_KNOTS ( ( 3, 2, 2, 3 ),
 ( 0.8333333333333332593, 0.8472222222222220989, 0.8611111111111111605, 0.8750000000000000000 ),
 .UNSPECIFIED. ) 
 CURVE ( )  GEOMETRIC_REPRESENTATION_ITEM ( )  RATIONAL_B_SPLINE_CURVE ( ( 1.000000000000001110, 0.8660254037844375974, 1.000000000000000000, 0.8660254037844387076, 1.000000000000000000, 0.8660254037844387076, 1.000000000000000000 ) ) 
 REPRESENTATION_ITEM ( '' )  );
#537 = CARTESIAN_POINT ( 'NONE',  ( -0.8660254037844488106, -1.500000000000031308, -4.541666666666663410 ) ) ;
#538 = CARTESIAN_POINT ( 'NONE',  ( -0.6785254037844480335, 1.175240473580837497, -6.958333333333329485 ) ) ;
#539 = CARTESIAN_POINT ( 'NONE',  ( 0.000000000000000000, 1.527063293868266225, -3.734374999999995559 ) ) ;
#540 = LINE ( 'NONE', #4888, #1037 ) ;
#541 = CARTESIAN_POINT ( 'NONE',  ( 0.000000000000000000, 1.527063293868265337, 4.765625000000004441 ) ) ;
#542 = CARTESIAN_POINT ( 'NONE',  ( 0.6785254037844490327, 1.175240473580837053, -4.479166666666664298 ) ) ;
#543 = CARTESIAN_POINT ( 'NONE',  ( 1.357050807568896067, -1.530021623440472699E-14, -2.124999999999997335 ) ) ;
#544 = EDGE_LOOP ( 'NONE', ( #3841, #6126, #7380, #7274 ) ) ;
#545 = CARTESIAN_POINT ( 'NONE',  ( 1.017788105676671995, -0.5876202367904422852, 2.395833333333335702 ) ) ;
#546 = CARTESIAN_POINT ( 'NONE',  ( 1.017788105676671995, -0.5876202367904427293, 6.333333333333334814 ) ) ;
#547 = CARTESIAN_POINT ( 'NONE',  ( -1.017788105676672439, 0.5876202367904106438, 2.145833333333335702 ) ) ;
#548 = CARTESIAN_POINT ( 'NONE',  ( -1.439254484199210086E-16, -1.175240473580867695, 0.2500000000000023870 ) ) ;
#549 = DIRECTION ( 'NONE',  ( -0.1045058763748857450, 0.02078751127481496749, -0.9943069954385901354 ) ) ;
#550 = CARTESIAN_POINT ( 'NONE',  ( 0.4347626794466382671, 0.5917109473128510100, 8.233624606597341966 ) ) ;
#551 = CARTESIAN_POINT ( 'NONE',  ( 0.000000000000000000, -4.376666135837220136E-16, 5.750000000000000000 ) ) ;
#552 = EDGE_LOOP ( 'NONE', ( #1919, #7133, #42, #4694 ) ) ;
#553 = CARTESIAN_POINT ( 'NONE',  ( 1.322475605676673771, 0.7635316469341238976, 2.182291666666670960 ) ) ;
#554 = CARTESIAN_POINT ( 'NONE',  ( 1.299038105676671773, -0.7500000000000244249, 1.583333333333337034 ) ) ;
#555 = CARTESIAN_POINT ( 'NONE',  ( 1.017788105676671995, -0.5876202367904421742, 1.333333333333335702 ) ) ;
#556 = DIRECTION ( 'NONE',  ( -0.000000000000000000, -1.224646799147353207E-16, 1.000000000000000000 ) ) ;
#557 = CARTESIAN_POINT ( 'NONE',  ( -1.357050807568896511, -1.475352145900002148E-14, -3.874999999999996891 ) ) ;
#558 = EDGE_CURVE ( 'NONE', #3312, #860, #874, .T. ) ;
#559 = CARTESIAN_POINT ( 'NONE',  ( -1.539609450051894646, -0.2468476514111949682, 7.978342549502075443 ) ) ;
#560 = CARTESIAN_POINT ( 'NONE',  ( -1.322475605676673105, -0.7635316469341549839, -4.536458333333332149 ) ) ;
#561 = VERTEX_POINT ( 'NONE', #240 ) ;
#562 = CARTESIAN_POINT ( 'NONE',  ( 1.017788105676671995, -0.5876202367904416191, -2.604166666666663854 ) ) ;
#563 = CC_DESIGN_SECURITY_CLASSIFICATION ( #5865, ( #6789 ) ) ;
#564 = DIRECTION ( 'NONE',  ( 0.3805870524817601130, -0.9188184237650814934, 0.1045284632676536235 ) ) ;
#565 = CARTESIAN_POINT ( 'NONE',  ( -0.6785254037844485886, -1.175240473580866585, -6.229166666666664298 ) ) ;
#566 = CARTESIAN_POINT ( 'NONE',  ( 0.2461404650521783477, 1.543116970613432448, 7.977136521887542742 ) ) ;
#567 = ADVANCED_FACE ( 'NONE', ( #1304 ), #3917, .T. ) ;
#568 = ORIENTED_EDGE ( 'NONE', *, *, #972, .F. ) ;
#569 = CARTESIAN_POINT ( 'NONE',  ( 0.1741350313372160008, 1.511934972212400696, 7.406250000000000888 ) ) ;
#570 = VERTEX_POINT ( 'NONE', #861 ) ;
#571 = CARTESIAN_POINT ( 'NONE',  ( -1.017788105676672439, -0.5876202367904420631, 7.229166666666668739 ) ) ;
#572 = CARTESIAN_POINT ( 'NONE',  ( 1.299038105676672883, 0.7499999999999920064, 0.1666666666666701824 ) ) ;
#573 = DIRECTION ( 'NONE',  ( 0.000000000000000000, -0.1045284632676538317, 0.9945218953682734009 ) ) ;
#574 = CARTESIAN_POINT ( 'NONE',  ( -0.6785254037844485886, -1.175240473580867695, 6.270833333333334814 ) ) ;
#575 = CARTESIAN_POINT ( 'NONE',  ( -1.299038105676672217, -0.7500000000000229816, -2.520833333333332149 ) ) ;
#576 = CARTESIAN_POINT ( 'NONE',  ( -1.357050807568896511, -1.450859209917055118E-14, -5.874999999999997335 ) ) ;
#577 = CARTESIAN_POINT ( 'NONE',  ( 0.8816504037844494768, 1.527063293868266003, -2.276041666666662522 ) ) ;
#578 = CARTESIAN_POINT ( 'NONE',  ( 0.8660254037844530295, 1.499999999999994671, -4.791666666666663410 ) ) ;
#579 = VECTOR ( 'NONE', #6635, 1000.000000000000000 ) ;
#580 = CARTESIAN_POINT ( 'NONE',  ( -1.870113174931204576E-16, -1.527063293868297089, 5.015625000000004441 ) ) ;
#581 =( BOUNDED_CURVE ( )  B_SPLINE_CURVE ( 2, ( #4658, #7198, #1994, #4196, #6116, #5998, #1008 ),
 .UNSPECIFIED., .F., .F. ) 
 B_SPLINE_CURVE_WITH_KNOTS ( ( 3, 2, 2, 3 ),
 ( 0.8750000000000000000, 0.8888888888888888395, 0.9027777777777777901, 0.9166666666666666297 ),
 .UNSPECIFIED. ) 
 CURVE ( )  GEOMETRIC_REPRESENTATION_ITEM ( )  RATIONAL_B_SPLINE_CURVE ( ( 1.000000000000000000, 0.8660254037844387076, 1.000000000000000000, 0.8660254037844387076, 1.000000000000000000, 0.8660254037844387076, 1.000000000000000000 ) ) 
 REPRESENTATION_ITEM ( '' )  );
#582 = CARTESIAN_POINT ( 'NONE',  ( 0.000000000000000000, -7.438283133705603770E-16, 8.250000000000000000 ) ) ;
#583 = CARTESIAN_POINT ( 'NONE',  ( 1.357050807568896067, -1.554514559423419728E-14, -0.1249999999999975020 ) ) ;
#584 = ORIENTED_EDGE ( 'NONE', *, *, #1471, .F. ) ;
#585 = CARTESIAN_POINT ( 'NONE',  ( 0.2631248712943639601, -0.9978205399679971332, 8.133209951772100155 ) ) ;
#586 = CARTESIAN_POINT ( 'NONE',  ( -1.017788105676672439, 0.5876202367904100887, 7.083333333333335702 ) ) ;
#587 = CARTESIAN_POINT ( 'NONE',  ( -1.357050807568896067, -1.549596358098310489E-14, 2.187500000000002665 ) ) ;
#588 = CARTESIAN_POINT ( 'NONE',  ( -0.6785254037844480335, 1.175240473580836387, 1.541666666666669405 ) ) ;
#589 = CARTESIAN_POINT ( 'NONE',  ( -1.065561411062445618, -0.9998639595280094383, -7.979228365571961135 ) ) ;
#590 = CARTESIAN_POINT ( 'NONE',  ( -0.9100100306033855890, -0.2087934338140800816, 7.406250000000000888 ) ) ;
#591 = CARTESIAN_POINT ( 'NONE',  ( -1.299038105676672217, 0.7499999999999933387, -0.1666666666666628549 ) ) ;
#592 = CALENDAR_DATE ( 2026, 8, 1 ) ;
#593 = VERTEX_POINT ( 'NONE', #7127 ) ;
#594 = CARTESIAN_POINT ( 'NONE',  ( 0.000000000000000000, 1.527063293868265559, 2.765625000000003997 ) ) ;
#595 = CARTESIAN_POINT ( 'NONE',  ( -1.357050807568896511, -1.530461251861632965E-14, 0.6250000000000023315 ) ) ;
#596 = CARTESIAN_POINT ( 'NONE',  ( -0.8660254037844529185, -1.500000000000024425, -2.979166666666665630 ) ) ;
#597 = CARTESIAN_POINT ( 'NONE',  ( -1.017788105676672439, -0.5876202367904407309, -3.833333333333330817 ) ) ;
#598 = CYLINDRICAL_SURFACE ( 'NONE', #6871, 1.500000000000000888 ) ;
#599 = CARTESIAN_POINT ( 'NONE',  ( 0.8816504037844494768, 1.527063293868266003, -3.244791666666666075 ) ) ;
#600 = ORIENTED_EDGE ( 'NONE', *, *, #1165, .F. ) ;
#601 = CARTESIAN_POINT ( 'NONE',  ( 1.357050807568896511, -1.536910261685676393E-14, -1.562499999999997335 ) ) ;
#602 = DIRECTION ( 'NONE',  ( -1.000000000000000000, 7.046274848959573646E-16, -0.000000000000000000 ) ) ;
#603 = CARTESIAN_POINT ( 'NONE',  ( -1.017788105676672439, -0.5876202367904406199, -4.770833333333330373 ) ) ;
#604 = CARTESIAN_POINT ( 'NONE',  ( 0.2078487863861620544, 1.576622122564781403, 7.967077405468494966 ) ) ;
#605 = ORIENTED_EDGE ( 'NONE', *, *, #4322, .T. ) ;
#606 = CARTESIAN_POINT ( 'NONE',  ( -0.1843326785565777837, 1.495966003080825057, 7.406250000000000888 ) ) ;
#607 = VERTEX_POINT ( 'NONE', #5836 ) ;
#608 = EDGE_CURVE ( 'NONE', #6093, #1721, #4024, .T. ) ;
#609 = CARTESIAN_POINT ( 'NONE',  ( 0.000000000000000000, 1.175240473580836165, 6.062500000000001776 ) ) ;
#610 = EDGE_CURVE ( 'NONE', #6378, #8040, #2766, .T. ) ;
#611 = EDGE_CURVE ( 'NONE', #2666, #949, #6709, .T. ) ;
#612 = DIRECTION ( 'NONE',  ( 0.1045284632676536929, 0.000000000000000000, -0.9945218953682732899 ) ) ;
#613 = CARTESIAN_POINT ( 'NONE',  ( 1.017788105676671995, -0.5876202367904429513, 7.895833333333334814 ) ) ;
#614 = CARTESIAN_POINT ( 'NONE',  ( 0.000000000000000000, -7.041719095097280880E-16, 5.750000000000000000 ) ) ;
#615 = CARTESIAN_POINT ( 'NONE',  ( -1.017788105676672439, 0.5876202367904113100, -3.916666666666663854 ) ) ;
#616 = ORIENTED_EDGE ( 'NONE', *, *, #3897, .T. ) ;
#617 = CARTESIAN_POINT ( 'NONE',  ( -0.8816504037844485886, 1.527063293868266447, -3.192708333333328596 ) ) ;
#618 = CARTESIAN_POINT ( 'NONE',  ( 1.062170197218077261, -0.6499076780459067670, -8.202587226195085179 ) ) ;
#619 = CARTESIAN_POINT ( 'NONE',  ( -1.322475605676673105, -0.7635316469341562051, 5.432291666666670515 ) ) ;
#620 = CARTESIAN_POINT ( 'NONE',  ( 0.000000000000000000, 1.500000000000000888, 4.312500000000000888 ) ) ;
#621 = CARTESIAN_POINT ( 'NONE',  ( -1.017788105676672439, -0.5876202367904410639, -1.333333333333330817 ) ) ;
#622 = ORIENTED_EDGE ( 'NONE', *, *, #4773, .T. ) ;
#623 = CARTESIAN_POINT ( 'NONE',  ( 0.000000000000000000, 1.500000000000001998, -7.249999999999996447 ) ) ;
#624 = CARTESIAN_POINT ( 'NONE',  ( -1.017788105676672439, 0.5876202367904117541, -7.416666666666663410 ) ) ;
#625 = CARTESIAN_POINT ( 'NONE',  ( -1.017788105676672439, -0.5876202367904421742, 7.666666666666668739 ) ) ;
#626 = CARTESIAN_POINT ( 'NONE',  ( 0.6785254037844478114, -1.175240473580867695, 0.8541666666666692942 ) ) ;
#627 = CARTESIAN_POINT ( 'NONE',  ( -1.017788105676672439, -0.5876202367904415080, 2.166666666666669183 ) ) ;
#628 = CYLINDRICAL_SURFACE ( 'NONE', #249, 1.500000000000000888 ) ;
#629 = CARTESIAN_POINT ( 'NONE',  ( -0.9827792013656189152, -0.1867183014945884012, 7.406250000000000888 ) ) ;
#630 = CARTESIAN_POINT ( 'NONE',  ( -1.299038105676672217, -0.7500000000000232037, -0.08333333333332960946 ) ) ;
#631 = ORIENTED_EDGE ( 'NONE', *, *, #5576, .T. ) ;
#632 = CARTESIAN_POINT ( 'NONE',  ( -1.357050807568896511, -1.554954187844579994E-14, 2.625000000000002665 ) ) ;
#633 = CARTESIAN_POINT ( 'NONE',  ( 0.000000000000000000, 1.175240473580837053, -1.437499999999997335 ) ) ;
#634 = CARTESIAN_POINT ( 'NONE',  ( 1.017788105676672883, 0.5876202367904098667, 0.4166666666666689056 ) ) ;
#635 = CARTESIAN_POINT ( 'NONE',  ( 0.000000000000000000, 1.175240473580835943, 7.000000000000001776 ) ) ;
#636 = CARTESIAN_POINT ( 'NONE',  ( 0.000000000000000000, 1.500000000000001776, -3.187499999999998668 ) ) ;
#637 = CARTESIAN_POINT ( 'NONE',  ( 0.9761820239608608452, -1.127085716550283223, -7.949353911990098887 ) ) ;
#638 = CARTESIAN_POINT ( 'NONE',  ( 0.1867183014945853203, 1.480908766186231018, 7.406250000000000888 ) ) ;
#639 = CARTESIAN_POINT ( 'NONE',  ( 0.8816504037844494768, 1.527063293868266003, -3.744791666666666075 ) ) ;
#640 = CARTESIAN_POINT ( 'NONE',  ( -1.357050807568896067, -1.463105677908528633E-14, -4.874999999999997335 ) ) ;
#641 = ORIENTED_EDGE ( 'NONE', *, *, #3945, .T. ) ;
#642 = CARTESIAN_POINT ( 'NONE',  ( -1.017788105676672439, -0.5876202367904410639, -1.270833333333330817 ) ) ;
#643 = CARTESIAN_POINT ( 'NONE',  ( -0.8660254037844519193, 1.499999999999994671, -1.708333333333328818 ) ) ;
#644 = CARTESIAN_POINT ( 'NONE',  ( -0.6785254037844480335, 1.175240473580837275, -3.895833333333329929 ) ) ;
#645 = AXIS2_PLACEMENT_3D ( 'NONE', #5114, #725, #3946 ) ;
#646 = CARTESIAN_POINT ( 'NONE',  ( -0.2419763615505320098, 1.553796817639133909, 7.973557129246367836 ) ) ;
#647 = AXIS2_PLACEMENT_3D ( 'NONE', #7720, #1399, #785 ) ;
#648 = ORIENTED_EDGE ( 'NONE', *, *, #4573, .T. ) ;
#649 = CARTESIAN_POINT ( 'NONE',  ( 0.1941710946047804642, -0.9453114802360876867, 7.406250000000000888 ) ) ;
#650 = CIRCLE ( 'NONE', #2242, 4.606075864237158868 ) ;
#651 = ORIENTED_EDGE ( 'NONE', *, *, #2323, .T. ) ;
#652 = CARTESIAN_POINT ( 'NONE',  ( -1.017788105676672439, -0.5876202367904417301, 4.729166666666668739 ) ) ;
#653 = FACE_OUTER_BOUND ( 'NONE', #6278, .T. ) ;
#654 = CARTESIAN_POINT ( 'NONE',  ( 1.357050807568896511, -1.641005239613201900E-14, 6.937500000000001776 ) ) ;
#655 = CARTESIAN_POINT ( 'NONE',  ( 1.299038105676671995, -0.7500000000000237588, -3.854166666666664742 ) ) ;
#656 = AXIS2_PLACEMENT_3D ( 'NONE', #1296, #7619, #6864 ) ;
#657 = CARTESIAN_POINT ( 'NONE',  ( 0.8816504037844482555, -1.527063293868295979, -8.411458333333332149 ) ) ;
#658 = ORIENTED_EDGE ( 'NONE', *, *, #7976, .F. ) ;
#659 = ADVANCED_FACE ( 'NONE', ( #6206 ), #3742, .F. ) ;
#660 = CARTESIAN_POINT ( 'NONE',  ( 0.000000000000000000, 1.175240473580837719, -6.437499999999997335 ) ) ;
#661 = CARTESIAN_POINT ( 'NONE',  ( 1.732050807568896955, -1.479504942975644765E-14, -6.812500000000000000 ) ) ;
#662 = ORIENTED_EDGE ( 'NONE', *, *, #7932, .F. ) ;
#663 = CARTESIAN_POINT ( 'NONE',  ( 1.322475605676672661, -0.7635316469341568713, 3.098958333333337478 ) ) ;
#664 = CARTESIAN_POINT ( 'NONE',  ( 0.000000000000000000, -7.438283133705603770E-16, 8.250000000000000000 ) ) ;
#665 = CARTESIAN_POINT ( 'NONE',  ( -1.017788105676672439, 0.5876202367904106438, 1.083333333333335480 ) ) ;
#666 = ORIENTED_EDGE ( 'NONE', *, *, #3070, .T. ) ;
#667 = CARTESIAN_POINT ( 'NONE',  ( -1.559594244955202491, -0.1879607980437033032, 7.782412938773129341 ) ) ;
#668 = CARTESIAN_POINT ( 'NONE',  ( 1.017788105676672883, 0.5876202367904105328, -5.083333333333330373 ) ) ;
#669 = CARTESIAN_POINT ( 'NONE',  ( 1.017788105676671995, -0.5876202367904429513, 7.833333333333334814 ) ) ;
#670 = DIRECTION ( 'NONE',  ( 0.3826834323650939451, -0.9238795325112849621, 0.000000000000000000 ) ) ;
#671 = CARTESIAN_POINT ( 'NONE',  ( -1.322475605676673105, 0.7635316469341256740, -1.619791666666666075 ) ) ;
#672 = CARTESIAN_POINT ( 'NONE',  ( -0.8660254037844526964, -1.500000000000024647, 3.458333333333336146 ) ) ;
#673 = EDGE_CURVE ( 'NONE', #6250, #6400, #1858, .T. ) ;
#674 = CARTESIAN_POINT ( 'NONE',  ( 0.6785254037844490327, 1.175240473580835943, 3.958333333333335258 ) ) ;
#675 = CARTESIAN_POINT ( 'NONE',  ( -0.8660254037844488106, -1.500000000000031530, -1.041666666666663188 ) ) ;
#676 = DIRECTION ( 'NONE',  ( -0.9238795325112859613, 0.3826834323650916136, 0.000000000000000000 ) ) ;
#677 = VERTEX_POINT ( 'NONE', #3538 ) ;
#678 = CARTESIAN_POINT ( 'NONE',  ( 1.017788105676672883, 0.5876202367904101997, -2.020833333333330817 ) ) ;
#679 = CARTESIAN_POINT ( 'NONE',  ( -1.439254484199210086E-16, -1.175240473580867695, 0.7500000000000024425 ) ) ;
#680 = CARTESIAN_POINT ( 'NONE',  ( 1.017788105676672883, 0.5876202367904089785, 7.916666666666668739 ) ) ;
#681 = CARTESIAN_POINT ( 'NONE',  ( -1.297143088893046414, -0.1996894447509089954, 5.064941232772467217 ) ) ;
#682 = CARTESIAN_POINT ( 'NONE',  ( 5.260655403889586299E-13, -1.352123412263509961, -8.085376587736492482 ) ) ;
#683 = DIRECTION ( 'NONE',  ( 0.000000000000000000, -1.000000000000000000, 0.000000000000000000 ) ) ;
#684 = CARTESIAN_POINT ( 'NONE',  ( 0.000000000000000000, 1.500000000000001776, -5.249999999999995559 ) ) ;
#685 = CARTESIAN_POINT ( 'NONE',  ( 0.6785254037844490327, 1.175240473580836831, -3.541666666666663854 ) ) ;
#686 = ORIENTED_EDGE ( 'NONE', *, *, #6244, .T. ) ;
#687 = CARTESIAN_POINT ( 'NONE',  ( -1.439254484199210086E-16, -1.175240473580867473, -1.687499999999997335 ) ) ;
#688 = CARTESIAN_POINT ( 'NONE',  ( -0.2410245267385733026, 0.5818846813168265797, 8.250000000000000000 ) ) ;
#689 = CARTESIAN_POINT ( 'NONE',  ( -1.017788105676672439, -0.5876202367904408419, -3.270833333333330373 ) ) ;
#690 = CARTESIAN_POINT ( 'NONE',  ( 0.2468885705420942600, 1.537088995082182441, 7.979230760618285956 ) ) ;
#691 = CARTESIAN_POINT ( 'NONE',  ( 0.000000000000000000, 1.500000000000002220, -7.187499999999998224 ) ) ;
#692 = ORIENTED_EDGE ( 'NONE', *, *, #2576, .T. ) ;
#693 = CARTESIAN_POINT ( 'NONE',  ( -1.439254484199210086E-16, -1.175240473580868361, 8.312500000000001776 ) ) ;
#694 = DIRECTION ( 'NONE',  ( 0.000000000000000000, 1.000000000000000000, 0.000000000000000000 ) ) ;
#695 = CARTESIAN_POINT ( 'NONE',  ( 0.000000000000000000, 1.175240473580836165, 6.062500000000001776 ) ) ;
#696 = CARTESIAN_POINT ( 'NONE',  ( 0.1859679960993949333, -1.519732609499131915, 7.399111321018220444 ) ) ;
#697 = CARTESIAN_POINT ( 'NONE',  ( -1.017788105676672439, 0.5876202367904111989, -3.416666666666664298 ) ) ;
#698 = ORIENTED_EDGE ( 'NONE', *, *, #766, .F. ) ;
#699 = CARTESIAN_POINT ( 'NONE',  ( -1.017788105676672439, -0.5876202367904403978, -6.270833333333330373 ) ) ;
#700 = ORIENTED_EDGE ( 'NONE', *, *, #4119, .F. ) ;
#701 = CARTESIAN_POINT ( 'NONE',  ( 1.763300807568897621, -1.663201962847747488E-14, 8.140625000000003553 ) ) ;
#702 = CARTESIAN_POINT ( 'NONE',  ( 1.036004162901804415, -0.2622035415152690896, 8.124444084471207361 ) ) ;
#703 = CARTESIAN_POINT ( 'NONE',  ( 1.357050807568896067, -1.566761027414893243E-14, 0.8750000000000026645 ) ) ;
#704 = CARTESIAN_POINT ( 'NONE',  ( 1.572796539073739730, -0.2470295586577226365, 7.980073281342368041 ) ) ;
#705 = ORIENTED_EDGE ( 'NONE', *, *, #3537, .T. ) ;
#706 = DIRECTION ( 'NONE',  ( 0.000000000000000000, -1.000000000000000000, 0.000000000000000000 ) ) ;
#707 = CARTESIAN_POINT ( 'NONE',  ( 0.000000000000000000, 1.175240473580837497, -4.999999999999997335 ) ) ;
#708 = CARTESIAN_POINT ( 'NONE',  ( 0.8816504037844482555, -1.527063293868297533, 4.088541666666667851 ) ) ;
#709 = CARTESIAN_POINT ( 'NONE',  ( 0.000000000000000000, 1.527063293868266225, -3.203124999999999556 ) ) ;
#710 = CARTESIAN_POINT ( 'NONE',  ( -1.322475605676673105, 0.7635316469341265622, -8.151041666666662522 ) ) ;
#711 = CARTESIAN_POINT ( 'NONE',  ( -1.500309455660792768, -0.1821761911992867689, 7.406250000000000888 ) ) ;
#712 = AXIS2_PLACEMENT_3D ( 'NONE', #4193, #5564, #8054 ) ;
#713 = ORIENTED_EDGE ( 'NONE', *, *, #7615, .F. ) ;
#714 =( BOUNDED_CURVE ( )  B_SPLINE_CURVE ( 2, ( #7744, #4575, #3947, #2789, #7952, #2206, #396 ),
 .UNSPECIFIED., .F., .F. ) 
 B_SPLINE_CURVE_WITH_KNOTS ( ( 3, 2, 2, 3 ),
 ( 0.2083333333333333703, 0.2222222222222222099, 0.2361111111111110772, 0.2499999999999999445 ),
 .UNSPECIFIED. ) 
 CURVE ( )  GEOMETRIC_REPRESENTATION_ITEM ( )  RATIONAL_B_SPLINE_CURVE ( ( 0.9999999999999997780, 0.8660254037844389297, 1.000000000000000000, 0.8660254037844387076, 1.000000000000000000, 0.8660254037844392627, 0.9999999999999994449 ) ) 
 REPRESENTATION_ITEM ( '' )  );
#715 = EDGE_CURVE ( 'NONE', #3702, #4096, #3354, .T. ) ;
#716 = ORIENTED_EDGE ( 'NONE', *, *, #3180, .F. ) ;
#717 = CARTESIAN_POINT ( 'NONE',  ( 0.6785254037844490327, 1.175240473580836387, -1.979166666666664298 ) ) ;
#718 = EDGE_CURVE ( 'NONE', #1952, #3696, #5914, .T. ) ;
#719 = CARTESIAN_POINT ( 'NONE',  ( 1.017788105676672883, 0.5876202367904096446, 1.916666666666668961 ) ) ;
#720 = EDGE_CURVE ( 'NONE', #5093, #4796, #5274, .T. ) ;
#721 = CARTESIAN_POINT ( 'NONE',  ( 1.017788105676671995, -0.5876202367904430623, 8.333333333333335702 ) ) ;
#722 = VECTOR ( 'NONE', #5348, 1000.000000000000000 ) ;
#723 = CARTESIAN_POINT ( 'NONE',  ( -0.6785254037844480335, 1.175240473580837497, -2.395833333333330373 ) ) ;
#724 = CARTESIAN_POINT ( 'NONE',  ( -1.836970198721050149E-16, -1.500000000000031752, -2.499999999999996003 ) ) ;
#725 = DIRECTION ( 'NONE',  ( -0.000000000000000000, -1.224646799147353207E-16, 1.000000000000000000 ) ) ;
#726 = CARTESIAN_POINT ( 'NONE',  ( -1.732050807568896511, -1.513622358373357197E-14, -0.5624999999999988898 ) ) ;
#727 = ORIENTED_EDGE ( 'NONE', *, *, #2877, .F. ) ;
#728 = CARTESIAN_POINT ( 'NONE',  ( -1.836970198721050149E-16, -1.500000000000030864, -7.499999999999996447 ) ) ;
#729 = CARTESIAN_POINT ( 'NONE',  ( 0.6785254037844490327, 1.175240473580836387, -1.979166666666664298 ) ) ;
#730 = CARTESIAN_POINT ( 'NONE',  ( 0.6106561597171100697, -1.203306003452597528, 5.188359773923575169 ) ) ;
#731 = CARTESIAN_POINT ( 'NONE',  ( -1.357050807568896511, -1.488364018140942915E-14, -2.812499999999997335 ) ) ;
#732 = CARTESIAN_POINT ( 'NONE',  ( 1.836970198721030920E-16, 1.500000000000000222, 8.250000000000000000 ) ) ;
#733 = CARTESIAN_POINT ( 'NONE',  ( 0.000000000000000000, 1.500000000000001554, -2.749999999999996447 ) ) ;
#734 = VERTEX_POINT ( 'NONE', #7493 ) ;
#735 = CARTESIAN_POINT ( 'NONE',  ( -0.1867183014945772712, 0.9827792013656196923, 7.406250000000000888 ) ) ;
#736 = DIRECTION ( 'NONE',  ( 0.000000000000000000, -1.224646799147353207E-16, 1.000000000000000000 ) ) ;
#737 = CARTESIAN_POINT ( 'NONE',  ( -1.357050807568896511, -1.598582230064204864E-14, 6.187500000000002665 ) ) ;
#738 = CARTESIAN_POINT ( 'NONE',  ( 0.1735972396126692630, -1.512083700825214816, 7.406250000000000888 ) ) ;
#739 = CARTESIAN_POINT ( 'NONE',  ( -1.322475605676673105, -0.7635316469341545398, -8.536458333333332149 ) ) ;
#740 = ORIENTED_EDGE ( 'NONE', *, *, #1810, .F. ) ;
#741 = CARTESIAN_POINT ( 'NONE',  ( -1.017788105676672439, 0.5876202367904115320, -5.854166666666663410 ) ) ;
#742 = CARTESIAN_POINT ( 'NONE',  ( 0.9842308809664421787, 0.8614542065069007437, -8.139539810969889544 ) ) ;
#743 = ORIENTED_EDGE ( 'NONE', *, *, #3180, .T. ) ;
#744 = CARTESIAN_POINT ( 'NONE',  ( 1.322475605676672661, -0.7635316469341574264, 7.598958333333337478 ) ) ;
#745 = CARTESIAN_POINT ( 'NONE',  ( 0.8660254037844515862, -1.500000000000024647, -5.958333333333328596 ) ) ;
#746 = CARTESIAN_POINT ( 'NONE',  ( -0.6785254037844480335, 1.175240473580836831, 1.041666666666668961 ) ) ;
#747 = CARTESIAN_POINT ( 'NONE',  ( 1.299038105676672883, 0.7499999999999915623, 3.166666666666670515 ) ) ;
#748 = DIRECTION ( 'NONE',  ( 0.000000000000000000, -1.000000000000000000, 0.000000000000000000 ) ) ;
#749 = CARTESIAN_POINT ( 'NONE',  ( 1.017788105676672883, 0.5876202367904106438, -6.583333333333330373 ) ) ;
#750 = CARTESIAN_POINT ( 'NONE',  ( -1.322475605676673105, 0.7635316469341251189, 3.380208333333333481 ) ) ;
#751 = CARTESIAN_POINT ( 'NONE',  ( -1.870113174931204576E-16, -1.527063293868296201, -2.453124999999999556 ) ) ;
#752 = CARTESIAN_POINT ( 'NONE',  ( 0.8660254037844493658, 1.500000000000001776, -4.229166666666666075 ) ) ;
#753 = CARTESIAN_POINT ( 'NONE',  ( 1.017788105676672883, 0.5876202367904094226, 3.916666666666669183 ) ) ;
#754 = ORIENTED_EDGE ( 'NONE', *, *, #509, .F. ) ;
#755 = LINE ( 'NONE', #3809, #7340 ) ;
#756 = ORIENTED_EDGE ( 'NONE', *, *, #2177, .F. ) ;
#757 = CARTESIAN_POINT ( 'NONE',  ( 0.000000000000000000, 1.175240473580837053, -0.4374999999999973355 ) ) ;
#758 = CARTESIAN_POINT ( 'NONE',  ( -1.036004162901802639, 0.2622035415152743076, 8.124444084471209138 ) ) ;
#759 = CARTESIAN_POINT ( 'NONE',  ( -1.017788105676672439, -0.5876202367904421742, 7.666666666666668739 ) ) ;
#760 = CARTESIAN_POINT ( 'NONE',  ( -1.017788105676672439, -0.5876202367904409529, -2.270833333333330817 ) ) ;
#761 = LINE ( 'NONE', #3772, #134 ) ;
#762 = EDGE_CURVE ( 'NONE', #1115, #3269, #4689, .T. ) ;
#763 = CARTESIAN_POINT ( 'NONE',  ( -0.8660254037844483666, 1.500000000000002220, -4.645833333333332149 ) ) ;
#764 = LINE ( 'NONE', #1290, #1692 ) ;
#765 = EDGE_CURVE ( 'NONE', #5098, #426, #5505, .T. ) ;
#766 = EDGE_CURVE ( 'NONE', #845, #885, #80, .T. ) ;
#767 =( BOUNDED_CURVE ( )  B_SPLINE_CURVE ( 2, ( #1370, #1985, #2646, #2563, #7104, #1938, #6396 ),
 .UNSPECIFIED., .F., .F. ) 
 B_SPLINE_CURVE_WITH_KNOTS ( ( 3, 2, 2, 3 ),
 ( 0.6666666666666666297, 0.6805555555555554692, 0.6944444444444444198, 0.7083333333333332593 ),
 .UNSPECIFIED. ) 
 CURVE ( )  GEOMETRIC_REPRESENTATION_ITEM ( )  RATIONAL_B_SPLINE_CURVE ( ( 1.000000000000001110, 0.8660254037844375974, 1.000000000000000000, 0.8660254037844387076, 1.000000000000000000, 0.8660254037844387076, 1.000000000000000000 ) ) 
 REPRESENTATION_ITEM ( '' )  );
#768 = ORIENTED_EDGE ( 'NONE', *, *, #6282, .F. ) ;
#769 = CARTESIAN_POINT ( 'NONE',  ( -1.870113174931204576E-16, -1.527063293868296201, -2.484374999999995115 ) ) ;
#770 = CARTESIAN_POINT ( 'NONE',  ( -1.439254484199210086E-16, -1.175240473580867695, 1.312500000000001998 ) ) ;
#771 = CARTESIAN_POINT ( 'NONE',  ( 0.1593403583579699190, 1.257264236211744990, 4.943517117189527355 ) ) ;
#772 = CARTESIAN_POINT ( 'NONE',  ( -1.017788105676672439, -0.5876202367904401758, -8.333333333333330373 ) ) ;
#773 = CARTESIAN_POINT ( 'NONE',  ( 1.357050807568896511, -1.536144857436209456E-14, -1.624999999999997558 ) ) ;
#774 = AXIS2_PLACEMENT_3D ( 'NONE', #7559, #7444, #6814 ) ;
#775 = EDGE_CURVE ( 'NONE', #885, #4214, #4916, .T. ) ;
#776 = CARTESIAN_POINT ( 'NONE',  ( 0.000000000000000000, 1.500000000000001554, -3.249999999999996003 ) ) ;
#777 = ORIENTED_EDGE ( 'NONE', *, *, #3787, .F. ) ;
#778 = CARTESIAN_POINT ( 'NONE',  ( -0.4314072894756658672, 0.5883555573418879359, 8.191913363870524378 ) ) ;
#779 = CARTESIAN_POINT ( 'NONE',  ( -1.092813464767258269, -0.4323758804164954395, 4.718158681502227836 ) ) ;
#780 = CARTESIAN_POINT ( 'NONE',  ( 1.357050807568896511, -1.597377197393577346E-14, 3.375000000000001776 ) ) ;
#781 = CARTESIAN_POINT ( 'NONE',  ( 0.2265721277549859747, -1.555317688351657290, 7.785433827936197204 ) ) ;
#782 = CARTESIAN_POINT ( 'NONE',  ( -0.8816504037844485886, 1.527063293868266669, -8.161458333333332149 ) ) ;
#783 = VERTEX_POINT ( 'NONE', #4495 ) ;
#784 = CARTESIAN_POINT ( 'NONE',  ( 1.017788105676671995, -0.5876202367904410639, -7.604166666666663410 ) ) ;
#785 = DIRECTION ( 'NONE',  ( -0.9238795325112864054, -0.3826834323650907810, 0.000000000000000000 ) ) ;
#786 = CIRCLE ( 'NONE', #519, 4.606075864237157980 ) ;
#787 = ORIENTED_EDGE ( 'NONE', *, *, #2325, .T. ) ;
#788 = CARTESIAN_POINT ( 'NONE',  ( -0.8816504037844491437, -1.527063293868296867, 6.973958333333336590 ) ) ;
#789 = EDGE_CURVE ( 'NONE', #6372, #5735, #6994, .T. ) ;
#790 = CARTESIAN_POINT ( 'NONE',  ( -1.439254484199210086E-16, -1.175240473580867695, 0.2500000000000023870 ) ) ;
#791 = CARTESIAN_POINT ( 'NONE',  ( 1.732050807568896955, -1.497874644962854722E-14, -5.312500000000000888 ) ) ;
#792 = CARTESIAN_POINT ( 'NONE',  ( 0.000000000000000000, -2.287307525620819515, 5.750000000000000000 ) ) ;
#793 = CARTESIAN_POINT ( 'NONE',  ( 0.000000000000000000, 1.175240473580837719, -6.999999999999997335 ) ) ;
#794 = CARTESIAN_POINT ( 'NONE',  ( 1.322475605676673771, 0.7635316469341238976, 2.713541666666666963 ) ) ;
#795 = AXIS2_PLACEMENT_3D ( 'NONE', #6543, #3415, #241 ) ;
#796 = CARTESIAN_POINT ( 'NONE',  ( -1.357050807568896511, -1.554954187844579994E-14, 2.625000000000002665 ) ) ;
#797 = CARTESIAN_POINT ( 'NONE',  ( 1.299038105676671995, -0.7500000000000237588, -4.354166666666665186 ) ) ;
#798 = CARTESIAN_POINT ( 'NONE',  ( 1.357050807568896067, -1.609623665385050860E-14, 4.375000000000001776 ) ) ;
#799 = CARTESIAN_POINT ( 'NONE',  ( 0.000000000000000000, 1.500000000000001554, -2.749999999999996447 ) ) ;
#800 = ORIENTED_EDGE ( 'NONE', *, *, #1108, .F. ) ;
#801 = LINE ( 'NONE', #3142, #5356 ) ;
#802 = ORIENTED_EDGE ( 'NONE', *, *, #10, .T. ) ;
#803 = CARTESIAN_POINT ( 'NONE',  ( -1.017788105676672439, -0.5876202367904410639, -0.7708333333333308168 ) ) ;
#804 = CARTESIAN_POINT ( 'NONE',  ( 0.8660254037844452579, 1.500000000000007772, -0.7916666666666628549 ) ) ;
#805 = CARTESIAN_POINT ( 'NONE',  ( 0.000000000000000000, 1.500000000000001998, -6.749999999999996447 ) ) ;
#806 = CARTESIAN_POINT ( 'NONE',  ( -0.3402049654053950767, 1.231401807783003788, 4.968052312529817272 ) ) ;
#807 = CARTESIAN_POINT ( 'NONE',  ( -1.732050807568896511, -1.525103422115363460E-14, 0.3750000000000036637 ) ) ;
#808 =( BOUNDED_CURVE ( )  B_SPLINE_CURVE ( 2, ( #8104, #2407, #2036, #5246, #7075, #3233, #5700 ),
 .UNSPECIFIED., .F., .F. ) 
 B_SPLINE_CURVE_WITH_KNOTS ( ( 3, 2, 2, 3 ),
 ( 0.6249999999999998890, 0.6388888888888887285, 0.6527777777777776791, 0.6666666666666666297 ),
 .UNSPECIFIED. ) 
 CURVE ( )  GEOMETRIC_REPRESENTATION_ITEM ( )  RATIONAL_B_SPLINE_CURVE ( ( 1.000000000000001110, 0.8660254037844375974, 1.000000000000000000, 0.8660254037844387076, 1.000000000000000000, 0.8660254037844398178, 0.9999999999999988898 ) ) 
 REPRESENTATION_ITEM ( '' )  );
#809 = DIRECTION ( 'NONE',  ( 0.000000000000000000, -1.000000000000000000, 0.000000000000000000 ) ) ;
#810 = CARTESIAN_POINT ( 'NONE',  ( 1.732050807568896511, -1.484862772721913955E-14, -6.374999999999996447 ) ) ;
#811 = CYLINDRICAL_SURFACE ( 'NONE', #6677, 1.500000000000000888 ) ;
#812 = CARTESIAN_POINT ( 'NONE',  ( 1.017788105676671995, -0.5876202367904419521, -0.1041666666666642982 ) ) ;
#813 = CARTESIAN_POINT ( 'NONE',  ( 0.7487596934443717656, 1.006870509872317632, 4.908625558035836001 ) ) ;
#814 = CARTESIAN_POINT ( 'NONE',  ( 0.6785254037844478114, -1.175240473580866807, -7.708333333333331261 ) ) ;
#815 = EDGE_CURVE ( 'NONE', #6382, #5579, #1228, .T. ) ;
#816 = CARTESIAN_POINT ( 'NONE',  ( -1.017788105676672439, 0.5876202367904109769, -1.416666666666664076 ) ) ;
#817 =( BOUNDED_CURVE ( )  B_SPLINE_CURVE ( 2, ( #2075, #4611, #7031, #3941, #1334, #3859, #6488 ),
 .UNSPECIFIED., .F., .F. ) 
 B_SPLINE_CURVE_WITH_KNOTS ( ( 3, 2, 2, 3 ),
 ( 0.1666666666666665741, 0.1805555555555554970, 0.1944444444444444475, 0.2083333333333333703 ),
 .UNSPECIFIED. ) 
 CURVE ( )  GEOMETRIC_REPRESENTATION_ITEM ( )  RATIONAL_B_SPLINE_CURVE ( ( 1.000000000000000888, 0.8660254037844379305, 1.000000000000000000, 0.8660254037844387076, 1.000000000000000000, 0.8660254037844384856, 1.000000000000000222 ) ) 
 REPRESENTATION_ITEM ( '' )  );
#818 = CARTESIAN_POINT ( 'NONE',  ( -1.299038105676672439, 0.7499999999999940048, -5.604166666666664298 ) ) ;
#819 = VERTEX_POINT ( 'NONE', #4409 ) ;
#820 = CARTESIAN_POINT ( 'NONE',  ( 0.6785254037844490327, 1.175240473580835721, 8.020833333333335702 ) ) ;
#821 = CARTESIAN_POINT ( 'NONE',  ( -8.017743469581665388E-12, -1.218713188295135641, 4.837598983542213738 ) ) ;
#822 = CARTESIAN_POINT ( 'NONE',  ( 1.017788105676672883, 0.5876202367904095336, 3.416666666666669183 ) ) ;
#823 = CARTESIAN_POINT ( 'NONE',  ( -1.836970198721050395E-16, -1.500000000000031752, -2.937499999999998668 ) ) ;
#824 = ADVANCED_FACE ( 'NONE', ( #2584 ), #7888, .F. ) ;
#825 = EDGE_CURVE ( 'NONE', #1303, #2958, #5490, .T. ) ;
#826 = CARTESIAN_POINT ( 'NONE',  ( -0.8816504037844491437, -1.527063293868296423, 2.005208333333333925 ) ) ;
#827 = CARTESIAN_POINT ( 'NONE',  ( 1.322475605676672661, -0.7635316469341556500, -7.369791666666666075 ) ) ;
#828 = VERTEX_POINT ( 'NONE', #73 ) ;
#829 = CARTESIAN_POINT ( 'NONE',  ( 1.017788105676671995, -0.5876202367904415080, -3.604166666666663410 ) ) ;
#830 = CARTESIAN_POINT ( 'NONE',  ( -1.570261840389535646, 0.2262873432254836614, 7.968467505280395713 ) ) ;
#831 = ORIENTED_EDGE ( 'NONE', *, *, #1857, .T. ) ;
#832 = CARTESIAN_POINT ( 'NONE',  ( 1.322475605676673771, 0.7635316469341233425, 7.182291666666671404 ) ) ;
#833 = CARTESIAN_POINT ( 'NONE',  ( 1.568143934809861584, -0.1979066122514577530, 7.874741344396805509 ) ) ;
#834 = CARTESIAN_POINT ( 'NONE',  ( -1.017788105676672439, 0.5876202367904106438, 1.583333333333335924 ) ) ;
#835 = CARTESIAN_POINT ( 'NONE',  ( 0.000000000000000000, 1.500000000000001776, -3.187499999999998668 ) ) ;
#836 = EDGE_LOOP ( 'NONE', ( #5625, #1845, #1358, #3031 ) ) ;
#837 = CARTESIAN_POINT ( 'NONE',  ( 1.322475605676672661, -0.7635316469341568713, 2.630208333333333925 ) ) ;
#838 = CARTESIAN_POINT ( 'NONE',  ( -1.322475605676673105, -0.7635316469341554280, -1.536458333333332815 ) ) ;
#839 = CARTESIAN_POINT ( 'NONE',  ( -1.017788105676672439, 0.5876202367904117541, -7.916666666666664298 ) ) ;
#840 = CARTESIAN_POINT ( 'NONE',  ( 0.8816504037844494768, 1.527063293868266447, -7.776041666666661634 ) ) ;
#841 = DIRECTION ( 'NONE',  ( 0.000000000000000000, -1.000000000000000000, 0.000000000000000000 ) ) ;
#842 = VERTEX_POINT ( 'NONE', #1390 ) ;
#843 = CARTESIAN_POINT ( 'NONE',  ( -0.4347626794466383782, -0.5917109473128530084, 8.233624606597341966 ) ) ;
#844 = CARTESIAN_POINT ( 'NONE',  ( -1.017788105676672439, -0.5876202367904403978, -6.270833333333330373 ) ) ;
#845 = VERTEX_POINT ( 'NONE', #1215 ) ;
#846 = CARTESIAN_POINT ( 'NONE',  ( -0.6785254037844480335, 1.175240473580836831, 0.6041666666666690721 ) ) ;
#847 = CARTESIAN_POINT ( 'NONE',  ( 1.646767242728459579E-16, 1.187500000000004441, -8.250000000000000000 ) ) ;
#848 = CARTESIAN_POINT ( 'NONE',  ( 0.000000000000000000, 1.238568692749217891E-15, -7.937500000000000000 ) ) ;
#849 = DIRECTION ( 'NONE',  ( -0.000000000000000000, -1.224646799147353207E-16, 1.000000000000000000 ) ) ;
#850 = CARTESIAN_POINT ( 'NONE',  ( -1.299038105676672217, 0.7499999999999927836, 2.895833333333333925 ) ) ;
#851 = DIRECTION ( 'NONE',  ( -0.000000000000000000, -1.224646799147353207E-16, 1.000000000000000000 ) ) ;
#852 = CARTESIAN_POINT ( 'NONE',  ( -1.836970198721050149E-16, -1.500000000000031974, -0.4374999999999988898 ) ) ;
#853 = AXIS2_PLACEMENT_3D ( 'NONE', #2754, #7209, #5304 ) ;
#854 =( BOUNDED_CURVE ( )  B_SPLINE_CURVE ( 2, ( #1883, #5675, #4551, #5223, #5719, #7007, #1312 ),
 .UNSPECIFIED., .F., .F. ) 
 B_SPLINE_CURVE_WITH_KNOTS ( ( 3, 2, 2, 3 ),
 ( 0.7500000000000000000, 0.7638888888888888395, 0.7777777777777777901, 0.7916666666666666297 ),
 .UNSPECIFIED. ) 
 CURVE ( )  GEOMETRIC_REPRESENTATION_ITEM ( )  RATIONAL_B_SPLINE_CURVE ( ( 1.000000000000000000, 0.8660254037844387076, 1.000000000000000000, 0.8660254037844387076, 1.000000000000000000, 0.8660254037844387076, 1.000000000000000000 ) ) 
 REPRESENTATION_ITEM ( '' )  );
#855 = CARTESIAN_POINT ( 'NONE',  ( 1.017788105676671995, -0.5876202367904420631, 0.3958333333333357018 ) ) ;
#856 = DIRECTION ( 'NONE',  ( -0.000000000000000000, -1.224646799147353207E-16, 1.000000000000000000 ) ) ;
#857 = CARTESIAN_POINT ( 'NONE',  ( 1.017788105676672883, 0.5876202367904106438, -6.083333333333330373 ) ) ;
#858 = CARTESIAN_POINT ( 'NONE',  ( -0.6785254037844480335, 1.175240473580837053, -1.958333333333331039 ) ) ;
#859 = CARTESIAN_POINT ( 'NONE',  ( 0.2165512627827183845, -1.507752490716990135, 7.690091666444043739 ) ) ;
#860 = VERTEX_POINT ( 'NONE', #7083 ) ;
#861 = CARTESIAN_POINT ( 'NONE',  ( -0.4314072894756710297, -0.5883555573418859375, 8.191913363870522602 ) ) ;
#862 = CARTESIAN_POINT ( 'NONE',  ( -1.836970198721050149E-16, -1.500000000000032419, 3.562500000000001332 ) ) ;
#863 = CARTESIAN_POINT ( 'NONE',  ( 0.6785254037844478114, -1.175240473580868139, 3.791666666666668739 ) ) ;
#864 = CARTESIAN_POINT ( 'NONE',  ( -1.732050807568896955, -1.440143550424516424E-14, -6.562500000000000888 ) ) ;
#865 = CARTESIAN_POINT ( 'NONE',  ( -1.322475605676673105, -0.7635316469341558721, 1.963541666666667185 ) ) ;
#866 = CARTESIAN_POINT ( 'NONE',  ( 1.763300807568897621, -1.498257347087588033E-14, -5.328124999999999112 ) ) ;
#867 = VERTEX_POINT ( 'NONE', #5122 ) ;
#868 = CARTESIAN_POINT ( 'NONE',  ( 1.017788105676672883, 0.5876202367904103108, -3.020833333333330373 ) ) ;
#869 = EDGE_CURVE ( 'NONE', #7572, #6427, #7666, .T. ) ;
#870 = ADVANCED_FACE ( 'NONE', ( #7621 ), #108, .T. ) ;
#871 = EDGE_CURVE ( 'NONE', #2924, #5661, #1147, .T. ) ;
#872 = ORIENTED_EDGE ( 'NONE', *, *, #1313, .T. ) ;
#873 = CARTESIAN_POINT ( 'NONE',  ( -1.870113174931204576E-16, -1.527063293868297533, 7.515625000000004441 ) ) ;
#874 = B_SPLINE_CURVE_WITH_KNOTS ( 'NONE', 3,
 ( #6459, #3246, #7086, #778 ),
 .UNSPECIFIED., .F., .F.,
 ( 4, 4 ),
 ( 1.212174879515270077E-19, 0.0002264108095573637682 ),
 .UNSPECIFIED. ) ;
#875 = CARTESIAN_POINT ( 'NONE',  ( 0.000000000000000000, 1.500000000000001110, 0.7500000000000038858 ) ) ;
#876 = CARTESIAN_POINT ( 'NONE',  ( -0.2267097614933555327, -1.516811748361102108, 7.786743325484763112 ) ) ;
#877 = CARTESIAN_POINT ( 'NONE',  ( 0.8660254037844437036, -1.500000000000039968, 2.604166666666666963 ) ) ;
#878 = CARTESIAN_POINT ( 'NONE',  ( -1.322475605676673105, -0.7635316469341559831, 3.463541666666666963 ) ) ;
#879 = CARTESIAN_POINT ( 'NONE',  ( 0.8816504037844494768, 1.527063293868265337, 0.7552083333333333703 ) ) ;
#880 = CARTESIAN_POINT ( 'NONE',  ( 0.000000000000000000, 1.175240473580837941, -8.499999999999996447 ) ) ;
#881 = CARTESIAN_POINT ( 'NONE',  ( 0.8816504037844482555, -1.527063293868296423, -4.942708333333328596 ) ) ;
#882 = ORIENTED_EDGE ( 'NONE', *, *, #5527, .T. ) ;
#883 = CARTESIAN_POINT ( 'NONE',  ( 0.6785254037844490327, 1.175240473580836831, -4.041666666666664298 ) ) ;
#884 = CARTESIAN_POINT ( 'NONE',  ( -1.439254484199210086E-16, -1.175240473580866807, -6.187499999999996447 ) ) ;
#885 = VERTEX_POINT ( 'NONE', #2624 ) ;
#886 = CARTESIAN_POINT ( 'NONE',  ( 0.6785254037844490327, 1.175240473580835943, 2.020833333333335258 ) ) ;
#887 = CARTESIAN_POINT ( 'NONE',  ( 0.8660254037844475894, -1.500000000000032196, -0.9583333333333294846 ) ) ;
#888 = CARTESIAN_POINT ( 'NONE',  ( -1.357050807568896067, -1.500610486132416430E-14, -1.812499999999998002 ) ) ;
#889 = DIRECTION ( 'NONE',  ( -0.000000000000000000, -1.224646799147353207E-16, 1.000000000000000000 ) ) ;
#890 = CARTESIAN_POINT ( 'NONE',  ( 0.000000000000000000, 1.500000000000000888, 1.312500000000000888 ) ) ;
#891 = CARTESIAN_POINT ( 'NONE',  ( 1.322475605676673771, 0.7635316469341243417, -1.317708333333329040 ) ) ;
#892 = CARTESIAN_POINT ( 'NONE',  ( 0.8660254037844496988, -1.500000000000028200, -6.395833333333330373 ) ) ;
#893 = CARTESIAN_POINT ( 'NONE',  ( -1.017788105676672439, -0.5876202367904412860, 0.7291666666666691832 ) ) ;
#894 = CARTESIAN_POINT ( 'NONE',  ( -1.357050807568896067, -1.567966060085521077E-14, 3.687500000000002220 ) ) ;
#895 = CARTESIAN_POINT ( 'NONE',  ( -1.017788105676672439, -0.5876202367904403978, -6.333333333333330373 ) ) ;
#896 = CARTESIAN_POINT ( 'NONE',  ( 1.017788105676672883, 0.5876202367904100887, -1.083333333333330817 ) ) ;
#897 = CARTESIAN_POINT ( 'NONE',  ( -1.498883479085570514, 0.2066060943415964080, 7.595469709336404307 ) ) ;
#898 = VERTEX_POINT ( 'NONE', #3870 ) ;
#899 = CARTESIAN_POINT ( 'NONE',  ( -0.8234078741651548183, -0.8385640366158030323, -8.250000000000000000 ) ) ;
#900 = CARTESIAN_POINT ( 'NONE',  ( -1.357050807568896511, -1.554954187844580310E-14, 2.625000000000002665 ) ) ;
#901 = CARTESIAN_POINT ( 'NONE',  ( 1.017788105676671995, -0.5876202367904411750, -7.104166666666664298 ) ) ;
#902 = LINE ( 'NONE', #2672, #6933 ) ;
#903 = CARTESIAN_POINT ( 'NONE',  ( 1.322475605676673771, 0.7635316469341250079, -6.286458333333332149 ) ) ;
#904 = ORIENTED_EDGE ( 'NONE', *, *, #5173, .T. ) ;
#905 = CARTESIAN_POINT ( 'NONE',  ( -1.017788105676672439, 0.5876202367904113100, -3.854166666666663854 ) ) ;
#906 = CIRCLE ( 'NONE', #3411, 2.290070906916725768 ) ;
#907 = EDGE_LOOP ( 'NONE', ( #3396, #5665, #5344, #4025 ) ) ;
#908 = CIRCLE ( 'NONE', #5417, 1.500000000000000888 ) ;
#909 = CARTESIAN_POINT ( 'NONE',  ( -0.6785254037844485886, -1.175240473580867695, 3.770833333333335702 ) ) ;
#910 = CARTESIAN_POINT ( 'NONE',  ( -1.299038105676672217, -0.7500000000000235367, 2.416666666666670071 ) ) ;
#911 = CARTESIAN_POINT ( 'NONE',  ( -0.9978205399679941356, 0.2631248712943746737, 8.133209951772101931 ) ) ;
#912 = CYLINDRICAL_SURFACE ( 'NONE', #5958, 0.2916000000000000814 ) ;
#913 = DIRECTION ( 'NONE',  ( 0.000000000000000000, -1.000000000000000000, 0.000000000000000000 ) ) ;
#914 = CARTESIAN_POINT ( 'NONE',  ( 0.2087934338140758905, -0.9100100306033871433, 7.406250000000000888 ) ) ;
#915 = CARTESIAN_POINT ( 'NONE',  ( 1.763300807568897621, -1.639091728989533769E-14, 6.171875000000000000 ) ) ;
#917 = EDGE_CURVE ( 'NONE', #5325, #6666, #6416, .T. ) ;
#916 = CARTESIAN_POINT ( 'NONE',  ( 0.8816504037844494768, 1.527063293868265115, 1.255208333333333925 ) ) ;
#918 = AXIS2_PLACEMENT_3D ( 'NONE', #1747, #1783, #5577 ) ;
#919 = CARTESIAN_POINT ( 'NONE',  ( -1.017788105676672439, -0.5876202367904402868, -7.333333333333330373 ) ) ;
#920 = CARTESIAN_POINT ( 'NONE',  ( -1.763300807568897621, -1.463871082157995885E-14, -4.609374999999995559 ) ) ;
#921 = CARTESIAN_POINT ( 'NONE',  ( 0.2165511500658405253, 1.507752390197092396, 7.690090594014555414 ) ) ;
#922 = EDGE_LOOP ( 'NONE', ( #3683, #226, #56, #2762 ) ) ;
#923 = CARTESIAN_POINT ( 'NONE',  ( -1.439254484199210086E-16, -1.175240473580867251, -2.749999999999997335 ) ) ;
#924 = CARTESIAN_POINT ( 'NONE',  ( -1.017788105676672439, 0.5876202367904117541, -7.854166666666663410 ) ) ;
#925 = AXIS2_PLACEMENT_3D ( 'NONE', #2800, #736, #6460 ) ;
#926 = ORIENTED_EDGE ( 'NONE', *, *, #4821, .F. ) ;
#927 = CARTESIAN_POINT ( 'NONE',  ( -1.017788105676672439, 0.5876202367904108659, 0.1458333333333359239 ) ) ;
#928 = CARTESIAN_POINT ( 'NONE',  ( -0.2062073152952886845, -1.537627275276063576, 7.591675580152610792 ) ) ;
#929 = CARTESIAN_POINT ( 'NONE',  ( 1.017788105676671995, -0.5876202367904420631, 0.3958333333333357018 ) ) ;
#930 = CARTESIAN_POINT ( 'NONE',  ( 0.000000000000000000, 1.500000000000001110, -0.1874999999999986400 ) ) ;
#931 = ADVANCED_FACE ( 'NONE', ( #5169 ), #1656, .T. ) ;
#932 = CARTESIAN_POINT ( 'NONE',  ( -0.1879607210211859669, 1.559594178744792448, 7.782412223762205983 ) ) ;
#933 = CARTESIAN_POINT ( 'NONE',  ( 1.572796539117266246, 0.2470295587086594191, 7.980073281827053222 ) ) ;
#934 = CARTESIAN_POINT ( 'NONE',  ( -1.322475605676673105, 0.7635316469341256740, -1.151041666666662300 ) ) ;
#935 = CARTESIAN_POINT ( 'NONE',  ( 1.017788105676672883, 0.5876202367904096446, 2.916666666666669183 ) ) ;
#936 = CARTESIAN_POINT ( 'NONE',  ( 0.000000000000000000, 1.175240473580837053, -0.9999999999999974465 ) ) ;
#937 = CARTESIAN_POINT ( 'NONE',  ( -0.6785254037844480335, 1.175240473580836387, 4.104166666666668739 ) ) ;
#938 = CARTESIAN_POINT ( 'NONE',  ( -1.357050807568896511, -1.438612741925581603E-14, -6.874999999999998224 ) ) ;
#939 = CARTESIAN_POINT ( 'NONE',  ( -1.357050807568896511, -1.512091549874422692E-14, -0.8749999999999977796 ) ) ;
#940 = CARTESIAN_POINT ( 'NONE',  ( 0.2368692021002815618, -1.525790226333803234, 7.883403946070118629 ) ) ;
#941 = ORIENTED_EDGE ( 'NONE', *, *, #3082, .T. ) ;
#942 = DIRECTION ( 'NONE',  ( -0.000000000000000000, -1.224646799147353207E-16, 1.000000000000000000 ) ) ;
#943 = CARTESIAN_POINT ( 'NONE',  ( 1.357050807568896511, -1.591253963397840588E-14, 2.875000000000002220 ) ) ;
#944 = CARTESIAN_POINT ( 'NONE',  ( 0.6785254037844490327, 1.175240473580837275, -6.979166666666664298 ) ) ;
#945 = CARTESIAN_POINT ( 'NONE',  ( 1.763300807568897621, -1.596229091019376151E-14, 2.671875000000000888 ) ) ;
#946 = CARTESIAN_POINT ( 'NONE',  ( 1.763300807568897621, -1.492134113091851275E-14, -5.828124999999999112 ) ) ;
#947 = ORIENTED_EDGE ( 'NONE', *, *, #4773, .F. ) ;
#948 = CARTESIAN_POINT ( 'NONE',  ( 1.017788105676671995, -0.5876202367904413970, -4.604166666666664298 ) ) ;
#949 = VERTEX_POINT ( 'NONE', #4090 ) ;
#950 = CARTESIAN_POINT ( 'NONE',  ( 1.322475605676673771, 0.7635316469341231205, 8.682291666666671404 ) ) ;
#951 = DIRECTION ( 'NONE',  ( 0.000000000000000000, 0.000000000000000000, 1.000000000000000000 ) ) ;
#952 = CARTESIAN_POINT ( 'NONE',  ( 0.000000000000000000, 1.175240473580837275, -2.937499999999997335 ) ) ;
#953 = CARTESIAN_POINT ( 'NONE',  ( -0.8660254037844480335, 1.500000000000000666, 3.354166666666667851 ) ) ;
#954 = DIRECTION ( 'NONE',  ( 0.000000000000000000, -1.000000000000000000, 0.000000000000000000 ) ) ;
#955 = DIRECTION ( 'NONE',  ( 1.000000000000000000, 0.000000000000000000, 0.000000000000000000 ) ) ;
#956 = CARTESIAN_POINT ( 'NONE',  ( 1.763300807568897621, -1.632968494993796696E-14, 5.671875000000000000 ) ) ;
#957 = CARTESIAN_POINT ( 'NONE',  ( 1.322475605676673771, 0.7635316469341240087, 1.213541666666667407 ) ) ;
#958 = CARTESIAN_POINT ( 'NONE',  ( -0.6785254037844480335, 1.175240473580837719, -8.458333333333330373 ) ) ;
#959 = CARTESIAN_POINT ( 'NONE',  ( 0.8816504037844494768, 1.527063293868266225, -4.276041666666662522 ) ) ;
#960 = CARTESIAN_POINT ( 'NONE',  ( -0.1867183014945854036, -1.020989215107071191, 7.406250000000000888 ) ) ;
#961 = VERTEX_POINT ( 'NONE', #3463 ) ;
#962 = CARTESIAN_POINT ( 'NONE',  ( 0.1867183014945853758, 1.020989215107069192, 7.406250000000000888 ) ) ;
#963 = CARTESIAN_POINT ( 'NONE',  ( -1.357050807568896067, -1.427131678183575341E-14, -7.812499999999997335 ) ) ;
#964 = ORIENTED_EDGE ( 'NONE', *, *, #1513, .T. ) ;
#965 = CARTESIAN_POINT ( 'NONE',  ( 1.017788105676671995, -0.5876202367904420631, 0.3958333333333357018 ) ) ;
#966 = CARTESIAN_POINT ( 'NONE',  ( -1.357050807568896511, -1.573323889831790582E-14, 4.125000000000001776 ) ) ;
#967 = CARTESIAN_POINT ( 'NONE',  ( -0.6785254037844480335, 1.175240473580837053, -1.895833333333330817 ) ) ;
#968 = CARTESIAN_POINT ( 'NONE',  ( 1.836970198721030920E-16, 1.500000000000000222, 8.250000000000000000 ) ) ;
#969 = DIRECTION ( 'NONE',  ( -0.3805870524817601686, 0.9188184237650814934, -0.1045284632676536235 ) ) ;
#970 = ADVANCED_FACE ( 'NONE', ( #4588 ), #329, .T. ) ;
#971 = EDGE_CURVE ( 'NONE', #26, #2674, #63, .T. ) ;
#972 = EDGE_CURVE ( 'NONE', #121, #4834, #4758, .T. ) ;
#973 = CARTESIAN_POINT ( 'NONE',  ( 1.322475605676673771, 0.7635316469341243417, -0.8177083333333289294 ) ) ;
#974 = DIRECTION ( 'NONE',  ( -0.02078751127481453381, -0.1045058763748856895, -0.9943069954385901354 ) ) ;
#975 = B_SPLINE_CURVE_WITH_KNOTS ( 'NONE', 3,
 ( #5667, #8118, #1835, #5713, #3118, #7500, #3204 ),
 .UNSPECIFIED., .F., .F.,
 ( 4, 3, 4 ),
 ( 0.000000000000000000, 0.0002797668062532036632, 0.0005665053905760233715 ),
 .UNSPECIFIED. ) ;
#976 = CARTESIAN_POINT ( 'NONE',  ( 0.6785254037844490327, 1.175240473580835943, 3.020833333333335258 ) ) ;
#977 = CARTESIAN_POINT ( 'NONE',  ( 1.732050807568896511, -1.546095112679281845E-14, -1.374999999999996225 ) ) ;
#978 = CARTESIAN_POINT ( 'NONE',  ( 0.6785254037844478114, -1.175240473580867251, -5.208333333333330373 ) ) ;
#979 = CARTESIAN_POINT ( 'NONE',  ( -0.6785254037844485886, -1.175240473580867473, -0.2916666666666640206 ) ) ;
#980 = CARTESIAN_POINT ( 'NONE',  ( -0.4531220514732887117, -0.3980426312550029988, 7.406250000000000888 ) ) ;
#981 = AXIS2_PLACEMENT_3D ( 'NONE', #4219, #7346, #1723 ) ;
#982 = ORIENTED_EDGE ( 'NONE', *, *, #1414, .F. ) ;
#983 = DIRECTION ( 'NONE',  ( -0.1045058763748855923, 0.02078751127481552261, 0.9943069954385902465 ) ) ;
#984 = CARTESIAN_POINT ( 'NONE',  ( 1.357050807568896511, -1.634116601367997574E-14, 6.375000000000001776 ) ) ;
#985 = FACE_OUTER_BOUND ( 'NONE', #836, .T. ) ;
#986 = CARTESIAN_POINT ( 'NONE',  ( 0.000000000000000000, 1.527063293868265559, 2.296875000000000444 ) ) ;
#987 = EDGE_LOOP ( 'NONE', ( #2848, #1232, #800, #2098 ) ) ;
#988 = CARTESIAN_POINT ( 'NONE',  ( 0.6785254037844490327, 1.175240473580836831, -3.979166666666663854 ) ) ;
#989 = ORIENTED_EDGE ( 'NONE', *, *, #369, .T. ) ;
#990 = CARTESIAN_POINT ( 'NONE',  ( 1.017788105676671995, -0.5876202367904425072, 4.395833333333335702 ) ) ;
#991 = CARTESIAN_POINT ( 'NONE',  ( -0.8660254037844480335, 1.500000000000002220, -5.708333333333330373 ) ) ;
#992 = LINE ( 'NONE', #7265, #1879 ) ;
#993 = DIRECTION ( 'NONE',  ( 6.233532255300642120E-17, -1.000000000000000000, -0.000000000000000000 ) ) ;
#994 = CARTESIAN_POINT ( 'NONE',  ( 1.572391632816122709, -0.2219105846160812079, 7.967918235608000721 ) ) ;
#995 = DIRECTION ( 'NONE',  ( 0.000000000000000000, -1.000000000000000000, 0.000000000000000000 ) ) ;
#996 = CARTESIAN_POINT ( 'NONE',  ( -1.763300807568897621, -1.598964932188938175E-14, 6.421875000000000888 ) ) ;
#997 = CARTESIAN_POINT ( 'NONE',  ( -1.322475605676673105, -0.7635316469341554280, -1.036458333333332815 ) ) ;
#998 = CARTESIAN_POINT ( 'NONE',  ( -1.357050807568896511, -1.426366273934108089E-14, -7.874999999999996447 ) ) ;
#999 = CARTESIAN_POINT ( 'NONE',  ( -1.870113174931204576E-16, -1.527063293868295979, -5.484374999999995559 ) ) ;
#1000 = CARTESIAN_POINT ( 'NONE',  ( -0.8660254037844486996, -1.500000000000031530, -0.9791666666666652974 ) ) ;
#1001 = ORIENTED_EDGE ( 'NONE', *, *, #2177, .T. ) ;
#1002 = CARTESIAN_POINT ( 'NONE',  ( 0.8660254037844451469, 1.500000000000008660, -5.729166666666666075 ) ) ;
#1003 = CARTESIAN_POINT ( 'NONE',  ( 0.000000000000000000, 1.175240473580837719, -7.437499999999997335 ) ) ;
#1004 = ORIENTED_EDGE ( 'NONE', *, *, #2073, .T. ) ;
#1005 = CARTESIAN_POINT ( 'NONE',  ( -1.357050807568896511, -1.537349890106836974E-14, 1.187500000000002887 ) ) ;
#1006 = CARTESIAN_POINT ( 'NONE',  ( -1.357050807568896511, -1.579447123827527339E-14, 4.625000000000001776 ) ) ;
#1007 = CARTESIAN_POINT ( 'NONE',  ( -1.017788105676672439, 0.5876202367904108659, -0.3541666666666640761 ) ) ;
#1008 = CARTESIAN_POINT ( 'NONE',  ( 0.000000000000000000, 1.500000000000001998, -2.249999999999995559 ) ) ;
#1009 = CARTESIAN_POINT ( 'NONE',  ( 0.000000000000000000, 1.500000000000001998, -6.249999999999996447 ) ) ;
#1010 = CARTESIAN_POINT ( 'NONE',  ( -1.763300807568897621, -1.506733720128153187E-14, -1.109374999999995781 ) ) ;
#1011 = FACE_OUTER_BOUND ( 'NONE', #4427, .T. ) ;
#1012 = CARTESIAN_POINT ( 'NONE',  ( -1.357050807568896511, -1.487598613891475663E-14, -2.874999999999996891 ) ) ;
#1013 = CARTESIAN_POINT ( 'NONE',  ( 1.732050807568896511, -1.558341580670755359E-14, -0.3749999999999962808 ) ) ;
#1014 = CARTESIAN_POINT ( 'NONE',  ( -1.017788105676672439, -0.5876202367904405088, -5.833333333333331261 ) ) ;
#1015 = EDGE_CURVE ( 'NONE', #1211, #7624, #7797, .T. ) ;
#1016 = APPROVAL_STATUS ( 'not_yet_approved' ) ;
#1017 = ORIENTED_EDGE ( 'NONE', *, *, #511, .T. ) ;
#1018 = DIRECTION ( 'NONE',  ( -0.1045058763748856062, 0.02078751127481553648, 0.9943069954385902465 ) ) ;
#1019 = CARTESIAN_POINT ( 'NONE',  ( -1.017788105676672439, 0.5876202367904101997, 6.083333333333335702 ) ) ;
#1020 = FACE_OUTER_BOUND ( 'NONE', #987, .T. ) ;
#1021 = CARTESIAN_POINT ( 'NONE',  ( 1.836970198721030920E-16, 1.500000000000000222, 8.250000000000000000 ) ) ;
#1022 = EDGE_CURVE ( 'NONE', #5884, #2449, #902, .T. ) ;
#1023 = ORIENTED_EDGE ( 'NONE', *, *, #3392, .T. ) ;
#1024 = DIRECTION ( 'NONE',  ( -0.000000000000000000, -1.224646799147352961E-16, 1.000000000000000000 ) ) ;
#1025 = ORIENTED_EDGE ( 'NONE', *, *, #6243, .F. ) ;
#1026 = CARTESIAN_POINT ( 'NONE',  ( -0.8816504037844491437, -1.527063293868297311, 8.473958333333337478 ) ) ;
#1027 = CARTESIAN_POINT ( 'NONE',  ( 1.531318301494582590, 2.070106209874711453E-15, 7.406250000000000888 ) ) ;
#1028 = CARTESIAN_POINT ( 'NONE',  ( 1.534691860997136059, 0.2470292989821765983, 7.980070810694637196 ) ) ;
#1029 = FACE_OUTER_BOUND ( 'NONE', #7360, .T. ) ;
#1030 = CARTESIAN_POINT ( 'NONE',  ( 1.535890407632281018, -0.2469850266604079470, 7.979649587690042623 ) ) ;
#1031 = CARTESIAN_POINT ( 'NONE',  ( 1.017788105676671995, -0.5876202367904423962, 3.395833333333335702 ) ) ;
#1032 = CARTESIAN_POINT ( 'NONE',  ( 0.8816504037844494768, 1.527063293868264893, 5.255208333333333925 ) ) ;
#1033 = CARTESIAN_POINT ( 'NONE',  ( 1.322475605676673771, 0.7635316469341241197, 0.7135416666666669627 ) ) ;
#1034 = CARTESIAN_POINT ( 'NONE',  ( -0.6785254037844480335, 1.175240473580837497, -6.458333333333330373 ) ) ;
#1035 = CARTESIAN_POINT ( 'NONE',  ( 1.763300807568897621, -1.491751410967117649E-14, -5.859374999999994671 ) ) ;
#1036 = CARTESIAN_POINT ( 'NONE',  ( 0.000000000000000000, -6.870792872182083774E-16, 5.610428147091714557 ) ) ;
#1037 = VECTOR ( 'NONE', #8124, 1000.000000000000114 ) ;
#1038 = ORIENTED_EDGE ( 'NONE', *, *, #4510, .T. ) ;
#1039 = CARTESIAN_POINT ( 'NONE',  ( 1.299038105676672883, 0.7499999999999926725, -6.833333333333329485 ) ) ;
#1040 = CARTESIAN_POINT ( 'NONE',  ( 1.357050807568896067, -1.487924389719782649E-14, -5.562499999999997335 ) ) ;
#1041 = VERTEX_POINT ( 'NONE', #3419 ) ;
#1042 = CARTESIAN_POINT ( 'NONE',  ( 0.6785254037844478114, -1.175240473580867695, 2.854166666666668739 ) ) ;
#1043 = CARTESIAN_POINT ( 'NONE',  ( -1.357050807568896511, -1.591693591819000854E-14, 5.625000000000001776 ) ) ;
#1044 = CARTESIAN_POINT ( 'NONE',  ( 1.357050807568896067, -1.543033495681413466E-14, -1.062499999999997558 ) ) ;
#1045 = CIRCLE ( 'NONE', #5677, 4.606075864237157980 ) ;
#1046 = CARTESIAN_POINT ( 'NONE',  ( -1.382348290881712849, -0.4336303116825741544, -8.000774674349830917 ) ) ;
#1047 = CARTESIAN_POINT ( 'NONE',  ( 0.8660254037844397068, -1.500000000000046185, 1.104166666666667407 ) ) ;
#1048 = CARTESIAN_POINT ( 'NONE',  ( -1.732050807568896511, -1.445501380170785613E-14, -6.124999999999995559 ) ) ;
#1049 = AXIS2_PLACEMENT_3D ( 'NONE', #2788, #1624, #6730 ) ;
#1050 = CARTESIAN_POINT ( 'NONE',  ( 0.000000000000000000, 1.527063293868266003, -0.7343749999999954481 ) ) ;
#1051 = CARTESIAN_POINT ( 'NONE',  ( -0.1780109122479161532, -1.550969061094564339, 7.690090594014556302 ) ) ;
#1052 = CARTESIAN_POINT ( 'NONE',  ( 0.6785254037844478114, -1.175240473580867695, 2.854166666666668739 ) ) ;
#1053 = CARTESIAN_POINT ( 'NONE',  ( 1.020989215107069858, -0.1867183014945898445, 7.406250000000000888 ) ) ;
#1054 = CARTESIAN_POINT ( 'NONE',  ( -1.439254484199210086E-16, -1.175240473580867251, -3.249999999999997780 ) ) ;
#1055 = ORIENTED_EDGE ( 'NONE', *, *, #4253, .T. ) ;
#1056 = EDGE_CURVE ( 'NONE', #6293, #734, #7173, .T. ) ;
#1057 = CARTESIAN_POINT ( 'NONE',  ( 0.2070875099665574481, 0.4999534751593357473, 7.406250000000000888 ) ) ;
#1058 = CARTESIAN_POINT ( 'NONE',  ( 1.017788105676671995, -0.5876202367904426183, 4.833333333333335702 ) ) ;
#1059 = CARTESIAN_POINT ( 'NONE',  ( 1.357050807568896511, -1.457308219741098862E-14, -8.062499999999998224 ) ) ;
#1060 = ORIENTED_EDGE ( 'NONE', *, *, #3786, .T. ) ;
#1061 = CARTESIAN_POINT ( 'NONE',  ( -8.017743469581665388E-12, -1.218713188295135641, 4.837598983542213738 ) ) ;
#1062 = ORIENTED_EDGE ( 'NONE', *, *, #5073, .T. ) ;
#1063 = CARTESIAN_POINT ( 'NONE',  ( -1.017788105676672439, 0.5876202367904106438, 2.645833333333335702 ) ) ;
#1064 = EDGE_CURVE ( 'NONE', #8115, #3339, #1599, .T. ) ;
#1065 = CARTESIAN_POINT ( 'NONE',  ( 3.629853112672752292E-16, 2.963999999999997303, 7.124999999999999112 ) ) ;
#1066 = EDGE_CURVE ( 'NONE', #7738, #6512, #4198, .T. ) ;
#1067 = CARTESIAN_POINT ( 'NONE',  ( -1.836970198721050149E-16, -1.500000000000032419, 4.500000000000003553 ) ) ;
#1068 = CARTESIAN_POINT ( 'NONE',  ( 1.017788105676671995, -0.5876202367904426183, 5.395833333333335702 ) ) ;
#1069 = CARTESIAN_POINT ( 'NONE',  ( -0.8816504037844491437, -1.527063293868296867, 5.005208333333333925 ) ) ;
#1070 = CARTESIAN_POINT ( 'NONE',  ( 0.9609782536090900606, 0.2712414087855096745, 8.140750377164776452 ) ) ;
#1071 = CARTESIAN_POINT ( 'NONE',  ( 1.357050807568896511, -1.481035751474578639E-14, -6.124999999999997335 ) ) ;
#1072 = CARTESIAN_POINT ( 'NONE',  ( 0.8816504037844494768, 1.527063293868266003, -2.776041666666662522 ) ) ;
#1073 = CARTESIAN_POINT ( 'NONE',  ( -1.349393537289492961, 0.3153266958577334855, 5.288318736768167661 ) ) ;
#1074 =( BOUNDED_CURVE ( )  B_SPLINE_CURVE ( 2, ( #6724, #3479, #1039, #5482, #8016, #4852, #461 ),
 .UNSPECIFIED., .F., .F. ) 
 B_SPLINE_CURVE_WITH_KNOTS ( ( 3, 2, 2, 3 ),
 ( 0.7500000000000000000, 0.7638888888888888395, 0.7777777777777777901, 0.7916666666666666297 ),
 .UNSPECIFIED. ) 
 CURVE ( )  GEOMETRIC_REPRESENTATION_ITEM ( )  RATIONAL_B_SPLINE_CURVE ( ( 1.000000000000000000, 0.8660254037844387076, 1.000000000000000000, 0.8660254037844387076, 1.000000000000000000, 0.8660254037844387076, 1.000000000000000000 ) ) 
 REPRESENTATION_ITEM ( '' )  );
#1075 = FACE_OUTER_BOUND ( 'NONE', #3289, .T. ) ;
#1076 = CARTESIAN_POINT ( 'NONE',  ( 1.017788105676672883, 0.5876202367904106438, -5.520833333333330373 ) ) ;
#1077 = CARTESIAN_POINT ( 'NONE',  ( 0.000000000000000000, 1.175240473580836831, 2.602085213965210642E-15 ) ) ;
#1078 = ORIENTED_EDGE ( 'NONE', *, *, #5336, .F. ) ;
#1079 = CARTESIAN_POINT ( 'NONE',  ( 0.000000000000000000, -6.170566814974449765E-16, 7.214831068342490994 ) ) ;
#1080 = CARTESIAN_POINT ( 'NONE',  ( 1.017788105676672883, 0.5876202367904094226, 4.416666666666668739 ) ) ;
#1081 = CARTESIAN_POINT ( 'NONE',  ( -0.6785254037844480335, 1.175240473580836831, 1.104166666666669183 ) ) ;
#1082 = CARTESIAN_POINT ( 'NONE',  ( -1.238592043479980198, 0.6510946465055489352, -8.041301201700875367 ) ) ;
#1083 = DIRECTION ( 'NONE',  ( -0.000000000000000000, -1.224646799147353207E-16, 1.000000000000000000 ) ) ;
#1084 = CARTESIAN_POINT ( 'NONE',  ( -0.5251542044367961681, -0.3682059365705845910, 7.406250000000000888 ) ) ;
#1085 = CARTESIAN_POINT ( 'NONE',  ( -1.763300807568897621, -1.537349890106836974E-14, 1.390625000000004663 ) ) ;
#1086 = CARTESIAN_POINT ( 'NONE',  ( -0.1826575322082376052, -1.499946631447521384, 7.406250000000000888 ) ) ;
#1087 = CARTESIAN_POINT ( 'NONE',  ( 0.6785254037844478114, -1.175240473580867695, -1.708333333333330817 ) ) ;
#1088 = SPHERICAL_SURFACE ( 'NONE', #3288, 4.610772840853449850 ) ;
#1089 = CARTESIAN_POINT ( 'NONE',  ( 1.017788105676672883, 0.5876202367904101997, -2.583333333333330817 ) ) ;
#1090 = CARTESIAN_POINT ( 'NONE',  ( -0.8816504037844485886, 1.527063293868266447, -7.161458333333331261 ) ) ;
#1091 = EDGE_LOOP ( 'NONE', ( #6822, #5585, #6671, #6048, #530, #6402, #4686, #5163, #5153, #3141, #125, #2540, #1192, #6886, #964, #7561, #6924, #3421, #199, #4383, #7760, #3781, #5969, #1375, #2542 ) ) ;
#1092 = DIRECTION ( 'NONE',  ( -0.000000000000000000, -1.224646799147353207E-16, 1.000000000000000000 ) ) ;
#1093 = CARTESIAN_POINT ( 'NONE',  ( 1.017788105676672883, 0.5876202367904090895, 6.916666666666668739 ) ) ;
#1094 = CARTESIAN_POINT ( 'NONE',  ( -1.017788105676672439, 0.5876202367904115320, -5.354166666666663410 ) ) ;
#1095 = ORIENTED_EDGE ( 'NONE', *, *, #4295, .T. ) ;
#1096 = CARTESIAN_POINT ( 'NONE',  ( 0.1802249924001037840, 1.504338258009481510, 7.406250000000000888 ) ) ;
#1097 = ORIENTED_EDGE ( 'NONE', *, *, #6499, .T. ) ;
#1098 = CARTESIAN_POINT ( 'NONE',  ( -0.6785254037844480335, 1.175240473580835943, 6.604166666666667851 ) ) ;
#1099 = CARTESIAN_POINT ( 'NONE',  ( 1.732050807568896511, -1.614216090881853113E-14, 4.187500000000000888 ) ) ;
#1100 = AXIS2_PLACEMENT_3D ( 'NONE', #2937, #6645, #3518 ) ;
#1101 = CARTESIAN_POINT ( 'NONE',  ( 0.000000000000000000, -7.041719095097280880E-16, 5.750000000000000000 ) ) ;
#1102 = CARTESIAN_POINT ( 'NONE',  ( 1.017788105676672883, 0.5876202367904096446, 2.979166666666669183 ) ) ;
#1103 = CARTESIAN_POINT ( 'NONE',  ( 1.322475605676672661, -0.7635316469341576484, 8.130208333333332149 ) ) ;
#1104 =( BOUNDED_CURVE ( )  B_SPLINE_CURVE ( 2, ( #2653, #5200, #2072, #7740, #6487, #2033, #4569 ),
 .UNSPECIFIED., .F., .F. ) 
 B_SPLINE_CURVE_WITH_KNOTS ( ( 3, 2, 2, 3 ),
 ( 0.3750000000000000000, 0.3888888888888888951, 0.4027777777777778456, 0.4166666666666667407 ),
 .UNSPECIFIED. ) 
 CURVE ( )  GEOMETRIC_REPRESENTATION_ITEM ( )  RATIONAL_B_SPLINE_CURVE ( ( 1.000000000000000000, 0.8660254037844387076, 1.000000000000000000, 0.8660254037844387076, 1.000000000000000000, 0.8660254037844381525, 1.000000000000000444 ) ) 
 REPRESENTATION_ITEM ( '' )  );
#1105 = FACE_OUTER_BOUND ( 'NONE', #223, .T. ) ;
#1106 = EDGE_CURVE ( 'NONE', #6207, #6910, #4410, .T. ) ;
#1107 = CARTESIAN_POINT ( 'NONE',  ( 0.000000000000000000, 1.175240473580837719, -6.499999999999997335 ) ) ;
#1108 = EDGE_CURVE ( 'NONE', #6911, #5241, #6392, .T. ) ;
#1109 = EDGE_CURVE ( 'NONE', #561, #7965, #4309, .T. ) ;
#1110 = CARTESIAN_POINT ( 'NONE',  ( -1.439254484199210086E-16, -1.175240473580866585, -8.187499999999996447 ) ) ;
#1111 = CARTESIAN_POINT ( 'NONE',  ( -1.480908766186229020, 0.1867183014945998365, 7.406250000000000888 ) ) ;
#1112 = CARTESIAN_POINT ( 'NONE',  ( -0.8660254037844447028, -1.500000000000038192, -4.979166666666666075 ) ) ;
#1113 = CARTESIAN_POINT ( 'NONE',  ( -0.6785254037844485886, -1.175240473580867029, -3.229166666666664298 ) ) ;
#1114 = CARTESIAN_POINT ( 'NONE',  ( 0.000000000000000000, 1.175240473580837053, -0.9999999999999974465 ) ) ;
#1115 = VERTEX_POINT ( 'NONE', #3546 ) ;
#1116 = CARTESIAN_POINT ( 'NONE',  ( 0.000000000000000000, -1.500000000000001554, 8.250000000000000000 ) ) ;
#1117 = CARTESIAN_POINT ( 'NONE',  ( 1.017788105676671995, -0.5876202367904426183, 5.333333333333335702 ) ) ;
#1118 = CARTESIAN_POINT ( 'NONE',  ( -0.6785254037844480335, 1.175240473580836387, 1.604166666666669627 ) ) ;
#1119 = CARTESIAN_POINT ( 'NONE',  ( -1.017788105676672439, 0.5876202367904107549, 0.5833333333333359239 ) ) ;
#1120 = CARTESIAN_POINT ( 'NONE',  ( -1.281705975005136944, 0.5690800767802149940, -8.038225360606347181 ) ) ;
#1121 = CARTESIAN_POINT ( 'NONE',  ( -1.017788105676672439, 0.5876202367904105328, 3.583333333333335702 ) ) ;
#1122 = DIRECTION ( 'NONE',  ( -0.000000000000000000, -1.224646799147353207E-16, 1.000000000000000000 ) ) ;
#1123 = CARTESIAN_POINT ( 'NONE',  ( -1.763300807568897621, -1.555719592094047247E-14, 2.890625000000004441 ) ) ;
#1124 = CARTESIAN_POINT ( 'NONE',  ( -0.1704000625668440072, -1.515250468763448932, 7.406250000000000888 ) ) ;
#1125 = CARTESIAN_POINT ( 'NONE',  ( -1.017788105676672439, -0.5876202367904410639, -0.8333333333333309279 ) ) ;
#1126 = CARTESIAN_POINT ( 'NONE',  ( -1.480580224308147619, 0.1863564938362426149, 7.402807630076059908 ) ) ;
#1127 = CARTESIAN_POINT ( 'NONE',  ( 0.000000000000000000, 1.500000000000000888, 4.250000000000002665 ) ) ;
#1128 = CARTESIAN_POINT ( 'NONE',  ( 0.000000000000000000, 1.500000000000001998, -4.687499999999999112 ) ) ;
#1129 = CARTESIAN_POINT ( 'NONE',  ( 1.322475605676672661, -0.7635316469341559831, -3.869791666666665630 ) ) ;
#1130 = EDGE_CURVE ( 'NONE', #3011, #1534, #992, .T. ) ;
#1131 = ORIENTED_EDGE ( 'NONE', *, *, #1573, .T. ) ;
#1132 = CARTESIAN_POINT ( 'NONE',  ( 0.000000000000000000, 1.500000000000001998, -7.249999999999996447 ) ) ;
#1133 = CARTESIAN_POINT ( 'NONE',  ( -0.6785254037844485886, -1.175240473580866585, -6.729166666666663410 ) ) ;
#1134 = B_SPLINE_CURVE_WITH_KNOTS ( 'NONE', 3,
 ( #4894, #4973, #585, #6265 ),
 .UNSPECIFIED., .F., .F.,
 ( 4, 4 ),
 ( 1.212174879515270077E-19, 0.0001154157762592062525 ),
 .UNSPECIFIED. ) ;
#1135 = CARTESIAN_POINT ( 'NONE',  ( -1.836970198721050395E-16, -1.500000000000031752, -3.437499999999998668 ) ) ;
#1136 = EDGE_LOOP ( 'NONE', ( #7382, #5045, #2820, #4763 ) ) ;
#1137 = CARTESIAN_POINT ( 'NONE',  ( 0.000000000000000000, 1.351151883724551084, 2.898437500000001776 ) ) ;
#1138 = ORIENTED_EDGE ( 'NONE', *, *, #611, .T. ) ;
#1139 = CARTESIAN_POINT ( 'NONE',  ( 0.000000000000000000, 1.175240473580836387, 5.062500000000002665 ) ) ;
#1140 = CARTESIAN_POINT ( 'NONE',  ( -0.8660254037844440367, 1.500000000000007994, 0.3541666666666674623 ) ) ;
#1141 = CARTESIAN_POINT ( 'NONE',  ( 0.000000000000000000, 1.500000000000000888, 2.312500000000001332 ) ) ;
#1142 = CARTESIAN_POINT ( 'NONE',  ( -0.6785254037844485886, -1.175240473580867695, 4.770833333333335702 ) ) ;
#1143 = DIRECTION ( 'NONE',  ( -1.000000000000000000, 0.000000000000000000, 0.000000000000000000 ) ) ;
#1144 = CARTESIAN_POINT ( 'NONE',  ( -1.017788105676672439, 0.5876202367904116430, -6.916666666666663410 ) ) ;
#1145 = CARTESIAN_POINT ( 'NONE',  ( -0.8816504037844485886, 1.527063293868266447, -3.692708333333328152 ) ) ;
#1146 = CARTESIAN_POINT ( 'NONE',  ( -1.515250468763446268, 0.1704000625668589675, 7.406250000000000888 ) ) ;
#1147 = B_SPLINE_CURVE_WITH_KNOTS ( 'NONE', 3,
 ( #604, #7575, #1298, #2539, #3112, #1958, #6949, #1871, #3241, #1347, #1256, #566, #6370, #690, #3071, #3199 ),
 .UNSPECIFIED., .F., .F.,
 ( 4, 3, 3, 3, 3, 4 ),
 ( 6.610133107890770406E-18, 1.470844003610743473E-05, 2.939417830354303229E-05, 4.442267351833678092E-05, 5.988482598153996463E-05, 6.364891938347080067E-05 ),
 .UNSPECIFIED. ) ;
#1148 = CARTESIAN_POINT ( 'NONE',  ( 0.8816504037844494768, 1.527063293868264893, 4.223958333333337478 ) ) ;
#1149 =( BOUNDED_CURVE ( )  B_SPLINE_CURVE ( 3, ( #5741, #6984, #7782, #7155 ),
 .UNSPECIFIED., .F., .F. ) 
 B_SPLINE_CURVE_WITH_KNOTS ( ( 4, 4 ),
 ( 2.946332657651816511, 3.336852649527769721 ),
 .UNSPECIFIED. ) 
 CURVE ( )  GEOMETRIC_REPRESENTATION_ITEM ( )  RATIONAL_B_SPLINE_CURVE ( ( 1.000000000000000000, 0.9873315052531759228, 0.9873315052531759228, 1.000000000000000000 ) ) 
 REPRESENTATION_ITEM ( '' )  );
#1150 = CARTESIAN_POINT ( 'NONE',  ( -1.357050807568896067, -1.482240784145206158E-14, -3.312499999999997335 ) ) ;
#1151 = CARTESIAN_POINT ( 'NONE',  ( 0.000000000000000000, 1.175240473580837053, -1.999999999999997335 ) ) ;
#1152 = ORIENTED_EDGE ( 'NONE', *, *, #5173, .F. ) ;
#1153 = CARTESIAN_POINT ( 'NONE',  ( -1.439254484199210086E-16, -1.175240473580867695, 2.812500000000002665 ) ) ;
#1154 = CARTESIAN_POINT ( 'NONE',  ( 0.6785254037844490327, 1.175240473580835721, 6.458333333333334814 ) ) ;
#1155 = EDGE_CURVE ( 'NONE', #2917, #3312, #376, .T. ) ;
#1156 = CARTESIAN_POINT ( 'NONE',  ( -1.357050807568896067, -1.555719592094047247E-14, 2.687500000000002220 ) ) ;
#1157 = CARTESIAN_POINT ( 'NONE',  ( 1.017788105676672883, 0.5876202367904097557, 1.416666666666669405 ) ) ;
#1158 = CARTESIAN_POINT ( 'NONE',  ( 0.000000000000000000, 1.500000000000000888, 1.312500000000000888 ) ) ;
#1159 = CARTESIAN_POINT ( 'NONE',  ( 0.000000000000000000, -5.421010862427522170E-16, 6.720538499609660654 ) ) ;
#1160 = CYLINDRICAL_SURFACE ( 'NONE', #512, 1.500000000000000888 ) ;
#1161 = EDGE_LOOP ( 'NONE', ( #1770, #5678, #4893, #3171 ) ) ;
#1162 = VECTOR ( 'NONE', #136, 1000.000000000000114 ) ;
#1163 = CARTESIAN_POINT ( 'NONE',  ( -1.763300807568897621, -1.543473124102573732E-14, 1.890625000000004219 ) ) ;
#1164 = CARTESIAN_POINT ( 'NONE',  ( -1.017788105676672439, 0.5876202367904109769, -0.9166666666666641872 ) ) ;
#1165 = EDGE_CURVE ( 'NONE', #5350, #2924, #8001, .T. ) ;
#1166 = LINE ( 'NONE', #3689, #4104 ) ;
#1167 = CARTESIAN_POINT ( 'NONE',  ( 0.000000000000000000, 1.175240473580837497, -4.499999999999997335 ) ) ;
#1168 = DIRECTION ( 'NONE',  ( -0.000000000000000000, -1.224646799147353207E-16, 1.000000000000000000 ) ) ;
#1169 = VECTOR ( 'NONE', #1198, 999.9999999999998863 ) ;
#1170 = CARTESIAN_POINT ( 'NONE',  ( -1.870113174931204576E-16, -1.527063293868295979, -4.953124999999999112 ) ) ;
#1171 = VERTEX_POINT ( 'NONE', #337 ) ;
#1172 = CARTESIAN_POINT ( 'NONE',  ( 1.357050807568896511, -1.543033495681413466E-14, -1.062499999999997558 ) ) ;
#1173 = AXIS2_PLACEMENT_3D ( 'NONE', #688, #564, #5539 ) ;
#1174 = DIRECTION ( 'NONE',  ( -0.000000000000000000, -1.224646799147353207E-16, 1.000000000000000000 ) ) ;
#1175 = CARTESIAN_POINT ( 'NONE',  ( -1.017788105676672439, -0.5876202367904407309, -4.270833333333330373 ) ) ;
#1176 = CARTESIAN_POINT ( 'NONE',  ( -1.299038105676672439, -0.7500000000000228706, -4.020833333333332149 ) ) ;
#1177 = ORIENTED_EDGE ( 'NONE', *, *, #5729, .T. ) ;
#1178 = AXIS2_PLACEMENT_3D ( 'NONE', #4123, #2870, #1545 ) ;
#1179 = LINE ( 'NONE', #5507, #5685 ) ;
#1180 = ORIENTED_EDGE ( 'NONE', *, *, #457, .T. ) ;
#1181 = CARTESIAN_POINT ( 'NONE',  ( -0.6785254037844480335, 1.175240473580835721, 7.104166666666669627 ) ) ;
#1182 = CARTESIAN_POINT ( 'NONE',  ( 0.000000000000000000, -7.438283133705603770E-16, 8.250000000000000000 ) ) ;
#1183 = DIRECTION ( 'NONE',  ( 0.000000000000000000, -1.000000000000000000, 0.000000000000000000 ) ) ;
#1184 = CARTESIAN_POINT ( 'NONE',  ( -1.017788105676672439, 0.5876202367904103108, 5.645833333333335702 ) ) ;
#1185 = CARTESIAN_POINT ( 'NONE',  ( 1.732050807568896511, -1.583599920903168695E-14, 1.687500000000001110 ) ) ;
#1186 = CARTESIAN_POINT ( 'NONE',  ( 1.017788105676672883, 0.5876202367904106438, -5.583333333333330373 ) ) ;
#1187 = CARTESIAN_POINT ( 'NONE',  ( -0.8816504037844491437, -1.527063293868295757, -3.026041666666662522 ) ) ;
#1188 = CARTESIAN_POINT ( 'NONE',  ( 0.000000000000000000, 1.500000000000001776, -4.749999999999996447 ) ) ;
#1189 = CARTESIAN_POINT ( 'NONE',  ( 0.8816504037844482555, -1.527063293868297533, 4.557291666666671404 ) ) ;
#1190 = CARTESIAN_POINT ( 'NONE',  ( -0.2070875099665596131, -0.4999534751593368020, 7.406250000000000888 ) ) ;
#1191 = CARTESIAN_POINT ( 'NONE',  ( -1.357050807568896067, -1.524338017865896207E-14, 0.1250000000000022760 ) ) ;
#1192 = ORIENTED_EDGE ( 'NONE', *, *, #1717, .T. ) ;
#1193 = CARTESIAN_POINT ( 'NONE',  ( 1.499946631447520051, -0.1826575322082436004, 7.406250000000000888 ) ) ;
#1194 = CARTESIAN_POINT ( 'NONE',  ( -0.6785254037844485886, -1.175240473580868139, 8.208333333333335702 ) ) ;
#1195 = CARTESIAN_POINT ( 'NONE',  ( 1.017788105676671995, -0.5876202367904421742, 1.895833333333336146 ) ) ;
#1196 = CARTESIAN_POINT ( 'NONE',  ( -0.6785254037844485886, -1.175240473580867473, 1.208333333333335480 ) ) ;
#1197 = CARTESIAN_POINT ( 'NONE',  ( 1.518332637784019834, 0.1659638459673665467, 7.406250000000000888 ) ) ;
#1198 = DIRECTION ( 'NONE',  ( 0.07992773943613233623, 0.07992773943613253051, 0.9935910189495774647 ) ) ;
#1199 = FACE_OUTER_BOUND ( 'NONE', #3237, .T. ) ;
#1200 = PERSON_AND_ORGANIZATION ( #5956, #3810 ) ;
#1201 = VERTEX_POINT ( 'NONE', #7970 ) ;
#1202 = CARTESIAN_POINT ( 'NONE',  ( 0.8816504037844494768, 1.527063293868265337, 0.7239583333333377002 ) ) ;
#1203 = CARTESIAN_POINT ( 'NONE',  ( 0.6785254037844490327, 1.175240473580835943, 1.458333333333335480 ) ) ;
#1204 = CARTESIAN_POINT ( 'NONE',  ( -1.299038105676672439, 0.7499999999999937828, -3.104166666666665186 ) ) ;
#1205 = CARTESIAN_POINT ( 'NONE',  ( -1.017788105676672439, 0.5876202367904111989, -3.416666666666664298 ) ) ;
#1206 = DIRECTION ( 'NONE',  ( 0.1045284632676536929, -2.042810365310288034E-14, 0.9945218953682732899 ) ) ;
#1207 = CARTESIAN_POINT ( 'NONE',  ( -1.322475605676673105, -0.7635316469341548729, -5.036458333333332149 ) ) ;
#1208 = EDGE_CURVE ( 'NONE', #819, #7699, #2144, .T. ) ;
#1209 = EDGE_CURVE ( 'NONE', #5842, #1952, #7301, .T. ) ;
#1210 = EDGE_CURVE ( 'NONE', #6087, #4733, #4056, .T. ) ;
#1211 = VERTEX_POINT ( 'NONE', #875 ) ;
#1212 = CARTESIAN_POINT ( 'NONE',  ( -1.439254484199210086E-16, -1.175240473580867473, -0.6874999999999975575 ) ) ;
#1213 = CARTESIAN_POINT ( 'NONE',  ( 0.8660254037844475894, -1.500000000000031974, -1.958333333333329707 ) ) ;
#1214 = CARTESIAN_POINT ( 'NONE',  ( 0.000000000000000000, 1.175240473580837497, -4.937499999999997335 ) ) ;
#1215 = CARTESIAN_POINT ( 'NONE',  ( -0.1867183014945715813, 1.480908766186232794, 7.406250000000000888 ) ) ;
#1216 = ORIENTED_EDGE ( 'NONE', *, *, #1022, .F. ) ;
#1217 = DIRECTION ( 'NONE',  ( 0.000000000000000000, -2.449293598294706414E-16, 1.000000000000000000 ) ) ;
#1218 = EDGE_LOOP ( 'NONE', ( #2883, #7452, #3757, #2296 ) ) ;
#1219 = CARTESIAN_POINT ( 'NONE',  ( 0.6785254037844490327, 1.175240473580835721, 7.020833333333335702 ) ) ;
#1220 = DIRECTION ( 'NONE',  ( -0.000000000000000000, -1.224646799147353207E-16, 1.000000000000000000 ) ) ;
#1221 = CARTESIAN_POINT ( 'NONE',  ( 0.6785254037844490327, 1.175240473580835721, 7.520833333333334814 ) ) ;
#1222 = CARTESIAN_POINT ( 'NONE',  ( 1.524207146240228461, -0.1474052775258452574, 7.406250000000000888 ) ) ;
#1223 = CIRCLE ( 'NONE', #1502, 0.1499999999999995226 ) ;
#1224 = CARTESIAN_POINT ( 'NONE',  ( -0.6785254037844485886, -1.175240473580866807, -4.291666666666664298 ) ) ;
#1225 = ORIENTED_EDGE ( 'NONE', *, *, #4607, .F. ) ;
#1226 = CARTESIAN_POINT ( 'NONE',  ( 1.763300807568897621, -1.528490814941538194E-14, -2.859374999999995559 ) ) ;
#1227 = CARTESIAN_POINT ( 'NONE',  ( -2.975449079778098625E-11, 1.333913811434463303, 5.154110094324621194 ) ) ;
#1228 = CIRCLE ( 'NONE', #3610, 0.6875000000000006661 ) ;
#1229 = CARTESIAN_POINT ( 'NONE',  ( 0.8816504037844494768, 1.527063293868264893, 5.223958333333338366 ) ) ;
#1230 = CARTESIAN_POINT ( 'NONE',  ( -1.357050807568896067, -1.488364018140942915E-14, -2.812499999999997335 ) ) ;
#1231 = CARTESIAN_POINT ( 'NONE',  ( -1.017788105676672439, 0.5876202367904110879, -1.916666666666664076 ) ) ;
#1232 = ORIENTED_EDGE ( 'NONE', *, *, #5630, .F. ) ;
#1233 = FACE_BOUND ( 'NONE', #5992, .T. ) ;
#1234 = CARTESIAN_POINT ( 'NONE',  ( -1.017788105676672439, 0.5876202367904115320, -5.916666666666663410 ) ) ;
#1235 = CARTESIAN_POINT ( 'NONE',  ( 1.357050807568896511, -1.658609537350944920E-14, 8.375000000000003553 ) ) ;
#1236 = CARTESIAN_POINT ( 'NONE',  ( 1.357050807568896067, -1.592019367647307210E-14, 2.937500000000002665 ) ) ;
#1237 = CARTESIAN_POINT ( 'NONE',  ( 1.357050807568896511, -1.566761027414893243E-14, 0.8750000000000024425 ) ) ;
#1238 = CARTESIAN_POINT ( 'NONE',  ( -1.020989215107068082, 0.1867183014945950625, 7.406250000000000888 ) ) ;
#1239 = CARTESIAN_POINT ( 'NONE',  ( 0.8660254037844475894, -1.500000000000031752, -4.458333333333328596 ) ) ;
#1240 = DATE_AND_TIME ( #6934, #6399 ) ;
#1241 = VERTEX_POINT ( 'NONE', #6592 ) ;
#1242 = CARTESIAN_POINT ( 'NONE',  ( 1.559594178744809323, 0.1879607210212226043, 7.782412223762402270 ) ) ;
#1243 = CARTESIAN_POINT ( 'NONE',  ( 0.000000000000000000, 1.527063293868265781, 1.265625000000004663 ) ) ;
#1244 = CARTESIAN_POINT ( 'NONE',  ( -0.6785254037844485886, -1.175240473580867473, -0.2916666666666640206 ) ) ;
#1245 = CARTESIAN_POINT ( 'NONE',  ( 0.6785254037844478114, -1.175240473580868361, 5.791666666666668739 ) ) ;
#1246 = CARTESIAN_POINT ( 'NONE',  ( 1.619999999999997220, 2.070106209874711453E-15, 8.250000000000000000 ) ) ;
#1247 = DIRECTION ( 'NONE',  ( 0.000000000000000000, -1.000000000000000000, 0.000000000000000000 ) ) ;
#1248 = CARTESIAN_POINT ( 'NONE',  ( 1.322475605676673771, 0.7635316469341245638, -2.786458333333332593 ) ) ;
#1249 = CARTESIAN_POINT ( 'NONE',  ( -1.017788105676672439, -0.5876202367904407309, -3.833333333333330817 ) ) ;
#1250 = ORIENTED_EDGE ( 'NONE', *, *, #2325, .F. ) ;
#1251 = CARTESIAN_POINT ( 'NONE',  ( -1.017788105676672439, 0.5876202367904110879, -2.354166666666664298 ) ) ;
#1252 = ADVANCED_FACE ( 'NONE', ( #3385 ), #449, .T. ) ;
#1253 = CARTESIAN_POINT ( 'NONE',  ( -0.8660254037844488106, -1.500000000000030864, -7.041666666666662522 ) ) ;
#1254 = CARTESIAN_POINT ( 'NONE',  ( 1.357050807568896511, -1.475677921728309134E-14, -6.562499999999996447 ) ) ;
#1255 = ADVANCED_FACE ( 'NONE', ( #5107 ), #3937, .T. ) ;
#1256 = CARTESIAN_POINT ( 'NONE',  ( 0.2446622343353252738, 1.547933754415230734, 7.975503699672909619 ) ) ;
#1257 = EDGE_LOOP ( 'NONE', ( #2568, #6945, #3776, #6830 ) ) ;
#1258 = DIRECTION ( 'NONE',  ( -0.000000000000000000, 0.8660254037844371533, 0.5000000000000026645 ) ) ;
#1259 = ORIENTED_EDGE ( 'NONE', *, *, #6703, .T. ) ;
#1260 = CARTESIAN_POINT ( 'NONE',  ( -1.439254484199210086E-16, -1.175240473580868139, 6.312500000000001776 ) ) ;
#1261 = CARTESIAN_POINT ( 'NONE',  ( 0.000000000000000000, -1.500000000000001554, 8.250000000000000000 ) ) ;
#1262 = CARTESIAN_POINT ( 'NONE',  ( -1.439254484199210086E-16, -1.175240473580868139, 5.812500000000001776 ) ) ;
#1263 = CARTESIAN_POINT ( 'NONE',  ( 0.8660254037844519193, -1.500000000000025313, -3.895833333333331261 ) ) ;
#1264 = EDGE_CURVE ( 'NONE', #3831, #5366, #801, .T. ) ;
#1265 = CARTESIAN_POINT ( 'NONE',  ( 1.017788105676672883, 0.5876202367904103108, -3.083333333333330373 ) ) ;
#1266 = ORIENTED_EDGE ( 'NONE', *, *, #673, .T. ) ;
#1267 = CARTESIAN_POINT ( 'NONE',  ( 0.6785254037844478114, -1.175240473580867029, -6.145833333333330373 ) ) ;
#1268 = FACE_OUTER_BOUND ( 'NONE', #1355, .T. ) ;
#1269 = VERTEX_POINT ( 'NONE', #2523 ) ;
#1270 = CARTESIAN_POINT ( 'NONE',  ( 1.763300807568897621, -1.601969622890379598E-14, 3.140625000000003997 ) ) ;
#1271 = CARTESIAN_POINT ( 'NONE',  ( -0.6785254037844485886, -1.175240473580867029, -2.729166666666663410 ) ) ;
#1272 = CARTESIAN_POINT ( 'NONE',  ( -1.017788105676672439, -0.5876202367904412860, 0.6666666666666691832 ) ) ;
#1273 = ORIENTED_EDGE ( 'NONE', *, *, #2730, .F. ) ;
#1274 = DIRECTION ( 'NONE',  ( -0.000000000000000000, -1.224646799147353207E-16, 1.000000000000000000 ) ) ;
#1275 = CARTESIAN_POINT ( 'NONE',  ( -1.357050807568896067, -1.444735975921318361E-14, -6.374999999999997335 ) ) ;
#1276 = CARTESIAN_POINT ( 'NONE',  ( 0.000000000000000000, 1.175240473580835943, 7.500000000000002665 ) ) ;
#1277 = CARTESIAN_POINT ( 'NONE',  ( -0.5883555573418843831, -0.4314072894756731391, 8.191913363870522602 ) ) ;
#1278 = CARTESIAN_POINT ( 'NONE',  ( -0.6785254037844480335, 1.175240473580836387, 2.541666666666668739 ) ) ;
#1279 = CARTESIAN_POINT ( 'NONE',  ( -0.4635201020745615685, -1.079971891169102083, 4.718158681502365503 ) ) ;
#1280 = CARTESIAN_POINT ( 'NONE',  ( -0.2622035415152556559, 1.036004162901805525, 8.124444084471209138 ) ) ;
#1281 = CARTESIAN_POINT ( 'NONE',  ( 1.299038105676672883, 0.7499999999999916733, 2.666666666666670960 ) ) ;
#1282 =( BOUNDED_CURVE ( )  B_SPLINE_CURVE ( 2, ( #7394, #4150, #7983, #6147, #2280, #1112, #2198 ),
 .UNSPECIFIED., .F., .F. ) 
 B_SPLINE_CURVE_WITH_KNOTS ( ( 3, 2, 2, 3 ),
 ( 0.5833333333333333703, 0.5972222222222222099, 0.6111111111111112715, 0.6250000000000001110 ),
 .UNSPECIFIED. ) 
 CURVE ( )  GEOMETRIC_REPRESENTATION_ITEM ( )  RATIONAL_B_SPLINE_CURVE ( ( 1.000000000000000000, 0.8660254037844385966, 1.000000000000000000, 0.8660254037844385966, 1.000000000000000000, 0.8660254037844374864, 1.000000000000001110 ) ) 
 REPRESENTATION_ITEM ( '' )  );
#1283 = ORIENTED_EDGE ( 'NONE', *, *, #1967, .F. ) ;
#1284 = CARTESIAN_POINT ( 'NONE',  ( -1.439254484199210086E-16, -1.175240473580867251, -2.187499999999997780 ) ) ;
#1285 = CARTESIAN_POINT ( 'NONE',  ( -0.6785254037844480335, 1.175240473580836831, 1.041666666666668961 ) ) ;
#1286 = CARTESIAN_POINT ( 'NONE',  ( 1.941727895143467849E-15, 0.1867183014945844599, 7.406250000000000888 ) ) ;
#1287 = CARTESIAN_POINT ( 'NONE',  ( 0.2470292989821757101, 1.534691860997135837, 7.980070810694637196 ) ) ;
#1288 = LINE ( 'NONE', #1862, #1308 ) ;
#1289 = CARTESIAN_POINT ( 'NONE',  ( 1.299038105676671995, -0.7500000000000236478, -4.854166666666665186 ) ) ;
#1290 = CARTESIAN_POINT ( 'NONE',  ( 0.1867183014945881792, 1.289019252592472766E-15, 7.406250000000000888 ) ) ;
#1291 = CC_DESIGN_PERSON_AND_ORGANIZATION_ASSIGNMENT ( #1200, #4168, ( #5865 ) ) ;
#1292 = VECTOR ( 'NONE', #2813, 1000.000000000000000 ) ;
#1293 = CARTESIAN_POINT ( 'NONE',  ( 1.017788105676672883, 0.5876202367904101997, -2.583333333333330817 ) ) ;
#1294 = ORIENTED_EDGE ( 'NONE', *, *, #1916, .T. ) ;
#1295 = CARTESIAN_POINT ( 'NONE',  ( -1.357050807568896511, -1.488364018140942915E-14, -2.812499999999997335 ) ) ;
#1296 = CARTESIAN_POINT ( 'NONE',  ( 0.000000000000000000, -5.421010862427522170E-16, 6.720538499609660654 ) ) ;
#1297 = CARTESIAN_POINT ( 'NONE',  ( 0.6785254037844490327, 1.175240473580836831, -3.479166666666664298 ) ) ;
#1298 = CARTESIAN_POINT ( 'NONE',  ( 0.2175298284522065306, 1.574523370509059994, 7.967368464254882099 ) ) ;
#1299 = AXIS2_PLACEMENT_3D ( 'NONE', #3622, #7386, #2963 ) ;
#1300 = CARTESIAN_POINT ( 'NONE',  ( 0.8660254037844499209, 1.499999999999999778, -2.791666666666663854 ) ) ;
#1301 = VECTOR ( 'NONE', #2445, 1000.000000000000000 ) ;
#1302 = AXIS2_PLACEMENT_3D ( 'NONE', #6568, #3445, #3900 ) ;
#1303 = VERTEX_POINT ( 'NONE', #57 ) ;
#1304 = FACE_OUTER_BOUND ( 'NONE', #4424, .T. ) ;
#1305 = DIRECTION ( 'NONE',  ( -0.000000000000000000, -1.224646799147353207E-16, 1.000000000000000000 ) ) ;
#1306 = CARTESIAN_POINT ( 'NONE',  ( 1.017788105676672883, 0.5876202367904090895, 6.979166666666668739 ) ) ;
#1307 = CARTESIAN_POINT ( 'NONE',  ( -0.8660254037844459241, 1.500000000000005329, -3.708333333333328152 ) ) ;
#1308 = VECTOR ( 'NONE', #3319, 1000.000000000000000 ) ;
#1309 = CARTESIAN_POINT ( 'NONE',  ( 0.6785254037844490327, 1.175240473580836831, -3.041666666666663854 ) ) ;
#1310 = ORIENTED_EDGE ( 'NONE', *, *, #718, .T. ) ;
#1311 = CARTESIAN_POINT ( 'NONE',  ( 1.017788105676672883, 0.5876202367904106438, -7.020833333333330373 ) ) ;
#1312 = CARTESIAN_POINT ( 'NONE',  ( -1.836970198721050149E-16, -1.500000000000032196, 1.562500000000001332 ) ) ;
#1313 = EDGE_CURVE ( 'NONE', #3269, #819, #5909, .T. ) ;
#1314 = EDGE_CURVE ( 'NONE', #2693, #5469, #755, .T. ) ;
#1315 = EDGE_LOOP ( 'NONE', ( #3218, #246, #1259, #6995 ) ) ;
#1316 = CARTESIAN_POINT ( 'NONE',  ( -0.8816504037844491437, -1.527063293868296645, 4.973958333333337478 ) ) ;
#1317 = CARTESIAN_POINT ( 'NONE',  ( -1.836970198721050149E-16, -1.500000000000031974, 1.062500000000000666 ) ) ;
#1318 = CARTESIAN_POINT ( 'NONE',  ( 0.6785254037844478114, -1.175240473580867695, 1.791666666666668739 ) ) ;
#1319 = CARTESIAN_POINT ( 'NONE',  ( 1.560372602834597666, -0.1887742632593311654, 7.789916515708298128 ) ) ;
#1320 = ORIENTED_EDGE ( 'NONE', *, *, #871, .T. ) ;
#1321 = CYLINDRICAL_SURFACE ( 'NONE', #322, 1.500000000000000888 ) ;
#1322 = CARTESIAN_POINT ( 'NONE',  ( 0.6785254037844490327, 1.175240473580837053, -5.041666666666664298 ) ) ;
#1323 = CARTESIAN_POINT ( 'NONE',  ( 0.000000000000000000, 1.175240473580836165, 6.500000000000002665 ) ) ;
#1324 = CARTESIAN_POINT ( 'NONE',  ( 0.8816504037844482555, -1.527063293868296867, -1.911458333333332815 ) ) ;
#1325 = CARTESIAN_POINT ( 'NONE',  ( 1.732050807568896955, -1.510121112954327921E-14, -4.312499999999999112 ) ) ;
#1326 = CARTESIAN_POINT ( 'NONE',  ( 0.8816504037844494768, 1.527063293868266447, -6.776041666666662522 ) ) ;
#1327 = CARTESIAN_POINT ( 'NONE',  ( -1.523737468660975480, -0.1522618602394567588, 7.406250000000000888 ) ) ;
#1328 = VERTEX_POINT ( 'NONE', #5062 ) ;
#1329 = B_SPLINE_CURVE_WITH_KNOTS ( 'NONE', 3,
 ( #7400, #3094, #6771, #2024 ),
 .UNSPECIFIED., .F., .F.,
 ( 4, 4 ),
 ( 0.000000000000000000, 0.0001126837943461546002 ),
 .UNSPECIFIED. ) ;
#1330 = DIRECTION ( 'NONE',  ( 0.1045284632676538317, 0.000000000000000000, -0.9945218953682734009 ) ) ;
#1331 = ORIENTED_EDGE ( 'NONE', *, *, #7722, .F. ) ;
#1332 = CARTESIAN_POINT ( 'NONE',  ( 1.017788105676672883, 0.5876202367904100887, -1.020833333333330817 ) ) ;
#1333 = CARTESIAN_POINT ( 'NONE',  ( 1.017788105676671995, -0.5876202367904421742, 1.833333333333336146 ) ) ;
#1334 = CARTESIAN_POINT ( 'NONE',  ( -1.299038105676672217, -0.7500000000000229816, -2.020833333333332149 ) ) ;
#1335 = CARTESIAN_POINT ( 'NONE',  ( -1.635149679182388037E-16, -1.335201039451425986, 5.157646724234909996 ) ) ;
#1336 = DIRECTION ( 'NONE',  ( -0.000000000000000000, -1.224646799147353207E-16, 1.000000000000000000 ) ) ;
#1337 = CARTESIAN_POINT ( 'NONE',  ( -0.2262873432254708939, -1.570261840389536978, 7.968467505280395713 ) ) ;
#1338 = CARTESIAN_POINT ( 'NONE',  ( -1.836970198721050149E-16, -1.500000000000031308, -6.499999999999996447 ) ) ;
#1339 =( BOUNDED_CURVE ( )  B_SPLINE_CURVE ( 2, ( #5292, #5115, #149, #7658, #3907, #3364, #2079 ),
 .UNSPECIFIED., .F., .F. ) 
 B_SPLINE_CURVE_WITH_KNOTS ( ( 3, 2, 2, 3 ),
 ( 0.2500000000000000555, 0.2638888888888888951, 0.2777777777777778456, 0.2916666666666666852 ),
 .UNSPECIFIED. ) 
 CURVE ( )  GEOMETRIC_REPRESENTATION_ITEM ( )  RATIONAL_B_SPLINE_CURVE ( ( 0.9999999999999994449, 0.8660254037844392627, 1.000000000000000000, 0.8660254037844387076, 1.000000000000000000, 0.8660254037844381525, 1.000000000000000444 ) ) 
 REPRESENTATION_ITEM ( '' )  );
#1340 = B_SPLINE_CURVE_WITH_KNOTS ( 'NONE', 3,
 ( #7060, #1846, #667, #3888, #3176, #5726, #48 ),
 .UNSPECIFIED., .F., .F.,
 ( 4, 3, 4 ),
 ( 0.000000000000000000, 0.0002797668062532027958, 0.0005665053905760233715 ),
 .UNSPECIFIED. ) ;
#1341 = CARTESIAN_POINT ( 'NONE',  ( -1.017788105676672439, 0.5876202367904111989, -3.416666666666664298 ) ) ;
#1342 = ORIENTED_EDGE ( 'NONE', *, *, #2069, .T. ) ;
#1343 = CARTESIAN_POINT ( 'NONE',  ( -1.299038105676672217, 0.7499999999999940048, -7.666666666666663410 ) ) ;
#1344 = CARTESIAN_POINT ( 'NONE',  ( -0.6785254037844485886, -1.175240473580867473, -0.2291666666666639929 ) ) ;
#1345 =( BOUNDED_CURVE ( )  B_SPLINE_CURVE ( 2, ( #691, #4497, #6457, #7752, #5790, #3161, #5083 ),
 .UNSPECIFIED., .F., .F. ) 
 B_SPLINE_CURVE_WITH_KNOTS ( ( 3, 2, 2, 3 ),
 ( 0.2500000000000000555, 0.2638888888888889506, 0.2777777777777777901, 0.2916666666666666852 ),
 .UNSPECIFIED. ) 
 CURVE ( )  GEOMETRIC_REPRESENTATION_ITEM ( )  RATIONAL_B_SPLINE_CURVE ( ( 0.9999999999999994449, 0.8660254037844391517, 1.000000000000000000, 0.8660254037844385966, 1.000000000000000000, 0.8660254037844385966, 1.000000000000000000 ) ) 
 REPRESENTATION_ITEM ( '' )  );
#1346 = CARTESIAN_POINT ( 'NONE',  ( 1.017788105676671995, -0.5876202367904416191, -3.104166666666663854 ) ) ;
#1347 = CARTESIAN_POINT ( 'NONE',  ( 0.2424234256958908151, 1.552342565972943511, 7.974050065620840400 ) ) ;
#1348 = CARTESIAN_POINT ( 'NONE',  ( 1.299038105676672883, 0.7499999999999922284, -2.833333333333329040 ) ) ;
#1349 = ORIENTED_EDGE ( 'NONE', *, *, #775, .T. ) ;
#1350 = CARTESIAN_POINT ( 'NONE',  ( -0.3682059365705781517, 0.5251542044367990547, 7.406250000000000888 ) ) ;
#1351 = FACE_OUTER_BOUND ( 'NONE', #7967, .T. ) ;
#1352 = CARTESIAN_POINT ( 'NONE',  ( 1.357050807568896511, -1.653251707604675099E-14, 7.937500000000001776 ) ) ;
#1353 = CARTESIAN_POINT ( 'NONE',  ( -0.8660254037844480335, 1.500000000000002220, -6.708333333333330373 ) ) ;
#1354 = CARTESIAN_POINT ( 'NONE',  ( 1.017788105676671995, -0.5876202367904415080, -3.666666666666663410 ) ) ;
#1355 = EDGE_LOOP ( 'NONE', ( #113, #5369, #7602, #2558 ) ) ;
#1356 = CARTESIAN_POINT ( 'NONE',  ( 1.017788105676671995, -0.5876202367904412860, -6.104166666666664298 ) ) ;
#1357 = CARTESIAN_POINT ( 'NONE',  ( -1.524031224859953237, 0.1492243482503841923, 7.406250000000000888 ) ) ;
#1358 = ORIENTED_EDGE ( 'NONE', *, *, #1382, .F. ) ;
#1359 = CARTESIAN_POINT ( 'NONE',  ( 0.000000000000000000, 1.527063293868265115, 6.765625000000004441 ) ) ;
#1360 = CARTESIAN_POINT ( 'NONE',  ( -1.480908766186231240, -0.1867183014945880404, 7.406250000000000888 ) ) ;
#1361 = CARTESIAN_POINT ( 'NONE',  ( 0.6785254037844478114, -1.175240473580867695, 1.291666666666669183 ) ) ;
#1362 = CARTESIAN_POINT ( 'NONE',  ( -0.1867183014945853481, -1.485788006136501860, 7.406250000000000888 ) ) ;
#1363 = CARTESIAN_POINT ( 'NONE',  ( 1.524207146240228461, -0.1474052775258452574, 7.406250000000000888 ) ) ;
#1364 = CARTESIAN_POINT ( 'NONE',  ( 1.357050807568896067, -1.487158985470315397E-14, -5.624999999999999112 ) ) ;
#1365 = CARTESIAN_POINT ( 'NONE',  ( 1.322475605676672661, -0.7635316469341569823, 3.130208333333333925 ) ) ;
#1366 = ADVANCED_FACE ( 'NONE', ( #1941 ), #4436, .T. ) ;
#1367 = EDGE_CURVE ( 'NONE', #3696, #6443, #5593, .T. ) ;
#1369 = EDGE_CURVE ( 'NONE', #3229, #4652, #4479, .T. ) ;
#1368 = CARTESIAN_POINT ( 'NONE',  ( 0.000000000000000000, 1.527063293868266225, -2.703124999999999556 ) ) ;
#1370 = CARTESIAN_POINT ( 'NONE',  ( 0.000000000000000000, 1.500000000000000888, 4.750000000000004441 ) ) ;
#1371 = CARTESIAN_POINT ( 'NONE',  ( -1.836970198721050149E-16, -1.500000000000031974, -0.9999999999999961142 ) ) ;
#1372 = AXIS2_PLACEMENT_3D ( 'NONE', #582, #2639, #2510 ) ;
#1373 = EDGE_LOOP ( 'NONE', ( #448, #6586, #4344, #8187 ) ) ;
#1374 = CARTESIAN_POINT ( 'NONE',  ( 1.357050807568896511, -1.591253963397840273E-14, 2.875000000000002665 ) ) ;
#1375 = ORIENTED_EDGE ( 'NONE', *, *, #1106, .F. ) ;
#1376 = CARTESIAN_POINT ( 'NONE',  ( 1.357050807568896511, -1.536910261685676393E-14, -1.562499999999997335 ) ) ;
#1377 = DIRECTION ( 'NONE',  ( 0.000000000000000000, 0.3420201433256693235, 0.9396926207859082059 ) ) ;
#1378 = CARTESIAN_POINT ( 'NONE',  ( -1.357050807568896511, -1.622309761797684641E-14, 8.125000000000001776 ) ) ;
#1379 = DIRECTION ( 'NONE',  ( 0.000000000000000000, -1.000000000000000000, 0.000000000000000000 ) ) ;
#1380 = DIRECTION ( 'NONE',  ( 0.1045284632676537068, 0.000000000000000000, 0.9945218953682734009 ) ) ;
#1381 =( BOUNDED_CURVE ( )  B_SPLINE_CURVE ( 2, ( #6737, #1591, #7290, #977, #5340, #4166, #4202 ),
 .UNSPECIFIED., .F., .F. ) 
 B_SPLINE_CURVE_WITH_KNOTS ( ( 3, 2, 2, 3 ),
 ( 0.7500000000000000000, 0.7638888888888888395, 0.7777777777777777901, 0.7916666666666666297 ),
 .UNSPECIFIED. ) 
 CURVE ( )  GEOMETRIC_REPRESENTATION_ITEM ( )  RATIONAL_B_SPLINE_CURVE ( ( 1.000000000000000000, 0.8660254037844387076, 1.000000000000000000, 0.8660254037844387076, 1.000000000000000000, 0.8660254037844387076, 1.000000000000000000 ) ) 
 REPRESENTATION_ITEM ( '' )  );
#1382 = EDGE_CURVE ( 'NONE', #1385, #2693, #6381, .T. ) ;
#1383 = CYLINDRICAL_SURFACE ( 'NONE', #645, 1.500000000000000888 ) ;
#1384 = CARTESIAN_POINT ( 'NONE',  ( 0.8660254037844515862, -1.500000000000024647, -5.458333333333326820 ) ) ;
#1385 = VERTEX_POINT ( 'NONE', #5185 ) ;
#1386 = CARTESIAN_POINT ( 'NONE',  ( 1.534691860997136059, 0.2470292989821765983, 7.980070810694637196 ) ) ;
#1387 = CARTESIAN_POINT ( 'NONE',  ( -1.357050807568896511, -1.525103422115363460E-14, 0.1875000000000023315 ) ) ;
#1388 = CARTESIAN_POINT ( 'NONE',  ( 1.223275202645722981, -0.1315522744959283230, 4.840362214905965743 ) ) ;
#1389 = CARTESIAN_POINT ( 'NONE',  ( 1.017788105676671995, -0.5876202367904417301, -2.604166666666664298 ) ) ;
#1390 = CARTESIAN_POINT ( 'NONE',  ( -1.836970198721050149E-16, -1.500000000000031974, -1.937499999999998668 ) ) ;
#1391 = ADVANCED_FACE ( 'NONE', ( #6966 ), #1887, .T. ) ;
#1392 = LINE ( 'NONE', #2498, #5817 ) ;
#1393 = ORIENTED_EDGE ( 'NONE', *, *, #6242, .F. ) ;
#1394 = CARTESIAN_POINT ( 'NONE',  ( 1.017788105676671995, -0.5876202367904428403, 7.395833333333335702 ) ) ;
#1395 = CARTESIAN_POINT ( 'NONE',  ( -0.6785254037844485886, -1.175240473580867695, 3.208333333333335702 ) ) ;
#1396 = CARTESIAN_POINT ( 'NONE',  ( 0.000000000000000000, 1.527063293868266891, -8.703124999999998224 ) ) ;
#1397 = ORIENTED_EDGE ( 'NONE', *, *, #2836, .F. ) ;
#1398 = CARTESIAN_POINT ( 'NONE',  ( -1.017788105676672439, 0.5876202367904115320, -5.354166666666663410 ) ) ;
#1399 = DIRECTION ( 'NONE',  ( -0.3805870524817664968, 0.9188184237650788289, 0.1045284632676538455 ) ) ;
#1400 = ORIENTED_EDGE ( 'NONE', *, *, #7365, .F. ) ;
#1401 = CARTESIAN_POINT ( 'NONE',  ( 0.8816504037844482555, -1.527063293868297755, 6.557291666666671404 ) ) ;
#1402 = DIRECTION ( 'NONE',  ( 1.000000000000000000, 0.000000000000000000, -0.000000000000000000 ) ) ;
#1403 = CARTESIAN_POINT ( 'NONE',  ( 1.017788105676671995, -0.5876202367904420631, 0.3333333333333356463 ) ) ;
#1404 = CARTESIAN_POINT ( 'NONE',  ( -2.151871130004127904E-15, -0.2069258640381785586, 3.660975943842972313 ) ) ;
#1405 = CARTESIAN_POINT ( 'NONE',  ( 1.732050807568896511, -1.588957750649438831E-14, 2.125000000000003997 ) ) ;
#1406 = CARTESIAN_POINT ( 'NONE',  ( -0.6785254037844480335, 1.175240473580837497, -5.458333333333329485 ) ) ;
#1407 = CARTESIAN_POINT ( 'NONE',  ( 0.000000000000000000, 1.527063293868265337, 4.796875000000000888 ) ) ;
#1408 = CARTESIAN_POINT ( 'NONE',  ( 1.763300807568897621, -1.528873517066271820E-14, -2.828124999999999556 ) ) ;
#1409 = CARTESIAN_POINT ( 'NONE',  ( -1.836970198721050149E-16, -1.500000000000031974, 3.665958595716611867E-15 ) ) ;
#1410 = CARTESIAN_POINT ( 'NONE',  ( -1.870113174931204576E-16, -1.527063293868295535, -7.984374999999994671 ) ) ;
#1411 = CARTESIAN_POINT ( 'NONE',  ( -0.2265721268286241541, 1.555317687559840012, 7.785433819121452714 ) ) ;
#1412 = EDGE_LOOP ( 'NONE', ( #982, #6253, #6540, #4437 ) ) ;
#1413 = CARTESIAN_POINT ( 'NONE',  ( -1.017788105676672439, 0.5876202367904106438, 2.083333333333335258 ) ) ;
#1414 = EDGE_CURVE ( 'NONE', #1201, #3619, #4155, .T. ) ;
#1415 = VERTEX_POINT ( 'NONE', #4467 ) ;
#1416 = CARTESIAN_POINT ( 'NONE',  ( 1.017788105676671995, -0.5876202367904418411, -1.104166666666664076 ) ) ;
#1417 = DIRECTION ( 'NONE',  ( -1.000000000000000000, 0.000000000000000000, -0.000000000000000000 ) ) ;
#1418 = DIRECTION ( 'NONE',  ( -0.000000000000000000, -1.224646799147353207E-16, 1.000000000000000000 ) ) ;
#1419 = FACE_OUTER_BOUND ( 'NONE', #4736, .T. ) ;
#1420 = CARTESIAN_POINT ( 'NONE',  ( 1.836970198721030920E-16, 1.500000000000000222, 8.250000000000000000 ) ) ;
#1421 = CARTESIAN_POINT ( 'NONE',  ( -1.036004162901803749, -0.2622035415152676463, 8.124444084471209138 ) ) ;
#1422 = CARTESIAN_POINT ( 'NONE',  ( 1.299038105676672883, 0.7499999999999925615, -5.333333333333329485 ) ) ;
#1423 = EDGE_CURVE ( 'NONE', #2231, #4987, #7881, .T. ) ;
#1424 = EDGE_CURVE ( 'NONE', #371, #3379, #7683, .T. ) ;
#1425 = DIRECTION ( 'NONE',  ( 0.9945218953682730678, 0.000000000000000000, -0.1045284632676558301 ) ) ;
#1426 =( BOUNDED_CURVE ( )  B_SPLINE_CURVE ( 2, ( #1664, #1047, #432, #4825, #2944, #7364, #890 ),
 .UNSPECIFIED., .F., .F. ) 
 B_SPLINE_CURVE_WITH_KNOTS ( ( 3, 2, 2, 3 ),
 ( 0.7083333333333331483, 0.7222222222222220989, 0.7361111111111110494, 0.7500000000000000000 ),
 .UNSPECIFIED. ) 
 CURVE ( )  GEOMETRIC_REPRESENTATION_ITEM ( )  RATIONAL_B_SPLINE_CURVE ( ( 1.000000000000002220, 0.8660254037844365982, 1.000000000000000000, 0.8660254037844387076, 1.000000000000000000, 0.8660254037844387076, 1.000000000000000000 ) ) 
 REPRESENTATION_ITEM ( '' )  );
#1427 = CARTESIAN_POINT ( 'NONE',  ( 1.357050807568896511, -1.561403197668623738E-14, 0.4375000000000026090 ) ) ;
#1428 = CARTESIAN_POINT ( 'NONE',  ( 0.3212238822001843297, -1.157911315867746094, 4.761537853145991761 ) ) ;
#1429 = CARTESIAN_POINT ( 'NONE',  ( -1.357050807568896511, -1.426366273934108089E-14, -7.874999999999996447 ) ) ;
#1430 = CARTESIAN_POINT ( 'NONE',  ( -1.017788105676672439, 0.5876202367904110879, -2.416666666666664298 ) ) ;
#1431 = VECTOR ( 'NONE', #7807, 1000.000000000000000 ) ;
#1432 = CARTESIAN_POINT ( 'NONE',  ( -1.507752390197089509, 0.2165511500658553190, 7.690090594014555414 ) ) ;
#1433 = ORIENTED_EDGE ( 'NONE', *, *, #2790, .T. ) ;
#1434 = CARTESIAN_POINT ( 'NONE',  ( -0.1867183014945853758, -1.480908766186231906, 7.406250000000000888 ) ) ;
#1435 = VECTOR ( 'NONE', #7465, 1000.000000000000114 ) ;
#1436 = CARTESIAN_POINT ( 'NONE',  ( -1.357050807568896511, -1.561077421840317067E-14, 3.125000000000002220 ) ) ;
#1437 = CARTESIAN_POINT ( 'NONE',  ( -1.322475605676673105, 0.7635316469341252299, 1.880208333333333481 ) ) ;
#1438 = CARTESIAN_POINT ( 'NONE',  ( 0.8816504037844482555, -1.527063293868296423, -5.911458333333333037 ) ) ;
#1439 = ORIENTED_EDGE ( 'NONE', *, *, #6599, .F. ) ;
#1440 = CARTESIAN_POINT ( 'NONE',  ( -0.6785254037844485886, -1.175240473580866585, -7.229166666666663410 ) ) ;
#1441 = CARTESIAN_POINT ( 'NONE',  ( -1.538281606095232013, 0.2467405608427379327, 7.978816423804656388 ) ) ;
#1442 = ORIENTED_EDGE ( 'NONE', *, *, #1904, .F. ) ;
#1443 = CARTESIAN_POINT ( 'NONE',  ( -0.8816504037844491437, -1.527063293868296867, 6.473958333333336590 ) ) ;
#1444 = DIRECTION ( 'NONE',  ( -0.000000000000000000, -1.224646799147353207E-16, 1.000000000000000000 ) ) ;
#1445 = CARTESIAN_POINT ( 'NONE',  ( -1.439254484199210086E-16, -1.175240473580867695, 2.250000000000001776 ) ) ;
#1446 = CARTESIAN_POINT ( 'NONE',  ( -0.1510359517258899054, -1.523740898691713808, 7.406250000000000888 ) ) ;
#1447 = CARTESIAN_POINT ( 'NONE',  ( -1.299038105676672217, 0.7499999999999935607, -3.166666666666662966 ) ) ;
#1448 = CARTESIAN_POINT ( 'NONE',  ( 0.000000000000000000, 1.500000000000002220, -7.749999999999995559 ) ) ;
#1449 = CARTESIAN_POINT ( 'NONE',  ( 0.000000000000000000, 1.527063293868265337, 3.796875000000000444 ) ) ;
#1450 = VECTOR ( 'NONE', #1018, 999.9999999999998863 ) ;
#1451 = CARTESIAN_POINT ( 'NONE',  ( 1.322475605676673771, 0.7635316469341245638, -2.786458333333332593 ) ) ;
#1452 = CARTESIAN_POINT ( 'NONE',  ( 1.357050807568896511, -1.468789283483105124E-14, -7.124999999999997335 ) ) ;
#1453 = CARTESIAN_POINT ( 'NONE',  ( -1.017788105676672439, -0.5876202367904417301, 4.166666666666669627 ) ) ;
#1454 = CARTESIAN_POINT ( 'NONE',  ( -1.522428280850911753, -0.1571052013842195449, 7.406250000000000888 ) ) ;
#1455 = ORIENTED_EDGE ( 'NONE', *, *, #6896, .T. ) ;
#1456 = CARTESIAN_POINT ( 'NONE',  ( 1.357050807568896067, -1.457308219741098862E-14, -8.062499999999996447 ) ) ;
#1457 = ORIENTED_EDGE ( 'NONE', *, *, #1916, .F. ) ;
#1458 = CARTESIAN_POINT ( 'NONE',  ( -1.017788105676672439, 0.5876202367904106438, 1.645833333333335924 ) ) ;
#1459 = CARTESIAN_POINT ( 'NONE',  ( 0.000000000000000000, 2.070106209874711453E-15, 7.967077405468494966 ) ) ;
#1460 = CARTESIAN_POINT ( 'NONE',  ( -0.6785254037844485886, -1.175240473580868139, 7.708333333333335702 ) ) ;
#1461 = CARTESIAN_POINT ( 'NONE',  ( -3.021604981090763735E-14, 1.260009172861202176, 4.951058768651630970 ) ) ;
#1462 = CARTESIAN_POINT ( 'NONE',  ( -1.836970198721050149E-16, -1.500000000000031974, 0.06250000000000115186 ) ) ;
#1463 = CARTESIAN_POINT ( 'NONE',  ( -0.2467405608427222785, -1.538281606095238674, 7.978816423804654612 ) ) ;
#1464 = FACE_OUTER_BOUND ( 'NONE', #7459, .T. ) ;
#1465 = CARTESIAN_POINT ( 'NONE',  ( 0.8816504037844482555, -1.527063293868296645, -2.442708333333329040 ) ) ;
#1466 = B_SPLINE_CURVE_WITH_KNOTS ( 'NONE', 3,
 ( #5167, #7163, #1428, #1468, #7788, #4663, #3996, #2000, #1388, #7122, #6537, #6496, #3953, #813, #2748, #3323, #771, #6454 ),
 .UNSPECIFIED., .F., .F.,
 ( 4, 2, 2, 2, 2, 2, 2, 2, 4 ),
 ( 0.0004766316132305776295, 0.0009553940869637756253, 0.001434156560696973675, 0.001912919034430171725, 0.002391681508163369559, 0.002870443981896567825, 0.003349206455629766092, 0.003827968929362963492, 0.004306731403096160891 ),
 .UNSPECIFIED. ) ;
#1467 = CARTESIAN_POINT ( 'NONE',  ( 1.017788105676671995, -0.5876202367904422852, 2.395833333333335702 ) ) ;
#1468 = CARTESIAN_POINT ( 'NONE',  ( 0.6169257517062176621, -1.038848907910361108, 4.779781196448481317 ) ) ;
#1469 = CARTESIAN_POINT ( 'NONE',  ( -0.6785254037844485886, -1.175240473580866585, -8.291666666666664298 ) ) ;
#1470 = CARTESIAN_POINT ( 'NONE',  ( 1.357050807568896511, -1.542268091431946213E-14, -1.124999999999997558 ) ) ;
#1471 = EDGE_CURVE ( 'NONE', #593, #677, #3885, .T. ) ;
#1472 = ADVANCED_FACE ( 'NONE', ( #6262 ), #3087, .T. ) ;
#1473 = CARTESIAN_POINT ( 'NONE',  ( -1.732050807568896955, -1.452390018415989623E-14, -5.562500000000000000 ) ) ;
#1474 = VERTEX_POINT ( 'NONE', #620 ) ;
#1475 = CARTESIAN_POINT ( 'NONE',  ( 0.6785254037844478114, -1.175240473580868583, 8.354166666666669627 ) ) ;
#1476 = CARTESIAN_POINT ( 'NONE',  ( -1.439254484199210086E-16, -1.175240473580866585, -8.249999999999996447 ) ) ;
#1477 = CARTESIAN_POINT ( 'NONE',  ( -1.017788105676672439, -0.5876202367904421742, 8.229166666666669627 ) ) ;
#1478 = CARTESIAN_POINT ( 'NONE',  ( 0.1701009219599333155, -1.515488654394542500, 7.406250000000000888 ) ) ;
#1479 = CARTESIAN_POINT ( 'NONE',  ( 0.000000000000000000, 1.500000000000000888, 3.750000000000003553 ) ) ;
#1480 = CARTESIAN_POINT ( 'NONE',  ( 1.322475605676672661, -0.7635316469341558721, -5.369791666666666075 ) ) ;
#1481 = ORIENTED_EDGE ( 'NONE', *, *, #5576, .F. ) ;
#1482 = CARTESIAN_POINT ( 'NONE',  ( 0.6785254037844490327, 1.175240473580836831, -3.479166666666664298 ) ) ;
#1483 = ORIENTED_EDGE ( 'NONE', *, *, #510, .T. ) ;
#1484 = CARTESIAN_POINT ( 'NONE',  ( -0.8816504037844491437, -1.527063293868297311, 7.973958333333336590 ) ) ;
#1485 = CARTESIAN_POINT ( 'NONE',  ( -1.836970198721050149E-16, -1.500000000000032196, 2.500000000000003553 ) ) ;
#1486 = CARTESIAN_POINT ( 'NONE',  ( 1.480908766186231240, 0.1867183014945862640, 7.406250000000000888 ) ) ;
#1487 = DIRECTION ( 'NONE',  ( -0.000000000000000000, -1.224646799147353207E-16, 1.000000000000000000 ) ) ;
#1488 = ORIENTED_EDGE ( 'NONE', *, *, #1424, .T. ) ;
#1489 = CARTESIAN_POINT ( 'NONE',  ( 1.322475605676672661, -0.7635316469341570933, 4.130208333333333925 ) ) ;
#1490 = CARTESIAN_POINT ( 'NONE',  ( 1.322475605676673771, 0.7635316469341242307, -0.2864583333333330373 ) ) ;
#1491 = CARTESIAN_POINT ( 'NONE',  ( 0.6785254037844490327, 1.175240473580837275, -8.041666666666664298 ) ) ;
#1492 = CARTESIAN_POINT ( 'NONE',  ( -1.322475605676673105, -0.7635316469341547618, -6.567708333333328596 ) ) ;
#1493 = CARTESIAN_POINT ( 'NONE',  ( 0.000000000000000000, 1.500000000000001332, -1.187499999999998668 ) ) ;
#1494 = ADVANCED_FACE ( 'NONE', ( #2555 ), #3129, .T. ) ;
#1495 = ORIENTED_EDGE ( 'NONE', *, *, #1634, .F. ) ;
#1496 = CARTESIAN_POINT ( 'NONE',  ( -1.017788105676672439, 0.5876202367904114210, -4.916666666666663410 ) ) ;
#1497 = CARTESIAN_POINT ( 'NONE',  ( 0.6785254037844478114, -1.175240473580867029, -6.645833333333331261 ) ) ;
#1498 = VERTEX_POINT ( 'NONE', #5722 ) ;
#1499 = CARTESIAN_POINT ( 'NONE',  ( -1.017788105676672439, 0.5876202367904108659, -0.3541666666666640761 ) ) ;
#1500 = CARTESIAN_POINT ( 'NONE',  ( 1.017788105676671995, -0.5876202367904419521, -0.1041666666666642982 ) ) ;
#1501 = CARTESIAN_POINT ( 'NONE',  ( -1.732050807568896511, -1.519745592369093639E-14, -0.06249999999999895917 ) ) ;
#1502 = AXIS2_PLACEMENT_3D ( 'NONE', #8154, #5827, #1953 ) ;
#1503 = CARTESIAN_POINT ( 'NONE',  ( 1.379405416756178004, -0.5927198952784811237, 5.586976087484202935 ) ) ;
#1504 = CARTESIAN_POINT ( 'NONE',  ( 0.9100100306033857001, 0.2087934338140780555, 7.406250000000000888 ) ) ;
#1505 = VECTOR ( 'NONE', #5789, 1000.000000000000000 ) ;
#1506 = CARTESIAN_POINT ( 'NONE',  ( 1.763300807568897621, -1.565230218915958738E-14, 0.1406250000000044409 ) ) ;
#1507 = LINE ( 'NONE', #5338, #2632 ) ;
#1508 = CARTESIAN_POINT ( 'NONE',  ( 0.6785254037844478114, -1.175240473580867695, 0.3541666666666693497 ) ) ;
#1509 = CARTESIAN_POINT ( 'NONE',  ( 1.836970198721030920E-16, 1.500000000000000222, 8.250000000000000000 ) ) ;
#1510 = CARTESIAN_POINT ( 'NONE',  ( -1.017788105676672439, -0.5876202367904406199, -5.333333333333330373 ) ) ;
#1511 = CARTESIAN_POINT ( 'NONE',  ( -0.6785254037844480335, 1.175240473580837275, -2.958333333333330373 ) ) ;
#1512 = ORIENTED_EDGE ( 'NONE', *, *, #1022, .T. ) ;
#1513 = EDGE_CURVE ( 'NONE', #7624, #2316, #5854, .T. ) ;
#1514 = CARTESIAN_POINT ( 'NONE',  ( -0.5854651049460997125, -1.030318922749754229, -8.250000000000005329 ) ) ;
#1515 = CARTESIAN_POINT ( 'NONE',  ( -0.6785254037844485886, -1.175240473580867695, 4.208333333333335702 ) ) ;
#1516 = CARTESIAN_POINT ( 'NONE',  ( 0.000000000000000000, 1.175240473580837719, -7.437499999999997335 ) ) ;
#1517 = DIRECTION ( 'NONE',  ( -0.000000000000000000, -1.224646799147353207E-16, 1.000000000000000000 ) ) ;
#1518 = CARTESIAN_POINT ( 'NONE',  ( 1.763300807568897621, -1.467641177108904246E-14, -7.828124999999997335 ) ) ;
#1519 = VERTEX_POINT ( 'NONE', #1978 ) ;
#1520 = CARTESIAN_POINT ( 'NONE',  ( -1.439254484199210086E-16, -1.175240473580867251, -2.687499999999997335 ) ) ;
#1521 = VERTEX_POINT ( 'NONE', #86 ) ;
#1522 = CARTESIAN_POINT ( 'NONE',  ( -1.017788105676672439, -0.5876202367904415080, 2.729166666666668739 ) ) ;
#1523 = FACE_OUTER_BOUND ( 'NONE', #4369, .T. ) ;
#1524 = EDGE_CURVE ( 'NONE', #6482, #6524, #7087, .T. ) ;
#1525 = CARTESIAN_POINT ( 'NONE',  ( -1.438181900812962821, -0.2195776579089554481, 5.477948715260989587 ) ) ;
#1526 = CARTESIAN_POINT ( 'NONE',  ( -0.1575495245399219646, -1.522273161123904428, 7.406250000000000888 ) ) ;
#1527 = CARTESIAN_POINT ( 'NONE',  ( -1.732050807568896511, -1.482240784145206158E-14, -3.124999999999996003 ) ) ;
#1528 = DIRECTION ( 'NONE',  ( 0.000000000000000000, -1.000000000000000000, 0.000000000000000000 ) ) ;
#1529 = CARTESIAN_POINT ( 'NONE',  ( -1.870113174931204576E-16, -1.527063293868297089, 3.546875000000000444 ) ) ;
#1530 = CARTESIAN_POINT ( 'NONE',  ( -1.763300807568897621, -1.513239656248623571E-14, -0.5781249999999996669 ) ) ;
#1531 = CARTESIAN_POINT ( 'NONE',  ( -0.6785254037844485886, -1.175240473580866585, -7.791666666666663410 ) ) ;
#1532 = CARTESIAN_POINT ( 'NONE',  ( -1.322475605676673105, 0.7635316469341262291, -5.651041666666661634 ) ) ;
#1533 = DIRECTION ( 'NONE',  ( 0.000000000000000000, -1.000000000000000000, 0.000000000000000000 ) ) ;
#1534 = VERTEX_POINT ( 'NONE', #3843 ) ;
#1535 = CARTESIAN_POINT ( 'NONE',  ( -0.6785254037844480335, 1.175240473580837497, -3.458333333333330373 ) ) ;
#1536 = CARTESIAN_POINT ( 'NONE',  ( 1.357050807568896067, -1.475677921728309134E-14, -6.562499999999997335 ) ) ;
#1537 = ORIENTED_EDGE ( 'NONE', *, *, #7932, .T. ) ;
#1538 = CARTESIAN_POINT ( 'NONE',  ( -1.439254484199210086E-16, -1.175240473580867695, 1.312500000000001998 ) ) ;
#1539 = DIRECTION ( 'NONE',  ( 1.000000000000000000, 0.000000000000000000, 0.000000000000000000 ) ) ;
#1540 = CARTESIAN_POINT ( 'NONE',  ( -0.6785254037844480335, 1.175240473580836831, 0.1041666666666690721 ) ) ;
#1541 = CARTESIAN_POINT ( 'NONE',  ( 0.000000000000000000, 1.500000000000001110, -0.1874999999999986400 ) ) ;
#1542 = DIRECTION ( 'NONE',  ( -1.119194305795485091E-14, -1.000000000000000000, 0.000000000000000000 ) ) ;
#1543 = DIRECTION ( 'NONE',  ( 1.000000000000000000, 5.329070518200752183E-15, 0.000000000000000000 ) ) ;
#1544 = CARTESIAN_POINT ( 'NONE',  ( -0.8816504037844485886, 1.527063293868266225, -1.192708333333328818 ) ) ;
#1545 = DIRECTION ( 'NONE',  ( 0.9945218953682730678, 0.000000000000000000, 0.1045284632676558578 ) ) ;
#1546 = CARTESIAN_POINT ( 'NONE',  ( 0.6785254037844478114, -1.175240473580867695, 1.854166666666668739 ) ) ;
#1547 = CARTESIAN_POINT ( 'NONE',  ( 1.357050807568896067, -1.604265835638781040E-14, 3.937500000000001776 ) ) ;
#1548 = CARTESIAN_POINT ( 'NONE',  ( 0.6785254037844478114, -1.175240473580867029, -7.208333333333330373 ) ) ;
#1549 = CARTESIAN_POINT ( 'NONE',  ( -0.6785254037844485886, -1.175240473580867251, -1.291666666666664520 ) ) ;
#1550 = DIRECTION ( 'NONE',  ( -0.02078751127481363523, 0.1045058763748858005, 0.9943069954385902465 ) ) ;
#1551 = ORIENTED_EDGE ( 'NONE', *, *, #6282, .T. ) ;
#1552 =( BOUNDED_CURVE ( )  B_SPLINE_CURVE ( 3, ( #1576, #4110, #6643, #960 ),
 .UNSPECIFIED., .F., .F. ) 
 B_SPLINE_CURVE_WITH_KNOTS ( ( 4, 4 ),
 ( 2.946332657651818288, 3.336852649527771941 ),
 .UNSPECIFIED. ) 
 CURVE ( )  GEOMETRIC_REPRESENTATION_ITEM ( )  RATIONAL_B_SPLINE_CURVE ( ( 1.000000000000000000, 0.9873315052531757008, 0.9873315052531757008, 1.000000000000000000 ) ) 
 REPRESENTATION_ITEM ( '' )  );
#1553 = CARTESIAN_POINT ( 'NONE',  ( 0.2754000000000001447, 2.425680116754335092E-17, 8.250000000000000000 ) ) ;
#1554 = CARTESIAN_POINT ( 'NONE',  ( 1.017788105676671995, -0.5876202367904430623, 8.395833333333335702 ) ) ;
#1555 = CARTESIAN_POINT ( 'NONE',  ( -0.6785254037844480335, 1.175240473580837719, -7.895833333333332149 ) ) ;
#1556 = CARTESIAN_POINT ( 'NONE',  ( 1.322475605676673771, 0.7635316469341237866, 2.713541666666666963 ) ) ;
#1557 = CARTESIAN_POINT ( 'NONE',  ( 0.8816504037844482555, -1.527063293868296201, -6.911458333333332149 ) ) ;
#1558 = EDGE_LOOP ( 'NONE', ( #2045, #1138, #2846, #2029 ) ) ;
#1559 = CARTESIAN_POINT ( 'NONE',  ( -1.836970198721050149E-16, -1.500000000000032196, 2.562500000000000888 ) ) ;
#1560 = AXIS2_PLACEMENT_3D ( 'NONE', #1991, #3231, #5776 ) ;
#1561 = EDGE_LOOP ( 'NONE', ( #7640, #7511, #2721, #2637, #3655, #7234, #6869, #157, #941, #3984, #7707, #5447, #8033, #2505, #666, #831, #5224, #2431, #4753, #5126, #5890, #2649, #5392, #3672, #6566, #5409, #1131, #4549 ) ) ;
#1562 = AXIS2_PLACEMENT_3D ( 'NONE', #2146, #1487, #954 ) ;
#1563 = CARTESIAN_POINT ( 'NONE',  ( -1.357050807568896511, -1.555719592094047562E-14, 2.687500000000002220 ) ) ;
#1564 = CARTESIAN_POINT ( 'NONE',  ( 0.000000000000000000, 2.070106209874711453E-15, 7.406250000000000888 ) ) ;
#1565 = DIRECTION ( 'NONE',  ( -0.000000000000000000, -1.224646799147353207E-16, 1.000000000000000000 ) ) ;
#1566 = CARTESIAN_POINT ( 'NONE',  ( 1.299038105676671773, -0.7500000000000246470, 3.083333333333336146 ) ) ;
#1567 = CARTESIAN_POINT ( 'NONE',  ( 0.000000000000000000, -7.438283133705603770E-16, 8.250000000000000000 ) ) ;
#1568 = CARTESIAN_POINT ( 'NONE',  ( -0.8816504037844485886, 1.527063293868264893, 7.338541666666666075 ) ) ;
#1569 = CARTESIAN_POINT ( 'NONE',  ( -0.8816504037844485886, 1.527063293868266003, -0.1614583333333328985 ) ) ;
#1570 = VECTOR ( 'NONE', #1542, 1000.000000000000000 ) ;
#1571 = EDGE_CURVE ( 'NONE', #593, #6264, #2324, .T. ) ;
#1572 = CARTESIAN_POINT ( 'NONE',  ( 0.000000000000000000, 1.175240473580837719, -6.999999999999997335 ) ) ;
#1573 = EDGE_CURVE ( 'NONE', #3160, #6170, #3700, .T. ) ;
#1574 = ADVANCED_FACE ( 'NONE', ( #7221 ), #5226, .T. ) ;
#1575 = CARTESIAN_POINT ( 'NONE',  ( 0.8816504037844494768, 1.527063293868266447, -6.276041666666663410 ) ) ;
#1576 = CARTESIAN_POINT ( 'NONE',  ( -0.2087934338140773616, -0.9100100306033871433, 7.406250000000000888 ) ) ;
#1577 = ORIENTED_EDGE ( 'NONE', *, *, #3580, .T. ) ;
#1578 = LINE ( 'NONE', #6070, #7608 ) ;
#1579 = CARTESIAN_POINT ( 'NONE',  ( -0.6785254037844480335, 1.175240473580837719, -6.895833333333331261 ) ) ;
#1580 = AXIS2_PLACEMENT_3D ( 'NONE', #2531, #2408, #5654 ) ;
#1581 = ORIENTED_EDGE ( 'NONE', *, *, #171, .F. ) ;
#1582 = CARTESIAN_POINT ( 'NONE',  ( -1.357050807568896511, -1.531226656111100217E-14, 0.6875000000000023315 ) ) ;
#1583 = CARTESIAN_POINT ( 'NONE',  ( -1.439254484199210086E-16, -1.175240473580867917, 3.750000000000002665 ) ) ;
#1584 = CARTESIAN_POINT ( 'NONE',  ( -1.357050807568896067, -1.506733720128153187E-14, -1.312499999999997558 ) ) ;
#1585 = CARTESIAN_POINT ( 'NONE',  ( 0.8660254037844475894, -1.500000000000032419, -0.3958333333333320381 ) ) ;
#1586 = CARTESIAN_POINT ( 'NONE',  ( 0.2189201988679705668, -1.574078335371367654, 7.967461089029153953 ) ) ;
#1587 = CARTESIAN_POINT ( 'NONE',  ( -1.299038105676672217, -0.7500000000000225375, -6.083333333333329485 ) ) ;
#1588 = CARTESIAN_POINT ( 'NONE',  ( 0.8816504037844494768, 1.527063293868265337, 0.2239583333333377280 ) ) ;
#1589 = CARTESIAN_POINT ( 'NONE',  ( 1.299038105676673105, 0.7499999999999927836, -6.270833333333331261 ) ) ;
#1590 = CARTESIAN_POINT ( 'NONE',  ( 1.017788105676672883, 0.5876202367904100887, -1.583333333333330817 ) ) ;
#1591 = CARTESIAN_POINT ( 'NONE',  ( 0.8660254037844489217, 1.500000000000000888, -1.291666666666663188 ) ) ;
#1592 = CARTESIAN_POINT ( 'NONE',  ( 0.000000000000000000, 1.175240473580837497, -5.499999999999997335 ) ) ;
#1593 = CARTESIAN_POINT ( 'NONE',  ( -1.439254484199210086E-16, -1.175240473580867695, 2.250000000000001776 ) ) ;
#1594 = CARTESIAN_POINT ( 'NONE',  ( 0.1867183014945819897, -1.480908766186233017, 7.406250000000000888 ) ) ;
#1595 = VERTEX_POINT ( 'NONE', #7097 ) ;
#1596 = CYLINDRICAL_SURFACE ( 'NONE', #2106, 1.500000000000000888 ) ;
#1597 = CARTESIAN_POINT ( 'NONE',  ( -1.439254484199210086E-16, -1.175240473580868139, 6.750000000000001776 ) ) ;
#1598 = CARTESIAN_POINT ( 'NONE',  ( 0.000000000000000000, 1.500000000000000888, 1.750000000000003553 ) ) ;
#1599 = LINE ( 'NONE', #4046, #3345 ) ;
#1600 = ORIENTED_EDGE ( 'NONE', *, *, #7635, .F. ) ;
#1601 = CARTESIAN_POINT ( 'NONE',  ( -0.6785254037844485886, -1.175240473580866807, -4.229166666666664298 ) ) ;
#1602 = VERTEX_POINT ( 'NONE', #2810 ) ;
#1603 =( BOUNDED_CURVE ( )  B_SPLINE_CURVE ( 2, ( #8059, #3764, #630, #2362, #591, #6306, #1702 ),
 .UNSPECIFIED., .F., .F. ) 
 B_SPLINE_CURVE_WITH_KNOTS ( ( 3, 2, 2, 3 ),
 ( 0.5416666666666666297, 0.5555555555555554692, 0.5694444444444444198, 0.5833333333333332593 ),
 .UNSPECIFIED. ) 
 CURVE ( )  GEOMETRIC_REPRESENTATION_ITEM ( )  RATIONAL_B_SPLINE_CURVE ( ( 1.000000000000001110, 0.8660254037844375974, 1.000000000000000000, 0.8660254037844387076, 1.000000000000000000, 0.8660254037844387076, 1.000000000000000000 ) ) 
 REPRESENTATION_ITEM ( '' )  );
#1604 = CARTESIAN_POINT ( 'NONE',  ( 0.6785254037844478114, -1.175240473580868139, 3.854166666666669183 ) ) ;
#1605 = CARTESIAN_POINT ( 'NONE',  ( -0.2622035415152556559, 1.036004162901805525, 8.124444084471209138 ) ) ;
#1606 = CARTESIAN_POINT ( 'NONE',  ( -0.8924354041671533899, 1.128924153647460127, 5.408745652740077681 ) ) ;
#1607 = CARTESIAN_POINT ( 'NONE',  ( -0.8660254037844455910, -1.500000000000037081, 3.520833333333333925 ) ) ;
#1608 = CARTESIAN_POINT ( 'NONE',  ( 1.576622122564782069, -0.2078487863861533114, 7.967077405468494966 ) ) ;
#1609 = DIRECTION ( 'NONE',  ( -0.000000000000000000, -1.224646799147353207E-16, 1.000000000000000000 ) ) ;
#1610 = CARTESIAN_POINT ( 'NONE',  ( 0.8816504037844482555, -1.527063293868297755, 6.088541666666667851 ) ) ;
#1611 = CARTESIAN_POINT ( 'NONE',  ( 0.000000000000000000, 1.527063293868266003, -0.7031249999999993339 ) ) ;
#1612 = FACE_OUTER_BOUND ( 'NONE', #446, .T. ) ;
#1613 = CARTESIAN_POINT ( 'NONE',  ( -1.870113174931204576E-16, -1.527063293868295757, -6.484374999999995559 ) ) ;
#1614 = CARTESIAN_POINT ( 'NONE',  ( -0.4999534751593331383, 0.2070875099665654417, 7.406250000000000888 ) ) ;
#1615 = ORIENTED_EDGE ( 'NONE', *, *, #2420, .F. ) ;
#1616 = DIRECTION ( 'NONE',  ( 0.000000000000000000, -1.000000000000000000, 0.000000000000000000 ) ) ;
#1617 = CARTESIAN_POINT ( 'NONE',  ( -0.6785254037844485886, -1.175240473580866585, -6.229166666666664298 ) ) ;
#1618 = VERTEX_POINT ( 'NONE', #7179 ) ;
#1619 = CARTESIAN_POINT ( 'NONE',  ( 1.017788105676672883, 0.5876202367904098667, 0.9791666666666689611 ) ) ;
#1620 = CARTESIAN_POINT ( 'NONE',  ( -1.439254484199210086E-16, -1.175240473580867917, 4.750000000000002665 ) ) ;
#1621 = EDGE_CURVE ( 'NONE', #819, #3229, #6751, .T. ) ;
#1622 = ADVANCED_FACE ( 'NONE', ( #335 ), #7264, .T. ) ;
#1623 = CARTESIAN_POINT ( 'NONE',  ( -1.017788105676672439, -0.5876202367904410639, -1.270833333333330817 ) ) ;
#1624 = DIRECTION ( 'NONE',  ( -0.000000000000000000, -1.224646799147353207E-16, 1.000000000000000000 ) ) ;
#1625 = CARTESIAN_POINT ( 'NONE',  ( 1.560372599061993437, 0.1887742588306638991, 7.789916474573779226 ) ) ;
#1626 = CARTESIAN_POINT ( 'NONE',  ( 0.8816504037844482555, -1.527063293868296645, -1.942708333333329040 ) ) ;
#1627 = FACE_OUTER_BOUND ( 'NONE', #1825, .T. ) ;
#1628 = CARTESIAN_POINT ( 'NONE',  ( -1.439254484199210086E-16, -1.175240473580867695, 2.812500000000002665 ) ) ;
#1629 = ADVANCED_FACE ( 'NONE', ( #1523 ), #7894, .T. ) ;
#1630 = CARTESIAN_POINT ( 'NONE',  ( 1.197489531002495555, 0.7203977205829458219, 5.296755321246883419 ) ) ;
#1631 = CARTESIAN_POINT ( 'NONE',  ( -1.439254484199210086E-16, -1.175240473580866807, -6.249999999999996447 ) ) ;
#1632 = PERSON_AND_ORGANIZATION ( #5956, #3810 ) ;
#1633 = AXIS2_PLACEMENT_3D ( 'NONE', #4013, #1444, #4098 ) ;
#1634 = EDGE_CURVE ( 'NONE', #1211, #4677, #3340, .T. ) ;
#1635 = ORIENTED_EDGE ( 'NONE', *, *, #4347, .F. ) ;
#1636 = PLANE ( 'NONE',  #3422 ) ;
#1637 = CARTESIAN_POINT ( 'NONE',  ( -1.017788105676672439, -0.5876202367904420631, 6.666666666666668739 ) ) ;
#1638 = CARTESIAN_POINT ( 'NONE',  ( -1.017788105676672439, 0.5876202367904118651, -8.354166666666664298 ) ) ;
#1639 = CARTESIAN_POINT ( 'NONE',  ( -1.299038105676672439, 0.7499999999999937828, -3.604166666666665186 ) ) ;
#1640 = EDGE_CURVE ( 'NONE', #3540, #5704, #7931, .T. ) ;
#1641 =( BOUNDED_CURVE ( )  B_SPLINE_CURVE ( 2, ( #724, #2572, #147, #4572, #5069, #3861, #3905 ),
 .UNSPECIFIED., .F., .F. ) 
 B_SPLINE_CURVE_WITH_KNOTS ( ( 3, 2, 2, 3 ),
 ( 0.04166666666666663660, 0.05555555555555559410, 0.06944444444444444753, 0.08333333333333339810 ),
 .UNSPECIFIED. ) 
 CURVE ( )  GEOMETRIC_REPRESENTATION_ITEM ( )  RATIONAL_B_SPLINE_CURVE ( ( 1.000000000000000000, 0.8660254037844388186, 1.000000000000000000, 0.8660254037844387076, 1.000000000000000000, 0.8660254037844384856, 1.000000000000000222 ) ) 
 REPRESENTATION_ITEM ( '' )  );
#1642 = ORIENTED_EDGE ( 'NONE', *, *, #1108, .T. ) ;
#1643 = CARTESIAN_POINT ( 'NONE',  ( 1.357050807568896511, -1.506294091706992921E-14, -4.062499999999997335 ) ) ;
#1644 = ORIENTED_EDGE ( 'NONE', *, *, #5781, .F. ) ;
#1645 = CARTESIAN_POINT ( 'NONE',  ( 0.6785254037844478114, -1.175240473580867695, 3.354166666666668739 ) ) ;
#1646 = DIRECTION ( 'NONE',  ( 0.000000000000000000, -0.1045284632676536929, -0.9945218953682732899 ) ) ;
#1647 = CARTESIAN_POINT ( 'NONE',  ( 0.000000000000000000, -1.500000000000001554, 8.250000000000000000 ) ) ;
#1648 = LINE ( 'NONE', #4180, #7812 ) ;
#1649 = CARTESIAN_POINT ( 'NONE',  ( 1.538281606095233789, -0.2467405608427292452, 7.978816423804656388 ) ) ;
#1650 = CARTESIAN_POINT ( 'NONE',  ( -1.357050807568896511, -1.567966060085521077E-14, 3.687500000000002220 ) ) ;
#1651 = CARTESIAN_POINT ( 'NONE',  ( -1.322475605676673105, -0.7635316469341562051, 4.963541666666666075 ) ) ;
#1652 = CARTESIAN_POINT ( 'NONE',  ( 0.000000000000000000, 1.527063293868265781, -0.2031249999999993061 ) ) ;
#1653 = CARTESIAN_POINT ( 'NONE',  ( -1.439254484199210086E-16, -1.175240473580867029, -5.249999999999997335 ) ) ;
#1654 = CARTESIAN_POINT ( 'NONE',  ( -1.322475605676673105, -0.7635316469341549839, -4.567708333333327708 ) ) ;
#1655 = CYLINDRICAL_SURFACE ( 'NONE', #5543, 1.500000000000000888 ) ;
#1656 =( BOUNDED_SURFACE ( )  B_SPLINE_SURFACE ( 1, 2, ( 
 ( #7293, #1511, #5873, #2212, #6456, #3410, #283, #7247, #4749, #4624, #7165, #4040, #2170, #2797, #1430, #155, #6539, #7206, #2043, #3325, #6621, #5382, #5211, #2750, #2664, #858, #6009, #4709, #2084, #5966, #3956, #6498, #2707, #773, #3913, #7750, #5301, #5833, #816, #5342, #6578, #1549, #3369, #197, #4580, #1470, #896, #7876, #4082, #2834, #3284, #939, #7124, #5253, #7790, #3457, #320, #7919, #3999, #5920, #237, #7839, #2127, #4665, #7480, #979, #4938, #2474, #6929, #3053, #6190, #7441, #2435, #1774, #1738, #5016, #361, #3494, #548, #504, #4310, #4898, #5603, #4976, #6044, #4269, #1119, #8133, #6849, #2874, #3721, #8097, #7959, #1237, #5645, #6810, #5057, #7515, #3638, #11, #4127, #1196, #6268, #7557, #2518, #2399, #1157, #1809, #8173, #588, #3016, #5422, #3677, #4350, #2255, #5567, #4388, #3136, #6231, #6891, #3093, #1850, #3761, #6304, #627, #5687, #1593, #6663, #6394, #1894, #218, #3181, #6435, #1278, #4475, #796, #2645, #2688, #7063, #1937, #3804, #5145, #2023, #6477, #4561 ),
 ( #709, #7732, #5853, #5192, #5770, #3932, #6973, #7103, #3850, #1408, #1451, #5898, #1368, #7020, #3891, #6350, #51, #3980, #751, #177, #5730, #4519, #7644, #4601, #5232, #2562, #2063, #2605, #7595, #7144, #3308, #1324, #7692, #7771, #1984, #2729, #4432, #6520, #671, #3222, #838, #3350, #5102, #3263, #92, #5810, #135, #7938, #4144, #2233, #4184, #6104, #997, #3390, #4644, #6596, #5402, #3512, #2857, #3435, #1611, #7185, #4772, #1530, #7313, #7353, #3551, #7270, #4688, #4729, #1490, #5938, #1652, #1569, #6064, #256, #2192, #5321, #2274, #381, #2775, #7975, #301, #5273, #4811, #6682, #7227, #5361, #2896, #7900, #419, #7810, #5442, #6719, #1033, #879, #2107, #2816, #4020, #4105, #6560, #7857, #6640, #4062, #2149, #6027, #957, #916, #5985, #3475, #342, #2310, #5476, #8012, #4848, #7390, #2931, #7131, #5260, #2093, #6584, #2760, #1437, #4717, #865, #826, #7926, #6628, #5881, #6051, #288, #4631, #986, #5217, #2179, #7253, #6014, #3501, #3376, #5926, #2803, #945, #1556, #204, #3965 ) ),
 .UNSPECIFIED., .F., .F., .F. ) 
 B_SPLINE_SURFACE_WITH_KNOTS ( ( 2, 2 ),
 ( 3, 2, 2, 2, 2, 2, 2, 2, 2, 2, 2, 2, 2, 2, 2, 2, 2, 2, 2, 2, 2, 2, 2, 2, 2, 2, 2, 2, 2, 2, 2, 2, 2, 2, 2, 2, 2, 2, 2, 2, 2, 2, 2, 2, 2, 2, 2, 2, 2, 2, 2, 2, 2, 2, 2, 2, 2, 2, 2, 2, 2, 2, 2, 2, 2, 2, 2, 2, 2, 2, 2, 2, 3 ),
 ( 0.000000000000000000, 1.000000000000000000 ),
 ( 0.000000000000000000, 0.01388888888888888812, 0.02777777777777777624, 0.04166666666666666435, 0.05555555555555555247, 0.06944444444444444753, 0.08333333333333332871, 0.09722222222222222376, 0.1111111111111111049, 0.1250000000000000000, 0.1388888888888888951, 0.1527777777777777901, 0.1666666666666666574, 0.1805555555555555525, 0.1944444444444444475, 0.2083333333333333426, 0.2222222222222222099, 0.2361111111111111049, 0.2500000000000000000, 0.2638888888888888951, 0.2777777777777777901, 0.2916666666666666852, 0.3055555555555555802, 0.3194444444444444198, 0.3333333333333333148, 0.3472222222222222099, 0.3611111111111111049, 0.3750000000000000000, 0.3888888888888888951, 0.4027777777777777901, 0.4166666666666666852, 0.4305555555555555802, 0.4444444444444444198, 0.4583333333333333148, 0.4722222222222222099, 0.4861111111111111049, 0.5000000000000000000, 0.5138888888888888395, 0.5277777777777777901, 0.5416666666666666297, 0.5555555555555555802, 0.5694444444444444198, 0.5833333333333333703, 0.5972222222222222099, 0.6111111111111111605, 0.6250000000000000000, 0.6388888888888888395, 0.6527777777777777901, 0.6666666666666666297, 0.6805555555555555802, 0.6944444444444444198, 0.7083333333333333703, 0.7222222222222222099, 0.7361111111111111605, 0.7500000000000000000, 0.7638888888888888395, 0.7777777777777777901, 0.7916666666666666297, 0.8055555555555555802, 0.8194444444444444198, 0.8333333333333333703, 0.8472222222222222099, 0.8611111111111111605, 0.8750000000000000000, 0.8888888888888888395, 0.9027777777777777901, 0.9166666666666666297, 0.9305555555555555802, 0.9444444444444444198, 0.9583333333333333703, 0.9722222222222222099, 0.9861111111111111605, 1.000000000000000000 ),
 .UNSPECIFIED. ) 
 GEOMETRIC_REPRESENTATION_ITEM ( )  RATIONAL_B_SPLINE_SURFACE ( (
 ( 1.000000000000000000, 0.8660254037844387076, 1.000000000000000000, 0.8660254037844387076, 1.000000000000000000, 0.8660254037844387076, 1.000000000000000000, 0.8660254037844387076, 1.000000000000000000, 0.8660254037844387076, 1.000000000000000000, 0.8660254037844387076, 1.000000000000000000, 0.8660254037844387076, 1.000000000000000000, 0.8660254037844387076, 1.000000000000000000, 0.8660254037844387076, 1.000000000000000000, 0.8660254037844387076, 1.000000000000000000, 0.8660254037844387076, 1.000000000000000000, 0.8660254037844387076, 1.000000000000000000, 0.8660254037844387076, 1.000000000000000000, 0.8660254037844387076, 1.000000000000000000, 0.8660254037844387076, 1.000000000000000000, 0.8660254037844387076, 1.000000000000000000, 0.8660254037844387076, 1.000000000000000000, 0.8660254037844387076, 1.000000000000000000, 0.8660254037844387076, 1.000000000000000000, 0.8660254037844387076, 1.000000000000000000, 0.8660254037844387076, 1.000000000000000000, 0.8660254037844387076, 1.000000000000000000, 0.8660254037844387076, 1.000000000000000000, 0.8660254037844387076, 1.000000000000000000, 0.8660254037844387076, 1.000000000000000000, 0.8660254037844387076, 1.000000000000000000, 0.8660254037844387076, 1.000000000000000000, 0.8660254037844387076, 1.000000000000000000, 0.8660254037844387076, 1.000000000000000000, 0.8660254037844387076, 1.000000000000000000, 0.8660254037844387076, 1.000000000000000000, 0.8660254037844387076, 1.000000000000000000, 0.8660254037844387076, 1.000000000000000000, 0.8660254037844387076, 1.000000000000000000, 0.8660254037844387076, 1.000000000000000000, 0.8660254037844387076, 1.000000000000000000, 0.8660254037844387076, 1.000000000000000000, 0.8660254037844387076, 1.000000000000000000, 0.8660254037844387076, 1.000000000000000000, 0.8660254037844387076, 1.000000000000000000, 0.8660254037844387076, 1.000000000000000000, 0.8660254037844387076, 1.000000000000000000, 0.8660254037844387076, 1.000000000000000000, 0.8660254037844387076, 1.000000000000000000, 0.8660254037844387076, 1.000000000000000000, 0.8660254037844387076, 1.000000000000000000, 0.8660254037844387076, 1.000000000000000000, 0.8660254037844387076, 1.000000000000000000, 0.8660254037844387076, 1.000000000000000000, 0.8660254037844387076, 1.000000000000000000, 0.8660254037844387076, 1.000000000000000000, 0.8660254037844387076, 1.000000000000000000, 0.8660254037844387076, 1.000000000000000000, 0.8660254037844387076, 1.000000000000000000, 0.8660254037844387076, 1.000000000000000000, 0.8660254037844387076, 1.000000000000000000, 0.8660254037844387076, 1.000000000000000000, 0.8660254037844387076, 1.000000000000000000, 0.8660254037844387076, 1.000000000000000000, 0.8660254037844387076, 1.000000000000000000, 0.8660254037844387076, 1.000000000000000000, 0.8660254037844387076, 1.000000000000000000, 0.8660254037844387076, 1.000000000000000000, 0.8660254037844387076, 1.000000000000000000, 0.8660254037844387076, 1.000000000000000000, 0.8660254037844387076, 1.000000000000000000, 0.8660254037844387076, 1.000000000000000000, 0.8660254037844387076, 1.000000000000000000, 0.8660254037844387076, 1.000000000000000000, 0.8660254037844387076, 1.000000000000000000, 0.8660254037844387076, 1.000000000000000000, 0.8660254037844387076, 1.000000000000000000),
 ( 1.000000000000000000, 0.8660254037844387076, 1.000000000000000000, 0.8660254037844387076, 1.000000000000000000, 0.8660254037844387076, 1.000000000000000000, 0.8660254037844387076, 1.000000000000000000, 0.8660254037844387076, 1.000000000000000000, 0.8660254037844387076, 1.000000000000000000, 0.8660254037844387076, 1.000000000000000000, 0.8660254037844387076, 1.000000000000000000, 0.8660254037844387076, 1.000000000000000000, 0.8660254037844387076, 1.000000000000000000, 0.8660254037844387076, 1.000000000000000000, 0.8660254037844387076, 1.000000000000000000, 0.8660254037844387076, 1.000000000000000000, 0.8660254037844387076, 1.000000000000000000, 0.8660254037844387076, 1.000000000000000000, 0.8660254037844387076, 1.000000000000000000, 0.8660254037844387076, 1.000000000000000000, 0.8660254037844387076, 1.000000000000000000, 0.8660254037844387076, 1.000000000000000000, 0.8660254037844387076, 1.000000000000000000, 0.8660254037844387076, 1.000000000000000000, 0.8660254037844387076, 1.000000000000000000, 0.8660254037844387076, 1.000000000000000000, 0.8660254037844387076, 1.000000000000000000, 0.8660254037844387076, 1.000000000000000000, 0.8660254037844387076, 1.000000000000000000, 0.8660254037844387076, 1.000000000000000000, 0.8660254037844387076, 1.000000000000000000, 0.8660254037844387076, 1.000000000000000000, 0.8660254037844387076, 1.000000000000000000, 0.8660254037844387076, 1.000000000000000000, 0.8660254037844387076, 1.000000000000000000, 0.8660254037844387076, 1.000000000000000000, 0.8660254037844387076, 1.000000000000000000, 0.8660254037844387076, 1.000000000000000000, 0.8660254037844387076, 1.000000000000000000, 0.8660254037844387076, 1.000000000000000000, 0.8660254037844387076, 1.000000000000000000, 0.8660254037844387076, 1.000000000000000000, 0.8660254037844387076, 1.000000000000000000, 0.8660254037844387076, 1.000000000000000000, 0.8660254037844387076, 1.000000000000000000, 0.8660254037844387076, 1.000000000000000000, 0.8660254037844387076, 1.000000000000000000, 0.8660254037844387076, 1.000000000000000000, 0.8660254037844387076, 1.000000000000000000, 0.8660254037844387076, 1.000000000000000000, 0.8660254037844387076, 1.000000000000000000, 0.8660254037844387076, 1.000000000000000000, 0.8660254037844387076, 1.000000000000000000, 0.8660254037844387076, 1.000000000000000000, 0.8660254037844387076, 1.000000000000000000, 0.8660254037844387076, 1.000000000000000000, 0.8660254037844387076, 1.000000000000000000, 0.8660254037844387076, 1.000000000000000000, 0.8660254037844387076, 1.000000000000000000, 0.8660254037844387076, 1.000000000000000000, 0.8660254037844387076, 1.000000000000000000, 0.8660254037844387076, 1.000000000000000000, 0.8660254037844387076, 1.000000000000000000, 0.8660254037844387076, 1.000000000000000000, 0.8660254037844387076, 1.000000000000000000, 0.8660254037844387076, 1.000000000000000000, 0.8660254037844387076, 1.000000000000000000, 0.8660254037844387076, 1.000000000000000000, 0.8660254037844387076, 1.000000000000000000, 0.8660254037844387076, 1.000000000000000000, 0.8660254037844387076, 1.000000000000000000, 0.8660254037844387076, 1.000000000000000000, 0.8660254037844387076, 1.000000000000000000, 0.8660254037844387076, 1.000000000000000000, 0.8660254037844387076, 1.000000000000000000) ) ) 
 REPRESENTATION_ITEM ( '' )  SURFACE ( )  );
#1657 = ORIENTED_EDGE ( 'NONE', *, *, #7564, .F. ) ;
#1658 = CARTESIAN_POINT ( 'NONE',  ( 0.000000000000000000, -7.438283133705603770E-16, 8.250000000000000000 ) ) ;
#1659 = CARTESIAN_POINT ( 'NONE',  ( 1.017788105676671995, -0.5876202367904413970, -4.604166666666664298 ) ) ;
#1660 = ORIENTED_EDGE ( 'NONE', *, *, #6242, .T. ) ;
#1661 = CARTESIAN_POINT ( 'NONE',  ( 0.2990896682797061779, 0.9279710683664121884, 8.265361283549927052 ) ) ;
#1662 = CARTESIAN_POINT ( 'NONE',  ( -1.017788105676672439, -0.5876202367904416191, 3.666666666666668739 ) ) ;
#1663 = CARTESIAN_POINT ( 'NONE',  ( -0.6785254037844485886, -1.175240473580867251, -0.7291666666666639651 ) ) ;
#1664 = CARTESIAN_POINT ( 'NONE',  ( -1.836970198721050149E-16, -1.500000000000031974, 1.062500000000000666 ) ) ;
#1665 = CARTESIAN_POINT ( 'NONE',  ( -1.299038105676672217, -0.7500000000000236478, 3.916666666666670071 ) ) ;
#1666 = EDGE_CURVE ( 'NONE', #6093, #4305, #4500, .T. ) ;
#1667 = CARTESIAN_POINT ( 'NONE',  ( -1.322475605676673105, 0.7635316469341255630, -0.1510416666666621888 ) ) ;
#1668 = CARTESIAN_POINT ( 'NONE',  ( 0.1679132586585754816, 1.542301016495472021, 7.596345007782955960 ) ) ;
#1669 = CARTESIAN_POINT ( 'NONE',  ( -1.439254484199210086E-16, -1.175240473580867251, -2.749999999999997335 ) ) ;
#1670 = CARTESIAN_POINT ( 'NONE',  ( -0.6785254037844485886, -1.175240473580867695, 3.770833333333335702 ) ) ;
#1671 = CARTESIAN_POINT ( 'NONE',  ( -0.6785254037844480335, 1.175240473580837275, -4.958333333333330373 ) ) ;
#1672 = ADVANCED_FACE ( 'NONE', ( #6020 ), #3342, .T. ) ;
#1673 = EDGE_CURVE ( 'NONE', #734, #4679, #2132, .T. ) ;
#1674 = PERSON_AND_ORGANIZATION_ROLE ( 'design_supplier' ) ;
#1675 = ORIENTED_EDGE ( 'NONE', *, *, #4581, .F. ) ;
#1676 = CYLINDRICAL_SURFACE ( 'NONE', #2363, 1.500000000000000888 ) ;
#1677 = CARTESIAN_POINT ( 'NONE',  ( 0.6785254037844490327, 1.175240473580835721, 4.958333333333335702 ) ) ;
#1678 = CARTESIAN_POINT ( 'NONE',  ( -1.357050807568896511, -1.421008444187838426E-14, -8.312499999999996447 ) ) ;
#1679 = DIRECTION ( 'NONE',  ( -0.000000000000000000, -1.224646799147353207E-16, 1.000000000000000000 ) ) ;
#1680 = ORIENTED_EDGE ( 'NONE', *, *, #2418, .F. ) ;
#1681 = CARTESIAN_POINT ( 'NONE',  ( 0.7880923755456148427, -0.9768196698072489914, 4.906866880620007088 ) ) ;
#1682 = VERTEX_POINT ( 'NONE', #4880 ) ;
#1683 = CARTESIAN_POINT ( 'NONE',  ( -0.6785254037844480335, 1.175240473580836165, 4.104166666666668739 ) ) ;
#1684 = CARTESIAN_POINT ( 'NONE',  ( -0.8660254037844448138, -1.500000000000037970, -5.541666666666663410 ) ) ;
#1685 = LINE ( 'NONE', #7427, #1435 ) ;
#1686 = CARTESIAN_POINT ( 'NONE',  ( -1.017788105676672439, 0.5876202367904104218, 4.645833333333334814 ) ) ;
#1687 = CARTESIAN_POINT ( 'NONE',  ( -1.870113174931204576E-16, -1.527063293868297533, 7.046875000000000000 ) ) ;
#1688 =( BOUNDED_CURVE ( )  B_SPLINE_CURVE ( 3, ( #5113, #7656, #1947, #6532 ),
 .UNSPECIFIED., .F., .F. ) 
 B_SPLINE_CURVE_WITH_KNOTS ( ( 4, 4 ),
 ( 2.751161613710443099, 3.532023693469143577 ),
 .UNSPECIFIED. ) 
 CURVE ( )  GEOMETRIC_REPRESENTATION_ITEM ( )  RATIONAL_B_SPLINE_CURVE ( ( 1.000000000000000000, 0.9498300650479265528, 0.9498300650479265528, 1.000000000000000000 ) ) 
 REPRESENTATION_ITEM ( '' )  );
#1689 = CARTESIAN_POINT ( 'NONE',  ( -1.439254484199210086E-16, -1.175240473580867029, -4.749999999999997335 ) ) ;
#1690 = CARTESIAN_POINT ( 'NONE',  ( -0.6785254037844480335, 1.175240473580837719, -7.895833333333332149 ) ) ;
#1691 = CARTESIAN_POINT ( 'NONE',  ( -1.383967202856271062, 0.1367646796151090749, 5.301980232743233046 ) ) ;
#1692 = VECTOR ( 'NONE', #5248, 1000.000000000000000 ) ;
#1693 = DIRECTION ( 'NONE',  ( -0.000000000000000000, -1.224646799147353207E-16, 1.000000000000000000 ) ) ;
#1694 = CARTESIAN_POINT ( 'NONE',  ( 0.6785254037844490327, 1.175240473580837053, -5.479166666666662522 ) ) ;
#1695 = EDGE_LOOP ( 'NONE', ( #2839, #4608, #6767, #5725 ) ) ;
#1696 = CARTESIAN_POINT ( 'NONE',  ( 0.000000000000000000, 1.175240473580836609, 3.062500000000002665 ) ) ;
#1697 = CARTESIAN_POINT ( 'NONE',  ( -1.439254484199210086E-16, -1.175240473580868139, 5.250000000000001776 ) ) ;
#1698 = CC_DESIGN_PERSON_AND_ORGANIZATION_ASSIGNMENT ( #3140, #4833, ( #6588 ) ) ;
#1699 = CARTESIAN_POINT ( 'NONE',  ( 1.017788105676672883, 0.5876202367904096446, 1.979166666666668961 ) ) ;
#1700 = CARTESIAN_POINT ( 'NONE',  ( 0.000000000000000000, 1.175240473580837275, -2.437499999999997335 ) ) ;
#1701 = DIRECTION ( 'NONE',  ( 0.000000000000000000, -1.000000000000000000, -1.224646799147353207E-16 ) ) ;
#1702 = CARTESIAN_POINT ( 'NONE',  ( 0.000000000000000000, 1.500000000000001332, -0.2499999999999961697 ) ) ;
#1703 = CIRCLE ( 'NONE', #918, 4.606075864237158868 ) ;
#1704 = CARTESIAN_POINT ( 'NONE',  ( 1.322475605676673771, 0.7635316469341237866, 3.182291666666670960 ) ) ;
#1705 = CARTESIAN_POINT ( 'NONE',  ( -0.1858814171829686612, -1.490734877733622898, 7.406250000000000888 ) ) ;
#1706 = CARTESIAN_POINT ( 'NONE',  ( -0.6785254037844485886, -1.175240473580867029, -2.291666666666663854 ) ) ;
#1707 = CARTESIAN_POINT ( 'NONE',  ( 1.338187594433773997, -0.3305280311918153968, 5.244306069302491657 ) ) ;
#1708 = CARTESIAN_POINT ( 'NONE',  ( 1.017788105676671995, -0.5876202367904417301, -2.666666666666664298 ) ) ;
#1709 = AXIS2_PLACEMENT_3D ( 'NONE', #6005, #4164, #4792 ) ;
#1710 = CARTESIAN_POINT ( 'NONE',  ( 0.000000000000000000, 1.527063293868266669, -6.703124999999999112 ) ) ;
#1711 = ORIENTED_EDGE ( 'NONE', *, *, #972, .T. ) ;
#1712 = EDGE_CURVE ( 'NONE', #2394, #1171, #4843, .T. ) ;
#1713 = CARTESIAN_POINT ( 'NONE',  ( 0.000000000000000000, 1.500000000000001332, -0.6874999999999986677 ) ) ;
#1714 = CARTESIAN_POINT ( 'NONE',  ( -0.6785254037844485886, -1.175240473580868139, 7.208333333333335702 ) ) ;
#1715 = CARTESIAN_POINT ( 'NONE',  ( 1.017788105676671995, -0.5876202367904413970, -5.104166666666664298 ) ) ;
#1716 = EDGE_CURVE ( 'NONE', #2153, #7572, #6890, .T. ) ;
#1717 = EDGE_CURVE ( 'NONE', #949, #2553, #6701, .T. ) ;
#1718 = CARTESIAN_POINT ( 'NONE',  ( 1.539609450051895090, 0.2468476514111931919, 7.978342549502077219 ) ) ;
#1719 = VERTEX_POINT ( 'NONE', #7426 ) ;
#1720 = CARTESIAN_POINT ( 'NONE',  ( 1.036004162901804193, 0.2622035415152657589, 8.124444084471209138 ) ) ;
#1721 = VERTEX_POINT ( 'NONE', #1027 ) ;
#1722 = CARTESIAN_POINT ( 'NONE',  ( 0.6785254037844490327, 1.175240473580835721, 5.520833333333335702 ) ) ;
#1723 = DIRECTION ( 'NONE',  ( 1.224646799147353700E-16, 1.000000000000000000, 0.000000000000000000 ) ) ;
#1724 = CARTESIAN_POINT ( 'NONE',  ( -0.9491885190433975161, -0.7097310376143812771, 4.718158681502355734 ) ) ;
#1725 = CARTESIAN_POINT ( 'NONE',  ( 1.357050807568896511, -1.598142601643044282E-14, 3.437500000000002220 ) ) ;
#1726 = CARTESIAN_POINT ( 'NONE',  ( 1.322475605676672661, -0.7635316469341575374, 7.630208333333333037 ) ) ;
#1727 = DIRECTION ( 'NONE',  ( -0.07992773943613232235, -0.07992773943613276644, 0.9935910189495774647 ) ) ;
#1728 = CARTESIAN_POINT ( 'NONE',  ( 0.6785254037844478114, -1.175240473580867251, -5.708333333333330373 ) ) ;
#1729 = CARTESIAN_POINT ( 'NONE',  ( -0.8816504037844491437, -1.527063293868295757, -2.526041666666661190 ) ) ;
#1730 = CARTESIAN_POINT ( 'NONE',  ( -1.836970198721050149E-16, -1.500000000000032419, 5.000000000000003553 ) ) ;
#1731 = CARTESIAN_POINT ( 'NONE',  ( -1.322475605676673105, 0.7635316469341252299, 2.848958333333337478 ) ) ;
#1732 = CARTESIAN_POINT ( 'NONE',  ( 0.000000000000000000, 1.175240473580837275, -3.437499999999996891 ) ) ;
#1733 = CARTESIAN_POINT ( 'NONE',  ( 1.017788105676671995, -0.5876202367904418411, -1.166666666666664076 ) ) ;
#1734 = VERTEX_POINT ( 'NONE', #2889 ) ;
#1735 = CARTESIAN_POINT ( 'NONE',  ( 1.357050807568896511, -1.592019367647307525E-14, 2.937500000000002220 ) ) ;
#1736 = CARTESIAN_POINT ( 'NONE',  ( 0.6785254037844478114, -1.175240473580868361, 5.291666666666667851 ) ) ;
#1737 = CARTESIAN_POINT ( 'NONE',  ( 0.6785254037844478114, -1.175240473580867695, 1.354166666666669405 ) ) ;
#1738 = CARTESIAN_POINT ( 'NONE',  ( -1.017788105676672439, 0.5876202367904108659, 0.08333333333333586834 ) ) ;
#1739 = CARTESIAN_POINT ( 'NONE',  ( -1.135915831110845708, 0.8064965023910130038, -8.047507921163216338 ) ) ;
#1740 = CARTESIAN_POINT ( 'NONE',  ( -1.357050807568896067, -1.561077421840317067E-14, 3.125000000000002220 ) ) ;
#1741 = CARTESIAN_POINT ( 'NONE',  ( -0.8660254037844486996, -1.500000000000031974, 4.020833333333333925 ) ) ;
#1742 = CARTESIAN_POINT ( 'NONE',  ( 1.322475605676673771, 0.7635316469341238976, 2.682291666666671404 ) ) ;
#1743 = LINE ( 'NONE', #4469, #2090 ) ;
#1744 = CARTESIAN_POINT ( 'NONE',  ( -1.357050807568896511, -1.499845081882949177E-14, -1.874999999999997558 ) ) ;
#1745 = CARTESIAN_POINT ( 'NONE',  ( -1.560372602834597444, 0.1887742632593344128, 7.789916515708303457 ) ) ;
#1746 = CARTESIAN_POINT ( 'NONE',  ( -1.017788105676672439, 0.5876202367904113100, -4.416666666666664298 ) ) ;
#1747 = CARTESIAN_POINT ( 'NONE',  ( 7.069155443775229455E-16, 0.2069258640381775871, 3.660975943842971869 ) ) ;
#1748 = CARTESIAN_POINT ( 'NONE',  ( 0.8816504037844482555, -1.527063293868296423, -4.911458333333333037 ) ) ;
#1749 = ORIENTED_EDGE ( 'NONE', *, *, #1634, .T. ) ;
#1750 = CARTESIAN_POINT ( 'NONE',  ( -0.6785254037844480335, 1.175240473580836165, 5.041666666666667851 ) ) ;
#1751 = CARTESIAN_POINT ( 'NONE',  ( 1.357050807568896511, -1.500170857711256164E-14, -4.562499999999997335 ) ) ;
#1752 = CARTESIAN_POINT ( 'NONE',  ( 0.000000000000000000, 1.500000000000000888, 2.750000000000003109 ) ) ;
#1753 = VECTOR ( 'NONE', #5915, 999.9999999999998863 ) ;
#1754 = VERTEX_POINT ( 'NONE', #452 ) ;
#1755 = CARTESIAN_POINT ( 'NONE',  ( 1.111747420076565129, 0.6879730501762019168, 5.051873344155784373 ) ) ;
#1756 = EDGE_CURVE ( 'NONE', #607, #1498, #4546, .T. ) ;
#1757 = ORIENTED_EDGE ( 'NONE', *, *, #4508, .F. ) ;
#1758 = CARTESIAN_POINT ( 'NONE',  ( -1.017788105676672439, -0.5876202367904420631, 6.729166666666668739 ) ) ;
#1759 = CARTESIAN_POINT ( 'NONE',  ( 0.000000000000000000, -7.438283133705603770E-16, 8.250000000000000000 ) ) ;
#1760 = CARTESIAN_POINT ( 'NONE',  ( -1.017788105676672439, 0.5876202367904104218, 4.145833333333335702 ) ) ;
#1761 = CARTESIAN_POINT ( 'NONE',  ( 0.000000000000000000, -5.069910521002103108E-16, 6.316076999219322197 ) ) ;
#1762 = CARTESIAN_POINT ( 'NONE',  ( -1.836970198721050149E-16, -1.500000000000031530, -4.499999999999996447 ) ) ;
#1763 = CARTESIAN_POINT ( 'NONE',  ( 0.000000000000000000, 1.175240473580837497, -4.499999999999997335 ) ) ;
#1764 = CARTESIAN_POINT ( 'NONE',  ( 1.322475605676673771, 0.7635316469341245638, -3.317708333333328596 ) ) ;
#1765 = CARTESIAN_POINT ( 'NONE',  ( -0.4472068289758532322, -1.369565227722285394, 5.439708841989387089 ) ) ;
#1766 = EDGE_CURVE ( 'NONE', #2659, #1474, #3562, .T. ) ;
#1767 = CARTESIAN_POINT ( 'NONE',  ( 1.322475605676673771, 0.7635316469341237866, 3.682291666666670960 ) ) ;
#1768 = CARTESIAN_POINT ( 'NONE',  ( 1.357050807568896067, -1.512417325702729679E-14, -3.562499999999996447 ) ) ;
#1769 = CARTESIAN_POINT ( 'NONE',  ( 1.017788105676672883, 0.5876202367904100887, -1.083333333333330817 ) ) ;
#1770 = ORIENTED_EDGE ( 'NONE', *, *, #2326, .F. ) ;
#1771 = CARTESIAN_POINT ( 'NONE',  ( 1.490734877733621566, -0.1858814171829746842, 7.406250000000000888 ) ) ;
#1772 = CARTESIAN_POINT ( 'NONE',  ( -0.6785254037844485886, -1.175240473580868139, 7.208333333333335702 ) ) ;
#1773 = CARTESIAN_POINT ( 'NONE',  ( -1.017788105676672439, 0.5876202367904106438, 2.645833333333336146 ) ) ;
#1774 = CARTESIAN_POINT ( 'NONE',  ( -0.6785254037844480335, 1.175240473580836831, 0.04166666666666901664 ) ) ;
#1775 = CARTESIAN_POINT ( 'NONE',  ( 0.2731436643961207555, -1.038180288643461457, 8.228532400733666208 ) ) ;
#1776 = CARTESIAN_POINT ( 'NONE',  ( 0.000000000000000000, -1.500000000000001554, 8.250000000000000000 ) ) ;
#1777 = CARTESIAN_POINT ( 'NONE',  ( 0.000000000000000000, 1.500000000000002220, -7.687499999999998224 ) ) ;
#1778 = CARTESIAN_POINT ( 'NONE',  ( 1.322475605676672661, -0.7635316469341566492, 0.5989583333333375892 ) ) ;
#1779 = CARTESIAN_POINT ( 'NONE',  ( -1.836970198721050149E-16, -1.500000000000031974, 1.500000000000003553 ) ) ;
#1780 = CARTESIAN_POINT ( 'NONE',  ( 1.357050807568896511, -1.566761027414893243E-14, 0.8750000000000024425 ) ) ;
#1781 = FACE_OUTER_BOUND ( 'NONE', #5538, .T. ) ;
#1782 = CARTESIAN_POINT ( 'NONE',  ( 1.017788105676671995, -0.5876202367904413970, -4.666666666666664298 ) ) ;
#1783 = DIRECTION ( 'NONE',  ( -3.397559750819368501E-15, -0.9945218953682732899, -0.1045284632676538178 ) ) ;
#1784 = CARTESIAN_POINT ( 'NONE',  ( 0.8816504037844494768, 1.527063293868266225, -4.744791666666666963 ) ) ;
#1785 = VERTEX_POINT ( 'NONE', #3545 ) ;
#1786 = CARTESIAN_POINT ( 'NONE',  ( 0.6785254037844490327, 1.175240473580836831, -2.479166666666664298 ) ) ;
#1787 = LINE ( 'NONE', #8189, #6753 ) ;
#1788 = CARTESIAN_POINT ( 'NONE',  ( 1.017788105676671995, -0.5876202367904413970, -4.604166666666664298 ) ) ;
#1789 = CARTESIAN_POINT ( 'NONE',  ( -0.8660254037844522523, 1.499999999999995115, -3.645833333333331705 ) ) ;
#1790 = VERTEX_POINT ( 'NONE', #1065 ) ;
#1791 = FACE_OUTER_BOUND ( 'NONE', #182, .T. ) ;
#1792 = ORIENTED_EDGE ( 'NONE', *, *, #511, .F. ) ;
#1793 = CARTESIAN_POINT ( 'NONE',  ( -1.017788105676672439, 0.5876202367904100887, 6.645833333333334814 ) ) ;
#1794 = FACE_OUTER_BOUND ( 'NONE', #5930, .T. ) ;
#1795 = PLANE ( 'NONE',  #7412 ) ;
#1796 = CARTESIAN_POINT ( 'NONE',  ( 0.000000000000000000, 1.175240473580836609, 3.062500000000002220 ) ) ;
#1797 = CARTESIAN_POINT ( 'NONE',  ( -1.322475605676673105, 0.7635316469341245638, 7.880208333333333037 ) ) ;
#1798 = CARTESIAN_POINT ( 'NONE',  ( 0.000000000000000000, 1.175240473580837497, -5.499999999999997335 ) ) ;
#1799 = CARTESIAN_POINT ( 'NONE',  ( -1.322475605676673105, 0.7635316469341258960, -3.151041666666662078 ) ) ;
#1800 = CARTESIAN_POINT ( 'NONE',  ( -0.8528306518285589943, 1.061953664026712651, 5.222991741505114582 ) ) ;
#1801 = CARTESIAN_POINT ( 'NONE',  ( 0.8816504037844482555, -1.527063293868297533, 3.557291666666670960 ) ) ;
#1802 = CARTESIAN_POINT ( 'NONE',  ( 1.017788105676672883, 0.5876202367904103108, -3.020833333333330373 ) ) ;
#1803 = CARTESIAN_POINT ( 'NONE',  ( -0.6785254037844480335, 1.175240473580837053, -0.4583333333333309834 ) ) ;
#1804 = ORIENTED_EDGE ( 'NONE', *, *, #3030, .F. ) ;
#1805 = DIRECTION ( 'NONE',  ( 0.000000000000000000, -0.1045284632676535819, -0.9945218953682734009 ) ) ;
#1806 = CARTESIAN_POINT ( 'NONE',  ( 0.000000000000000000, 1.175240473580836165, 6.000000000000001776 ) ) ;
#1807 = CARTESIAN_POINT ( 'NONE',  ( 1.357050807568896067, -1.567526431664360495E-14, 0.9375000000000025535 ) ) ;
#1808 = EDGE_CURVE ( 'NONE', #867, #3542, #3514, .T. ) ;
#1810 = EDGE_CURVE ( 'NONE', #2553, #7624, #5331, .T. ) ;
#1809 = CARTESIAN_POINT ( 'NONE',  ( 0.6785254037844490327, 1.175240473580835943, 1.458333333333335480 ) ) ;
#1811 = AXIS2_PLACEMENT_3D ( 'NONE', #4646, #7813, #4690 ) ;
#1812 = CARTESIAN_POINT ( 'NONE',  ( 0.000000000000000000, 1.550799999999996848, 5.750000000000000000 ) ) ;
#1813 = CARTESIAN_POINT ( 'NONE',  ( -0.6785254037844480335, 1.175240473580836387, 3.041666666666669183 ) ) ;
#1814 = LINE ( 'NONE', #8177, #3668 ) ;
#1815 =( BOUNDED_CURVE ( )  B_SPLINE_CURVE ( 2, ( #733, #1300, #1348, #1918, #5125, #7623, #3744 ),
 .UNSPECIFIED., .F., .F. ) 
 B_SPLINE_CURVE_WITH_KNOTS ( ( 3, 2, 2, 3 ),
 ( 0.08333333333333339810, 0.09722222222222225152, 0.1111111111111112021, 0.1250000000000000555 ),
 .UNSPECIFIED. ) 
 CURVE ( )  GEOMETRIC_REPRESENTATION_ITEM ( )  RATIONAL_B_SPLINE_CURVE ( ( 0.9999999999999997780, 0.8660254037844389297, 1.000000000000000000, 0.8660254037844387076, 1.000000000000000000, 0.8660254037844381525, 1.000000000000000444 ) ) 
 REPRESENTATION_ITEM ( '' )  );
#1816 = PERSON_AND_ORGANIZATION_ROLE ( 'creator' ) ;
#1817 = AXIS2_PLACEMENT_3D ( 'NONE', #1759, #7971, #6060 ) ;
#1818 = CARTESIAN_POINT ( 'NONE',  ( -1.322475605676673105, -0.7635316469341557610, 1.432291666666671182 ) ) ;
#1819 = CARTESIAN_POINT ( 'NONE',  ( -1.017788105676672439, -0.5876202367904413970, 1.166666666666669183 ) ) ;
#1820 = CARTESIAN_POINT ( 'NONE',  ( -1.517185021815100399, 0.2270432773634278312, 7.789916517023756981 ) ) ;
#1821 = CARTESIAN_POINT ( 'NONE',  ( -1.439254484199210086E-16, -1.175240473580867029, -4.249999999999997335 ) ) ;
#1822 = CARTESIAN_POINT ( 'NONE',  ( -0.2069258640381780312, 1.282816900590462361E-15, 3.660975943842972313 ) ) ;
#1823 = CONICAL_SURFACE ( 'NONE', #6484, 1.550799999999997514, 0.3490658503988666728 ) ;
#1824 = CARTESIAN_POINT ( 'NONE',  ( 1.763300807568897621, -1.504380581083324790E-14, -4.828124999999999112 ) ) ;
#1825 = EDGE_LOOP ( 'NONE', ( #4454, #1273, #7681, #140 ) ) ;
#1826 = CARTESIAN_POINT ( 'NONE',  ( -1.439254484199210086E-16, -1.175240473580867251, -2.687499999999997335 ) ) ;
#1827 = AXIS2_PLACEMENT_3D ( 'NONE', #4501, #6505, #116 ) ;
#1828 = FACE_OUTER_BOUND ( 'NONE', #7421, .T. ) ;
#1829 = CARTESIAN_POINT ( 'NONE',  ( 0.000000000000000000, 1.175240473580837719, -6.437499999999997335 ) ) ;
#1830 = CARTESIAN_POINT ( 'NONE',  ( 0.000000000000000000, -2.287307525620819515, 6.437500000000000888 ) ) ;
#1831 = ORIENTED_EDGE ( 'NONE', *, *, #2622, .F. ) ;
#1832 = DIRECTION ( 'NONE',  ( 0.000000000000000000, -0.1045284632676539149, 0.9945218953682732899 ) ) ;
#1833 = ORIENTED_EDGE ( 'NONE', *, *, #1865, .T. ) ;
#1834 = CARTESIAN_POINT ( 'NONE',  ( 1.357050807568896511, -1.641005239613201900E-14, 6.937500000000001776 ) ) ;
#1835 = CARTESIAN_POINT ( 'NONE',  ( 0.1879607980436970027, -1.559594244955204045, 7.782412938773129341 ) ) ;
#1836 = CARTESIAN_POINT ( 'NONE',  ( 0.6785254037844490327, 1.175240473580835721, 5.520833333333335702 ) ) ;
#1837 = CARTESIAN_POINT ( 'NONE',  ( -0.8660254037844486996, -1.500000000000031308, -2.479166666666664742 ) ) ;
#1838 = CARTESIAN_POINT ( 'NONE',  ( 0.000000000000000000, 1.175240473580837275, -2.999999999999997335 ) ) ;
#1839 = ORIENTED_EDGE ( 'NONE', *, *, #5234, .T. ) ;
#1840 = CARTESIAN_POINT ( 'NONE',  ( 1.763300807568897621, -1.522367580945801436E-14, -3.359374999999995559 ) ) ;
#1841 = CARTESIAN_POINT ( 'NONE',  ( -0.3625845760923526728, 1.296916521768425756, 5.180611586291615112 ) ) ;
#1842 = CARTESIAN_POINT ( 'NONE',  ( -0.8816504037844485886, 1.527063293868265337, 5.307291666666669627 ) ) ;
#1843 = CARTESIAN_POINT ( 'NONE',  ( -1.732050807568896511, -1.531992060360567469E-14, 0.9375000000000014433 ) ) ;
#1844 = CARTESIAN_POINT ( 'NONE',  ( -1.017788105676672439, 0.5876202367904110879, -2.416666666666664298 ) ) ;
#1845 = ORIENTED_EDGE ( 'NONE', *, *, #3442, .T. ) ;
#1846 = CARTESIAN_POINT ( 'NONE',  ( -1.568143967638051750, -0.1979066507483095427, 7.874741701929066195 ) ) ;
#1847 = CARTESIAN_POINT ( 'NONE',  ( 0.6785254037844478114, -1.175240473580867029, -6.208333333333329485 ) ) ;
#1848 = CARTESIAN_POINT ( 'NONE',  ( -1.017788105676672439, 0.5876202367904099777, 8.083333333333333925 ) ) ;
#1849 = CARTESIAN_POINT ( 'NONE',  ( -1.357050807568896067, -1.537349890106836974E-14, 1.187500000000002887 ) ) ;
#1850 = CARTESIAN_POINT ( 'NONE',  ( -0.6785254037844480335, 1.175240473580836387, 2.041666666666669183 ) ) ;
#1851 = CARTESIAN_POINT ( 'NONE',  ( -0.4602788118175497600, 1.281515731451768225, -8.078985414128602827 ) ) ;
#1852 = CARTESIAN_POINT ( 'NONE',  ( 0.4314072894756699750, -0.5883555573418870477, 8.191913363870522602 ) ) ;
#1853 = FACE_OUTER_BOUND ( 'NONE', #1136, .T. ) ;
#1854 = APPROVAL_ROLE ( '' ) ;
#1855 = ORIENTED_EDGE ( 'NONE', *, *, #5389, .T. ) ;
#1856 = CARTESIAN_POINT ( 'NONE',  ( -0.6785254037844480335, 1.175240473580836387, 2.541666666666668739 ) ) ;
#1857 = EDGE_CURVE ( 'NONE', #3831, #1201, #2711, .T. ) ;
#1858 =( BOUNDED_CURVE ( )  B_SPLINE_CURVE ( 2, ( #3034, #1789, #1639, #7419, #2376, #5466, #1135 ),
 .UNSPECIFIED., .F., .F. ) 
 B_SPLINE_CURVE_WITH_KNOTS ( ( 3, 2, 2, 3 ),
 ( 0.8333333333333334814, 0.8472222222222223209, 0.8611111111111111605, 0.8750000000000000000 ),
 .UNSPECIFIED. ) 
 CURVE ( )  GEOMETRIC_REPRESENTATION_ITEM ( )  RATIONAL_B_SPLINE_CURVE ( ( 0.9999999999999988898, 0.8660254037844397068, 1.000000000000000000, 0.8660254037844385966, 1.000000000000000000, 0.8660254037844385966, 1.000000000000000000 ) ) 
 REPRESENTATION_ITEM ( '' )  );
#1859 = CARTESIAN_POINT ( 'NONE',  ( 0.8816504037844494768, 1.527063293868265115, 1.723958333333337700 ) ) ;
#1860 = CARTESIAN_POINT ( 'NONE',  ( 0.6785254037844490327, 1.175240473580836387, -0.5416666666666642982 ) ) ;
#1861 = CARTESIAN_POINT ( 'NONE',  ( -0.6785254037844485886, -1.175240473580867695, 4.270833333333335702 ) ) ;
#1862 = CARTESIAN_POINT ( 'NONE',  ( 1.836970198721030920E-16, 1.500000000000000222, 8.250000000000000000 ) ) ;
#1863 = CARTESIAN_POINT ( 'NONE',  ( -1.322475605676673105, 0.7635316469341261181, -4.119791666666666075 ) ) ;
#1864 = CARTESIAN_POINT ( 'NONE',  ( -1.439254484199210086E-16, -1.175240473580867251, -3.749999999999997335 ) ) ;
#1865 = EDGE_CURVE ( 'NONE', #7799, #1952, #2692, .T. ) ;
#1866 = ORIENTED_EDGE ( 'NONE', *, *, #3784, .T. ) ;
#1867 = CARTESIAN_POINT ( 'NONE',  ( 1.017788105676672883, 0.5876202367904099777, -0.5208333333333305948 ) ) ;
#1868 = VECTOR ( 'NONE', #3739, 1000.000000000000114 ) ;
#1869 = CARTESIAN_POINT ( 'NONE',  ( -1.299038105676672217, -0.7500000000000223155, -7.083333333333329485 ) ) ;
#1870 = CARTESIAN_POINT ( 'NONE',  ( -1.357050807568896511, -1.457747848162259128E-14, -5.312499999999998224 ) ) ;
#1871 = CARTESIAN_POINT ( 'NONE',  ( 0.2372923498678558840, 1.560644815424482745, 7.971354974855262121 ) ) ;
#1872 = ORIENTED_EDGE ( 'NONE', *, *, #5739, .F. ) ;
#1873 = CARTESIAN_POINT ( 'NONE',  ( -1.517185022618200874, -0.2270432782799862992, 7.789916525744343900 ) ) ;
#1874 = ORIENTED_EDGE ( 'NONE', *, *, #8121, .F. ) ;
#1875 = CARTESIAN_POINT ( 'NONE',  ( 0.6785254037844478114, -1.175240473580868361, 5.354166666666667851 ) ) ;
#1876 = DIRECTION ( 'NONE',  ( 0.000000000000000000, -1.000000000000000000, 0.000000000000000000 ) ) ;
#1877 = CARTESIAN_POINT ( 'NONE',  ( -1.357050807568896511, -1.610828698055678063E-14, 7.187500000000002665 ) ) ;
#1878 = CARTESIAN_POINT ( 'NONE',  ( 0.8816504037844494768, 1.527063293868264671, 7.755208333333333925 ) ) ;
#1879 = VECTOR ( 'NONE', #1565, 1000.000000000000000 ) ;
#1880 = CARTESIAN_POINT ( 'NONE',  ( 1.357050807568896511, -1.523898389444735941E-14, -2.624999999999996891 ) ) ;
#1881 = VERTEX_POINT ( 'NONE', #6135 ) ;
#1882 = CARTESIAN_POINT ( 'NONE',  ( 0.000000000000000000, 1.175240473580837719, -7.437499999999997335 ) ) ;
#1883 = CARTESIAN_POINT ( 'NONE',  ( 0.000000000000000000, 1.500000000000000888, 1.312500000000000888 ) ) ;
#1885 = ORIENTED_EDGE ( 'NONE', *, *, #5628, .T. ) ;
#1884 = AXIS2_PLACEMENT_3D ( 'NONE', #5708, #2496, #4368 ) ;
#1886 = CARTESIAN_POINT ( 'NONE',  ( 1.763300807568897621, -1.608092856886116356E-14, 3.640625000000004441 ) ) ;
#1887 = CYLINDRICAL_SURFACE ( 'NONE', #1372, 1.500000000000000888 ) ;
#1888 = CARTESIAN_POINT ( 'NONE',  ( -1.357050807568896067, -1.548830953848843237E-14, 2.125000000000002665 ) ) ;
#1889 = ORIENTED_EDGE ( 'NONE', *, *, #8110, .T. ) ;
#1890 = CARTESIAN_POINT ( 'NONE',  ( 0.000000000000000000, -7.438283133705603770E-16, 8.250000000000000000 ) ) ;
#1891 = CARTESIAN_POINT ( 'NONE',  ( 1.017788105676671995, -0.5876202367904411750, -7.166666666666664298 ) ) ;
#1892 = CARTESIAN_POINT ( 'NONE',  ( -1.017788105676672439, -0.5876202367904420631, 7.166666666666668739 ) ) ;
#1893 = CARTESIAN_POINT ( 'NONE',  ( 0.2265721224584232862, 1.555317683825135910, 7.785433777543665279 ) ) ;
#1894 = CARTESIAN_POINT ( 'NONE',  ( 1.357050807568896511, -1.585130729402103515E-14, 2.375000000000002220 ) ) ;
#1895 = CARTESIAN_POINT ( 'NONE',  ( 0.8816504037844482555, -1.527063293868295979, -7.442708333333329485 ) ) ;
#1896 = SHAPE_DEFINITION_REPRESENTATION ( #5664, #3251 ) ;
#1897 = DIRECTION ( 'NONE',  ( 0.9945218953682734009, -1.113063242285104935E-14, 0.1045284632676538317 ) ) ;
#1898 = ORIENTED_EDGE ( 'NONE', *, *, #7464, .T. ) ;
#1899 = CARTESIAN_POINT ( 'NONE',  ( -1.017788105676672439, 0.5876202367904109769, -0.8541666666666640761 ) ) ;
#1900 = CARTESIAN_POINT ( 'NONE',  ( 0.000000000000000000, 1.175240473580837053, -0.4999999999999973910 ) ) ;
#1901 = CARTESIAN_POINT ( 'NONE',  ( 0.6785254037844502539, -1.175240473580862588, -8.208333333333332149 ) ) ;
#1902 = CARTESIAN_POINT ( 'NONE',  ( 1.017788105676672883, 0.5876202367904094226, 4.479166666666668739 ) ) ;
#1903 = CARTESIAN_POINT ( 'NONE',  ( 0.6422969129970578228, -1.290558757944972657, -7.998883893147741730 ) ) ;
#1904 = EDGE_CURVE ( 'NONE', #7572, #3751, #187, .T. ) ;
#1905 = CARTESIAN_POINT ( 'NONE',  ( 0.000000000000000000, -7.438283133705603770E-16, 8.250000000000000000 ) ) ;
#1906 = CARTESIAN_POINT ( 'NONE',  ( 0.000000000000000000, 1.527063293868266225, -4.203124999999999112 ) ) ;
#1907 = EDGE_CURVE ( 'NONE', #6087, #305, #5537, .T. ) ;
#1908 =( BOUNDED_CURVE ( )  B_SPLINE_CURVE ( 2, ( #6109, #5407, #424, #2902, #7358, #1002, #7904 ),
 .UNSPECIFIED., .F., .F. ) 
 B_SPLINE_CURVE_WITH_KNOTS ( ( 3, 2, 2, 3 ),
 ( 0.4583333333333334814, 0.4722222222222223764, 0.4861111111111112160, 0.5000000000000001110 ),
 .UNSPECIFIED. ) 
 CURVE ( )  GEOMETRIC_REPRESENTATION_ITEM ( )  RATIONAL_B_SPLINE_CURVE ( ( 0.9999999999999984457, 0.8660254037844401509, 1.000000000000000000, 0.8660254037844385966, 1.000000000000000000, 0.8660254037844374864, 1.000000000000001110 ) ) 
 REPRESENTATION_ITEM ( '' )  );
#1909 = CARTESIAN_POINT ( 'NONE',  ( 1.017788105676672883, 0.5876202367904103108, -3.083333333333330373 ) ) ;
#1910 = VERTEX_POINT ( 'NONE', #2703 ) ;
#1911 = CARTESIAN_POINT ( 'NONE',  ( -0.6785254037844485886, -1.175240473580867251, -1.729166666666664076 ) ) ;
#1912 = DIRECTION ( 'NONE',  ( 0.000000000000000000, -1.000000000000000000, 0.000000000000000000 ) ) ;
#1913 = CARTESIAN_POINT ( 'NONE',  ( 0.000000000000000000, 1.175240473580837275, -2.437499999999996891 ) ) ;
#1914 = CARTESIAN_POINT ( 'NONE',  ( -0.2358143114672041629, 1.561949897604146820, 7.970962413964582716 ) ) ;
#1915 = ADVANCED_FACE ( 'NONE', ( #5164 ), #6494, .T. ) ;
#1916 = EDGE_CURVE ( 'NONE', #1790, #5394, #1223, .T. ) ;
#1917 = ORIENTED_EDGE ( 'NONE', *, *, #5783, .F. ) ;
#1918 = CARTESIAN_POINT ( 'NONE',  ( 1.732050807568896511, -1.527725410692071257E-14, -2.874999999999996003 ) ) ;
#1919 = ORIENTED_EDGE ( 'NONE', *, *, #6542, .F. ) ;
#1920 = CARTESIAN_POINT ( 'NONE',  ( 0.7201645196200123777, -1.321504831364793464, 5.603560682161325524 ) ) ;
#1921 = CARTESIAN_POINT ( 'NONE',  ( 0.1474052775258389569, 1.524207146240229127, 7.406250000000000888 ) ) ;
#1922 = CARTESIAN_POINT ( 'NONE',  ( 1.017788105676672883, 0.5876202367904089785, 7.979166666666668739 ) ) ;
#1923 = CARTESIAN_POINT ( 'NONE',  ( 0.1770761412636815135, -1.508695708151069459, 7.406250000000000888 ) ) ;
#1924 = CARTESIAN_POINT ( 'NONE',  ( 1.322475605676673771, 0.7635316469341253409, -8.286458333333333925 ) ) ;
#1925 = EDGE_LOOP ( 'NONE', ( #1495, #6424, #740, #768 ) ) ;
#1926 = CARTESIAN_POINT ( 'NONE',  ( -1.357050807568896511, -1.445501380170785613E-14, -6.312499999999997335 ) ) ;
#1927 = CARTESIAN_POINT ( 'NONE',  ( 1.213968523682408929, 0.4374419010544679520, -8.157163060019989587 ) ) ;
#1928 = ORIENTED_EDGE ( 'NONE', *, *, #1314, .F. ) ;
#1929 = CARTESIAN_POINT ( 'NONE',  ( -0.8816504037844491437, -1.527063293868296645, 4.473958333333337478 ) ) ;
#1930 = CARTESIAN_POINT ( 'NONE',  ( -1.017788105676672439, 0.5876202367904111989, -2.854166666666663854 ) ) ;
#1931 = CARTESIAN_POINT ( 'NONE',  ( -1.357050807568896067, -1.530461251861632965E-14, 0.6250000000000023315 ) ) ;
#1932 = CARTESIAN_POINT ( 'NONE',  ( 1.507752390197091064, -0.2165511500658467980, 7.690090594014555414 ) ) ;
#1933 = EDGE_LOOP ( 'NONE', ( #7175, #777, #7576, #1225 ) ) ;
#1934 = DIRECTION ( 'NONE',  ( 0.000000000000000000, -1.000000000000000000, 0.000000000000000000 ) ) ;
#1935 = CARTESIAN_POINT ( 'NONE',  ( -1.439254484199210086E-16, -1.175240473580867029, -5.749999999999997335 ) ) ;
#1936 = CARTESIAN_POINT ( 'NONE',  ( -0.6785254037844480335, 1.175240473580835721, 8.041666666666669627 ) ) ;
#1937 = CARTESIAN_POINT ( 'NONE',  ( 0.6785254037844478114, -1.175240473580867695, 2.791666666666668739 ) ) ;
#1938 = CARTESIAN_POINT ( 'NONE',  ( 0.8660254037844475894, -1.500000000000032863, 4.541666666666671404 ) ) ;
#1939 = CARTESIAN_POINT ( 'NONE',  ( -1.763300807568897621, -1.421008444187838426E-14, -8.109374999999994671 ) ) ;
#1940 = CARTESIAN_POINT ( 'NONE',  ( -1.299038105676672217, -0.7500000000000233147, 0.9166666666666704044 ) ) ;
#1941 = FACE_OUTER_BOUND ( 'NONE', #7712, .T. ) ;
#1942 = EDGE_LOOP ( 'NONE', ( #7357, #8152, #4414, #2695 ) ) ;
#1943 = CARTESIAN_POINT ( 'NONE',  ( -1.357050807568896511, -1.500610486132416430E-14, -1.812499999999998002 ) ) ;
#1944 = CARTESIAN_POINT ( 'NONE',  ( 1.357050807568896511, -1.554514559423419728E-14, -0.1249999999999975159 ) ) ;
#1945 = CARTESIAN_POINT ( 'NONE',  ( 0.6785254037844490327, 1.175240473580835721, 7.958333333333334814 ) ) ;
#1946 = CARTESIAN_POINT ( 'NONE',  ( 0.000000000000000000, 1.175240473580837275, -2.437499999999997335 ) ) ;
#1947 = CARTESIAN_POINT ( 'NONE',  ( 0.3980426312550015555, 0.4531220514732879900, 7.406250000000000888 ) ) ;
#1948 =( BOUNDED_CURVE ( )  B_SPLINE_CURVE ( 2, ( #7639, #2366, #46, #7014, #5572, #2984, #6431 ),
 .UNSPECIFIED., .F., .F. ) 
 B_SPLINE_CURVE_WITH_KNOTS ( ( 3, 2, 2, 3 ),
 ( 0.1666666666666666574, 0.1805555555555555802, 0.1944444444444443643, 0.2083333333333332871 ),
 .UNSPECIFIED. ) 
 CURVE ( )  GEOMETRIC_REPRESENTATION_ITEM ( )  RATIONAL_B_SPLINE_CURVE ( ( 0.9999999999999997780, 0.8660254037844389297, 1.000000000000000000, 0.8660254037844387076, 1.000000000000000000, 0.8660254037844394848, 0.9999999999999992228 ) ) 
 REPRESENTATION_ITEM ( '' )  );
#1949 = CARTESIAN_POINT ( 'NONE',  ( -1.299038105676672439, -0.7500000000000228706, -4.520833333333331261 ) ) ;
#1950 = DIRECTION ( 'NONE',  ( 1.000000000000000000, 0.000000000000000000, 0.000000000000000000 ) ) ;
#1951 = CARTESIAN_POINT ( 'NONE',  ( 1.017788105676671995, -0.5876202367904415080, -3.666666666666663410 ) ) ;
#1952 = VERTEX_POINT ( 'NONE', #1386 ) ;
#1953 = DIRECTION ( 'NONE',  ( 1.224646799147353700E-16, 1.000000000000000000, 0.000000000000000000 ) ) ;
#1954 = B_SPLINE_CURVE_WITH_KNOTS ( 'NONE', 3,
 ( #821, #2089, #4628, #3875, #7714, #5970, #2628, #779 ),
 .UNSPECIFIED., .F., .F.,
 ( 4, 2, 2, 4 ),
 ( 0.01043869536115018398, 0.01115291834879947319, 0.01151002984262411953, 0.01186714133644876414 ),
 .UNSPECIFIED. ) ;
#1955 = CARTESIAN_POINT ( 'NONE',  ( -1.357050807568896511, -1.518980188119626702E-14, -0.3124999999999976130 ) ) ;
#1956 = LINE ( 'NONE', #1509, #7019 ) ;
#1957 = CARTESIAN_POINT ( 'NONE',  ( 0.6785254037844490327, 1.175240473580836831, -2.479166666666664298 ) ) ;
#1958 = CARTESIAN_POINT ( 'NONE',  ( 0.2303456307747359932, 1.567404313149282968, 7.969288913115502915 ) ) ;
#1959 = DIRECTION ( 'NONE',  ( -0.000000000000000000, -1.224646799147353207E-16, 1.000000000000000000 ) ) ;
#1960 = CONICAL_SURFACE ( 'NONE', #3819, 1.619999999999997220, 0.1047197551196600018 ) ;
#1961 = AXIS2_PLACEMENT_3D ( 'NONE', #3401, #1168, #7450 ) ;
#1962 = ORIENTED_EDGE ( 'NONE', *, *, #4298, .T. ) ;
#1963 = EDGE_CURVE ( 'NONE', #1328, #4283, #6169, .T. ) ;
#1964 = FACE_OUTER_BOUND ( 'NONE', #7255, .T. ) ;
#1965 = EDGE_CURVE ( 'NONE', #7535, #828, #2421, .T. ) ;
#1966 = EDGE_CURVE ( 'NONE', #2666, #2765, #5631, .T. ) ;
#1967 = EDGE_CURVE ( 'NONE', #1910, #1041, #7120, .T. ) ;
#1968 = CARTESIAN_POINT ( 'NONE',  ( 1.299038105676671773, -0.7500000000000247580, 3.645833333333334370 ) ) ;
#1969 = CARTESIAN_POINT ( 'NONE',  ( 0.6785254037844478114, -1.175240473580868361, 6.354166666666669627 ) ) ;
#1970 = CARTESIAN_POINT ( 'NONE',  ( 0.2096185566311843385, -1.578130571910037361, 7.983514249373001803 ) ) ;
#1971 = VECTOR ( 'NONE', #5157, 1000.000000000000114 ) ;
#1972 = CARTESIAN_POINT ( 'NONE',  ( -1.763300807568897621, -1.415267912316835295E-14, -8.578124999999998224 ) ) ;
#1973 = ORIENTED_EDGE ( 'NONE', *, *, #5782, .F. ) ;
#1974 = CARTESIAN_POINT ( 'NONE',  ( -0.6785254037844480335, 1.175240473580837497, -6.895833333333330373 ) ) ;
#1975 = CARTESIAN_POINT ( 'NONE',  ( 0.3190586405859153762, 1.301230544333991990, -8.107510353021478267 ) ) ;
#1976 = EDGE_LOOP ( 'NONE', ( #713, #2070, #4136, #4446 ) ) ;
#1977 = CARTESIAN_POINT ( 'NONE',  ( 1.322475605676672661, -0.7635316469341573153, 6.598958333333336590 ) ) ;
#1978 = CARTESIAN_POINT ( 'NONE',  ( 0.000000000000000000, 1.500000000000000888, 3.812500000000000888 ) ) ;
#1979 = CARTESIAN_POINT ( 'NONE',  ( 1.017788105676672883, 0.5876202367904097557, 1.416666666666669405 ) ) ;
#1980 = CARTESIAN_POINT ( 'NONE',  ( -1.299038105676672217, -0.7500000000000234257, 1.916666666666670071 ) ) ;
#1981 = FACE_OUTER_BOUND ( 'NONE', #4465, .T. ) ;
#1982 = CARTESIAN_POINT ( 'NONE',  ( -0.6785254037844480335, 1.175240473580837719, -5.958333333333331261 ) ) ;
#1983 = CARTESIAN_POINT ( 'NONE',  ( 0.8816504037844494768, 1.527063293868264893, 3.755208333333333481 ) ) ;
#1984 = CARTESIAN_POINT ( 'NONE',  ( 1.322475605676673771, 0.7635316469341243417, -1.786458333333332815 ) ) ;
#1985 = CARTESIAN_POINT ( 'NONE',  ( 0.8660254037844452579, 1.500000000000006883, 4.708333333333336590 ) ) ;
#1986 = CARTESIAN_POINT ( 'NONE',  ( 1.017788105676671995, -0.5876202367904425072, 3.833333333333335258 ) ) ;
#1987 = CARTESIAN_POINT ( 'NONE',  ( -1.518332637784020056, -0.1659638459673683508, 7.406250000000000888 ) ) ;
#1988 = CARTESIAN_POINT ( 'NONE',  ( 1.533209921821044874, 0.1576114318128900571, 7.500855289840674622 ) ) ;
#1989 = ORIENTED_EDGE ( 'NONE', *, *, #5489, .T. ) ;
#1990 = CARTESIAN_POINT ( 'NONE',  ( -1.439254484199210086E-16, -1.175240473580867473, -1.687499999999997335 ) ) ;
#1991 = CARTESIAN_POINT ( 'NONE',  ( 0.2069258640381758663, -1.014859880550766620E-15, 3.660975943842971869 ) ) ;
#1992 = CARTESIAN_POINT ( 'NONE',  ( -1.836970198721050149E-16, -1.500000000000032641, 5.500000000000004441 ) ) ;
#1993 = CARTESIAN_POINT ( 'NONE',  ( 0.000000000000000000, 1.500000000000001110, 0.2500000000000038858 ) ) ;
#1994 = CARTESIAN_POINT ( 'NONE',  ( -1.299038105676672217, -0.7500000000000229816, -2.083333333333329929 ) ) ;
#1995 = CARTESIAN_POINT ( 'NONE',  ( -0.8660254037844524744, -1.500000000000024647, 2.520833333333334370 ) ) ;
#1996 = ORIENTED_EDGE ( 'NONE', *, *, #4830, .F. ) ;
#1997 = CARTESIAN_POINT ( 'NONE',  ( -1.836970198721050149E-16, -1.500000000000032196, 3.062500000000000444 ) ) ;
#1998 =( BOUNDED_CURVE ( )  B_SPLINE_CURVE ( 2, ( #7298, #405, #5502, #7416, #6706, #4835, #1713 ),
 .UNSPECIFIED., .F., .F. ) 
 B_SPLINE_CURVE_WITH_KNOTS ( ( 3, 2, 2, 3 ),
 ( 0.3750000000000000000, 0.3888888888888888395, 0.4027777777777777346, 0.4166666666666665741 ),
 .UNSPECIFIED. ) 
 CURVE ( )  GEOMETRIC_REPRESENTATION_ITEM ( )  RATIONAL_B_SPLINE_CURVE ( ( 1.000000000000000000, 0.8660254037844387076, 1.000000000000000000, 0.8660254037844387076, 1.000000000000000000, 0.8660254037844398178, 0.9999999999999988898 ) ) 
 REPRESENTATION_ITEM ( '' )  );
#1999 = CARTESIAN_POINT ( 'NONE',  ( 1.017788105676671995, -0.5876202367904420631, 0.8958333333333357018 ) ) ;
#2000 = CARTESIAN_POINT ( 'NONE',  ( 1.191999458637145182, -0.2906467541365974072, 4.831332650957025798 ) ) ;
#2001 = CARTESIAN_POINT ( 'NONE',  ( -1.017788105676672439, -0.5876202367904408419, -2.770833333333330817 ) ) ;
#2002 = CARTESIAN_POINT ( 'NONE',  ( -0.2392183543292933923, 1.558176212289529738, 7.972137828681206351 ) ) ;
#2003 = CARTESIAN_POINT ( 'NONE',  ( -0.1474052775258248293, 1.524207146240230681, 7.406250000000000888 ) ) ;
#2004 = ORIENTED_EDGE ( 'NONE', *, *, #7114, .F. ) ;
#2005 = CARTESIAN_POINT ( 'NONE',  ( 0.6785254037844490327, 1.175240473580835721, 7.520833333333334814 ) ) ;
#2006 = CYLINDRICAL_SURFACE ( 'NONE', #6347, 1.500000000000000888 ) ;
#2007 = CARTESIAN_POINT ( 'NONE',  ( 1.357050807568896511, -1.628758771621728070E-14, 5.937500000000001776 ) ) ;
#2008 = CARTESIAN_POINT ( 'NONE',  ( 0.1887742641982017855, -1.560372603634419653, 7.789916524429065348 ) ) ;
#2009 = CC_DESIGN_APPROVAL ( #4645, ( #6789 ) ) ;
#2010 = CARTESIAN_POINT ( 'NONE',  ( -1.357050807568896511, -1.475352145900002148E-14, -3.874999999999996891 ) ) ;
#2011 = EDGE_LOOP ( 'NONE', ( #1283, #5791, #1177, #500, #1757, #1483, #3837, #4288 ) ) ;
#2012 = ADVANCED_FACE ( 'NONE', ( #3078 ), #811, .T. ) ;
#2013 = CARTESIAN_POINT ( 'NONE',  ( 0.6785254037844490327, 1.175240473580837053, -5.479166666666663410 ) ) ;
#2014 = CARTESIAN_POINT ( 'NONE',  ( 1.143688210750138268, -0.5068507354795949160, -8.196788930225386238 ) ) ;
#2015 = VERTEX_POINT ( 'NONE', #3321 ) ;
#2016 = CARTESIAN_POINT ( 'NONE',  ( 0.000000000000000000, 1.527063293868264893, 7.765625000000004441 ) ) ;
#2017 = CARTESIAN_POINT ( 'NONE',  ( 1.299038105676672883, 0.7499999999999925615, -5.833333333333329485 ) ) ;
#2018 = CARTESIAN_POINT ( 'NONE',  ( -0.6785254037844485886, -1.175240473580867473, 1.208333333333335480 ) ) ;
#2019 = CARTESIAN_POINT ( 'NONE',  ( 0.000000000000000000, 1.276838905222572624E-15, -8.250000000000000000 ) ) ;
#2020 = CARTESIAN_POINT ( 'NONE',  ( 0.8660254037844475894, -1.500000000000031530, -7.458333333333330373 ) ) ;
#2021 = CARTESIAN_POINT ( 'NONE',  ( -1.439254484199210086E-16, -1.175240473580866807, -6.749999999999997335 ) ) ;
#2022 = CARTESIAN_POINT ( 'NONE',  ( 1.322475605676672661, -0.7635316469341570933, 3.630208333333333481 ) ) ;
#2023 = CARTESIAN_POINT ( 'NONE',  ( 1.017788105676672883, 0.5876202367904095336, 2.916666666666669183 ) ) ;
#2024 = CARTESIAN_POINT ( 'NONE',  ( 0.1133358032388503550, -1.182079204496978342, -8.250000000000000000 ) ) ;
#2025 = ADVANCED_FACE ( 'NONE', ( #1794 ), #4790, .T. ) ;
#2026 = CARTESIAN_POINT ( 'NONE',  ( 1.322475605676673771, 0.7635316469341251189, -7.317708333333328596 ) ) ;
#2027 = CARTESIAN_POINT ( 'NONE',  ( -1.508695708151067905, -0.1770761412636875365, 7.406250000000000888 ) ) ;
#2028 = AXIS2_PLACEMENT_3D ( 'NONE', #2341, #3506, #1646 ) ;
#2029 = ORIENTED_EDGE ( 'NONE', *, *, #6003, .F. ) ;
#2030 = CARTESIAN_POINT ( 'NONE',  ( 1.524207146240229349, 0.1474052775258398729, 7.406250000000000888 ) ) ;
#2031 = ORIENTED_EDGE ( 'NONE', *, *, #3685, .F. ) ;
#2032 = CARTESIAN_POINT ( 'NONE',  ( 0.000000000000000000, 1.175240473580837275, -2.937499999999997335 ) ) ;
#2033 = CARTESIAN_POINT ( 'NONE',  ( 0.8660254037844470343, 1.500000000000003553, 4.770833333333334814 ) ) ;
#2034 = CARTESIAN_POINT ( 'NONE',  ( 0.000000000000000000, -1.500000000000001554, 8.250000000000000000 ) ) ;
#2035 = CARTESIAN_POINT ( 'NONE',  ( 0.000000000000000000, 1.550799999999996848, 5.750000000000000000 ) ) ;
#2036 = CARTESIAN_POINT ( 'NONE',  ( -1.299038105676672217, -0.7500000000000230926, -0.5833333333333297066 ) ) ;
#2037 = CARTESIAN_POINT ( 'NONE',  ( -0.2175298284522065861, -1.574523370509060438, 7.967368464254880323 ) ) ;
#2038 = CARTESIAN_POINT ( 'NONE',  ( -0.8660254037844486996, -1.500000000000031530, -1.479166666666665408 ) ) ;
#2039 = CARTESIAN_POINT ( 'NONE',  ( 0.8660254037844515862, -1.500000000000025091, 0.04166666666667089708 ) ) ;
#2040 = CARTESIAN_POINT ( 'NONE',  ( -1.357050807568896511, -1.549596358098310489E-14, 2.187500000000002665 ) ) ;
#2041 = DIRECTION ( 'NONE',  ( 0.000000000000000000, -1.000000000000000000, 0.000000000000000000 ) ) ;
#2042 = CARTESIAN_POINT ( 'NONE',  ( -0.6785254037844485886, -1.175240473580867029, -3.229166666666664298 ) ) ;
#2043 = CARTESIAN_POINT ( 'NONE',  ( -1.439254484199210086E-16, -1.175240473580867251, -2.249999999999997780 ) ) ;
#2044 = CARTESIAN_POINT ( 'NONE',  ( 0.1966618281293649739, -1.489937050857381928, 7.500856336363594501 ) ) ;
#2045 = ORIENTED_EDGE ( 'NONE', *, *, #1966, .F. ) ;
#2046 = CARTESIAN_POINT ( 'NONE',  ( -0.1867183014945766883, 1.020989215107069858, 7.406250000000000888 ) ) ;
#2047 = CARTESIAN_POINT ( 'NONE',  ( 0.8660254037844493658, 1.500000000000001776, -3.229166666666665630 ) ) ;
#2048 = CARTESIAN_POINT ( 'NONE',  ( -1.439254484199210086E-16, -1.175240473580867695, 2.750000000000002665 ) ) ;
#2049 = CARTESIAN_POINT ( 'NONE',  ( -1.836970198721050149E-16, -1.500000000000031308, -6.499999999999996447 ) ) ;
#2050 = DIRECTION ( 'NONE',  ( -0.000000000000000000, -1.224646799147353207E-16, 1.000000000000000000 ) ) ;
#2051 = CARTESIAN_POINT ( 'NONE',  ( 1.322475605676673771, 0.7635316469341251189, -6.786458333333333037 ) ) ;
#2052 = EDGE_LOOP ( 'NONE', ( #4801, #1294, #3972, #4782 ) ) ;
#2053 = CARTESIAN_POINT ( 'NONE',  ( 0.6785254037844478114, -1.175240473580867251, -5.145833333333330373 ) ) ;
#2054 = DIRECTION ( 'NONE',  ( 0.000000000000000000, -1.000000000000000000, 0.000000000000000000 ) ) ;
#2055 = VERTEX_POINT ( 'NONE', #5642 ) ;
#2056 = CARTESIAN_POINT ( 'NONE',  ( -1.322475605676673105, 0.7635316469341247858, 6.348958333333337478 ) ) ;
#2057 = CARTESIAN_POINT ( 'NONE',  ( 0.000000000000000000, 1.500000000000001110, 0.7500000000000038858 ) ) ;
#2058 = CARTESIAN_POINT ( 'NONE',  ( -0.6785254037844480335, 1.175240473580836387, 2.541666666666668739 ) ) ;
#2059 = CARTESIAN_POINT ( 'NONE',  ( -1.836970198721050149E-16, -1.500000000000031530, -3.999999999999996447 ) ) ;
#2060 = CARTESIAN_POINT ( 'NONE',  ( 0.8660254037844489217, 1.500000000000000222, 2.770833333333334814 ) ) ;
#2061 = CARTESIAN_POINT ( 'NONE',  ( 1.299038105676672883, 0.7499999999999930056, -7.833333333333331261 ) ) ;
#2062 = CARTESIAN_POINT ( 'NONE',  ( -1.870113174931204576E-16, -1.527063293868297089, 4.546875000000000888 ) ) ;
#2063 = CARTESIAN_POINT ( 'NONE',  ( -1.322475605676673105, 0.7635316469341257850, -2.119791666666666075 ) ) ;
#2064 = DIRECTION ( 'NONE',  ( 0.07992773943613182275, -0.07992773943613301624, -0.9935910189495774647 ) ) ;
#2065 = CARTESIAN_POINT ( 'NONE',  ( -1.357050807568896067, -1.579447123827527339E-14, 4.625000000000001776 ) ) ;
#2066 = CARTESIAN_POINT ( 'NONE',  ( -1.484567452862549430, -0.1866037099812813682, 7.406250000000000888 ) ) ;
#2067 = ORIENTED_EDGE ( 'NONE', *, *, #4299, .T. ) ;
#2068 = CARTESIAN_POINT ( 'NONE',  ( 1.017788105676671995, -0.5876202367904412860, -6.104166666666664298 ) ) ;
#2069 = EDGE_CURVE ( 'NONE', #3116, #5394, #5611, .T. ) ;
#2070 = ORIENTED_EDGE ( 'NONE', *, *, #4968, .F. ) ;
#2071 = CARTESIAN_POINT ( 'NONE',  ( 0.6785254037844490327, 1.175240473580836387, -1.479166666666664076 ) ) ;
#2072 = CARTESIAN_POINT ( 'NONE',  ( 1.299038105676671773, -0.7500000000000248690, 4.645833333333333925 ) ) ;
#2073 = EDGE_CURVE ( 'NONE', #426, #1682, #2720, .T. ) ;
#2074 = ADVANCED_FACE ( 'NONE', ( #4935 ), #4345, .T. ) ;
#2075 = CARTESIAN_POINT ( 'NONE',  ( 0.000000000000000000, 1.500000000000001332, -2.187499999999999112 ) ) ;
#2076 = LINE ( 'NONE', #64, #528 ) ;
#2077 = CYLINDRICAL_SURFACE ( 'NONE', #3019, 1.500000000000000888 ) ;
#2078 = CARTESIAN_POINT ( 'NONE',  ( 1.299038105676672883, 0.7499999999999921174, -2.333333333333329485 ) ) ;
#2079 = CARTESIAN_POINT ( 'NONE',  ( -1.836970198721050149E-16, -1.500000000000031530, -3.999999999999996447 ) ) ;
#2080 = CARTESIAN_POINT ( 'NONE',  ( -1.322475605676673105, 0.7635316469341258960, -2.651041666666662078 ) ) ;
#2081 = CARTESIAN_POINT ( 'NONE',  ( -1.017788105676672439, 0.5876202367904106438, 2.145833333333335702 ) ) ;
#2082 = CARTESIAN_POINT ( 'NONE',  ( -1.299038105676672217, 0.7499999999999930056, 1.333333333333337034 ) ) ;
#2083 = CARTESIAN_POINT ( 'NONE',  ( 1.017788105676672883, 0.5876202367904107549, -7.583333333333330373 ) ) ;
#2084 = CARTESIAN_POINT ( 'NONE',  ( -1.017788105676672439, -0.5876202367904409529, -1.833333333333330817 ) ) ;
#2085 = DIRECTION ( 'NONE',  ( -0.000000000000000000, -1.224646799147353207E-16, 1.000000000000000000 ) ) ;
#2086 = ORIENTED_EDGE ( 'NONE', *, *, #1209, .F. ) ;
#2087 = CARTESIAN_POINT ( 'NONE',  ( -0.6785254037844480335, 1.175240473580835721, 7.604166666666668739 ) ) ;
#2088 = VECTOR ( 'NONE', #5170, 1000.000000000000000 ) ;
#2089 = CARTESIAN_POINT ( 'NONE',  ( -0.2373482582216013548, -1.212236563421134283, 4.819804602950906514 ) ) ;
#2090 = VECTOR ( 'NONE', #5724, 1000.000000000000000 ) ;
#2091 = CARTESIAN_POINT ( 'NONE',  ( 1.017788105676672883, 0.5876202367904094226, 4.416666666666668739 ) ) ;
#2092 = CARTESIAN_POINT ( 'NONE',  ( 1.836970198721030920E-16, 1.500000000000000222, 8.250000000000000000 ) ) ;
#2093 = CARTESIAN_POINT ( 'NONE',  ( 0.8816504037844494768, 1.527063293868265115, 1.755208333333333703 ) ) ;
#2094 = CARTESIAN_POINT ( 'NONE',  ( -1.763300807568897621, -1.433637614304045725E-14, -7.078125000000000000 ) ) ;
#2095 = ORIENTED_EDGE ( 'NONE', *, *, #3787, .T. ) ;
#2096 = CARTESIAN_POINT ( 'NONE',  ( 0.000000000000000000, 1.175240473580837497, -4.937499999999997335 ) ) ;
#2097 = CARTESIAN_POINT ( 'NONE',  ( -1.560644815424477194, 0.2372923498678732035, 7.971354974855263897 ) ) ;
#2098 = ORIENTED_EDGE ( 'NONE', *, *, #8111, .F. ) ;
#2099 = CARTESIAN_POINT ( 'NONE',  ( -0.8816504037844485886, 1.527063293868264893, 7.307291666666671404 ) ) ;
#2100 = DIRECTION ( 'NONE',  ( 0.1045284632676537068, 0.000000000000000000, -0.9945218953682734009 ) ) ;
#2101 = CARTESIAN_POINT ( 'NONE',  ( -1.372493554955905637, -0.4967423799518917993, 5.491017998178956638 ) ) ;
#2102 = CARTESIAN_POINT ( 'NONE',  ( 1.576622122564782069, -0.2078487863861533114, 7.967077405468494966 ) ) ;
#2103 = CARTESIAN_POINT ( 'NONE',  ( 1.836970198721030920E-16, 1.500000000000000222, 8.250000000000000000 ) ) ;
#2104 = CARTESIAN_POINT ( 'NONE',  ( -0.6785254037844485886, -1.175240473580867695, 2.770833333333335702 ) ) ;
#2105 = CARTESIAN_POINT ( 'NONE',  ( -1.763300807568897621, -1.574471996205991145E-14, 4.421875000000000888 ) ) ;
#2106 = AXIS2_PLACEMENT_3D ( 'NONE', #2918, #7250, #4087 ) ;
#2107 = CARTESIAN_POINT ( 'NONE',  ( 0.000000000000000000, 1.527063293868265781, 0.7968750000000006661 ) ) ;
#2108 = CARTESIAN_POINT ( 'NONE',  ( 0.000000000000000000, 1.301042606982605321E-15, 3.639227159146550150 ) ) ;
#2109 = CARTESIAN_POINT ( 'NONE',  ( -0.8816504037844485886, 1.527063293868266447, -4.692708333333328596 ) ) ;
#2110 = DIRECTION ( 'NONE',  ( -0.000000000000000000, -1.224646799147353207E-16, 1.000000000000000000 ) ) ;
#2111 = EDGE_LOOP ( 'NONE', ( #6968, #4670, #4565, #6563 ) ) ;
#2112 = CARTESIAN_POINT ( 'NONE',  ( 1.357050807568896067, -1.505528687457525669E-14, -4.124999999999997335 ) ) ;
#2113 = CARTESIAN_POINT ( 'NONE',  ( -1.439254484199210086E-16, -1.175240473580866807, -6.687499999999997335 ) ) ;
#2114 = ORIENTED_EDGE ( 'NONE', *, *, #1423, .T. ) ;
#2115 = CARTESIAN_POINT ( 'NONE',  ( 1.017788105676671995, -0.5876202367904421742, 1.395833333333335702 ) ) ;
#2116 = DIRECTION ( 'NONE',  ( -0.02078751127481432912, 0.1045058763748858977, -0.9943069954385901354 ) ) ;
#2117 = CARTESIAN_POINT ( 'NONE',  ( 0.6785254037844478114, -1.175240473580866807, -7.708333333333331261 ) ) ;
#2118 = CARTESIAN_POINT ( 'NONE',  ( -1.017788105676672439, -0.5876202367904411750, -0.2708333333333308168 ) ) ;
#2119 = DIRECTION ( 'NONE',  ( 0.000000000000000000, -0.9967800569107646558, -0.08018427617041258559 ) ) ;
#2120 = CARTESIAN_POINT ( 'NONE',  ( 1.299038105676671773, -0.7500000000000234257, -6.416666666666662522 ) ) ;
#2121 = EDGE_CURVE ( 'NONE', #4727, #6792, #7746, .T. ) ;
#2122 = CARTESIAN_POINT ( 'NONE',  ( -0.8816504037844485886, 1.527063293868266003, 0.3072916666666709595 ) ) ;
#2123 = CARTESIAN_POINT ( 'NONE',  ( -0.1326959224940212623, 0.05496445076863589602, 3.624131139626886711 ) ) ;
#2124 = CARTESIAN_POINT ( 'NONE',  ( 1.017788105676672883, 0.5876202367904099777, -0.02083333333333103887 ) ) ;
#2125 = DIRECTION ( 'NONE',  ( -0.000000000000000000, -1.224646799147353207E-16, 1.000000000000000000 ) ) ;
#2126 = CARTESIAN_POINT ( 'NONE',  ( -0.6785254037844485886, -1.175240473580866585, -7.291666666666663410 ) ) ;
#2127 = CARTESIAN_POINT ( 'NONE',  ( -1.017788105676672439, 0.5876202367904108659, -0.4166666666666641317 ) ) ;
#2128 = EDGE_CURVE ( 'NONE', #3702, #4371, #4855, .T. ) ;
#2129 =( LENGTH_UNIT ( ) NAMED_UNIT ( * ) SI_UNIT ( .MILLI., .METRE. ) );
#2130 = ORIENTED_EDGE ( 'NONE', *, *, #509, .T. ) ;
#2131 = CARTESIAN_POINT ( 'NONE',  ( 0.000000000000000000, 1.500000000000000888, 4.250000000000002665 ) ) ;
#2132 =( BOUNDED_CURVE ( )  B_SPLINE_CURVE ( 2, ( #251, #2143, #2382, #6212, #3659, #3621, #8117 ),
 .UNSPECIFIED., .F., .F. ) 
 B_SPLINE_CURVE_WITH_KNOTS ( ( 3, 2, 2, 3 ),
 ( 0.8333333333333332593, 0.8472222222222220989, 0.8611111111111109384, 0.8749999999999997780 ),
 .UNSPECIFIED. ) 
 CURVE ( )  GEOMETRIC_REPRESENTATION_ITEM ( )  RATIONAL_B_SPLINE_CURVE ( ( 1.000000000000001110, 0.8660254037844375974, 1.000000000000000000, 0.8660254037844387076, 1.000000000000000000, 0.8660254037844408170, 0.9999999999999978906 ) ) 
 REPRESENTATION_ITEM ( '' )  );
#2133 = CARTESIAN_POINT ( 'NONE',  ( -0.5883555573418843831, -0.4314072894756731391, 8.191913363870522602 ) ) ;
#2134 = CARTESIAN_POINT ( 'NONE',  ( -0.6785254037844485886, -1.175240473580868139, 8.270833333333335702 ) ) ;
#2135 = CYLINDRICAL_SURFACE ( 'NONE', #5968, 0.2916000000000001369 ) ;
#2136 = CARTESIAN_POINT ( 'NONE',  ( 0.8660254037844437036, -1.500000000000039968, 3.541666666666670960 ) ) ;
#2137 =( BOUNDED_CURVE ( )  B_SPLINE_CURVE ( 3, ( #6305, #629, #5019, #590 ),
 .UNSPECIFIED., .F., .F. ) 
 B_SPLINE_CURVE_WITH_KNOTS ( ( 4, 4 ),
 ( 2.946332657651818732, 3.336852649527769721 ),
 .UNSPECIFIED. ) 
 CURVE ( )  GEOMETRIC_REPRESENTATION_ITEM ( )  RATIONAL_B_SPLINE_CURVE ( ( 1.000000000000000000, 0.9873315052531760339, 0.9873315052531760339, 1.000000000000000000 ) ) 
 REPRESENTATION_ITEM ( '' )  );
#2138 = CARTESIAN_POINT ( 'NONE',  ( -1.322475605676673105, 0.7635316469341265622, -7.619791666666665186 ) ) ;
#2139 = ORIENTED_EDGE ( 'NONE', *, *, #6748, .F. ) ;
#2140 = CARTESIAN_POINT ( 'NONE',  ( 1.357050807568896511, -1.518540559698466121E-14, -3.062499999999997335 ) ) ;
#2141 = ORIENTED_EDGE ( 'NONE', *, *, #2877, .T. ) ;
#2142 = CARTESIAN_POINT ( 'NONE',  ( 1.322475605676672661, -0.7635316469341575374, 8.098958333333335702 ) ) ;
#2143 = CARTESIAN_POINT ( 'NONE',  ( -0.8660254037844440367, 1.500000000000007772, 1.854166666666667629 ) ) ;
#2144 = LINE ( 'NONE', #1647, #6022 ) ;
#2145 = CARTESIAN_POINT ( 'NONE',  ( -0.2066060943415818085, -1.498883479085573844, 7.595469709336405195 ) ) ;
#2146 = CARTESIAN_POINT ( 'NONE',  ( 0.000000000000000000, -6.060555484664830395E-16, 7.124999999999999112 ) ) ;
#2147 = LINE ( 'NONE', #5851, #392 ) ;
#2148 = CARTESIAN_POINT ( 'NONE',  ( 1.322475605676673771, 0.7635316469341237866, 3.213541666666666963 ) ) ;
#2149 = CARTESIAN_POINT ( 'NONE',  ( 1.322475605676672661, -0.7635316469341567602, 1.130208333333333703 ) ) ;
#2150 = CARTESIAN_POINT ( 'NONE',  ( -0.5251542044367926154, 0.3682059365705874776, 7.406250000000000888 ) ) ;
#2151 = CARTESIAN_POINT ( 'NONE',  ( 1.322475605676672661, -0.7635316469341559831, -4.901041666666661634 ) ) ;
#2152 = CARTESIAN_POINT ( 'NONE',  ( 0.000000000000000000, 1.500000000000002220, -7.687499999999998224 ) ) ;
#2153 = VERTEX_POINT ( 'NONE', #501 ) ;
#2154 = CARTESIAN_POINT ( 'NONE',  ( 0.000000000000000000, 1.175240473580837497, -4.499999999999997335 ) ) ;
#2155 = CARTESIAN_POINT ( 'NONE',  ( -0.6785254037844480335, 1.175240473580837719, -7.395833333333330373 ) ) ;
#2156 = ORIENTED_EDGE ( 'NONE', *, *, #789, .T. ) ;
#2157 = CARTESIAN_POINT ( 'NONE',  ( -1.439254484199210086E-16, -1.175240473580867695, 0.8125000000000024425 ) ) ;
#2158 = CARTESIAN_POINT ( 'NONE',  ( 0.4630245338345640449, -1.500000000000036193, 5.584777278270898648 ) ) ;
#2159 = CC_DESIGN_PERSON_AND_ORGANIZATION_ASSIGNMENT ( #1632, #7560, ( #6789 ) ) ;
#2160 = CARTESIAN_POINT ( 'NONE',  ( -1.357050807568896067, -1.525103422115363460E-14, 0.1875000000000023315 ) ) ;
#2161 = CARTESIAN_POINT ( 'NONE',  ( 0.000000000000000000, 1.500000000000000888, 2.812500000000001776 ) ) ;
#2162 = LINE ( 'NONE', #968, #5546 ) ;
#2163 = CARTESIAN_POINT ( 'NONE',  ( -1.020989215107068082, 0.1867183014945950625, 7.406250000000000888 ) ) ;
#2164 = AXIS2_PLACEMENT_3D ( 'NONE', #408, #8076, #6787 ) ;
#2165 = CARTESIAN_POINT ( 'NONE',  ( 0.000000000000000000, 1.527063293868266003, -1.734374999999995559 ) ) ;
#2166 = CARTESIAN_POINT ( 'NONE',  ( -1.017788105676672439, 0.5876202367904106438, 2.583333333333335702 ) ) ;
#2167 = CARTESIAN_POINT ( 'NONE',  ( 0.000000000000000000, 1.175240473580836831, 0.06250000000000266454 ) ) ;
#2168 = CARTESIAN_POINT ( 'NONE',  ( 0.000000000000000000, 1.175240473580836609, 3.062500000000002665 ) ) ;
#2169 = CARTESIAN_POINT ( 'NONE',  ( 1.357050807568896511, -1.487158985470315397E-14, -5.624999999999997335 ) ) ;
#2170 = CARTESIAN_POINT ( 'NONE',  ( 0.000000000000000000, 1.175240473580837275, -2.499999999999997335 ) ) ;
#2171 = CARTESIAN_POINT ( 'NONE',  ( 1.299038105676671773, -0.7500000000000243139, 0.1458333333333343973 ) ) ;
#2172 = ORIENTED_EDGE ( 'NONE', *, *, #2377, .T. ) ;
#2173 = EDGE_CURVE ( 'NONE', #6427, #3057, #4739, .T. ) ;
#2174 = CARTESIAN_POINT ( 'NONE',  ( -0.2078487863861621654, -1.576622122564782069, 7.967077405468494966 ) ) ;
#2175 = CARTESIAN_POINT ( 'NONE',  ( -1.017788105676672439, 0.5876202367904105328, 3.083333333333335702 ) ) ;
#2176 = CARTESIAN_POINT ( 'NONE',  ( 0.6785254037844478114, -1.175240473580867029, -7.145833333333331261 ) ) ;
#2177 = EDGE_CURVE ( 'NONE', #3751, #8004, #1134, .T. ) ;
#2178 = EDGE_CURVE ( 'NONE', #1498, #1790, #4683, .T. ) ;
#2179 = CARTESIAN_POINT ( 'NONE',  ( -1.322475605676673105, 0.7635316469341252299, 2.380208333333333925 ) ) ;
#2180 = CARTESIAN_POINT ( 'NONE',  ( 0.8816504037844482555, -1.527063293868296201, -7.411458333333332149 ) ) ;
#2181 = ORIENTED_EDGE ( 'NONE', *, *, #4322, .F. ) ;
#2182 = CARTESIAN_POINT ( 'NONE',  ( 1.017788105676672883, 0.5876202367904103108, -3.520833333333330817 ) ) ;
#2183 = VERTEX_POINT ( 'NONE', #4266 ) ;
#2184 =( BOUNDED_CURVE ( )  B_SPLINE_CURVE ( 2, ( #4615, #6449, #4487, #810, #2120, #4659, #1338 ),
 .UNSPECIFIED., .F., .F. ) 
 B_SPLINE_CURVE_WITH_KNOTS ( ( 3, 2, 2, 3 ),
 ( 0.6666666666666667407, 0.6805555555555555802, 0.6944444444444444198, 0.7083333333333332593 ),
 .UNSPECIFIED. ) 
 CURVE ( )  GEOMETRIC_REPRESENTATION_ITEM ( )  RATIONAL_B_SPLINE_CURVE ( ( 1.000000000000000000, 0.8660254037844387076, 1.000000000000000000, 0.8660254037844387076, 1.000000000000000000, 0.8660254037844387076, 1.000000000000000000 ) ) 
 REPRESENTATION_ITEM ( '' )  );
#2185 = CARTESIAN_POINT ( 'NONE',  ( 0.8816504037844494768, 1.527063293868264671, 8.223958333333337478 ) ) ;
#2186 = CARTESIAN_POINT ( 'NONE',  ( -1.534691860997135837, -0.2470292989821782637, 7.980070810694635419 ) ) ;
#2187 = CARTESIAN_POINT ( 'NONE',  ( -0.5917109473128473462, 0.4347626794466434297, 8.233624606597341966 ) ) ;
#2188 = DIRECTION ( 'NONE',  ( 0.000000000000000000, -0.9945218953682730678, 0.1045284632676558717 ) ) ;
#2189 = LINE ( 'NONE', #2103, #7282 ) ;
#2190 = CARTESIAN_POINT ( 'NONE',  ( 0.000000000000000000, 1.527063293868265115, 6.296875000000000000 ) ) ;
#2191 =( BOUNDED_CURVE ( )  B_SPLINE_CURVE ( 3, ( #7920, #980, #7840, #4582 ),
 .UNSPECIFIED., .F., .F. ) 
 B_SPLINE_CURVE_WITH_KNOTS ( ( 4, 4 ),
 ( 2.751161613710444875, 3.532023693469144465 ),
 .UNSPECIFIED. ) 
 CURVE ( )  GEOMETRIC_REPRESENTATION_ITEM ( )  RATIONAL_B_SPLINE_CURVE ( ( 1.000000000000000000, 0.9498300650479266638, 0.9498300650479266638, 1.000000000000000000 ) ) 
 REPRESENTATION_ITEM ( '' )  );
#2192 = CARTESIAN_POINT ( 'NONE',  ( -1.322475605676673105, -0.7635316469341556500, -0.03645833333333278747 ) ) ;
#2193 = CARTESIAN_POINT ( 'NONE',  ( -1.480908766186229020, 0.1867183014945998365, 7.406250000000000888 ) ) ;
#2194 = B_SPLINE_CURVE_WITH_KNOTS ( 'NONE', 3,
 ( #2379, #4918, #6252, #7458, #3075, #7381, #1755, #2455, #4840, #6829, #3036, #4994, #6711, #410, #2923, #5586, #8114, #1681, #2416, #4215, #6754, #1061 ),
 .UNSPECIFIED., .F., .F.,
 ( 4, 2, 2, 2, 2, 2, 2, 2, 2, 2, 4 ),
 ( 0.006430060235105011443, 0.006931139625860657794, 0.007432219016616304144, 0.007933298407371950495, 0.008183838102749772803, 0.008434377798127596845, 0.008935457188883243196, 0.009185996884261067238, 0.009436536579638889546, 0.009937615970394535897, 0.01043869536115018398 ),
 .UNSPECIFIED. ) ;
#2195 = CARTESIAN_POINT ( 'NONE',  ( -0.8816504037844491437, -1.527063293868295757, -5.526041666666662522 ) ) ;
#2196 = CARTESIAN_POINT ( 'NONE',  ( -1.836970198721050149E-16, -1.500000000000031530, -5.499999999999996447 ) ) ;
#2197 = ORIENTED_EDGE ( 'NONE', *, *, #1130, .F. ) ;
#2198 = CARTESIAN_POINT ( 'NONE',  ( -1.836970198721050395E-16, -1.500000000000031530, -4.937499999999998224 ) ) ;
#2199 = CARTESIAN_POINT ( 'NONE',  ( -1.439254484199210086E-16, -1.175240473580867029, -5.687499999999997335 ) ) ;
#2200 = VERTEX_POINT ( 'NONE', #2395 ) ;
#2201 = CARTESIAN_POINT ( 'NONE',  ( -1.017788105676672439, -0.5876202367904415080, 2.229166666666669183 ) ) ;
#2202 = CARTESIAN_POINT ( 'NONE',  ( -0.6785254037844480335, 1.175240473580835943, 5.541666666666667851 ) ) ;
#2203 = CARTESIAN_POINT ( 'NONE',  ( 0.000000000000000000, 1.175240473580836831, 0.5625000000000026645 ) ) ;
#2204 = CYLINDRICAL_SURFACE ( 'NONE', #7691, 1.500000000000000888 ) ;
#2205 = CARTESIAN_POINT ( 'NONE',  ( 0.2134061629270745941, -1.575889484126588469, 7.967077405468487861 ) ) ;
#2206 = CARTESIAN_POINT ( 'NONE',  ( 0.8660254037844510311, 1.499999999999997335, -1.729166666666665853 ) ) ;
#2207 = CARTESIAN_POINT ( 'NONE',  ( -0.8816504037844491437, -1.527063293868295979, -0.5260416666666620777 ) ) ;
#2208 = CARTESIAN_POINT ( 'NONE',  ( -0.6785254037844485886, -1.175240473580867695, 2.708333333333335702 ) ) ;
#2209 = CARTESIAN_POINT ( 'NONE',  ( 0.000000000000000000, 1.175240473580837275, -2.499999999999997335 ) ) ;
#2210 = CARTESIAN_POINT ( 'NONE',  ( -1.357050807568896067, -1.574089294081257834E-14, 4.187500000000001776 ) ) ;
#2211 = CARTESIAN_POINT ( 'NONE',  ( -1.017788105676672439, 0.5876202367904115320, -5.416666666666663410 ) ) ;
#2212 = CARTESIAN_POINT ( 'NONE',  ( -1.357050807568896511, -1.487598613891475663E-14, -2.874999999999996891 ) ) ;
#2213 = CARTESIAN_POINT ( 'NONE',  ( -1.523879528098135872, -0.1470339074214185582, 7.402807630290148211 ) ) ;
#2214 = EDGE_LOOP ( 'NONE', ( #389, #1839, #5150, #4323 ) ) ;
#2215 = DIRECTION ( 'NONE',  ( -1.224646799147353207E-16, -1.224646799147340388E-16, 1.000000000000000000 ) ) ;
#2216 = CARTESIAN_POINT ( 'NONE',  ( -1.357050807568896511, -1.623075166047151578E-14, 8.187500000000001776 ) ) ;
#2217 = DIRECTION ( 'NONE',  ( 0.9188184237650774966, 0.3805870524817697165, 0.1045284632676537900 ) ) ;
#2218 = DIRECTION ( 'NONE',  ( 0.000000000000000000, 1.224646799147352961E-16, -1.000000000000000000 ) ) ;
#2219 =( BOUNDED_CURVE ( )  B_SPLINE_CURVE ( 2, ( #106, #4578, #3868, #3367, #2082, #4537, #194 ),
 .UNSPECIFIED., .F., .F. ) 
 B_SPLINE_CURVE_WITH_KNOTS ( ( 3, 2, 2, 3 ),
 ( 0.2916666666666666297, 0.3055555555555555802, 0.3194444444444443643, 0.3333333333333333148 ),
 .UNSPECIFIED. ) 
 CURVE ( )  GEOMETRIC_REPRESENTATION_ITEM ( )  RATIONAL_B_SPLINE_CURVE ( ( 1.000000000000000000, 0.8660254037844387076, 1.000000000000000000, 0.8660254037844387076, 1.000000000000000000, 0.8660254037844392627, 0.9999999999999994449 ) ) 
 REPRESENTATION_ITEM ( '' )  );
#2220 = ORIENTED_EDGE ( 'NONE', *, *, #7504, .T. ) ;
#2221 = CARTESIAN_POINT ( 'NONE',  ( -1.439254484199210086E-16, -1.175240473580867251, -3.687499999999997335 ) ) ;
#2222 = EDGE_CURVE ( 'NONE', #308, #2512, #7476, .T. ) ;
#2223 = EDGE_CURVE ( 'NONE', #291, #6093, #5413, .T. ) ;
#2224 = ORIENTED_EDGE ( 'NONE', *, *, #7505, .F. ) ;
#2225 = AXIS2_PLACEMENT_3D ( 'NONE', #2480, #1122, #2982 ) ;
#2226 = CARTESIAN_POINT ( 'NONE',  ( -1.357050807568896511, -1.561842826089784320E-14, 3.187500000000002220 ) ) ;
#2227 = CARTESIAN_POINT ( 'NONE',  ( -1.498883546685034984, -0.2066061694804731674, 7.595470424235176488 ) ) ;
#2228 = CARTESIAN_POINT ( 'NONE',  ( -0.6785254037844480335, 1.175240473580837275, -2.895833333333330817 ) ) ;
#2229 = CARTESIAN_POINT ( 'NONE',  ( -1.732050807568896511, -1.562608230339251572E-14, 3.437500000000000888 ) ) ;
#2230 = CARTESIAN_POINT ( 'NONE',  ( 1.299038105676673105, 0.7499999999999928946, -7.270833333333332149 ) ) ;
#2231 = VERTEX_POINT ( 'NONE', #6969 ) ;
#2232 = CARTESIAN_POINT ( 'NONE',  ( 0.000000000000000000, 1.527063293868264893, 6.796875000000000000 ) ) ;
#2233 = CARTESIAN_POINT ( 'NONE',  ( -0.8816504037844485886, 1.527063293868266225, -1.161458333333333037 ) ) ;
#2234 = AXIS2_PLACEMENT_3D ( 'NONE', #7880, #362, #5254 ) ;
#2235 = CARTESIAN_POINT ( 'NONE',  ( -1.357050807568896511, -1.432489507929844846E-14, -7.374999999999997335 ) ) ;
#2236 = CARTESIAN_POINT ( 'NONE',  ( 1.322475605676673771, 0.7635316469341248968, -5.817708333333328596 ) ) ;
#2237 = CARTESIAN_POINT ( 'NONE',  ( 0.000000000000000000, 1.500000000000001332, -1.187499999999998668 ) ) ;
#2238 = ADVANCED_FACE ( 'NONE', ( #1233, #4516 ), #2602, .T. ) ;
#2239 = ORIENTED_EDGE ( 'NONE', *, *, #3126, .F. ) ;
#2240 = CARTESIAN_POINT ( 'NONE',  ( 0.000000000000000000, 1.276838905222572624E-15, -8.250000000000000000 ) ) ;
#2241 = CARTESIAN_POINT ( 'NONE',  ( 0.6785254037844478114, -1.175240473580866807, -7.645833333333331261 ) ) ;
#2242 = AXIS2_PLACEMENT_3D ( 'NONE', #5918, #235, #4493 ) ;
#2243 = VERTEX_POINT ( 'NONE', #7591 ) ;
#2244 = CARTESIAN_POINT ( 'NONE',  ( -1.017788105676672439, 0.5876202367904106438, 1.145833333333335480 ) ) ;
#2245 = CARTESIAN_POINT ( 'NONE',  ( -1.017788105676672439, -0.5876202367904417301, 4.666666666666668739 ) ) ;
#2246 = CARTESIAN_POINT ( 'NONE',  ( 1.017788105676672883, 0.5876202367904100887, -1.020833333333330817 ) ) ;
#2247 = AXIS2_PLACEMENT_3D ( 'NONE', #614, #7582, #3333 ) ;
#2248 = CARTESIAN_POINT ( 'NONE',  ( -1.836970198721050149E-16, -1.500000000000031752, -1.999999999999996669 ) ) ;
#2249 = CARTESIAN_POINT ( 'NONE',  ( -0.8816504037844485886, 1.527063293868266225, -0.1927083333333290405 ) ) ;
#2250 = ADVANCED_FACE ( 'NONE', ( #1981 ), #1321, .T. ) ;
#2251 = CARTESIAN_POINT ( 'NONE',  ( 0.2062073222500568348, 1.537627281424811088, 7.591675646323847282 ) ) ;
#2252 = CARTESIAN_POINT ( 'NONE',  ( 1.357050807568896511, -1.536144857436209456E-14, -1.624999999999997558 ) ) ;
#2253 = CARTESIAN_POINT ( 'NONE',  ( -1.439254484199210086E-16, -1.175240473580867695, 3.312500000000002220 ) ) ;
#2254 = CARTESIAN_POINT ( 'NONE',  ( -1.017788105676672439, -0.5876202367904402868, -7.333333333333330373 ) ) ;
#2255 = CARTESIAN_POINT ( 'NONE',  ( -1.439254484199210086E-16, -1.175240473580867695, 1.750000000000002442 ) ) ;
#2256 = B_SPLINE_CURVE_WITH_KNOTS ( 'NONE', 3,
 ( #3929, #4640, #876, #3386, #2145, #4684, #7223 ),
 .UNSPECIFIED., .F., .F.,
 ( 4, 3, 4 ),
 ( 0.000000000000000000, 0.0002928193619181938085, 0.0005794830383588857239 ),
 .UNSPECIFIED. ) ;
#2257 = ORIENTED_EDGE ( 'NONE', *, *, #3488, .F. ) ;
#2258 = DIRECTION ( 'NONE',  ( 0.1045284632676537068, 0.000000000000000000, 0.9945218953682734009 ) ) ;
#2259 = CARTESIAN_POINT ( 'NONE',  ( -1.357050807568896511, -1.597816825814737612E-14, 6.125000000000001776 ) ) ;
#2260 = CARTESIAN_POINT ( 'NONE',  ( -0.6785254037844480335, 1.175240473580837497, -7.395833333333330373 ) ) ;
#2261 = CARTESIAN_POINT ( 'NONE',  ( 1.571416688645960180, 0.2238015188012869860, 7.968174913599010090 ) ) ;
#2262 = ORIENTED_EDGE ( 'NONE', *, *, #5489, .F. ) ;
#2263 = CARTESIAN_POINT ( 'NONE',  ( 0.6785254037844478114, -1.175240473580867251, -4.145833333333330373 ) ) ;
#2264 = ORIENTED_EDGE ( 'NONE', *, *, #4253, .F. ) ;
#2265 = CARTESIAN_POINT ( 'NONE',  ( 1.357050807568896511, -1.592019367647307525E-14, 2.937500000000002220 ) ) ;
#2266 = CARTESIAN_POINT ( 'NONE',  ( 1.299038105676672883, 0.7499999999999918954, 0.7291666666666676289 ) ) ;
#2267 = CARTESIAN_POINT ( 'NONE',  ( 0.6785254037844490327, 1.175240473580836165, 2.958333333333335702 ) ) ;
#2268 = CARTESIAN_POINT ( 'NONE',  ( -1.836970198721050149E-16, -1.500000000000032419, 3.562500000000001332 ) ) ;
#2269 = CARTESIAN_POINT ( 'NONE',  ( 1.547933754415226293, -0.2446622343353328510, 7.975503699672909619 ) ) ;
#2270 = CARTESIAN_POINT ( 'NONE',  ( -1.017788105676672439, -0.5876202367904417301, 4.729166666666668739 ) ) ;
#2271 = CARTESIAN_POINT ( 'NONE',  ( -0.8816504037844491437, -1.527063293868297311, 7.505208333333333037 ) ) ;
#2272 =( BOUNDED_CURVE ( )  B_SPLINE_CURVE ( 2, ( #7705, #5866, #2078, #188, #7657, #231, #7828 ),
 .UNSPECIFIED., .F., .F. ) 
 B_SPLINE_CURVE_WITH_KNOTS ( ( 3, 2, 2, 3 ),
 ( 0.000000000000000000, 0.01388888888888884128, 0.02777777777777779705, 0.04166666666666663660 ),
 .UNSPECIFIED. ) 
 CURVE ( )  GEOMETRIC_REPRESENTATION_ITEM ( )  RATIONAL_B_SPLINE_CURVE ( ( 1.000000000000000000, 0.8660254037844387076, 1.000000000000000000, 0.8660254037844387076, 1.000000000000000000, 0.8660254037844385966, 1.000000000000000000 ) ) 
 REPRESENTATION_ITEM ( '' )  );
#2273 = ADVANCED_FACE ( 'NONE', ( #89 ), #7641, .T. ) ;
#2275 = EDGE_CURVE ( 'NONE', #324, #1618, #5053, .T. ) ;
#2274 = CARTESIAN_POINT ( 'NONE',  ( -1.870113174931204576E-16, -1.527063293868296645, 0.04687500000000047184 ) ) ;
#2276 = CARTESIAN_POINT ( 'NONE',  ( 1.357050807568896511, -1.493282219466052154E-14, -5.124999999999997335 ) ) ;
#2277 = CARTESIAN_POINT ( 'NONE',  ( 0.8816504037844494768, 1.527063293868266225, -4.776041666666660745 ) ) ;
#2278 = CARTESIAN_POINT ( 'NONE',  ( -1.836970198721050149E-16, -1.500000000000031974, -0.9374999999999988898 ) ) ;
#2279 = ORIENTED_EDGE ( 'NONE', *, *, #2275, .T. ) ;
#2280 = CARTESIAN_POINT ( 'NONE',  ( -1.299038105676672439, -0.7500000000000226485, -5.020833333333332149 ) ) ;
#2281 = CARTESIAN_POINT ( 'NONE',  ( 1.017788105676671995, -0.5876202367904413970, -5.104166666666664298 ) ) ;
#2282 = ORIENTED_EDGE ( 'NONE', *, *, #4968, .T. ) ;
#2283 = CARTESIAN_POINT ( 'NONE',  ( -1.439254484199210086E-16, -1.175240473580867695, -0.1874999999999975575 ) ) ;
#2284 = CARTESIAN_POINT ( 'NONE',  ( 0.6785254037844478114, -1.175240473580868139, 4.291666666666668739 ) ) ;
#2285 = CARTESIAN_POINT ( 'NONE',  ( 0.000000000000000000, 1.175240473580837053, -0.4374999999999973355 ) ) ;
#2286 = ADVANCED_FACE ( 'NONE', ( #5767 ), #7729, .T. ) ;
#2287 = ADVANCED_FACE ( 'NONE', ( #7016 ), #7552, .T. ) ;
#2288 = CARTESIAN_POINT ( 'NONE',  ( 0.000000000000000000, -4.336808689942017736E-16, 6.437500000000000888 ) ) ;
#2289 = CARTESIAN_POINT ( 'NONE',  ( 1.517185018027121579, 0.2270432730400802346, 7.789916475889984149 ) ) ;
#2290 = CARTESIAN_POINT ( 'NONE',  ( 1.322475605676673771, 0.7635316469341244527, -1.817708333333328818 ) ) ;
#2291 = CARTESIAN_POINT ( 'NONE',  ( -0.6785254037844485886, -1.175240473580867029, -2.791666666666664298 ) ) ;
#2292 = AXIS2_PLACEMENT_3D ( 'NONE', #8130, #2317, #1805 ) ;
#2293 = CARTESIAN_POINT ( 'NONE',  ( 0.1804857909212452538, 1.398790209953753250, 5.356378127336855144 ) ) ;
#2294 = CARTESIAN_POINT ( 'NONE',  ( 1.357050807568896511, -1.474912517478841882E-14, -6.624999999999997335 ) ) ;
#2295 = VECTOR ( 'NONE', #3372, 1000.000000000000114 ) ;
#2296 = ORIENTED_EDGE ( 'NONE', *, *, #3028, .F. ) ;
#2297 = CARTESIAN_POINT ( 'NONE',  ( -1.038180288643459903, -0.2731436643961253630, 8.228532400733666208 ) ) ;
#2298 = CARTESIAN_POINT ( 'NONE',  ( 1.017788105676671995, -0.5876202367904427293, 5.833333333333335702 ) ) ;
#2299 = CARTESIAN_POINT ( 'NONE',  ( -0.6785254037844480335, 1.175240473580837719, -8.395833333333330373 ) ) ;
#2300 = CARTESIAN_POINT ( 'NONE',  ( 0.000000000000000000, 1.500000000000001776, -4.187499999999999112 ) ) ;
#2301 = ORIENTED_EDGE ( 'NONE', *, *, #4402, .F. ) ;
#2302 = CARTESIAN_POINT ( 'NONE',  ( 0.1528188066164908321, 1.523339158636662027, 7.406250000000000888 ) ) ;
#2303 = ORIENTED_EDGE ( 'NONE', *, *, #815, .T. ) ;
#2304 = CARTESIAN_POINT ( 'NONE',  ( 1.357050807568896511, -1.604265835638781355E-14, 3.937500000000001776 ) ) ;
#2305 = CARTESIAN_POINT ( 'NONE',  ( 1.299038105676671773, -0.7500000000000243139, 0.6458333333333343695 ) ) ;
#2306 = CARTESIAN_POINT ( 'NONE',  ( 1.017788105676671995, -0.5876202367904419521, -0.6041666666666642982 ) ) ;
#2307 = CARTESIAN_POINT ( 'NONE',  ( 3.080439819171277609E-15, -1.619999999999998330, 8.250000000000000000 ) ) ;
#2308 = CARTESIAN_POINT ( 'NONE',  ( -1.439254484199210086E-16, -1.175240473580867917, 4.812500000000002665 ) ) ;
#2309 = CARTESIAN_POINT ( 'NONE',  ( 0.8816504037844482555, -1.527063293868297755, 6.588541666666667851 ) ) ;
#2310 = CARTESIAN_POINT ( 'NONE',  ( -1.763300807568897621, -1.537732592231570285E-14, 1.421875000000000444 ) ) ;
#2311 = CARTESIAN_POINT ( 'NONE',  ( 0.6785254037844478114, -1.175240473580867029, -6.208333333333331261 ) ) ;
#2312 = CARTESIAN_POINT ( 'NONE',  ( 1.017788105676671995, -0.5876202367904409529, -8.104166666666664298 ) ) ;
#2313 = CARTESIAN_POINT ( 'NONE',  ( 0.9279710683664128545, 0.2990896682797070105, 8.265361283549927052 ) ) ;
#2314 = CARTESIAN_POINT ( 'NONE',  ( 0.000000000000000000, -7.438283133705603770E-16, 8.250000000000000000 ) ) ;
#2315 = CARTESIAN_POINT ( 'NONE',  ( 0.000000000000000000, 1.175240473580837497, -5.437499999999997335 ) ) ;
#2316 = VERTEX_POINT ( 'NONE', #3800 ) ;
#2317 = DIRECTION ( 'NONE',  ( -1.034226902831782680E-14, -0.9945218953682734009, 0.1045284632676535819 ) ) ;
#2318 = CARTESIAN_POINT ( 'NONE',  ( -1.017788105676672439, 0.5876202367904104218, 4.083333333333335702 ) ) ;
#2319 = CARTESIAN_POINT ( 'NONE',  ( -1.439254484199210086E-16, -1.175240473580867695, 2.812500000000002665 ) ) ;
#2320 = LINE ( 'NONE', #6191, #6868 ) ;
#2321 = FACE_OUTER_BOUND ( 'NONE', #7617, .T. ) ;
#2322 = CARTESIAN_POINT ( 'NONE',  ( 1.480580224213948082, 0.1863564937325004334, 7.402807629089148911 ) ) ;
#2323 = EDGE_CURVE ( 'NONE', #1602, #2958, #1340, .T. ) ;
#2325 = EDGE_CURVE ( 'NONE', #3229, #2953, #3020, .T. ) ;
#2324 = B_SPLINE_CURVE_WITH_KNOTS ( 'NONE', 3,
 ( #1360, #5980, #2227, #4595, #6591, #5315, #2186 ),
 .UNSPECIFIED., .F., .F.,
 ( 4, 3, 4 ),
 ( 8.711650476514994481E-19, 0.0002866647567030782950, 0.0005794830328004789075 ),
 .UNSPECIFIED. ) ;
#2326 = EDGE_CURVE ( 'NONE', #5325, #6087, #7830, .T. ) ;
#2327 = CARTESIAN_POINT ( 'NONE',  ( 1.322475605676672661, -0.7635316469341567602, 1.598958333333337700 ) ) ;
#2328 = CARTESIAN_POINT ( 'NONE',  ( 1.299038105676672883, 0.7499999999999917843, 1.666666666666670737 ) ) ;
#2329 = CARTESIAN_POINT ( 'NONE',  ( -0.6785254037844480335, 1.175240473580836387, 2.604166666666668739 ) ) ;
#2330 = CARTESIAN_POINT ( 'NONE',  ( 1.299038105676671773, -0.7500000000000243139, -0.4166666666666631325 ) ) ;
#2331 = CARTESIAN_POINT ( 'NONE',  ( -1.017788105676672439, -0.5876202367904408419, -2.833333333333330817 ) ) ;
#2332 = CARTESIAN_POINT ( 'NONE',  ( 0.8816504037844494768, 1.527063293868266225, -5.744791666666665186 ) ) ;
#2333 = ORIENTED_EDGE ( 'NONE', *, *, #720, .T. ) ;
#2334 = CARTESIAN_POINT ( 'NONE',  ( -1.357050807568896511, -1.591693591819000854E-14, 5.625000000000001776 ) ) ;
#2335 = CARTESIAN_POINT ( 'NONE',  ( -1.017788105676672439, -0.5876202367904406199, -5.270833333333330373 ) ) ;
#2336 = CARTESIAN_POINT ( 'NONE',  ( -0.2066060943415679030, 1.498883479085575177, 7.595469709336405195 ) ) ;
#2337 = ORIENTED_EDGE ( 'NONE', *, *, #6848, .F. ) ;
#2338 = CARTESIAN_POINT ( 'NONE',  ( 0.1867183014945853203, 1.480908766186231018, 7.406250000000000888 ) ) ;
#2339 = ORIENTED_EDGE ( 'NONE', *, *, #5916, .F. ) ;
#2340 = CARTESIAN_POINT ( 'NONE',  ( 0.000000000000000000, 1.175240473580836387, 4.562500000000002665 ) ) ;
#2341 = CARTESIAN_POINT ( 'NONE',  ( -1.458056511371438488E-16, -0.2069258640381761993, 3.660975943842972313 ) ) ;
#2342 = CARTESIAN_POINT ( 'NONE',  ( 0.8660254037844438146, -1.500000000000039302, -2.895833333333332593 ) ) ;
#2343 = CARTESIAN_POINT ( 'NONE',  ( 1.017788105676671995, -0.5876202367904425072, 3.895833333333335258 ) ) ;
#2344 = CARTESIAN_POINT ( 'NONE',  ( -1.322475605676673105, -0.7635316469341563161, 5.463541666666666963 ) ) ;
#2345 = DIRECTION ( 'NONE',  ( -0.000000000000000000, -1.224646799147353207E-16, 1.000000000000000000 ) ) ;
#2346 = CARTESIAN_POINT ( 'NONE',  ( 0.6785254037844490327, 1.175240473580837053, -5.041666666666663410 ) ) ;
#2347 = CLOSED_SHELL ( 'NONE', ( #5063, #3446, #6749, #870, #1629, #4867, #4618, #4778, #3949, #2286, #2287, #6660, #364, #5175, #423, #5390, #4668, #2422, #3637, #4762, #31, #5123, #4460, #2273, #4958, #2012, #1574, #7065, #368, #68, #6395, #2250, #4667, #4913, #2369, #7614, #6996, #1472, #7051, #970, #2791, #508, #7000, #5286, #5737, #7409, #4357, #7214, #7259, #5434, #3343, #5889, #1391, #3069, #109, #7389, #7877, #824, #2677, #5584, #7367, #5285, #6140, #8164, #4077, #4403, #7772, #7613, #7462, #2934, #5689, #2933, #4940, #5832, #6702, #7784, #659, #1622, #1915, #3380, #4213, #3286, #5840, #4617, #4050, #6052, #3447, #6999, #1672, #6291, #1255, #4401, #4930, #2074, #5281, #6802, #1366, #567, #3182, #5888, #5939, #6670, #1494, #6337, #5435, #5124, #6188, #4160, #8028, #6847, #3536, #5626, #2238, #3732, #469, #6002, #111, #4774, #4005, #6338, #7675, #2986, #2025, #931, #1252 ) ) ;
#2348 = CARTESIAN_POINT ( 'NONE',  ( 0.8816504037844482555, -1.527063293868296645, -3.442708333333329040 ) ) ;
#2349 = CARTESIAN_POINT ( 'NONE',  ( -1.522273161123901541, 0.1575495245399367861, 7.406250000000000888 ) ) ;
#2350 = CIRCLE ( 'NONE', #385, 4.608510497053427635 ) ;
#2351 = DIRECTION ( 'NONE',  ( -0.000000000000000000, -1.224646799147353207E-16, 1.000000000000000000 ) ) ;
#2352 = CARTESIAN_POINT ( 'NONE',  ( 1.017788105676672883, 0.5876202367904105328, -5.020833333333330373 ) ) ;
#2353 = CARTESIAN_POINT ( 'NONE',  ( 0.6785254037844490327, 1.175240473580836387, -2.041666666666664298 ) ) ;
#2354 = ORIENTED_EDGE ( 'NONE', *, *, #7978, .F. ) ;
#2355 = DIRECTION ( 'NONE',  ( -0.1045058763748857034, -0.02078751127481458932, -0.9943069954385901354 ) ) ;
#2356 = CARTESIAN_POINT ( 'NONE',  ( -1.017788105676672439, -0.5876202367904418411, 5.166666666666668739 ) ) ;
#2357 = VECTOR ( 'NONE', #1258, 1000.000000000000000 ) ;
#2358 = CARTESIAN_POINT ( 'NONE',  ( 0.6785254037844490327, 1.175240473580836165, 1.520833333333336146 ) ) ;
#2359 = VECTOR ( 'NONE', #4100, 999.9999999999998863 ) ;
#2360 = CARTESIAN_POINT ( 'NONE',  ( -1.378746418373773652, 0.3061282878753480707, -8.028214637467348425 ) ) ;
#2361 = DIRECTION ( 'NONE',  ( 0.000000000000000000, -0.7071067811865436870, 0.7071067811865513475 ) ) ;
#2362 = CARTESIAN_POINT ( 'NONE',  ( -1.732050807568896511, -1.518980188119627018E-14, -0.1249999999999964473 ) ) ;
#2363 = AXIS2_PLACEMENT_3D ( 'NONE', #2954, #1092, #4797 ) ;
#2364 = AXIS2_PLACEMENT_3D ( 'NONE', #7118, #1336, #6407 ) ;
#2365 = CARTESIAN_POINT ( 'NONE',  ( -1.322475605676673105, 0.7635316469341253409, 1.348958333333337478 ) ) ;
#2366 = CARTESIAN_POINT ( 'NONE',  ( 0.8660254037844499209, 1.499999999999999778, -3.291666666666664298 ) ) ;
#2367 = CARTESIAN_POINT ( 'NONE',  ( -1.017788105676672439, -0.5876202367904410639, -1.333333333333330817 ) ) ;
#2368 = CARTESIAN_POINT ( 'NONE',  ( 1.017788105676671995, -0.5876202367904415080, -4.166666666666664298 ) ) ;
#2369 = ADVANCED_FACE ( 'NONE', ( #4384 ), #4101, .T. ) ;
#2370 = CARTESIAN_POINT ( 'NONE',  ( -1.544577949440510301, -0.2457639344235014456, 7.976637958131969519 ) ) ;
#2371 = CARTESIAN_POINT ( 'NONE',  ( 0.000000000000000000, 1.527063293868266225, -3.203124999999999556 ) ) ;
#2372 = EDGE_LOOP ( 'NONE', ( #4593, #333, #69, #7633 ) ) ;
#2373 = CARTESIAN_POINT ( 'NONE',  ( 0.000000000000000000, 1.500000000000001332, -1.749999999999996447 ) ) ;
#2374 = CARTESIAN_POINT ( 'NONE',  ( 0.6785254037844490327, 1.175240473580835721, 5.958333333333335702 ) ) ;
#2375 = CARTESIAN_POINT ( 'NONE',  ( -1.439254484199210086E-16, -1.175240473580867029, -4.687499999999997335 ) ) ;
#2376 = CARTESIAN_POINT ( 'NONE',  ( -1.299038105676672439, -0.7500000000000229816, -3.520833333333332149 ) ) ;
#2377 = EDGE_CURVE ( 'NONE', #4733, #6666, #7879, .T. ) ;
#2378 = VERTEX_POINT ( 'NONE', #835 ) ;
#2379 = CARTESIAN_POINT ( 'NONE',  ( -2.975449079778098625E-11, 1.333913811434463303, 5.154110094324621194 ) ) ;
#2380 = ORIENTED_EDGE ( 'NONE', *, *, #7832, .F. ) ;
#2381 = CARTESIAN_POINT ( 'NONE',  ( 1.017788105676672883, 0.5876202367904093116, 5.479166666666668739 ) ) ;
#2382 = CARTESIAN_POINT ( 'NONE',  ( -1.299038105676672217, 0.7499999999999928946, 1.895833333333334370 ) ) ;
#2383 = CARTESIAN_POINT ( 'NONE',  ( -1.940544093403480646E-16, -0.2754000000000039750, 8.250000000000000000 ) ) ;
#2384 = CARTESIAN_POINT ( 'NONE',  ( -0.6785254037844480335, 1.175240473580836165, 4.604166666666668739 ) ) ;
#2385 = CARTESIAN_POINT ( 'NONE',  ( -1.732050807568896511, -1.489129422390409852E-14, -2.562499999999998668 ) ) ;
#2386 = CARTESIAN_POINT ( 'NONE',  ( -1.299038105676672217, 0.7499999999999937828, -4.666666666666662522 ) ) ;
#2387 = CARTESIAN_POINT ( 'NONE',  ( -0.6785254037844480335, 1.175240473580837275, -5.458333333333331261 ) ) ;
#2388 = CARTESIAN_POINT ( 'NONE',  ( -1.357050807568896511, -1.421008444187838426E-14, -8.312499999999996447 ) ) ;
#2389 = CARTESIAN_POINT ( 'NONE',  ( -1.392545621357345054, 0.04444031337746151555, 5.309005627198891020 ) ) ;
#2390 = B_SPLINE_CURVE_WITH_KNOTS ( 'NONE', 3,
 ( #5251, #5748, #5297, #730, #7081, #5209, #7748, #3455, #3492, #1707, #3408, #6699, #6661, #7956, #3570, #1630, #4794, #4241, #2872, #5460, #359, #2293, #7331, #4831 ),
 .UNSPECIFIED., .F., .F.,
 ( 4, 2, 2, 2, 2, 2, 2, 2, 2, 2, 2, 4 ),
 ( 0.008374421969931426790, 0.008912355263061090549, 0.009181321909625922428, 0.009450288556190754308, 0.009988221849320418066, 0.01052615514245008356, 0.01079512178901491544, 0.01106408843557974732, 0.01160202172870941108, 0.01213995502183907657, 0.01240892166840390845, 0.01267788831496874033 ),
 .UNSPECIFIED. ) ;
#2391 = CARTESIAN_POINT ( 'NONE',  ( 1.322475605676673771, 0.7635316469341238976, 3.182291666666670960 ) ) ;
#2392 = CARTESIAN_POINT ( 'NONE',  ( -1.439254484199210086E-16, -1.175240473580867029, -4.187499999999997335 ) ) ;
#2393 = CARTESIAN_POINT ( 'NONE',  ( -0.6785254037844485886, -1.175240473580867473, -0.2916666666666640761 ) ) ;
#2394 = VERTEX_POINT ( 'NONE', #215 ) ;
#2395 = CARTESIAN_POINT ( 'NONE',  ( -1.836970198721050149E-16, -1.500000000000031974, 1.500000000000003553 ) ) ;
#2396 = CARTESIAN_POINT ( 'NONE',  ( -0.6785254037844480335, 1.175240473580835721, 7.541666666666669627 ) ) ;
#2397 =( BOUNDED_CURVE ( )  B_SPLINE_CURVE ( 2, ( #6067, #384, #4148, #261, #7189, #5445, #4814 ),
 .UNSPECIFIED., .F., .F. ) 
 B_SPLINE_CURVE_WITH_KNOTS ( ( 3, 2, 2, 3 ),
 ( 0.1250000000000000000, 0.1388888888888888673, 0.1527777777777777346, 0.1666666666666665741 ),
 .UNSPECIFIED. ) 
 CURVE ( )  GEOMETRIC_REPRESENTATION_ITEM ( )  RATIONAL_B_SPLINE_CURVE ( ( 1.000000000000000000, 0.8660254037844387076, 1.000000000000000000, 0.8660254037844387076, 1.000000000000000000, 0.8660254037844394848, 0.9999999999999992228 ) ) 
 REPRESENTATION_ITEM ( '' )  );
#2398 = CARTESIAN_POINT ( 'NONE',  ( 1.017788105676672883, 0.5876202367904097557, 1.479166666666669405 ) ) ;
#2399 = CARTESIAN_POINT ( 'NONE',  ( 1.357050807568896511, -1.572884261410629685E-14, 1.375000000000001998 ) ) ;
#2400 = CARTESIAN_POINT ( 'NONE',  ( -0.2470292989821756269, -1.534691860997136947, 7.980070810694635419 ) ) ;
#2401 = CARTESIAN_POINT ( 'NONE',  ( 0.000000000000000000, -7.438283133705603770E-16, 8.250000000000000000 ) ) ;
#2402 = CARTESIAN_POINT ( 'NONE',  ( 1.732050807568896511, -1.509355708704861300E-14, -4.374999999999996447 ) ) ;
#2403 = CARTESIAN_POINT ( 'NONE',  ( -1.322475605676673105, 0.7635316469341252299, 2.348958333333337478 ) ) ;
#2404 = CARTESIAN_POINT ( 'NONE',  ( 0.8660254037844489217, 1.500000000000000222, 1.708333333333337034 ) ) ;
#2405 = CARTESIAN_POINT ( 'NONE',  ( -1.439254484199210086E-16, -1.175240473580867473, -0.7499999999999976685 ) ) ;
#2406 = CARTESIAN_POINT ( 'NONE',  ( -1.499053592390402256, 0.2066980850601392583, 7.596344942559026592 ) ) ;
#2407 = CARTESIAN_POINT ( 'NONE',  ( -0.8660254037844448138, -1.500000000000038414, -0.5416666666666624108 ) ) ;
#2408 = DIRECTION ( 'NONE',  ( 0.000000000000000000, -2.449293598294706414E-16, 1.000000000000000000 ) ) ;
#2409 = CARTESIAN_POINT ( 'NONE',  ( -0.8816504037844485886, 1.527063293868266447, -3.661458333333332593 ) ) ;
#2410 = ORIENTED_EDGE ( 'NONE', *, *, #7723, .F. ) ;
#2411 = CARTESIAN_POINT ( 'NONE',  ( 0.8660254037844452579, 1.500000000000007772, -1.791666666666662744 ) ) ;
#2412 = CARTESIAN_POINT ( 'NONE',  ( -0.6785254037844480335, 1.175240473580837497, -6.395833333333329485 ) ) ;
#2413 = DIRECTION ( 'NONE',  ( -0.1045058763748857172, -0.02078751127481484953, 0.9943069954385902465 ) ) ;
#2414 = AXIS2_PLACEMENT_3D ( 'NONE', #3927, #212, #2723 ) ;
#2415 = ORIENTED_EDGE ( 'NONE', *, *, #3639, .T. ) ;
#2416 = CARTESIAN_POINT ( 'NONE',  ( 0.6450006328158917057, -1.070485961033730948, 4.892397919257437167 ) ) ;
#2417 = ORIENTED_EDGE ( 'NONE', *, *, #3236, .F. ) ;
#2418 = EDGE_CURVE ( 'NONE', #6910, #3632, #7768, .T. ) ;
#2419 = CARTESIAN_POINT ( 'NONE',  ( -1.017788105676672439, 0.5876202367904103108, 5.645833333333335702 ) ) ;
#2420 = EDGE_CURVE ( 'NONE', #6952, #1790, #6610, .T. ) ;
#2421 = LINE ( 'NONE', #7499, #5481 ) ;
#2422 = ADVANCED_FACE ( 'NONE', ( #3347 ), #5270, .T. ) ;
#2423 = CARTESIAN_POINT ( 'NONE',  ( 0.000000000000000000, -6.170566814974449765E-16, 7.214831068342490994 ) ) ;
#2424 = CARTESIAN_POINT ( 'NONE',  ( 1.017788105676672883, 0.5876202367904095336, 3.479166666666669183 ) ) ;
#2425 = LINE ( 'NONE', #4336, #5302 ) ;
#2426 = CARTESIAN_POINT ( 'NONE',  ( 1.017788105676672883, 0.5876202367904105328, -5.083333333333330373 ) ) ;
#2427 = CARTESIAN_POINT ( 'NONE',  ( -1.870113174931204576E-16, -1.527063293868296201, -2.984374999999995559 ) ) ;
#2428 = CARTESIAN_POINT ( 'NONE',  ( -1.322475605676673105, 0.7635316469341251189, 3.348958333333337478 ) ) ;
#2429 = CARTESIAN_POINT ( 'NONE',  ( 0.6785254037844478114, -1.175240473580867473, -3.145833333333330373 ) ) ;
#2430 = CARTESIAN_POINT ( 'NONE',  ( 0.6785254037844490327, 1.175240473580836387, -0.5416666666666642982 ) ) ;
#2431 = ORIENTED_EDGE ( 'NONE', *, *, #3179, .T. ) ;
#2432 = CARTESIAN_POINT ( 'NONE',  ( 1.485788006136500528, -0.1867183014945914266, 7.406250000000000888 ) ) ;
#2433 = CARTESIAN_POINT ( 'NONE',  ( -1.017788105676672439, -0.5876202367904420631, 6.666666666666668739 ) ) ;
#2434 = CARTESIAN_POINT ( 'NONE',  ( 1.017788105676672883, 0.5876202367904098667, 0.9791666666666689611 ) ) ;
#2435 = CARTESIAN_POINT ( 'NONE',  ( 0.000000000000000000, 1.175240473580836831, 2.602085213965210642E-15 ) ) ;
#2436 = CARTESIAN_POINT ( 'NONE',  ( -0.1858257135577134345, 1.338372812721270844, -8.089488776460914465 ) ) ;
#2437 = B_SPLINE_CURVE_WITH_KNOTS ( 'NONE', 3,
 ( #1921, #8199, #2501, #3660, #4373, #5041, #6213 ),
 .UNSPECIFIED., .F., .F.,
 ( 4, 3, 4 ),
 ( 0.000000000000000000, 0.0002867374893067652607, 0.0005665053673957193411 ),
 .UNSPECIFIED. ) ;
#2438 = LINE ( 'NONE', #6931, #8196 ) ;
#2439 = CARTESIAN_POINT ( 'NONE',  ( -1.732050807568896511, -1.568731464334988014E-14, 3.937500000000000888 ) ) ;
#2440 = PERSON_AND_ORGANIZATION ( #5956, #3810 ) ;
#2441 = EDGE_LOOP ( 'NONE', ( #1442, #5132, #4993, #1180 ) ) ;
#2442 =( BOUNDED_CURVE ( )  B_SPLINE_CURVE ( 2, ( #5615, #5913, #6409, #726, #5867, #7159, #852 ),
 .UNSPECIFIED., .F., .F. ) 
 B_SPLINE_CURVE_WITH_KNOTS ( ( 3, 2, 2, 3 ),
 ( 0.4166666666666665741, 0.4305555555555555247, 0.4444444444444443643, 0.4583333333333333148 ),
 .UNSPECIFIED. ) 
 CURVE ( )  GEOMETRIC_REPRESENTATION_ITEM ( )  RATIONAL_B_SPLINE_CURVE ( ( 1.000000000000001110, 0.8660254037844375974, 1.000000000000000000, 0.8660254037844387076, 1.000000000000000000, 0.8660254037844387076, 1.000000000000000000 ) ) 
 REPRESENTATION_ITEM ( '' )  );
#2443 = CARTESIAN_POINT ( 'NONE',  ( -1.870113174931204576E-16, -1.527063293868296645, 1.015625000000004441 ) ) ;
#2444 = CARTESIAN_POINT ( 'NONE',  ( -0.6785254037844480335, 1.175240473580836387, 1.541666666666669405 ) ) ;
#2445 = DIRECTION ( 'NONE',  ( -0.000000000000000000, -1.224646799147353207E-16, 1.000000000000000000 ) ) ;
#2446 = CARTESIAN_POINT ( 'NONE',  ( 0.000000000000000000, 1.175240473580837275, -2.999999999999997335 ) ) ;
#2447 = CARTESIAN_POINT ( 'NONE',  ( 0.000000000000000000, 1.500000000000001998, -6.249999999999996447 ) ) ;
#2448 = CARTESIAN_POINT ( 'NONE',  ( 0.8816504037844482555, -1.527063293868296645, -3.911458333333332593 ) ) ;
#2449 = VERTEX_POINT ( 'NONE', #4017 ) ;
#2450 = CARTESIAN_POINT ( 'NONE',  ( 0.6785254037844490327, 1.175240473580836387, -0.9791666666666641872 ) ) ;
#2451 = DIRECTION ( 'NONE',  ( 0.000000000000000000, -1.000000000000000000, 0.000000000000000000 ) ) ;
#2452 = CARTESIAN_POINT ( 'NONE',  ( 1.357050807568896511, -1.481801155724045892E-14, -6.062499999999996447 ) ) ;
#2453 = CARTESIAN_POINT ( 'NONE',  ( -0.2438702740433574823, 1.549187076721470602, 7.975097646223971992 ) ) ;
#2454 = ORIENTED_EDGE ( 'NONE', *, *, #4006, .F. ) ;
#2455 = CARTESIAN_POINT ( 'NONE',  ( 1.209057454452285629, 0.4572300886301745027, 5.033262397014622636 ) ) ;
#2456 = ORIENTED_EDGE ( 'NONE', *, *, #2844, .T. ) ;
#2457 = CARTESIAN_POINT ( 'NONE',  ( -0.6785254037844485886, -1.175240473580868139, 7.270833333333335702 ) ) ;
#2458 = CARTESIAN_POINT ( 'NONE',  ( -1.299038105676672217, 0.7499999999999937828, -5.166666666666662522 ) ) ;
#2459 = CARTESIAN_POINT ( 'NONE',  ( -0.6785254037844485886, -1.175240473580868139, 7.270833333333335702 ) ) ;
#2460 = CARTESIAN_POINT ( 'NONE',  ( -1.836970198721050149E-16, -1.500000000000030864, -7.499999999999996447 ) ) ;
#2461 = CARTESIAN_POINT ( 'NONE',  ( -0.8816504037844491437, -1.527063293868295091, -7.994791666666665186 ) ) ;
#2462 = EDGE_CURVE ( 'NONE', #8040, #2659, #4141, .T. ) ;
#2463 = EDGE_CURVE ( 'NONE', #7126, #5547, #2189, .T. ) ;
#2464 = CARTESIAN_POINT ( 'NONE',  ( 0.000000000000000000, 1.527063293868266225, -3.234374999999995115 ) ) ;
#2465 = CARTESIAN_POINT ( 'NONE',  ( 0.1867183014945819897, -1.480908766186233017, 7.406250000000000888 ) ) ;
#2466 = CARTESIAN_POINT ( 'NONE',  ( 0.000000000000000000, 1.527063293868265337, 5.265625000000004441 ) ) ;
#2467 = DIRECTION ( 'NONE',  ( -1.776356839400250465E-15, -1.000000000000000000, 0.000000000000000000 ) ) ;
#2468 = CARTESIAN_POINT ( 'NONE',  ( 0.6785254037844478114, -1.175240473580867695, -1.208333333333330817 ) ) ;
#2469 = ORIENTED_EDGE ( 'NONE', *, *, #1857, .F. ) ;
#2470 = CARTESIAN_POINT ( 'NONE',  ( 0.6785254037844490327, 1.175240473580835943, 2.520833333333335702 ) ) ;
#2471 = CARTESIAN_POINT ( 'NONE',  ( -0.6785254037844480335, 1.175240473580837719, -6.958333333333331261 ) ) ;
#2472 = CARTESIAN_POINT ( 'NONE',  ( 0.000000000000000000, 1.175240473580835943, 7.000000000000001776 ) ) ;
#2473 = CARTESIAN_POINT ( 'NONE',  ( -1.017788105676672439, -0.5876202367904415080, 2.729166666666668739 ) ) ;
#2474 = CARTESIAN_POINT ( 'NONE',  ( 0.6785254037844478114, -1.175240473580867695, -0.2083333333333307613 ) ) ;
#2475 = AXIS2_PLACEMENT_3D ( 'NONE', #7829, #4532, #1950 ) ;
#2476 = CARTESIAN_POINT ( 'NONE',  ( 1.520380694806616528, 0.1615340143260620698, 7.406250000000000888 ) ) ;
#2477 =( BOUNDED_CURVE ( )  B_SPLINE_CURVE ( 2, ( #4398, #6447, #100, #807, #2700, #5158, #1993 ),
 .UNSPECIFIED., .F., .F. ) 
 B_SPLINE_CURVE_WITH_KNOTS ( ( 3, 2, 2, 3 ),
 ( 0.4583333333333332593, 0.4722222222222221544, 0.4861111111111111049, 0.5000000000000000000 ),
 .UNSPECIFIED. ) 
 CURVE ( )  GEOMETRIC_REPRESENTATION_ITEM ( )  RATIONAL_B_SPLINE_CURVE ( ( 1.000000000000001110, 0.8660254037844375974, 1.000000000000000000, 0.8660254037844387076, 1.000000000000000000, 0.8660254037844387076, 1.000000000000000000 ) ) 
 REPRESENTATION_ITEM ( '' )  );
#2478 = EDGE_CURVE ( 'NONE', #7699, #2055, #2977, .T. ) ;
#2479 = FACE_OUTER_BOUND ( 'NONE', #907, .T. ) ;
#2480 = CARTESIAN_POINT ( 'NONE',  ( 0.000000000000000000, 1.276838905222572624E-15, -8.250000000000000000 ) ) ;
#2481 = DATE_TIME_ROLE ( 'creation_date' ) ;
#2482 = CARTESIAN_POINT ( 'NONE',  ( 0.8660254037844499209, 1.499999999999998890, 2.708333333333337922 ) ) ;
#2483 = CARTESIAN_POINT ( 'NONE',  ( -0.8816504037844491437, -1.527063293868296423, 2.473958333333337922 ) ) ;
#2484 = CARTESIAN_POINT ( 'NONE',  ( -1.357050807568896511, -1.542707719853106479E-14, 1.625000000000002220 ) ) ;
#2485 = CARTESIAN_POINT ( 'NONE',  ( -1.836970198721050395E-16, -1.500000000000031752, -2.937499999999998668 ) ) ;
#2486 = CARTESIAN_POINT ( 'NONE',  ( 1.017788105676672883, 0.5876202367904103108, -3.083333333333330373 ) ) ;
#2487 = CARTESIAN_POINT ( 'NONE',  ( -1.836970198721050395E-16, -1.500000000000031308, -7.437499999999998224 ) ) ;
#2488 = CARTESIAN_POINT ( 'NONE',  ( -0.8816504037844491437, -1.527063293868295757, -4.494791666666666075 ) ) ;
#2489 =( BOUNDED_CURVE ( )  B_SPLINE_CURVE ( 2, ( #5691, #4353, #7402, #2439, #5647, #1741, #6932 ),
 .UNSPECIFIED., .F., .F. ) 
 B_SPLINE_CURVE_WITH_KNOTS ( ( 3, 2, 2, 3 ),
 ( 0.2499999999999999167, 0.2638888888888888395, 0.2777777777777777901, 0.2916666666666666852 ),
 .UNSPECIFIED. ) 
 CURVE ( )  GEOMETRIC_REPRESENTATION_ITEM ( )  RATIONAL_B_SPLINE_CURVE ( ( 1.000000000000000888, 0.8660254037844379305, 1.000000000000000000, 0.8660254037844387076, 1.000000000000000000, 0.8660254037844387076, 1.000000000000000000 ) ) 
 REPRESENTATION_ITEM ( '' )  );
#2490 = CARTESIAN_POINT ( 'NONE',  ( 0.6785254037844490327, 1.175240473580837053, -4.541666666666664298 ) ) ;
#2491 = ORIENTED_EDGE ( 'NONE', *, *, #6542, .T. ) ;
#2492 = CARTESIAN_POINT ( 'NONE',  ( -1.357050807568896511, -1.506733720128153187E-14, -1.312499999999997335 ) ) ;
#2493 = VECTOR ( 'NONE', #3825, 1000.000000000000000 ) ;
#2494 = CARTESIAN_POINT ( 'NONE',  ( -0.9254976877526265300, 0.2866551442409827066, 8.147054690030637758 ) ) ;
#2495 = CARTESIAN_POINT ( 'NONE',  ( 1.017788105676672883, 0.5876202367904106438, -5.520833333333330373 ) ) ;
#2496 = DIRECTION ( 'NONE',  ( 0.000000000000000000, 0.000000000000000000, 1.000000000000000000 ) ) ;
#2497 = ORIENTED_EDGE ( 'NONE', *, *, #2073, .F. ) ;
#2498 = CARTESIAN_POINT ( 'NONE',  ( 0.000000000000000000, -1.500000000000001554, 8.250000000000000000 ) ) ;
#2499 = ORIENTED_EDGE ( 'NONE', *, *, #1264, .T. ) ;
#2500 = CARTESIAN_POINT ( 'NONE',  ( 1.017788105676671995, -0.5876202367904426183, 5.395833333333335702 ) ) ;
#2501 = CARTESIAN_POINT ( 'NONE',  ( 0.1678132330522514870, 1.542129073831889574, 7.595469040531506622 ) ) ;
#2502 = CARTESIAN_POINT ( 'NONE',  ( 1.017788105676671995, -0.5876202367904428403, 6.895833333333335702 ) ) ;
#2503 = DIRECTION ( 'NONE',  ( -0.3826834323650949443, -0.9238795325112846291, 0.000000000000000000 ) ) ;
#2504 = CARTESIAN_POINT ( 'NONE',  ( -1.017788105676672439, 0.5876202367904111989, -2.916666666666663854 ) ) ;
#2505 = ORIENTED_EDGE ( 'NONE', *, *, #4723, .T. ) ;
#2506 = CARTESIAN_POINT ( 'NONE',  ( -1.017788105676672439, -0.5876202367904406199, -5.270833333333330373 ) ) ;
#2507 = CARTESIAN_POINT ( 'NONE',  ( 0.2752655480402882437, -1.173142623209637359, -8.243441102487356176 ) ) ;
#2508 = VERTEX_POINT ( 'NONE', #2853 ) ;
#2509 = CARTESIAN_POINT ( 'NONE',  ( -1.870113174931204576E-16, -1.527063293868297311, 5.515625000000004441 ) ) ;
#2510 = DIRECTION ( 'NONE',  ( 0.000000000000000000, -1.000000000000000000, 0.000000000000000000 ) ) ;
#2511 = CARTESIAN_POINT ( 'NONE',  ( -1.017788105676672439, 0.5876202367904108659, -0.4166666666666641317 ) ) ;
#2512 = VERTEX_POINT ( 'NONE', #253 ) ;
#2513 = DIRECTION ( 'NONE',  ( -0.000000000000000000, -1.224646799147353207E-16, 1.000000000000000000 ) ) ;
#2514 = CARTESIAN_POINT ( 'NONE',  ( -1.357050807568896067, -1.450859209917055118E-14, -5.874999999999997335 ) ) ;
#2515 = CARTESIAN_POINT ( 'NONE',  ( 0.6785254037844490327, 1.175240473580835721, 8.458333333333335702 ) ) ;
#2516 = EDGE_CURVE ( 'NONE', #6964, #1595, #4768, .T. ) ;
#2517 = CARTESIAN_POINT ( 'NONE',  ( 0.2096185566943387091, 1.578130571963835660, 7.983514249959532627 ) ) ;
#2518 = CARTESIAN_POINT ( 'NONE',  ( 1.017788105676671995, -0.5876202367904421742, 1.333333333333335702 ) ) ;
#2519 = CARTESIAN_POINT ( 'NONE',  ( 0.000000000000000000, 1.500000000000000888, 5.250000000000004441 ) ) ;
#2520 = DIRECTION ( 'NONE',  ( -0.000000000000000000, -1.224646799147353207E-16, 1.000000000000000000 ) ) ;
#2521 = CARTESIAN_POINT ( 'NONE',  ( -1.732050807568896511, -1.531226656111100217E-14, 0.8750000000000033307 ) ) ;
#2522 = COORDINATED_UNIVERSAL_TIME_OFFSET ( 6, 0, .BEHIND. ) ;
#2523 = CARTESIAN_POINT ( 'NONE',  ( 1.534691860997134727, -0.2470292989821820662, 7.980070810694635419 ) ) ;
#2524 = CARTESIAN_POINT ( 'NONE',  ( 0.000000000000000000, 1.175240473580837275, -2.437499999999997335 ) ) ;
#2525 = EDGE_CURVE ( 'NONE', #349, #7921, #7294, .T. ) ;
#2526 = CARTESIAN_POINT ( 'NONE',  ( 1.017788105676672883, 0.5876202367904099777, -0.08333333333333109438 ) ) ;
#2527 = EDGE_CURVE ( 'NONE', #5607, #7982, #6517, .T. ) ;
#2528 = CARTESIAN_POINT ( 'NONE',  ( -1.439254484199210086E-16, -1.175240473580868361, 7.750000000000001776 ) ) ;
#2529 = DIRECTION ( 'NONE',  ( 1.000000000000000000, 0.000000000000000000, 0.000000000000000000 ) ) ;
#2530 =( BOUNDED_CURVE ( )  B_SPLINE_CURVE ( 2, ( #2966, #1585, #3449, #2742, #7156, #492, #1541 ),
 .UNSPECIFIED., .F., .F. ) 
 B_SPLINE_CURVE_WITH_KNOTS ( ( 3, 2, 2, 3 ),
 ( 0.4583333333333333148, 0.4722222222222222099, 0.4861111111111111049, 0.5000000000000000000 ),
 .UNSPECIFIED. ) 
 CURVE ( )  GEOMETRIC_REPRESENTATION_ITEM ( )  RATIONAL_B_SPLINE_CURVE ( ( 1.000000000000000000, 0.8660254037844387076, 1.000000000000000000, 0.8660254037844387076, 1.000000000000000000, 0.8660254037844387076, 1.000000000000000000 ) ) 
 REPRESENTATION_ITEM ( '' )  );
#2531 = CARTESIAN_POINT ( 'NONE',  ( 3.080439819171277609E-15, -1.039822679593414693E-15, 8.250000000000000000 ) ) ;
#2532 = CARTESIAN_POINT ( 'NONE',  ( -0.8816504037844485886, 1.527063293868266447, -3.161458333333333037 ) ) ;
#2533 = CARTESIAN_POINT ( 'NONE',  ( -0.6785254037844485886, -1.175240473580866807, -4.791666666666663410 ) ) ;
#2534 = ORIENTED_EDGE ( 'NONE', *, *, #5017, .T. ) ;
#2535 = CARTESIAN_POINT ( 'NONE',  ( 0.000000000000000000, 1.175240473580837053, -0.4374999999999973355 ) ) ;
#2536 = LOCAL_TIME ( 3, 17, 21.00000000000000000, #2916 ) ;
#2537 = PLANE ( 'NONE',  #1173 ) ;
#2538 = CARTESIAN_POINT ( 'NONE',  ( 1.017788105676672883, 0.5876202367904103108, -3.520833333333330817 ) ) ;
#2539 = CARTESIAN_POINT ( 'NONE',  ( 0.2219105846160805418, 1.572391632816121154, 7.967918235608002497 ) ) ;
#2540 = ORIENTED_EDGE ( 'NONE', *, *, #8151, .T. ) ;
#2541 = CARTESIAN_POINT ( 'NONE',  ( 0.1867183014945841268, -0.9827792013656201364, 7.406250000000000888 ) ) ;
#2542 = ORIENTED_EDGE ( 'NONE', *, *, #2597, .F. ) ;
#2543 = CARTESIAN_POINT ( 'NONE',  ( 1.017788105676672883, 0.5876202367904092005, 6.479166666666668739 ) ) ;
#2544 = CARTESIAN_POINT ( 'NONE',  ( -0.8660254037844440367, 1.500000000000007550, 4.291666666666671404 ) ) ;
#2545 = CARTESIAN_POINT ( 'NONE',  ( 1.357050807568896511, -1.634882005617464827E-14, 6.437500000000002665 ) ) ;
#2546 = CARTESIAN_POINT ( 'NONE',  ( 1.763300807568897621, -1.657461430976744041E-14, 7.671875000000000000 ) ) ;
#2547 = AXIS2_PLACEMENT_3D ( 'NONE', #664, #5095, #6297 ) ;
#2548 = CARTESIAN_POINT ( 'NONE',  ( 0.6785254037844490327, 1.175240473580836831, -4.041666666666664298 ) ) ;
#2549 = ORIENTED_EDGE ( 'NONE', *, *, #1165, .T. ) ;
#2550 = CARTESIAN_POINT ( 'NONE',  ( -0.6785254037844480335, 1.175240473580837497, -7.395833333333330373 ) ) ;
#2551 = CARTESIAN_POINT ( 'NONE',  ( 0.1133358032388503550, -1.182079204496978342, -8.250000000000000000 ) ) ;
#2553 = VERTEX_POINT ( 'NONE', #5358 ) ;
#2552 = VECTOR ( 'NONE', #1679, 1000.000000000000000 ) ;
#2554 = CARTESIAN_POINT ( 'NONE',  ( 1.763300807568897621, -1.614216090881853113E-14, 4.140625000000003553 ) ) ;
#2555 = FACE_OUTER_BOUND ( 'NONE', #1976, .T. ) ;
#2556 = CARTESIAN_POINT ( 'NONE',  ( -0.6785254037844485886, -1.175240473580867473, 0.2083333333333360071 ) ) ;
#2557 = CARTESIAN_POINT ( 'NONE',  ( 1.578130571919394542, -0.2096185566421815138, 7.983514249475047286 ) ) ;
#2558 = ORIENTED_EDGE ( 'NONE', *, *, #1064, .F. ) ;
#2559 = CARTESIAN_POINT ( 'NONE',  ( 1.524031224859957678, -0.1492243482503561036, 7.406250000000000888 ) ) ;
#2560 = CARTESIAN_POINT ( 'NONE',  ( 0.6785254037844490327, 1.175240473580837497, -7.041666666666665186 ) ) ;
#2561 = CARTESIAN_POINT ( 'NONE',  ( 1.357050807568896511, -1.646363069359471405E-14, 7.375000000000002665 ) ) ;
#2562 = CARTESIAN_POINT ( 'NONE',  ( -0.8816504037844485886, 1.527063293868266225, -2.161458333333333037 ) ) ;
#2563 = CARTESIAN_POINT ( 'NONE',  ( 1.732050807568896511, -1.619573920628122618E-14, 4.625000000000004441 ) ) ;
#2564 = CARTESIAN_POINT ( 'NONE',  ( -0.8816504037844491437, -1.527063293868295091, -7.526041666666661634 ) ) ;
#2565 = CARTESIAN_POINT ( 'NONE',  ( 1.020989215107069858, -0.1867183014945898445, 7.406250000000000888 ) ) ;
#2566 = ORIENTED_EDGE ( 'NONE', *, *, #8110, .F. ) ;
#2567 = CARTESIAN_POINT ( 'NONE',  ( -0.2754000000000029758, 2.068382682196009498E-15, 8.250000000000000000 ) ) ;
#2568 = ORIENTED_EDGE ( 'NONE', *, *, #3532, .F. ) ;
#2569 = CARTESIAN_POINT ( 'NONE',  ( -1.017788105676672439, -0.5876202367904408419, -2.770833333333330817 ) ) ;
#2570 = CARTESIAN_POINT ( 'NONE',  ( 0.6785254037844490327, 1.175240473580836165, 0.4583333333333357573 ) ) ;
#2571 = CARTESIAN_POINT ( 'NONE',  ( 1.017788105676672883, 0.5876202367904088675, 8.416666666666669627 ) ) ;
#2572 = CARTESIAN_POINT ( 'NONE',  ( -0.8660254037844490327, -1.500000000000030864, -2.541666666666662078 ) ) ;
#2573 = FACE_OUTER_BOUND ( 'NONE', #4330, .T. ) ;
#2574 = CARTESIAN_POINT ( 'NONE',  ( -1.836970198721050149E-16, -1.500000000000031974, -1.437499999999998668 ) ) ;
#2575 = EDGE_CURVE ( 'NONE', #5469, #7745, #7897, .T. ) ;
#2576 = EDGE_CURVE ( 'NONE', #4305, #1269, #8160, .T. ) ;
#2577 = EDGE_CURVE ( 'NONE', #1595, #2609, #5794, .T. ) ;
#2578 = CARTESIAN_POINT ( 'NONE',  ( -1.357050807568896067, -1.469228911904265390E-14, -4.374999999999997335 ) ) ;
#2579 = VERTEX_POINT ( 'NONE', #1158 ) ;
#2580 =( BOUNDED_CURVE ( )  B_SPLINE_CURVE ( 2, ( #2161, #4032, #850, #5996, #456, #2787, #5911 ),
 .UNSPECIFIED., .F., .F. ) 
 B_SPLINE_CURVE_WITH_KNOTS ( ( 3, 2, 2, 3 ),
 ( 0.08333333333333339810, 0.09722222222222225152, 0.1111111111111110911, 0.1249999999999999445 ),
 .UNSPECIFIED. ) 
 CURVE ( )  GEOMETRIC_REPRESENTATION_ITEM ( )  RATIONAL_B_SPLINE_CURVE ( ( 0.9999999999999993339, 0.8660254037844393737, 1.000000000000000000, 0.8660254037844387076, 1.000000000000000000, 0.8660254037844392627, 0.9999999999999994449 ) ) 
 REPRESENTATION_ITEM ( '' )  );
#2581 = CARTESIAN_POINT ( 'NONE',  ( 1.017788105676671995, -0.5876202367904417301, -2.104166666666663854 ) ) ;
#2582 = DIRECTION ( 'NONE',  ( -0.07992773943613183663, 0.07992773943613301624, 0.9935910189495774647 ) ) ;
#2583 = CARTESIAN_POINT ( 'NONE',  ( -1.439254484199210086E-16, -1.175240473580867251, -3.187499999999997780 ) ) ;
#2584 = FACE_OUTER_BOUND ( 'NONE', #4541, .T. ) ;
#2585 = CARTESIAN_POINT ( 'NONE',  ( 0.1867183014945839048, -1.020989215107070081, 7.406250000000000888 ) ) ;
#2586 = ORIENTED_EDGE ( 'NONE', *, *, #4312, .F. ) ;
#2587 = CARTESIAN_POINT ( 'NONE',  ( -1.819316636665637363E-16, -1.485584772631860950, 5.570822635401444067 ) ) ;
#2588 = DIRECTION ( 'NONE',  ( 0.000000000000000000, 1.224646799147352961E-16, -1.000000000000000000 ) ) ;
#2589 = CARTESIAN_POINT ( 'NONE',  ( -0.6785254037844485886, -1.175240473580868139, 7.770833333333335702 ) ) ;
#2590 = CARTESIAN_POINT ( 'NONE',  ( 0.1615340143260577122, -1.520380694806618083, 7.406250000000000888 ) ) ;
#2591 = CARTESIAN_POINT ( 'NONE',  ( -1.870113174931204576E-16, -1.527063293868295535, -7.953124999999998224 ) ) ;
#2592 = ORIENTED_EDGE ( 'NONE', *, *, #3029, .T. ) ;
#2593 = CARTESIAN_POINT ( 'NONE',  ( 0.6785254037844478114, -1.175240473580867029, -7.145833333333331261 ) ) ;
#2594 = CARTESIAN_POINT ( 'NONE',  ( -1.299038105676672217, 0.7499999999999926725, 4.833333333333337478 ) ) ;
#2595 = ORIENTED_EDGE ( 'NONE', *, *, #5186, .F. ) ;
#2596 = CARTESIAN_POINT ( 'NONE',  ( -0.8816504037844485886, 1.527063293868265115, 6.807291666666669627 ) ) ;
#2597 = EDGE_CURVE ( 'NONE', #5704, #6207, #2320, .T. ) ;
#2598 = CARTESIAN_POINT ( 'NONE',  ( 1.732050807568896511, -1.490986006717650712E-14, -5.874999999999995559 ) ) ;
#2599 = CARTESIAN_POINT ( 'NONE',  ( 0.6785254037844490327, 1.175240473580836165, 1.958333333333335258 ) ) ;
#2600 = CARTESIAN_POINT ( 'NONE',  ( 1.555317687559920614, -0.2265721268285596224, 7.785433819121448273 ) ) ;
#2601 = ORIENTED_EDGE ( 'NONE', *, *, #7527, .F. ) ;
#2602 = PLANE ( 'NONE',  #6146 ) ;
#2603 = CARTESIAN_POINT ( 'NONE',  ( -1.017788105676672439, -0.5876202367904403978, -6.833333333333330373 ) ) ;
#2604 = CARTESIAN_POINT ( 'NONE',  ( 1.763300807568897621, -1.620722027002323497E-14, 4.671875000000000888 ) ) ;
#2605 = CARTESIAN_POINT ( 'NONE',  ( -1.763300807568897621, -1.494869954261413299E-14, -2.078124999999999112 ) ) ;
#2606 = CARTESIAN_POINT ( 'NONE',  ( 1.732050807568896511, -1.625697154623859375E-14, 5.125000000000004441 ) ) ;
#2607 = CARTESIAN_POINT ( 'NONE',  ( 0.8816504037844482555, -1.527063293868295979, -7.942708333333329485 ) ) ;
#2608 = CARTESIAN_POINT ( 'NONE',  ( -1.836970198721050149E-16, -1.500000000000031308, -5.999999999999995559 ) ) ;
#2609 = VERTEX_POINT ( 'NONE', #6155 ) ;
#2610 = CARTESIAN_POINT ( 'NONE',  ( -1.017788105676672439, 0.5876202367904110879, -2.354166666666664298 ) ) ;
#2611 = CARTESIAN_POINT ( 'NONE',  ( -1.439254484199210086E-16, -1.175240473580866585, -8.249999999999996447 ) ) ;
#2612 = DIRECTION ( 'NONE',  ( 0.02078751127481364563, -0.1045058763748858144, -0.9943069954385902465 ) ) ;
#2613 = CARTESIAN_POINT ( 'NONE',  ( 0.000000000000000000, 2.070106209874711453E-15, 7.406250000000000888 ) ) ;
#2614 = CARTESIAN_POINT ( 'NONE',  ( -0.2078487863861621654, -1.576622122564782069, 7.967077405468494966 ) ) ;
#2615 = CARTESIAN_POINT ( 'NONE',  ( 0.8660254037844489217, 1.500000000000001554, -5.291666666666662522 ) ) ;
#2616 = VECTOR ( 'NONE', #1418, 1000.000000000000000 ) ;
#2617 = ORIENTED_EDGE ( 'NONE', *, *, #7460, .F. ) ;
#2618 = CARTESIAN_POINT ( 'NONE',  ( -1.836970198721050149E-16, -1.500000000000031974, 3.665958595716611867E-15 ) ) ;
#2619 = CARTESIAN_POINT ( 'NONE',  ( -1.017788105676672439, -0.5876202367904412860, 0.2291666666666691832 ) ) ;
#2620 = FACE_OUTER_BOUND ( 'NONE', #5681, .T. ) ;
#2621 = CARTESIAN_POINT ( 'NONE',  ( 1.357050807568896511, -1.506294091706992921E-14, -4.062499999999997335 ) ) ;
#2622 = EDGE_CURVE ( 'NONE', #6443, #5842, #4710, .T. ) ;
#2623 = VECTOR ( 'NONE', #5690, 1000.000000000000000 ) ;
#2624 = CARTESIAN_POINT ( 'NONE',  ( -0.2470292989821613050, 1.534691860997137836, 7.980070810694635419 ) ) ;
#2625 = CARTESIAN_POINT ( 'NONE',  ( -0.1866037099812649092, 1.484567452862550541, 7.406250000000000888 ) ) ;
#2626 = VERTEX_POINT ( 'NONE', #2400 ) ;
#2627 = CARTESIAN_POINT ( 'NONE',  ( 1.017788105676671995, -0.5876202367904430623, 8.395833333333335702 ) ) ;
#2628 = CARTESIAN_POINT ( 'NONE',  ( -1.051929728415293752, -0.5456484350918483495, 4.728206600502866230 ) ) ;
#2629 = CARTESIAN_POINT ( 'NONE',  ( -1.017788105676672439, 0.5876202367904099777, 8.145833333333333925 ) ) ;
#2630 = CARTESIAN_POINT ( 'NONE',  ( -1.299038105676672217, 0.7499999999999938938, -6.666666666666662522 ) ) ;
#2631 = EDGE_CURVE ( 'NONE', #8004, #1241, #7481, .T. ) ;
#2632 = VECTOR ( 'NONE', #974, 1000.000000000000114 ) ;
#2633 = CARTESIAN_POINT ( 'NONE',  ( 1.017788105676672883, 0.5876202367904104218, -4.083333333333330373 ) ) ;
#2634 = ORIENTED_EDGE ( 'NONE', *, *, #160, .T. ) ;
#2635 = CARTESIAN_POINT ( 'NONE',  ( 1.017788105676671995, -0.5876202367904411750, -6.604166666666663410 ) ) ;
#2636 = PLANE ( 'NONE',  #647 ) ;
#2637 = ORIENTED_EDGE ( 'NONE', *, *, #6500, .T. ) ;
#2638 = CARTESIAN_POINT ( 'NONE',  ( 1.322475605676673771, 0.7635316469341232315, 7.682291666666670515 ) ) ;
#2639 = DIRECTION ( 'NONE',  ( -0.000000000000000000, -1.224646799147353207E-16, 1.000000000000000000 ) ) ;
#2640 = CARTESIAN_POINT ( 'NONE',  ( 0.6785254037844478114, -1.175240473580867695, 0.2916666666666692387 ) ) ;
#2641 = CARTESIAN_POINT ( 'NONE',  ( 0.8660254037844493658, 1.500000000000001998, -5.229166666666666963 ) ) ;
#2642 = CARTESIAN_POINT ( 'NONE',  ( 1.299038105676671773, -0.7500000000000244249, 2.083333333333337478 ) ) ;
#2643 = CARTESIAN_POINT ( 'NONE',  ( 0.6785254037844490327, 1.175240473580837497, -7.541666666666663410 ) ) ;
#2644 = CARTESIAN_POINT ( 'NONE',  ( -1.870113174931204576E-16, -1.527063293868296867, 2.546875000000000444 ) ) ;
#2645 = CARTESIAN_POINT ( 'NONE',  ( -1.017788105676672439, -0.5876202367904415080, 2.666666666666668739 ) ) ;
#2646 = CARTESIAN_POINT ( 'NONE',  ( 1.299038105676672883, 0.7499999999999914513, 4.666666666666669627 ) ) ;
#2647 = CARTESIAN_POINT ( 'NONE',  ( 1.763300807568897621, -1.473381708979907377E-14, -7.359374999999994671 ) ) ;
#2648 = CARTESIAN_POINT ( 'NONE',  ( -1.486380696054986572, -0.1863754552030931211, 7.406250000000000888 ) ) ;
#2649 = ORIENTED_EDGE ( 'NONE', *, *, #5221, .T. ) ;
#2650 = CARTESIAN_POINT ( 'NONE',  ( -0.2410245267385765222, -0.5818846813168269128, 8.250000000000000000 ) ) ;
#2651 = VERTEX_POINT ( 'NONE', #7558 ) ;
#2652 = CARTESIAN_POINT ( 'NONE',  ( -1.017788105676672439, -0.5876202367904409529, -2.270833333333330817 ) ) ;
#2653 = CARTESIAN_POINT ( 'NONE',  ( -1.836970198721050149E-16, -1.500000000000032419, 4.562500000000000888 ) ) ;
#2654 = CARTESIAN_POINT ( 'NONE',  ( 0.6785254037844490327, 1.175240473580835721, 8.458333333333335702 ) ) ;
#2655 = CARTESIAN_POINT ( 'NONE',  ( -1.439254484199210086E-16, -1.175240473580867251, -2.187499999999997780 ) ) ;
#2656 = CARTESIAN_POINT ( 'NONE',  ( 0.8971102649793465389, -1.175753218375648945, -7.961436914937318754 ) ) ;
#2657 = FACE_OUTER_BOUND ( 'NONE', #552, .T. ) ;
#2658 = CARTESIAN_POINT ( 'NONE',  ( -0.8660254037844480335, 1.500000000000000888, 2.354166666666666963 ) ) ;
#2659 = VERTEX_POINT ( 'NONE', #4389 ) ;
#2660 = DIRECTION ( 'NONE',  ( -0.3826834323650936120, -0.9238795325112851842, 1.326871286661485870E-14 ) ) ;
#2661 = CARTESIAN_POINT ( 'NONE',  ( -1.017788105676672439, -0.5876202367904415080, 2.229166666666669183 ) ) ;
#2662 = CARTESIAN_POINT ( 'NONE',  ( 0.000000000000000000, 1.500000000000000444, 5.312500000000000888 ) ) ;
#2663 = CARTESIAN_POINT ( 'NONE',  ( -0.6785254037844480335, 1.175240473580837275, -3.395833333333330373 ) ) ;
#2664 = CARTESIAN_POINT ( 'NONE',  ( 0.000000000000000000, 1.175240473580837053, -1.999999999999997335 ) ) ;
#2665 = CARTESIAN_POINT ( 'NONE',  ( -0.1867183014945716368, 1.482736319501100519, 7.406250000000000888 ) ) ;
#2666 = VERTEX_POINT ( 'NONE', #4977 ) ;
#2667 = CARTESIAN_POINT ( 'NONE',  ( -1.357050807568896511, -1.623075166047151578E-14, 8.187500000000001776 ) ) ;
#2668 = B_SPLINE_CURVE_WITH_KNOTS ( 'NONE', 3,
 ( #2838, #7125, #4752, #1432, #897, #6664, #4625 ),
 .UNSPECIFIED., .F., .F.,
 ( 4, 3, 4 ),
 ( 0.000000000000000000, 0.0002928193619181964106, 0.0005794830383588873502 ),
 .UNSPECIFIED. ) ;
#2669 = CARTESIAN_POINT ( 'NONE',  ( -1.836970198721050395E-16, -1.500000000000031752, -3.937499999999998224 ) ) ;
#2670 = CARTESIAN_POINT ( 'NONE',  ( -0.6785254037844480335, 1.175240473580836387, 3.041666666666668739 ) ) ;
#2671 = CARTESIAN_POINT ( 'NONE',  ( 0.1857697912671054663, -1.491192056489763162, 7.406250000000000888 ) ) ;
#2672 = CARTESIAN_POINT ( 'NONE',  ( 0.000000000000000000, -1.500000000000001554, 8.250000000000000000 ) ) ;
#2673 = CARTESIAN_POINT ( 'NONE',  ( 1.322475605676672661, -0.7635316469341557610, -5.869791666666665186 ) ) ;
#2674 = VERTEX_POINT ( 'NONE', #1812 ) ;
#2675 = CARTESIAN_POINT ( 'NONE',  ( -0.6785254037844485886, -1.175240473580866807, -5.229166666666662522 ) ) ;
#2676 = DIRECTION ( 'NONE',  ( 0.000000000000000000, -1.000000000000000000, 0.000000000000000000 ) ) ;
#2677 = ADVANCED_FACE ( 'NONE', ( #4351 ), #8061, .T. ) ;
#2678 = EDGE_CURVE ( 'NONE', #783, #7622, #1329, .T. ) ;
#2679 = ORIENTED_EDGE ( 'NONE', *, *, #5488, .T. ) ;
#2680 = CARTESIAN_POINT ( 'NONE',  ( -1.763300807568897621, -1.610828698055678063E-14, 7.390625000000004441 ) ) ;
#2681 = CARTESIAN_POINT ( 'NONE',  ( 1.836970198721030920E-16, 1.500000000000000222, 8.250000000000000000 ) ) ;
#2682 = CARTESIAN_POINT ( 'NONE',  ( 1.017788105676671995, -0.5876202367904421742, 1.833333333333336146 ) ) ;
#2683 = VECTOR ( 'NONE', #5308, 1000.000000000000000 ) ;
#2684 = CARTESIAN_POINT ( 'NONE',  ( -1.568143934809860474, 0.1979066122514666626, 7.874741344396805509 ) ) ;
#2685 = CARTESIAN_POINT ( 'NONE',  ( 0.8660254037844471453, 1.500000000000005551, -7.229166666666666075 ) ) ;
#2686 = CARTESIAN_POINT ( 'NONE',  ( -1.732050807568896511, -1.574854698330724771E-14, 4.437500000000001776 ) ) ;
#2687 = CARTESIAN_POINT ( 'NONE',  ( -0.8816504037844485886, 1.527063293868265337, 3.838541666666667407 ) ) ;
#2688 = CARTESIAN_POINT ( 'NONE',  ( -0.6785254037844485886, -1.175240473580867695, 2.708333333333335702 ) ) ;
#2689 = CARTESIAN_POINT ( 'NONE',  ( 1.299038105676672883, 0.7499999999999912292, 5.166666666666671404 ) ) ;
#2690 = CARTESIAN_POINT ( 'NONE',  ( 0.6785254037844478114, -1.175240473580868139, 4.291666666666669627 ) ) ;
#2691 = CARTESIAN_POINT ( 'NONE',  ( -0.2270432773633986046, 1.517185021815109502, 7.789916517023755205 ) ) ;
#2692 = CIRCLE ( 'NONE', #2028, 4.606075864237157980 ) ;
#2693 = VERTEX_POINT ( 'NONE', #1700 ) ;
#2694 = CARTESIAN_POINT ( 'NONE',  ( 0.6785254037844478114, -1.175240473580867029, -6.145833333333330373 ) ) ;
#2695 = ORIENTED_EDGE ( 'NONE', *, *, #6904, .F. ) ;
#2696 = CARTESIAN_POINT ( 'NONE',  ( -0.6785254037844480335, 1.175240473580837053, -0.3958333333333309834 ) ) ;
#2697 = CARTESIAN_POINT ( 'NONE',  ( 1.299038105676671773, -0.7500000000000242029, -0.9166666666666629659 ) ) ;
#2698 = CARTESIAN_POINT ( 'NONE',  ( -0.6785254037844480335, 1.175240473580837941, -7.958333333333331261 ) ) ;
#2699 = CARTESIAN_POINT ( 'NONE',  ( -1.732050807568896511, -1.586335762072731349E-14, 5.375000000000001776 ) ) ;
#2700 = CARTESIAN_POINT ( 'NONE',  ( -1.299038105676672217, 0.7499999999999933387, 0.3333333333333371451 ) ) ;
#2701 = CARTESIAN_POINT ( 'NONE',  ( 1.442353859504966085, -0.4318209227137206896, 5.598450672266714889 ) ) ;
#2702 = CYLINDRICAL_SURFACE ( 'NONE', #6732, 1.500000000000000888 ) ;
#2703 = CARTESIAN_POINT ( 'NONE',  ( -1.635149679182388037E-16, -1.335201039451425986, 5.157646724234909996 ) ) ;
#2704 = CARTESIAN_POINT ( 'NONE',  ( 0.6785254037844478114, -1.175240473580867695, 0.8541666666666692942 ) ) ;
#2705 = CARTESIAN_POINT ( 'NONE',  ( 1.050943903833044146, -1.070288237343679949, -7.937499999999996447 ) ) ;
#2706 = CARTESIAN_POINT ( 'NONE',  ( 1.017788105676671995, -0.5876202367904410639, -7.666666666666663410 ) ) ;
#2707 = CARTESIAN_POINT ( 'NONE',  ( 1.017788105676671995, -0.5876202367904418411, -1.666666666666664076 ) ) ;
#2708 = CARTESIAN_POINT ( 'NONE',  ( 1.299038105676672883, 0.7499999999999918954, 0.2291666666666676566 ) ) ;
#2709 = EDGE_LOOP ( 'NONE', ( #7320, #1455, #4377, #5198 ) ) ;
#2710 = CARTESIAN_POINT ( 'NONE',  ( 0.6785254037844490327, 1.175240473580835721, 8.520833333333335702 ) ) ;
#2711 =( BOUNDED_CURVE ( )  B_SPLINE_CURVE ( 2, ( #4138, #1684, #6675, #7969, #4805, #991, #6757 ),
 .UNSPECIFIED., .F., .F. ) 
 B_SPLINE_CURVE_WITH_KNOTS ( ( 3, 2, 2, 3 ),
 ( 0.5416666666666666297, 0.5555555555555554692, 0.5694444444444444198, 0.5833333333333332593 ),
 .UNSPECIFIED. ) 
 CURVE ( )  GEOMETRIC_REPRESENTATION_ITEM ( )  RATIONAL_B_SPLINE_CURVE ( ( 1.000000000000001110, 0.8660254037844375974, 1.000000000000000000, 0.8660254037844387076, 1.000000000000000000, 0.8660254037844387076, 1.000000000000000000 ) ) 
 REPRESENTATION_ITEM ( '' )  );
#2712 = CARTESIAN_POINT ( 'NONE',  ( -1.836970198721050395E-16, -1.500000000000031752, -3.437499999999998668 ) ) ;
#2713 = CARTESIAN_POINT ( 'NONE',  ( -1.017788105676672439, 0.5876202367904104218, 4.083333333333335702 ) ) ;
#2714 = CARTESIAN_POINT ( 'NONE',  ( -1.732050807568896511, -1.439378146175048856E-14, -6.624999999999996447 ) ) ;
#2715 = CARTESIAN_POINT ( 'NONE',  ( 0.000000000000000000, -7.041719095097280880E-16, 5.750000000000000000 ) ) ;
#2716 = CARTESIAN_POINT ( 'NONE',  ( -1.322475605676673105, 0.7635316469341263401, -6.119791666666666075 ) ) ;
#2717 = ORIENTED_EDGE ( 'NONE', *, *, #5309, .T. ) ;
#2718 = CARTESIAN_POINT ( 'NONE',  ( -0.6785254037844480335, 1.175240473580837275, -3.395833333333330373 ) ) ;
#2719 = CARTESIAN_POINT ( 'NONE',  ( -1.534691860997133173, 0.2470292989821907259, 7.980070810694637196 ) ) ;
#2720 = B_SPLINE_CURVE_WITH_KNOTS ( 'NONE', 3,
 ( #2940, #427, #6112, #8169 ),
 .UNSPECIFIED., .F., .F.,
 ( 4, 4 ),
 ( 2.235140038340936256E-19, 0.0001154157762592069708 ),
 .UNSPECIFIED. ) ;
#2721 = ORIENTED_EDGE ( 'NONE', *, *, #7287, .T. ) ;
#2722 = CARTESIAN_POINT ( 'NONE',  ( -0.8816504037844491437, -1.527063293868296867, 5.973958333333338366 ) ) ;
#2723 = DIRECTION ( 'NONE',  ( 0.000000000000000000, -1.000000000000000000, 0.000000000000000000 ) ) ;
#2724 = CARTESIAN_POINT ( 'NONE',  ( 0.6785254037844490327, 1.175240473580836387, 0.9583333333333353687 ) ) ;
#2725 = CARTESIAN_POINT ( 'NONE',  ( -0.8660254037844499209, 1.499999999999998668, -4.208333333333329485 ) ) ;
#2726 = DIRECTION ( 'NONE',  ( -0.000000000000000000, -1.224646799147353207E-16, 1.000000000000000000 ) ) ;
#2727 = CARTESIAN_POINT ( 'NONE',  ( 1.732050807568896511, -1.466493070734703998E-14, -7.874999999999996447 ) ) ;
#2728 = CARTESIAN_POINT ( 'NONE',  ( 1.763300807568897621, -1.596229091019376151E-14, 2.671875000000000444 ) ) ;
#2730 = EDGE_CURVE ( 'NONE', #6512, #6605, #496, .T. ) ;
#2729 = CARTESIAN_POINT ( 'NONE',  ( 0.8816504037844494768, 1.527063293868265781, -1.744791666666666297 ) ) ;
#2731 = CARTESIAN_POINT ( 'NONE',  ( -1.439254484199210086E-16, -1.175240473580866585, -7.749999999999997335 ) ) ;
#2732 = CARTESIAN_POINT ( 'NONE',  ( 1.322475605676672661, -0.7635316469341557610, -6.901041666666662522 ) ) ;
#2733 = CARTESIAN_POINT ( 'NONE',  ( -0.8660254037844480335, 1.500000000000001110, -1.145833333333332149 ) ) ;
#2734 = ORIENTED_EDGE ( 'NONE', *, *, #7258, .T. ) ;
#2735 = CARTESIAN_POINT ( 'NONE',  ( 1.357050807568896067, -1.523898389444735941E-14, -2.624999999999997335 ) ) ;
#2736 = CARTESIAN_POINT ( 'NONE',  ( 0.000000000000000000, 1.175240473580837941, -7.937499999999996447 ) ) ;
#2737 = ORIENTED_EDGE ( 'NONE', *, *, #5729, .F. ) ;
#2738 = CARTESIAN_POINT ( 'NONE',  ( 1.017788105676671995, -0.5876202367904419521, -0.1041666666666642982 ) ) ;
#2739 = FACE_OUTER_BOUND ( 'NONE', #3465, .T. ) ;
#2740 = CARTESIAN_POINT ( 'NONE',  ( -1.017788105676672439, -0.5876202367904402868, -7.833333333333331261 ) ) ;
#2741 = CARTESIAN_POINT ( 'NONE',  ( -1.290057725239744713, 0.1403140724844579024, 5.046896369072654487 ) ) ;
#2742 = CARTESIAN_POINT ( 'NONE',  ( 1.732050807568896511, -1.559106984920221981E-14, -0.3124999999999988343 ) ) ;
#2743 = EDGE_CURVE ( 'NONE', #6549, #5352, #190, .T. ) ;
#2744 = CARTESIAN_POINT ( 'NONE',  ( 0.1715198971677467932, -1.453050624359642384, 5.481435797666841303 ) ) ;
#2745 = CARTESIAN_POINT ( 'NONE',  ( 1.732050807568896511, -1.497109240713387785E-14, -5.374999999999996447 ) ) ;
#2746 = CARTESIAN_POINT ( 'NONE',  ( 0.8816504037844494768, 1.527063293868265781, -1.276041666666662300 ) ) ;
#2747 = CARTESIAN_POINT ( 'NONE',  ( 0.000000000000000000, 1.175240473580836831, 0.5625000000000026645 ) ) ;
#2748 = CARTESIAN_POINT ( 'NONE',  ( 0.6129994450117085547, 1.098512907683494522, 4.917663890881449618 ) ) ;
#2749 = CARTESIAN_POINT ( 'NONE',  ( 1.357050807568896511, -1.481035751474578639E-14, -6.124999999999997335 ) ) ;
#2750 = CARTESIAN_POINT ( 'NONE',  ( 0.6785254037844490327, 1.175240473580836387, -2.041666666666664298 ) ) ;
#2751 = VECTOR ( 'NONE', #5318, 999.9999999999998863 ) ;
#2752 = CARTESIAN_POINT ( 'NONE',  ( 0.2267098366437864665, -1.516811814775607115, 7.786744040493384311 ) ) ;
#2753 = ORIENTED_EDGE ( 'NONE', *, *, #110, .F. ) ;
#2754 = CARTESIAN_POINT ( 'NONE',  ( 0.000000000000000000, 2.070106209874711453E-15, 7.406250000000000888 ) ) ;
#2755 = CIRCLE ( 'NONE', #257, 4.610772840853449850 ) ;
#2756 = CYLINDRICAL_SURFACE ( 'NONE', #1827, 1.500000000000000888 ) ;
#2757 = VECTOR ( 'NONE', #993, 1000.000000000000000 ) ;
#2758 = CARTESIAN_POINT ( 'NONE',  ( -1.017788105676672439, -0.5876202367904415080, 2.666666666666668739 ) ) ;
#2759 = CARTESIAN_POINT ( 'NONE',  ( 0.1867183014945854591, 2.086552065770483184E-15, 7.406250000000000888 ) ) ;
#2760 = CARTESIAN_POINT ( 'NONE',  ( -0.8816504037844485886, 1.527063293868265781, 1.838541666666667407 ) ) ;
#2761 = CARTESIAN_POINT ( 'NONE',  ( 0.8816504037844482555, -1.527063293868296201, -6.411458333333333037 ) ) ;
#2762 = ORIENTED_EDGE ( 'NONE', *, *, #7115, .F. ) ;
#2763 = VECTOR ( 'NONE', #6127, 1000.000000000000000 ) ;
#2764 = CARTESIAN_POINT ( 'NONE',  ( -1.017788105676672439, -0.5876202367904407309, -3.770833333333330817 ) ) ;
#2765 = VERTEX_POINT ( 'NONE', #1409 ) ;
#2766 =( BOUNDED_CURVE ( )  B_SPLINE_CURVE ( 2, ( #2131, #4671, #2772, #482, #6826, #7456, #6092 ),
 .UNSPECIFIED., .F., .F. ) 
 B_SPLINE_CURVE_WITH_KNOTS ( ( 3, 2, 2, 3 ),
 ( 0.7500000000000001110, 0.7638888888888889506, 0.7777777777777777901, 0.7916666666666666297 ),
 .UNSPECIFIED. ) 
 CURVE ( )  GEOMETRIC_REPRESENTATION_ITEM ( )  RATIONAL_B_SPLINE_CURVE ( ( 0.9999999999999988898, 0.8660254037844398178, 1.000000000000000000, 0.8660254037844387076, 1.000000000000000000, 0.8660254037844387076, 1.000000000000000000 ) ) 
 REPRESENTATION_ITEM ( '' )  );
#2767 = CARTESIAN_POINT ( 'NONE',  ( 1.763300807568897621, -1.632585792869063385E-14, 5.640625000000003553 ) ) ;
#2768 = CARTESIAN_POINT ( 'NONE',  ( 1.299038105676671773, -0.7500000000000244249, 0.5833333333333369231 ) ) ;
#2769 = CARTESIAN_POINT ( 'NONE',  ( -1.411896877903900061, 0.3490925642965411191, 5.450875042296964068 ) ) ;
#2770 = CARTESIAN_POINT ( 'NONE',  ( -1.299038105676672217, -0.7500000000000228706, -4.083333333333329485 ) ) ;
#2771 = CARTESIAN_POINT ( 'NONE',  ( 1.454268073987486047E-16, 1.187500000000004441, -8.250000000000000000 ) ) ;
#2772 = CARTESIAN_POINT ( 'NONE',  ( 1.299038105676672883, 0.7499999999999914513, 4.166666666666670515 ) ) ;
#2773 = CARTESIAN_POINT ( 'NONE',  ( 1.322475605676673771, 0.7635316469341236756, 4.213541666666666963 ) ) ;
#2774 = AXIS2_PLACEMENT_3D ( 'NONE', #7378, #5465, #6747 ) ;
#2775 = CARTESIAN_POINT ( 'NONE',  ( 1.322475605676672661, -0.7635316469341566492, 0.1302083333333337312 ) ) ;
#2776 = CARTESIAN_POINT ( 'NONE',  ( -1.524207146240229349, -0.1474052775258416492, 7.406250000000000888 ) ) ;
#2777 = CARTESIAN_POINT ( 'NONE',  ( -1.763300807568897621, -1.457747848162259128E-14, -5.109374999999996447 ) ) ;
#2778 = CARTESIAN_POINT ( 'NONE',  ( 0.8660254037844540287, -1.500000000000021094, -7.895833333333331261 ) ) ;
#2779 = ORIENTED_EDGE ( 'NONE', *, *, #5235, .F. ) ;
#2780 = CARTESIAN_POINT ( 'NONE',  ( -1.357050807568896067, -1.475352145900002148E-14, -3.874999999999996891 ) ) ;
#2781 = CARTESIAN_POINT ( 'NONE',  ( 0.000000000000000000, 1.175240473580837719, -6.437499999999997335 ) ) ;
#2782 = ORIENTED_EDGE ( 'NONE', *, *, #8135, .T. ) ;
#2783 = CARTESIAN_POINT ( 'NONE',  ( -1.017788105676672439, 0.5876202367904107549, 0.6458333333333359239 ) ) ;
#2784 = CARTESIAN_POINT ( 'NONE',  ( -0.2096185566421750190, -1.578130571919396319, 7.983514249475047286 ) ) ;
#2785 = B_SPLINE_CURVE_WITH_KNOTS ( 'NONE', 3,
 ( #2614, #6448, #2037, #7076, #1337, #7743, #5743, #3275, #148, #5160, #4486, #7119, #1463, #3906, #3862, #65 ),
 .UNSPECIFIED., .F., .F.,
 ( 4, 3, 3, 3, 3, 4 ),
 ( 6.558359015832905677E-18, 1.470844003610741101E-05, 2.939417830354323219E-05, 4.442267351833759407E-05, 5.988482598153956483E-05, 6.364891938347000107E-05 ),
 .UNSPECIFIED. ) ;
#2786 = CARTESIAN_POINT ( 'NONE',  ( 0.6785254037844490327, 1.175240473580836387, 0.02083333333333580936 ) ) ;
#2787 = CARTESIAN_POINT ( 'NONE',  ( -0.8660254037844505870, -1.500000000000028200, 3.020833333333334370 ) ) ;
#2788 = CARTESIAN_POINT ( 'NONE',  ( 0.000000000000000000, -7.438283133705603770E-16, 8.250000000000000000 ) ) ;
#2789 = CARTESIAN_POINT ( 'NONE',  ( 1.732050807568896511, -1.540737282933011708E-14, -1.812499999999998890 ) ) ;
#2790 = EDGE_CURVE ( 'NONE', #75, #5093, #8125, .T. ) ;
#2791 = ADVANCED_FACE ( 'NONE', ( #3309 ), #628, .T. ) ;
#2792 = CARTESIAN_POINT ( 'NONE',  ( 1.322475605676673771, 0.7635316469341242307, -0.3177083333333287074 ) ) ;
#2793 = CARTESIAN_POINT ( 'NONE',  ( 0.5670171206496014138, -1.038950252870098900, 8.234880783661079562 ) ) ;
#2794 = CARTESIAN_POINT ( 'NONE',  ( 1.017788105676672883, 0.5876202367904097557, 1.479166666666669405 ) ) ;
#2795 = CARTESIAN_POINT ( 'NONE',  ( 0.6785254037844478114, -1.175240473580868139, 3.854166666666668295 ) ) ;
#2796 = CARTESIAN_POINT ( 'NONE',  ( -1.357050807568896511, -1.444735975921318676E-14, -6.374999999999997335 ) ) ;
#2797 = CARTESIAN_POINT ( 'NONE',  ( -0.6785254037844480335, 1.175240473580837275, -2.458333333333330373 ) ) ;
#2798 = CARTESIAN_POINT ( 'NONE',  ( 0.000000000000000000, -1.500000000000001554, 8.250000000000000000 ) ) ;
#2799 = ORIENTED_EDGE ( 'NONE', *, *, #1423, .F. ) ;
#2800 = CARTESIAN_POINT ( 'NONE',  ( 0.000000000000000000, 1.187500000000004441, -8.250000000000000000 ) ) ;
#2801 = CARTESIAN_POINT ( 'NONE',  ( 0.6785254037844490327, 1.175240473580835721, 3.958333333333335258 ) ) ;
#2802 = CARTESIAN_POINT ( 'NONE',  ( 1.020989215107068970, 0.1867183014945865693, 7.406250000000000888 ) ) ;
#2803 = CARTESIAN_POINT ( 'NONE',  ( 1.322475605676672661, -0.7635316469341569823, 2.630208333333333481 ) ) ;
#2804 =( BOUNDED_CURVE ( )  B_SPLINE_CURVE ( 2, ( #2168, #6082, #2950, #437, #4125, #6042, #2253, #4707, #401, #5497, #2914, #6007, #7994, #7407, #7371, #894, #5962, #1670, #281, #2795, #7245, #1547, #318, #4080, #6617, #937, #7917, #2210, #4747, #1861, #4397, #3061, #4360, #3771, #1902, #3103, #5574, #7487, #5652, #3729, #5533 ),
 .UNSPECIFIED., .F., .F. ) 
 B_SPLINE_CURVE_WITH_KNOTS ( ( 3, 2, 2, 2, 2, 2, 2, 2, 2, 2, 2, 2, 2, 2, 2, 2, 2, 2, 2, 2, 3 ),
 ( 0.08333333333333339810, 0.09722222222222229315, 0.1111111111111111605, 0.1250000000000000555, 0.1388888888888889506, 0.1527777777777778456, 0.1666666666666666852, 0.1805555555555555802, 0.1944444444444444753, 0.2083333333333333426, 0.2222222222222222376, 0.2361111111111111327, 0.2500000000000000000, 0.2638888888888888951, 0.2777777777777777901, 0.2916666666666666852, 0.3055555555555555802, 0.3194444444444444198, 0.3333333333333332593, 0.3472222222222222099, 0.3591074195885087805 ),
 .UNSPECIFIED. ) 
 CURVE ( )  GEOMETRIC_REPRESENTATION_ITEM ( )  RATIONAL_B_SPLINE_CURVE ( ( 0.9999999999999993339, 0.8660254037844393737, 1.000000000000000000, 0.8660254037844387076, 1.000000000000000000, 0.8660254037844387076, 1.000000000000000000, 0.8660254037844387076, 1.000000000000000000, 0.8660254037844387076, 1.000000000000000000, 0.8660254037844387076, 1.000000000000000000, 0.8660254037844387076, 1.000000000000000000, 0.8660254037844387076, 1.000000000000000000, 0.8660254037844387076, 1.000000000000000000, 0.8660254037844387076, 1.000000000000000000, 0.8660254037844387076, 1.000000000000000000, 0.8660254037844387076, 1.000000000000000000, 0.8660254037844387076, 1.000000000000000000, 0.8660254037844387076, 1.000000000000000000, 0.8660254037844387076, 1.000000000000000000, 0.8660254037844387076, 1.000000000000000000, 0.8660254037844387076, 1.000000000000000000, 0.8660254037844387076, 1.000000000000000000, 0.8660254037844387076, 1.000000000000000000, 0.8853533546974837742, 0.9669208223746086350 ) ) 
 REPRESENTATION_ITEM ( '' )  );
#2805 = CARTESIAN_POINT ( 'NONE',  ( -0.8816504037844485886, 1.527063293868266447, -6.161458333333333037 ) ) ;
#2806 = ORIENTED_EDGE ( 'NONE', *, *, #2575, .T. ) ;
#2807 = CARTESIAN_POINT ( 'NONE',  ( 1.017788105676672883, 0.5876202367904105328, -4.520833333333330373 ) ) ;
#2808 = ORIENTED_EDGE ( 'NONE', *, *, #2121, .T. ) ;
#2809 = CARTESIAN_POINT ( 'NONE',  ( -0.6785254037844480335, 1.175240473580836387, 3.104166666666669183 ) ) ;
#2810 = CARTESIAN_POINT ( 'NONE',  ( -1.576622122564783401, -0.2078487863861495089, 7.967077405468494966 ) ) ;
#2811 = CARTESIAN_POINT ( 'NONE',  ( 1.357050807568896067, -1.591253963397840273E-14, 2.875000000000002665 ) ) ;
#2812 = CARTESIAN_POINT ( 'NONE',  ( 0.000000000000000000, 1.500000000000000888, 3.250000000000003997 ) ) ;
#2813 = DIRECTION ( 'NONE',  ( -0.000000000000000000, -1.224646799147353207E-16, 1.000000000000000000 ) ) ;
#2814 = CYLINDRICAL_SURFACE ( 'NONE', #7532, 1.500000000000000888 ) ;
#2815 = CARTESIAN_POINT ( 'NONE',  ( 0.000000000000000000, 1.527063293868265115, 5.296875000000000000 ) ) ;
#2816 = CARTESIAN_POINT ( 'NONE',  ( -0.8816504037844485886, 1.527063293868266003, 0.8385416666666670737 ) ) ;
#2817 = DIRECTION ( 'NONE',  ( 0.000000000000000000, 1.000000000000000000, 9.405817288407723518E-17 ) ) ;
#2818 = CARTESIAN_POINT ( 'NONE',  ( 1.763300807568897621, -1.497874644962854722E-14, -5.359374999999995559 ) ) ;
#2819 = CARTESIAN_POINT ( 'NONE',  ( -0.9254976877526291945, -0.2866551442409769335, 8.147054690030637758 ) ) ;
#2820 = ORIENTED_EDGE ( 'NONE', *, *, #5457, .F. ) ;
#2821 = LINE ( 'NONE', #306, #7948 ) ;
#2822 = CARTESIAN_POINT ( 'NONE',  ( -1.439254484199210086E-16, -1.175240473580866585, -7.687499999999997335 ) ) ;
#2823 = VERTEX_POINT ( 'NONE', #5233 ) ;
#2824 = CARTESIAN_POINT ( 'NONE',  ( -1.017788105676672439, 0.5876202367904106438, 2.145833333333335702 ) ) ;
#2825 = CARTESIAN_POINT ( 'NONE',  ( 0.6785254037844490327, 1.175240473580835721, 3.458333333333335258 ) ) ;
#2826 = CARTESIAN_POINT ( 'NONE',  ( -1.017788105676672439, 0.5876202367904110879, -1.854166666666664076 ) ) ;
#2827 = CARTESIAN_POINT ( 'NONE',  ( 0.000000000000000000, 1.500000000000001332, -1.749999999999996447 ) ) ;
#2828 = DIRECTION ( 'NONE',  ( 0.000000000000000000, -1.000000000000000000, 0.000000000000000000 ) ) ;
#2829 = CARTESIAN_POINT ( 'NONE',  ( 0.4612119759279490472, 0.5181179941836180358, 8.198166090358180114 ) ) ;
#2830 = CARTESIAN_POINT ( 'NONE',  ( -1.322475605676673105, -0.7635316469341553169, -2.067708333333329040 ) ) ;
#2831 = DIRECTION ( 'NONE',  ( -0.9188184237650746100, 0.3805870524817770439, -0.1045284632676537900 ) ) ;
#2832 = CARTESIAN_POINT ( 'NONE',  ( 0.000000000000000000, 1.175240473580837275, -2.999999999999997335 ) ) ;
#2833 = CARTESIAN_POINT ( 'NONE',  ( -0.6785254037844485886, -1.175240473580866807, -5.791666666666663410 ) ) ;
#2834 = CARTESIAN_POINT ( 'NONE',  ( -0.6785254037844480335, 1.175240473580837053, -0.9583333333333310389 ) ) ;
#2835 = EDGE_CURVE ( 'NONE', #1, #6427, #5058, .T. ) ;
#2836 = EDGE_CURVE ( 'NONE', #7108, #4796, #4520, .T. ) ;
#2837 = EDGE_CURVE ( 'NONE', #4505, #3908, #7596, .T. ) ;
#2838 = CARTESIAN_POINT ( 'NONE',  ( -1.534691860997133173, 0.2470292989821907259, 7.980070810694637196 ) ) ;
#2839 = ORIENTED_EDGE ( 'NONE', *, *, #4204, .F. ) ;
#2840 = LINE ( 'NONE', #2297, #4355 ) ;
#2841 = CARTESIAN_POINT ( 'NONE',  ( 0.000000000000000000, 1.175240473580836609, 2.500000000000002220 ) ) ;
#2842 = CARTESIAN_POINT ( 'NONE',  ( -0.6785254037844485886, -1.175240473580866585, -8.229166666666664298 ) ) ;
#2843 = CARTESIAN_POINT ( 'NONE',  ( 0.000000000000000000, -7.438283133705603770E-16, 8.250000000000000000 ) ) ;
#2844 = EDGE_CURVE ( 'NONE', #1521, #4523, #767, .T. ) ;
#2845 = CARTESIAN_POINT ( 'NONE',  ( -0.8816504037844491437, -1.527063293868295535, -6.994791666666666075 ) ) ;
#2846 = ORIENTED_EDGE ( 'NONE', *, *, #8151, .F. ) ;
#2847 = CARTESIAN_POINT ( 'NONE',  ( 1.357050807568896511, -1.512417325702729679E-14, -3.562499999999996891 ) ) ;
#2848 = ORIENTED_EDGE ( 'NONE', *, *, #2888, .F. ) ;
#2849 = CARTESIAN_POINT ( 'NONE',  ( -0.6785254037844480335, 1.175240473580836387, 2.604166666666669183 ) ) ;
#2850 = CARTESIAN_POINT ( 'NONE',  ( -0.8060732922148325930, -0.9295370751942831911, -8.221091629322115679 ) ) ;
#2851 = CARTESIAN_POINT ( 'NONE',  ( 1.525790193410408335, 0.2368691645223718334, 7.883403588540149443 ) ) ;
#2852 = CARTESIAN_POINT ( 'NONE',  ( -0.1867183014945854591, 2.058467064324496666E-15, 7.406250000000000888 ) ) ;
#2853 = CARTESIAN_POINT ( 'NONE',  ( 0.000000000000000000, 1.500000000000001554, -3.749999999999996447 ) ) ;
#2854 = ORIENTED_EDGE ( 'NONE', *, *, #7831, .T. ) ;
#2855 = CARTESIAN_POINT ( 'NONE',  ( 1.322475605676672661, -0.7635316469341572043, 5.130208333333333925 ) ) ;
#2856 =( BOUNDED_CURVE ( )  B_SPLINE_CURVE ( 2, ( #2049, #7628, #5129, #2714, #2630, #1353, #5178 ),
 .UNSPECIFIED., .F., .F. ) 
 B_SPLINE_CURVE_WITH_KNOTS ( ( 3, 2, 2, 3 ),
 ( 0.7083333333333332593, 0.7222222222222222099, 0.7361111111111111605, 0.7500000000000000000 ),
 .UNSPECIFIED. ) 
 CURVE ( )  GEOMETRIC_REPRESENTATION_ITEM ( )  RATIONAL_B_SPLINE_CURVE ( ( 1.000000000000000000, 0.8660254037844387076, 1.000000000000000000, 0.8660254037844387076, 1.000000000000000000, 0.8660254037844387076, 1.000000000000000000 ) ) 
 REPRESENTATION_ITEM ( '' )  );
#2857 = CARTESIAN_POINT ( 'NONE',  ( 1.322475605676673771, 0.7635316469341242307, -0.7864583333333325932 ) ) ;
#2858 = CARTESIAN_POINT ( 'NONE',  ( 1.732050807568896511, -1.576711282657965316E-14, 1.125000000000003775 ) ) ;
#2859 = CARTESIAN_POINT ( 'NONE',  ( -1.763300807568897621, -1.469994316153732643E-14, -4.109374999999994671 ) ) ;
#2860 = EDGE_LOOP ( 'NONE', ( #3986, #1872, #8093, #3726 ) ) ;
#2861 = CARTESIAN_POINT ( 'NONE',  ( -1.836970198721050149E-16, -1.500000000000031752, -2.499999999999996003 ) ) ;
#2862 = CARTESIAN_POINT ( 'NONE',  ( -1.017788105676672439, 0.5876202367904116430, -6.354166666666664298 ) ) ;
#2863 = ORIENTED_EDGE ( 'NONE', *, *, #1066, .F. ) ;
#2864 = CARTESIAN_POINT ( 'NONE',  ( -0.6785254037844480335, 1.175240473580836831, 1.104166666666669183 ) ) ;
#2865 = CARTESIAN_POINT ( 'NONE',  ( -1.017788105676672439, -0.5876202367904417301, 4.166666666666669627 ) ) ;
#2866 = CARTESIAN_POINT ( 'NONE',  ( -1.439254484199210086E-16, -1.175240473580867473, -1.687499999999997335 ) ) ;
#2867 = DIRECTION ( 'NONE',  ( -0.000000000000000000, -1.224646799147353207E-16, 1.000000000000000000 ) ) ;
#2868 = CARTESIAN_POINT ( 'NONE',  ( -1.732050807568896511, -1.580977932326461844E-14, 4.937500000000001776 ) ) ;
#2869 = CARTESIAN_POINT ( 'NONE',  ( -1.870113174931204576E-16, -1.527063293868296645, 0.5156250000000043299 ) ) ;
#2870 = DIRECTION ( 'NONE',  ( -0.1045058763748856895, -0.02078751127481484606, 0.9943069954385901354 ) ) ;
#2871 = CARTESIAN_POINT ( 'NONE',  ( -1.439254484199210086E-16, -1.175240473580867251, -2.249999999999997780 ) ) ;
#2872 = CARTESIAN_POINT ( 'NONE',  ( 0.6898232588911573648, 1.229404865905913802, 5.330675270039887614 ) ) ;
#2873 = CARTESIAN_POINT ( 'NONE',  ( 1.017788105676671995, -0.5876202367904411750, -6.666666666666663410 ) ) ;
#2874 = CARTESIAN_POINT ( 'NONE',  ( -0.6785254037844485886, -1.175240473580867473, 0.7083333333333355908 ) ) ;
#2875 = CARTESIAN_POINT ( 'NONE',  ( 0.1474052775258389569, 1.524207146240229127, 7.406250000000000888 ) ) ;
#2876 = ORIENTED_EDGE ( 'NONE', *, *, #1208, .F. ) ;
#2877 = EDGE_CURVE ( 'NONE', #860, #478, #7773, .T. ) ;
#2878 = CARTESIAN_POINT ( 'NONE',  ( -0.5251542044367926154, 0.3682059365705874776, 7.406250000000000888 ) ) ;
#2879 = CARTESIAN_POINT ( 'NONE',  ( 1.017788105676672883, 0.5876202367904093116, 4.916666666666668739 ) ) ;
#2880 = CARTESIAN_POINT ( 'NONE',  ( 0.000000000000000000, 1.175240473580837941, -7.937499999999996447 ) ) ;
#2881 = CARTESIAN_POINT ( 'NONE',  ( -0.8660254037844447028, -1.500000000000038192, -3.979166666666665630 ) ) ;
#2882 = VECTOR ( 'NONE', #7310, 1000.000000000000000 ) ;
#2883 = ORIENTED_EDGE ( 'NONE', *, *, #5309, .F. ) ;
#2884 = CARTESIAN_POINT ( 'NONE',  ( -1.017788105676672439, 0.5876202367904114210, -4.854166666666663410 ) ) ;
#2885 = ORIENTED_EDGE ( 'NONE', *, *, #2743, .T. ) ;
#2886 = AXIS2_PLACEMENT_3D ( 'NONE', #6334, #3254, #2676 ) ;
#2887 = CARTESIAN_POINT ( 'NONE',  ( 1.017788105676672883, 0.5876202367904094226, 4.479166666666668739 ) ) ;
#2888 = EDGE_CURVE ( 'NONE', #1881, #3255, #6489, .T. ) ;
#2889 = CARTESIAN_POINT ( 'NONE',  ( 0.2470292989821720464, -1.534691860997138058, 7.980070810694635419 ) ) ;
#2890 = EDGE_CURVE ( 'NONE', #2651, #4048, #3602, .T. ) ;
#2891 = CARTESIAN_POINT ( 'NONE',  ( -1.148805915321857718, -0.9121530082715475496, 5.511047803513152488 ) ) ;
#2892 = CARTESIAN_POINT ( 'NONE',  ( 0.000000000000000000, 1.500000000000000888, 3.312500000000001332 ) ) ;
#2893 = CARTESIAN_POINT ( 'NONE',  ( 1.570261840389537422, -0.2262873432254746131, 7.968467505280395713 ) ) ;
#2894 = CARTESIAN_POINT ( 'NONE',  ( 0.000000000000000000, 1.175240473580836387, 3.562500000000002220 ) ) ;
#2895 = CARTESIAN_POINT ( 'NONE',  ( -0.8816504037844485886, 1.527063293868265115, 5.838541666666667851 ) ) ;
#2896 = CARTESIAN_POINT ( 'NONE',  ( -1.322475605676673105, -0.7635316469341556500, 0.4635416666666672403 ) ) ;
#2897 = CIRCLE ( 'NONE', #397, 4.606075864237158868 ) ;
#2898 = FACE_OUTER_BOUND ( 'NONE', #4452, .T. ) ;
#2899 = CARTESIAN_POINT ( 'NONE',  ( -1.763300807568897621, -1.445501380170785613E-14, -6.109374999999995559 ) ) ;
#2900 = CARTESIAN_POINT ( 'NONE',  ( -1.732050807568896511, -1.507499124377620124E-14, -1.062499999999998890 ) ) ;
#2901 = ORIENTED_EDGE ( 'NONE', *, *, #3818, .T. ) ;
#2902 = CARTESIAN_POINT ( 'NONE',  ( 1.732050807568896955, -1.491751410967117965E-14, -5.812500000000001776 ) ) ;
#2903 = CARTESIAN_POINT ( 'NONE',  ( 0.000000000000000000, 1.175240473580837275, -2.937499999999997335 ) ) ;
#2904 = CIRCLE ( 'NONE', #5555, 4.608510497053427635 ) ;
#2905 = VERTEX_POINT ( 'NONE', #2193 ) ;
#2906 = CARTESIAN_POINT ( 'NONE',  ( -0.6785254037844480335, 1.175240473580836387, 1.604166666666669627 ) ) ;
#2907 = CARTESIAN_POINT ( 'NONE',  ( -1.017788105676672439, 0.5876202367904104218, 4.583333333333334814 ) ) ;
#2908 = CARTESIAN_POINT ( 'NONE',  ( 0.6785254037844478114, -1.175240473580867695, -0.6458333333333307058 ) ) ;
#2909 = FACE_OUTER_BOUND ( 'NONE', #2860, .T. ) ;
#2910 = CARTESIAN_POINT ( 'NONE',  ( 6.413709527678467829E-17, -4.056125403487897159E-15, 7.967077405468494966 ) ) ;
#2911 = CARTESIAN_POINT ( 'NONE',  ( -1.870113174931204576E-16, -1.527063293868296201, -1.984374999999995781 ) ) ;
#2912 = CARTESIAN_POINT ( 'NONE',  ( 0.1859679959731083687, 1.519732609387470790, 7.399111319816652710 ) ) ;
#2913 = CARTESIAN_POINT ( 'NONE',  ( -0.6785254037844485886, -1.175240473580867251, -1.291666666666664520 ) ) ;
#2914 = CARTESIAN_POINT ( 'NONE',  ( 1.017788105676672883, 0.5876202367904095336, 3.479166666666669183 ) ) ;
#2915 = CARTESIAN_POINT ( 'NONE',  ( -1.017788105676672439, 0.5876202367904116430, -6.916666666666663410 ) ) ;
#2916 = COORDINATED_UNIVERSAL_TIME_OFFSET ( 6, 0, .BEHIND. ) ;
#2917 = VERTEX_POINT ( 'NONE', #2150 ) ;
#2918 = CARTESIAN_POINT ( 'NONE',  ( 0.000000000000000000, -7.438283133705603770E-16, 8.250000000000000000 ) ) ;
#2919 = CARTESIAN_POINT ( 'NONE',  ( 0.6785254037844490327, 1.175240473580835721, 6.958333333333335702 ) ) ;
#2920 = CARTESIAN_POINT ( 'NONE',  ( -1.038180288643455240, 0.5631462490855204672, 8.198051900844818718 ) ) ;
#2921 = CARTESIAN_POINT ( 'NONE',  ( 1.549187076721467271, 0.2438702740433731642, 7.975097646223971992 ) ) ;
#2922 = ORIENTED_EDGE ( 'NONE', *, *, #815, .F. ) ;
#2923 = CARTESIAN_POINT ( 'NONE',  ( 1.111630500726515036, -0.5952442769159763669, 4.946129904200236460 ) ) ;
#2924 = VERTEX_POINT ( 'NONE', #5275 ) ;
#2925 = CARTESIAN_POINT ( 'NONE',  ( 1.017788105676671995, -0.5876202367904422852, 2.895833333333335702 ) ) ;
#2926 = CARTESIAN_POINT ( 'NONE',  ( 0.8660254037844475894, -1.500000000000032419, 0.6041666666666679619 ) ) ;
#2927 = CARTESIAN_POINT ( 'NONE',  ( -1.448866919941485421, 0.1607841471508996423, 5.459888193532103529 ) ) ;
#2928 = CARTESIAN_POINT ( 'NONE',  ( 0.2087934338140770285, 0.9100100306033852560, 7.406250000000000888 ) ) ;
#2929 = CARTESIAN_POINT ( 'NONE',  ( -1.017788105676672439, -0.5876202367904416191, 3.729166666666668739 ) ) ;
#2930 = CARTESIAN_POINT ( 'NONE',  ( 1.322475605676673771, 0.7635316469341235646, 5.213541666666666963 ) ) ;
#2931 = CARTESIAN_POINT ( 'NONE',  ( 1.322475605676672661, -0.7635316469341567602, 1.630208333333334147 ) ) ;
#2932 = CARTESIAN_POINT ( 'NONE',  ( -0.6785254037844485886, -1.175240473580866807, -5.291666666666663410 ) ) ;
#2933 = ADVANCED_FACE ( 'NONE', ( #4145 ), #5952, .F. ) ;
#2934 = ADVANCED_FACE ( 'NONE', ( #1612 ), #7977, .T. ) ;
#2935 = CARTESIAN_POINT ( 'NONE',  ( -1.870113174931204576E-16, -1.527063293868295757, -5.984374999999994671 ) ) ;
#2936 = CARTESIAN_POINT ( 'NONE',  ( -1.485788006136499195, 0.1867183014945998920, 7.406250000000000888 ) ) ;
#2937 = CARTESIAN_POINT ( 'NONE',  ( 0.000000000000000000, -7.438283133705603770E-16, 8.250000000000000000 ) ) ;
#2938 = CARTESIAN_POINT ( 'NONE',  ( -1.439254484199210086E-16, -1.175240473580867029, -5.187499999999997335 ) ) ;
#2939 = ORIENTED_EDGE ( 'NONE', *, *, #4868, .F. ) ;
#2940 = CARTESIAN_POINT ( 'NONE',  ( -0.2622035415152645377, -1.036004162901806191, 8.124444084471207361 ) ) ;
#2941 = CARTESIAN_POINT ( 'NONE',  ( -1.017788105676672439, -0.5876202367904419521, 5.666666666666668739 ) ) ;
#2942 = CARTESIAN_POINT ( 'NONE',  ( 0.000000000000000000, 1.175240473580837053, -1.437499999999997335 ) ) ;
#2943 = CARTESIAN_POINT ( 'NONE',  ( -0.3729088379170966139, -1.452266876878715918, -7.949571302957028074 ) ) ;
#2944 = CARTESIAN_POINT ( 'NONE',  ( 1.299038105676672883, 0.7499999999999917843, 1.229166666666668073 ) ) ;
#2945 = CARTESIAN_POINT ( 'NONE',  ( 1.519732609387471012, 0.1859679959731093124, 7.399111319816651822 ) ) ;
#2946 = CARTESIAN_POINT ( 'NONE',  ( 1.763300807568897621, -1.601969622890379283E-14, 3.140625000000004441 ) ) ;
#2947 = CARTESIAN_POINT ( 'NONE',  ( 0.000000000000000000, 1.500000000000000888, 1.750000000000003553 ) ) ;
#2948 = CARTESIAN_POINT ( 'NONE',  ( -0.6785254037844480335, 1.175240473580837275, -2.458333333333330373 ) ) ;
#2949 = AXIS2_PLACEMENT_3D ( 'NONE', #6186, #3633, #5485 ) ;
#2950 = CARTESIAN_POINT ( 'NONE',  ( -1.017788105676672439, 0.5876202367904105328, 3.145833333333335702 ) ) ;
#2951 = CARTESIAN_POINT ( 'NONE',  ( 1.017788105676672883, 0.5876202367904104218, -4.083333333333330373 ) ) ;
#2952 = APPROVAL_DATE_TIME ( #5648, #352 ) ;
#2953 = VERTEX_POINT ( 'NONE', #6641 ) ;
#2954 = CARTESIAN_POINT ( 'NONE',  ( 0.000000000000000000, -7.438283133705603770E-16, 8.250000000000000000 ) ) ;
#2955 = CARTESIAN_POINT ( 'NONE',  ( 1.017788105676671995, -0.5876202367904428403, 6.833333333333335702 ) ) ;
#2956 = CARTESIAN_POINT ( 'NONE',  ( 0.6785254037844490327, 1.175240473580837053, -5.479166666666663410 ) ) ;
#2957 = CARTESIAN_POINT ( 'NONE',  ( -1.732050807568896955, -1.470759720403199895E-14, -4.062500000000000000 ) ) ;
#2958 = VERTEX_POINT ( 'NONE', #2776 ) ;
#2959 = DIRECTION ( 'NONE',  ( 0.000000000000000000, -0.1045284632676537068, -0.9945218953682734009 ) ) ;
#2960 = VERTEX_POINT ( 'NONE', #3476 ) ;
#2961 = CARTESIAN_POINT ( 'NONE',  ( 0.000000000000000000, 1.175240473580836609, 2.562500000000002220 ) ) ;
#2962 = CARTESIAN_POINT ( 'NONE',  ( -1.836970198721050149E-16, -1.500000000000031974, 0.5625000000000011102 ) ) ;
#2963 = DIRECTION ( 'NONE',  ( 0.000000000000000000, -1.000000000000000000, 0.000000000000000000 ) ) ;
#2964 = CARTESIAN_POINT ( 'NONE',  ( 0.000000000000000000, 1.175240473580836387, 5.062500000000002665 ) ) ;
#2965 = CARTESIAN_POINT ( 'NONE',  ( -1.322475605676673105, 0.7635316469341248968, 5.380208333333333925 ) ) ;
#2966 = CARTESIAN_POINT ( 'NONE',  ( -1.836970198721050149E-16, -1.500000000000031974, -0.4374999999999988898 ) ) ;
#2967 = CARTESIAN_POINT ( 'NONE',  ( -1.017788105676672439, -0.5876202367904405088, -5.833333333333331261 ) ) ;
#2968 = CARTESIAN_POINT ( 'NONE',  ( -1.017788105676672439, 0.5876202367904118651, -8.354166666666664298 ) ) ;
#2969 = CARTESIAN_POINT ( 'NONE',  ( -1.517818597926565261, 0.1662786652472880988, 7.406250000000000888 ) ) ;
#2970 = FACE_OUTER_BOUND ( 'NONE', #6827, .T. ) ;
#2971 = CARTESIAN_POINT ( 'NONE',  ( 1.017788105676671995, -0.5876202367904415080, -4.104166666666664298 ) ) ;
#2972 = CARTESIAN_POINT ( 'NONE',  ( 0.000000000000000000, 1.175240473580837053, -1.499999999999997335 ) ) ;
#2973 = ORIENTED_EDGE ( 'NONE', *, *, #2128, .F. ) ;
#2974 = CARTESIAN_POINT ( 'NONE',  ( 0.4531220514732877125, -0.3980426312550041090, 7.406250000000000888 ) ) ;
#2975 = CARTESIAN_POINT ( 'NONE',  ( 0.6785254037844490327, 1.175240473580835721, 4.958333333333335702 ) ) ;
#2976 = EDGE_CURVE ( 'NONE', #6647, #5544, #5322, .T. ) ;
#2977 =( BOUNDED_CURVE ( )  B_SPLINE_CURVE ( 2, ( #4685, #877, #3472, #339, #4641, #2060, #5935 ),
 .UNSPECIFIED., .F., .F. ) 
 B_SPLINE_CURVE_WITH_KNOTS ( ( 3, 2, 2, 3 ),
 ( 0.9583333333333332593, 0.9722222222222220989, 0.9861111111111111605, 1.000000000000000000 ),
 .UNSPECIFIED. ) 
 CURVE ( )  GEOMETRIC_REPRESENTATION_ITEM ( )  RATIONAL_B_SPLINE_CURVE ( ( 1.000000000000001110, 0.8660254037844375974, 1.000000000000000000, 0.8660254037844387076, 1.000000000000000000, 0.8660254037844387076, 1.000000000000000000 ) ) 
 REPRESENTATION_ITEM ( '' )  );
#2978 = CARTESIAN_POINT ( 'NONE',  ( -1.017788105676672439, 0.5876202367904107549, 0.6458333333333359239 ) ) ;
#2979 = B_SPLINE_CURVE_WITH_KNOTS ( 'NONE', 3,
 ( #5375, #6611, #3486, #5334, #5454, #7283, #7911, #354, #4074, #8024, #1586, #2205, #6654 ),
 .UNSPECIFIED., .F., .F.,
 ( 4, 3, 3, 3, 4 ),
 ( 0.000000000000000000, 1.564682339362123207E-05, 3.129827412193268352E-05, 4.685273646177348715E-05, 6.373692748297976889E-05 ),
 .UNSPECIFIED. ) ;
#2980 = CARTESIAN_POINT ( 'NONE',  ( -1.422310831172086454, 0.03182284756053755520, -8.017922639331832357 ) ) ;
#2981 = DIRECTION ( 'NONE',  ( 0.000000000000000000, -1.000000000000000000, 0.000000000000000000 ) ) ;
#2982 = DIRECTION ( 'NONE',  ( 0.000000000000000000, -1.000000000000000000, 0.000000000000000000 ) ) ;
#2983 = CARTESIAN_POINT ( 'NONE',  ( -1.322475605676673105, -0.7635316469341558721, 2.432291666666670960 ) ) ;
#2984 = CARTESIAN_POINT ( 'NONE',  ( 0.8660254037844508090, -1.500000000000026645, -3.458333333333329040 ) ) ;
#2985 = CARTESIAN_POINT ( 'NONE',  ( 1.017788105676671995, -0.5876202367904418411, -1.166666666666664076 ) ) ;
#2986 = ADVANCED_FACE ( 'NONE', ( #2898 ), #8080, .T. ) ;
#2987 = DIRECTION ( 'NONE',  ( 0.000000000000000000, 0.000000000000000000, 1.000000000000000000 ) ) ;
#2988 = CARTESIAN_POINT ( 'NONE',  ( 1.357050807568896511, -1.499405453461788912E-14, -4.624999999999997335 ) ) ;
#2989 = CARTESIAN_POINT ( 'NONE',  ( 1.732050807568896955, -1.503997878958591480E-14, -4.812499999999999112 ) ) ;
#2990 = CARTESIAN_POINT ( 'NONE',  ( -1.322475605676673105, 0.7635316469341262291, -5.119791666666666075 ) ) ;
#2991 = ORIENTED_EDGE ( 'NONE', *, *, #789, .F. ) ;
#2992 = CARTESIAN_POINT ( 'NONE',  ( -0.2990896682796985173, 0.9279710683664148529, 8.265361283549927052 ) ) ;
#2993 = CARTESIAN_POINT ( 'NONE',  ( 1.017788105676671995, -0.5876202367904428403, 7.333333333333335702 ) ) ;
#2994 = CARTESIAN_POINT ( 'NONE',  ( -0.6785254037844485886, -1.175240473580866807, -4.729166666666664298 ) ) ;
#2995 = CARTESIAN_POINT ( 'NONE',  ( -1.836970198721050395E-16, -1.500000000000031752, -3.937499999999998224 ) ) ;
#2996 = ORIENTED_EDGE ( 'NONE', *, *, #3095, .F. ) ;
#2997 = CARTESIAN_POINT ( 'NONE',  ( 0.000000000000000000, -7.041719095097280880E-16, 5.750000000000000000 ) ) ;
#2998 = ORIENTED_EDGE ( 'NONE', *, *, #1369, .T. ) ;
#2999 = CARTESIAN_POINT ( 'NONE',  ( 1.357050807568896511, -1.628758771621728070E-14, 5.937500000000001776 ) ) ;
#3000 = CARTESIAN_POINT ( 'NONE',  ( -0.2712414087855007927, 0.9609782536090917260, 8.140750377164776452 ) ) ;
#3001 = FACE_OUTER_BOUND ( 'NONE', #4231, .T. ) ;
#3002 = CARTESIAN_POINT ( 'NONE',  ( -1.017788105676672439, 0.5876202367904105328, 3.145833333333335702 ) ) ;
#3003 = CARTESIAN_POINT ( 'NONE',  ( 0.000000000000000000, -1.500000000000001554, 8.250000000000000000 ) ) ;
#3004 = CARTESIAN_POINT ( 'NONE',  ( -1.017788105676672439, -0.5876202367904407309, -4.333333333333330373 ) ) ;
#3005 = CARTESIAN_POINT ( 'NONE',  ( -1.017788105676672439, 0.5876202367904117541, -7.854166666666663410 ) ) ;
#3006 = CARTESIAN_POINT ( 'NONE',  ( -0.6191419128736529442, 1.204499385946768308, 5.201717771525416367 ) ) ;
#3007 = AXIS2_PLACEMENT_3D ( 'NONE', #2108, #6683, #2817 ) ;
#3008 = CARTESIAN_POINT ( 'NONE',  ( -1.870113174931204576E-16, -1.527063293868297089, 4.015625000000004441 ) ) ;
#3009 = CARTESIAN_POINT ( 'NONE',  ( -1.439254484199210086E-16, -1.175240473580867251, -3.187499999999997780 ) ) ;
#3010 = CARTESIAN_POINT ( 'NONE',  ( -1.357050807568896067, -1.518214783870159450E-14, -0.3749999999999977240 ) ) ;
#3011 = VERTEX_POINT ( 'NONE', #5536 ) ;
#3012 = CARTESIAN_POINT ( 'NONE',  ( 0.6785254037844490327, 1.175240473580835943, 3.020833333333335258 ) ) ;
#3013 = CARTESIAN_POINT ( 'NONE',  ( -1.439254484199210086E-16, -1.175240473580868361, 7.250000000000001776 ) ) ;
#3014 = AXIS2_PLACEMENT_3D ( 'NONE', #1159, #2520, #4313 ) ;
#3015 = CARTESIAN_POINT ( 'NONE',  ( 0.000000000000000000, 1.175240473580836609, 2.562500000000002220 ) ) ;
#3016 = CARTESIAN_POINT ( 'NONE',  ( -1.017788105676672439, 0.5876202367904106438, 1.583333333333335924 ) ) ;
#3017 = CARTESIAN_POINT ( 'NONE',  ( 1.504658928399266626, 0.1800167148843536402, 7.406250000000000888 ) ) ;
#3018 = CARTESIAN_POINT ( 'NONE',  ( 0.8660254037844470343, 1.500000000000005107, -4.291666666666662522 ) ) ;
#3019 = AXIS2_PLACEMENT_3D ( 'NONE', #5514, #2345, #7430 ) ;
#3020 =( BOUNDED_CURVE ( )  B_SPLINE_CURVE ( 2, ( #3847, #6300, #6388, #1405, #2642, #3219, #6432 ),
 .UNSPECIFIED., .F., .F. ) 
 B_SPLINE_CURVE_WITH_KNOTS ( ( 3, 2, 2, 3 ),
 ( 0.1666666666666665741, 0.1805555555555554970, 0.1944444444444442810, 0.2083333333333332038 ),
 .UNSPECIFIED. ) 
 CURVE ( )  GEOMETRIC_REPRESENTATION_ITEM ( )  RATIONAL_B_SPLINE_CURVE ( ( 1.000000000000000444, 0.8660254037844381525, 1.000000000000000000, 0.8660254037844387076, 1.000000000000000000, 0.8660254037844402619, 0.9999999999999984457 ) ) 
 REPRESENTATION_ITEM ( '' )  );
#3021 = CARTESIAN_POINT ( 'NONE',  ( 1.763300807568897621, -1.595846388894642525E-14, 2.640625000000003997 ) ) ;
#3022 = CARTESIAN_POINT ( 'NONE',  ( 1.525790193410406559, -0.2368691645223771902, 7.883403588540147666 ) ) ;
#3023 = CARTESIAN_POINT ( 'NONE',  ( -1.357050807568896511, -1.518214783870159450E-14, -0.3749999999999977240 ) ) ;
#3024 = CARTESIAN_POINT ( 'NONE',  ( -1.836970198721050149E-16, -1.500000000000031974, -0.4374999999999988898 ) ) ;
#3025 = VECTOR ( 'NONE', #3206, 1000.000000000000000 ) ;
#3026 = FACE_OUTER_BOUND ( 'NONE', #6016, .T. ) ;
#3027 = CARTESIAN_POINT ( 'NONE',  ( -1.763300807568897621, -1.476500252274202711E-14, -3.578124999999999112 ) ) ;
#3028 = EDGE_CURVE ( 'NONE', #4364, #5544, #2442, .T. ) ;
#3029 = EDGE_CURVE ( 'NONE', #3895, #1241, #764, .T. ) ;
#3030 = EDGE_CURVE ( 'NONE', #210, #5048, #4456, .T. ) ;
#3031 = ORIENTED_EDGE ( 'NONE', *, *, #4830, .T. ) ;
#3032 = CARTESIAN_POINT ( 'NONE',  ( -2.975449079778098625E-11, 1.333913811434463303, 5.154110094324621194 ) ) ;
#3033 = CARTESIAN_POINT ( 'NONE',  ( 1.017788105676672883, 0.5876202367904106438, -6.520833333333330373 ) ) ;
#3034 = CARTESIAN_POINT ( 'NONE',  ( 0.000000000000000000, 1.500000000000001776, -3.687499999999998668 ) ) ;
#3035 = ORIENTED_EDGE ( 'NONE', *, *, #5488, .F. ) ;
#3036 = CARTESIAN_POINT ( 'NONE',  ( 1.276360304729769135, 0.1299616491739450930, 5.006578396481319082 ) ) ;
#3037 = ORIENTED_EDGE ( 'NONE', *, *, #720, .F. ) ;
#3038 = CARTESIAN_POINT ( 'NONE',  ( -0.6785254037844480335, 1.175240473580835943, 5.604166666666668739 ) ) ;
#3039 = CARTESIAN_POINT ( 'NONE',  ( -1.836970198721050149E-16, -1.500000000000032419, 4.062500000000000888 ) ) ;
#3040 = CARTESIAN_POINT ( 'NONE',  ( -1.732050807568896511, -1.574089294081258150E-14, 4.375000000000003553 ) ) ;
#3041 = CARTESIAN_POINT ( 'NONE',  ( 1.357050807568896511, -1.622635537625991628E-14, 5.437500000000001776 ) ) ;
#3042 = CARTESIAN_POINT ( 'NONE',  ( -1.299038105676672217, 0.7499999999999934497, -2.604166666666665186 ) ) ;
#3043 = CARTESIAN_POINT ( 'NONE',  ( -1.017788105676672439, -0.5876202367904403978, -6.333333333333330373 ) ) ;
#3044 = CARTESIAN_POINT ( 'NONE',  ( 0.8816504037844494768, 1.527063293868266003, -3.276041666666662522 ) ) ;
#3045 = CARTESIAN_POINT ( 'NONE',  ( -1.836970198721050395E-16, -1.500000000000031530, -5.937499999999998224 ) ) ;
#3046 = CARTESIAN_POINT ( 'NONE',  ( -0.8816504037844485886, 1.527063293868265337, 4.807291666666670515 ) ) ;
#3047 = CARTESIAN_POINT ( 'NONE',  ( -0.6785254037844485886, -1.175240473580866807, -5.229166666666662522 ) ) ;
#3048 = CARTESIAN_POINT ( 'NONE',  ( 0.6785254037844490327, 1.175240473580836387, -0.04166666666666424268 ) ) ;
#3049 = ORIENTED_EDGE ( 'NONE', *, *, #4868, .T. ) ;
#3050 = CARTESIAN_POINT ( 'NONE',  ( -1.357050807568896511, -1.555719592094047247E-14, 2.687500000000002220 ) ) ;
#3051 = CARTESIAN_POINT ( 'NONE',  ( -0.6785254037844480335, 1.175240473580835943, 6.541666666666668739 ) ) ;
#3052 = CARTESIAN_POINT ( 'NONE',  ( -0.5181173504688747489, -0.4612122490825882881, 8.198166147663304315 ) ) ;
#3053 = CARTESIAN_POINT ( 'NONE',  ( 1.357050807568896511, -1.554514559423419728E-14, -0.1249999999999975159 ) ) ;
#3054 = CARTESIAN_POINT ( 'NONE',  ( -1.273472522503969140, -0.6913176703388688171, -7.991482437482809509 ) ) ;
#3055 =( BOUNDED_CURVE ( )  B_SPLINE_CURVE ( 2, ( #3652, #5706, #4407, #4953, #6280, #643, #3157 ),
 .UNSPECIFIED., .F., .F. ) 
 B_SPLINE_CURVE_WITH_KNOTS ( ( 3, 2, 2, 3 ),
 ( 0.7916666666666666297, 0.8055555555555555802, 0.8194444444444443088, 0.8333333333333332593 ),
 .UNSPECIFIED. ) 
 CURVE ( )  GEOMETRIC_REPRESENTATION_ITEM ( )  RATIONAL_B_SPLINE_CURVE ( ( 1.000000000000000000, 0.8660254037844387076, 1.000000000000000000, 0.8660254037844387076, 1.000000000000000000, 0.8660254037844398178, 0.9999999999999988898 ) ) 
 REPRESENTATION_ITEM ( '' )  );
#3056 = CARTESIAN_POINT ( 'NONE',  ( -0.6785254037844485886, -1.175240473580867695, 3.708333333333335258 ) ) ;
#3057 = VERTEX_POINT ( 'NONE', #189 ) ;
#3058 = CARTESIAN_POINT ( 'NONE',  ( 0.000000000000000000, 1.527063293868265559, 2.265625000000004441 ) ) ;
#3059 = CARTESIAN_POINT ( 'NONE',  ( 1.517185021815083523, -0.2270432773634172008, 7.789916517023738329 ) ) ;
#3060 = CARTESIAN_POINT ( 'NONE',  ( 1.357050807568896511, -1.560637793419156486E-14, 0.3750000000000025535 ) ) ;
#3061 = CARTESIAN_POINT ( 'NONE',  ( 0.6785254037844478114, -1.175240473580868139, 4.354166666666669627 ) ) ;
#3062 = CARTESIAN_POINT ( 'NONE',  ( -0.6785254037844485886, -1.175240473580867029, -3.791666666666663410 ) ) ;
#3063 = CARTESIAN_POINT ( 'NONE',  ( -1.574078335371365878, -0.2189201988679761735, 7.967461089029153953 ) ) ;
#3064 = CARTESIAN_POINT ( 'NONE',  ( 0.8816504037844494768, 1.527063293868266003, -4.244791666666665186 ) ) ;
#3065 = EDGE_LOOP ( 'NONE', ( #2566, #5815 ) ) ;
#3066 = CARTESIAN_POINT ( 'NONE',  ( 1.017788105676672883, 0.5876202367904101997, -2.020833333333330817 ) ) ;
#3067 = FACE_OUTER_BOUND ( 'NONE', #7578, .T. ) ;
#3068 = CARTESIAN_POINT ( 'NONE',  ( -1.017788105676672439, 0.5876202367904113100, -4.354166666666664298 ) ) ;
#3069 = ADVANCED_FACE ( 'NONE', ( #1464 ), #2702, .T. ) ;
#3070 = EDGE_CURVE ( 'NONE', #2183, #3831, #6124, .T. ) ;
#3071 = CARTESIAN_POINT ( 'NONE',  ( 0.2469850266604018130, 1.535890407632283461, 7.979649587690044399 ) ) ;
#3072 = B_SPLINE_CURVE_WITH_KNOTS ( 'NONE', 3,
 ( #7090, #79, #243, #2590, #3920, #1478, #738, #1923, #5756, #119, #7130, #2671, #4503, #7757, #4587, #5925 ),
 .UNSPECIFIED., .F., .F.,
 ( 4, 3, 3, 3, 3, 4 ),
 ( 0.000000000000000000, 1.463772298357063561E-05, 2.928092099299671491E-05, 4.384939631435113476E-05, 5.839568215676183569E-05, 6.381151604612056547E-05 ),
 .UNSPECIFIED. ) ;
#3073 = VECTOR ( 'NONE', #4055, 1000.000000000000000 ) ;
#3074 = ORIENTED_EDGE ( 'NONE', *, *, #971, .T. ) ;
#3075 = CARTESIAN_POINT ( 'NONE',  ( 0.7809830015624933397, 1.065469787358841902, 5.089843889991566783 ) ) ;
#3076 = ORIENTED_EDGE ( 'NONE', *, *, #4204, .T. ) ;
#3077 = CARTESIAN_POINT ( 'NONE',  ( 1.357050807568896511, -1.616512303630254555E-14, 4.937500000000002665 ) ) ;
#3078 = FACE_OUTER_BOUND ( 'NONE', #6055, .T. ) ;
#3079 = CARTESIAN_POINT ( 'NONE',  ( -1.299038105676672217, -0.7500000000000227596, -5.083333333333329485 ) ) ;
#3080 = CARTESIAN_POINT ( 'NONE',  ( -1.017788105676672439, 0.5876202367904100887, 6.645833333333334814 ) ) ;
#3081 = CARTESIAN_POINT ( 'NONE',  ( 1.322475605676673771, 0.7635316469341231205, 8.213541666666667851 ) ) ;
#3082 = EDGE_CURVE ( 'NONE', #2508, #7108, #1339, .T. ) ;
#3083 = CARTESIAN_POINT ( 'NONE',  ( 0.6785254037844490327, 1.175240473580837275, -6.041666666666663410 ) ) ;
#3084 = CARTESIAN_POINT ( 'NONE',  ( -0.6785254037844480335, 1.175240473580837719, -8.395833333333330373 ) ) ;
#3085 = CARTESIAN_POINT ( 'NONE',  ( -0.4497928725692171836, 1.271983102048672265, 5.187558493137012228 ) ) ;
#3086 = CARTESIAN_POINT ( 'NONE',  ( 0.8816504037844482555, -1.527063293868297533, 5.057291666666671404 ) ) ;
#3087 = CYLINDRICAL_SURFACE ( 'NONE', #2547, 1.500000000000000888 ) ;
#3088 = CARTESIAN_POINT ( 'NONE',  ( 0.6785254037844478114, -1.175240473580867695, -0.7083333333333307058 ) ) ;
#3089 = EDGE_LOOP ( 'NONE', ( #7344, #2491, #3168, #3467 ) ) ;
#3090 = CARTESIAN_POINT ( 'NONE',  ( 1.017788105676672883, 0.5876202367904095336, 2.979166666666669183 ) ) ;
#3091 = CARTESIAN_POINT ( 'NONE',  ( 1.357050807568896511, -1.627993367372260817E-14, 5.875000000000001776 ) ) ;
#3092 = CARTESIAN_POINT ( 'NONE',  ( -1.017788105676672439, -0.5876202367904415080, 2.229166666666669183 ) ) ;
#3093 = CARTESIAN_POINT ( 'NONE',  ( 0.000000000000000000, 1.175240473580836609, 2.000000000000002665 ) ) ;
#3094 = CARTESIAN_POINT ( 'NONE',  ( 0.03788858934124424843, -1.179270349826725406, -8.249999999999996447 ) ) ;
#3095 = EDGE_CURVE ( 'NONE', #3916, #6366, #4998, .T. ) ;
#3096 = CARTESIAN_POINT ( 'NONE',  ( 0.9827792013656191372, 0.1867183014945865693, 7.406250000000000888 ) ) ;
#3097 = DIRECTION ( 'NONE',  ( 0.000000000000000000, -0.9967800569107646558, 0.08018427617041258559 ) ) ;
#3098 = CALENDAR_DATE ( 2026, 8, 1 ) ;
#3099 = EDGE_LOOP ( 'NONE', ( #584, #4174, #8193, #2282 ) ) ;
#3100 = B_SPLINE_CURVE_WITH_KNOTS ( 'NONE', 3,
 ( #7135, #8206, #3753, #6295, #830, #5264, #7801, #2097, #6511, #4635, #3970, #3338, #1441, #5886, #209, #2719 ),
 .UNSPECIFIED., .F., .F.,
 ( 4, 3, 3, 3, 3, 4 ),
 ( 2.710505431213761085E-20, 1.470844003612274739E-05, 2.939417830357485023E-05, 4.442267351837508036E-05, 5.988482598158415264E-05, 6.364891938351351823E-05 ),
 .UNSPECIFIED. ) ;
#3101 = CARTESIAN_POINT ( 'NONE',  ( 0.8816504037844494768, 1.527063293868265115, 2.723958333333337922 ) ) ;
#3102 = CARTESIAN_POINT ( 'NONE',  ( 0.6785254037844478114, -1.175240473580867695, 0.7916666666666691832 ) ) ;
#3103 = CARTESIAN_POINT ( 'NONE',  ( 0.6785254037844490327, 1.175240473580835943, 4.520833333333334814 ) ) ;
#3104 = CARTESIAN_POINT ( 'NONE',  ( -0.6785254037844480335, 1.175240473580837275, -3.458333333333330373 ) ) ;
#3105 =( BOUNDED_CURVE ( )  B_SPLINE_CURVE ( 3, ( #6773, #3096, #5525, #7518 ),
 .UNSPECIFIED., .F., .F. ) 
 B_SPLINE_CURVE_WITH_KNOTS ( ( 4, 4 ),
 ( 2.946332657651816955, 3.336852649527768389 ),
 .UNSPECIFIED. ) 
 CURVE ( )  GEOMETRIC_REPRESENTATION_ITEM ( )  RATIONAL_B_SPLINE_CURVE ( ( 1.000000000000000000, 0.9873315052531760339, 0.9873315052531760339, 1.000000000000000000 ) ) 
 REPRESENTATION_ITEM ( '' )  );
#3106 = CARTESIAN_POINT ( 'NONE',  ( 0.000000000000000000, 1.500000000000001998, -4.687499999999999112 ) ) ;
#3107 = CARTESIAN_POINT ( 'NONE',  ( -1.763300807568897621, -1.482623486269939468E-14, -3.078124999999999112 ) ) ;
#3108 = EDGE_LOOP ( 'NONE', ( #7168, #2067, #7792, #84, #3459 ) ) ;
#3109 = CARTESIAN_POINT ( 'NONE',  ( -1.357050807568896511, -1.512856954123889945E-14, -0.8124999999999976685 ) ) ;
#3110 = DIRECTION ( 'NONE',  ( -0.000000000000000000, -1.224646799147353207E-16, 1.000000000000000000 ) ) ;
#3111 = CARTESIAN_POINT ( 'NONE',  ( -1.017788105676672439, 0.5876202367904115320, -5.854166666666663410 ) ) ;
#3112 = CARTESIAN_POINT ( 'NONE',  ( 0.2262873432254708106, 1.570261840389536756, 7.968467505280397489 ) ) ;
#3113 = ORIENTED_EDGE ( 'NONE', *, *, #4723, .F. ) ;
#3114 = CARTESIAN_POINT ( 'NONE',  ( -0.1863754552030766620, 1.486380696054987682, 7.406250000000000888 ) ) ;
#3115 = EDGE_CURVE ( 'NONE', #7126, #5884, #2184, .T. ) ;
#3116 = VERTEX_POINT ( 'NONE', #3276 ) ;
#3117 = CARTESIAN_POINT ( 'NONE',  ( 1.017788105676671995, -0.5876202367904427293, 5.895833333333335702 ) ) ;
#3118 = CARTESIAN_POINT ( 'NONE',  ( 0.1678133101362491442, -1.542129141224537259, 7.595469755425368064 ) ) ;
#3119 = CARTESIAN_POINT ( 'NONE',  ( -0.6785254037844485886, -1.175240473580867695, 5.770833333333336590 ) ) ;
#3120 = CARTESIAN_POINT ( 'NONE',  ( -1.870113174931204576E-16, -1.527063293868297533, 8.046875000000000000 ) ) ;
#3121 = CARTESIAN_POINT ( 'NONE',  ( -1.017788105676672439, -0.5876202367904407309, -3.833333333333330817 ) ) ;
#3122 = VERTEX_POINT ( 'NONE', #3863 ) ;
#3123 = CARTESIAN_POINT ( 'NONE',  ( 1.357050807568896511, -1.481801155724045892E-14, -6.062499999999996447 ) ) ;
#3124 = CARTESIAN_POINT ( 'NONE',  ( 1.078731878418711432, 0.7291586712434580120, -8.145399957451486372 ) ) ;
#3125 = EDGE_CURVE ( 'NONE', #4652, #7699, #7241, .T. ) ;
#3126 = EDGE_CURVE ( 'NONE', #842, #210, #714, .T. ) ;
#3127 = ORIENTED_EDGE ( 'NONE', *, *, #369, .F. ) ;
#3128 = CARTESIAN_POINT ( 'NONE',  ( -0.8816504037844491437, -1.527063293868296867, 5.473958333333337478 ) ) ;
#3129 = CYLINDRICAL_SURFACE ( 'NONE', #4015, 0.2916000000000000814 ) ;
#3130 = CARTESIAN_POINT ( 'NONE',  ( -1.439254484199210086E-16, -1.175240473580867473, -0.7499999999999976685 ) ) ;
#3131 = ORIENTED_EDGE ( 'NONE', *, *, #207, .F. ) ;
#3132 = CARTESIAN_POINT ( 'NONE',  ( 1.522273161123902874, -0.1575495245399275712, 7.406250000000000888 ) ) ;
#3133 = CARTESIAN_POINT ( 'NONE',  ( -0.6785254037844480335, 1.175240473580837719, -6.458333333333330373 ) ) ;
#3134 = CARTESIAN_POINT ( 'NONE',  ( -1.357050807568896511, -1.622309761797684641E-14, 8.125000000000001776 ) ) ;
#3135 = CARTESIAN_POINT ( 'NONE',  ( -0.6785254037844480335, 1.175240473580836387, 2.604166666666668739 ) ) ;
#3136 = CARTESIAN_POINT ( 'NONE',  ( 1.357050807568896511, -1.579007495406366758E-14, 1.875000000000002665 ) ) ;
#3137 = CARTESIAN_POINT ( 'NONE',  ( -1.836970198721050395E-16, -1.500000000000031530, -4.437500000000000000 ) ) ;
#3138 = CARTESIAN_POINT ( 'NONE',  ( 1.357050807568896067, -1.597377197393577346E-14, 3.375000000000002220 ) ) ;
#3139 = DIRECTION ( 'NONE',  ( 0.000000000000000000, -1.000000000000000000, 0.000000000000000000 ) ) ;
#3140 = PERSON_AND_ORGANIZATION ( #5956, #3810 ) ;
#3141 = ORIENTED_EDGE ( 'NONE', *, *, #6651, .T. ) ;
#3142 = CARTESIAN_POINT ( 'NONE',  ( 0.000000000000000000, -1.500000000000001554, 8.250000000000000000 ) ) ;
#3143 = CONICAL_SURFACE ( 'NONE', #7680, 1.550799999999997514, 0.3490658503988666728 ) ;
#3144 = AXIS2_PLACEMENT_3D ( 'NONE', #2019, #7099, #7806 ) ;
#3145 = CARTESIAN_POINT ( 'NONE',  ( -1.017788105676672439, -0.5876202367904410639, -1.270833333333330817 ) ) ;
#3146 = CARTESIAN_POINT ( 'NONE',  ( -1.439254484199210086E-16, -1.175240473580867695, 0.2500000000000023870 ) ) ;
#3147 = CARTESIAN_POINT ( 'NONE',  ( 0.6785254037844478114, -1.175240473580868583, 7.291666666666668739 ) ) ;
#3148 = LINE ( 'NONE', #6198, #1301 ) ;
#3149 = CARTESIAN_POINT ( 'NONE',  ( 0.7306602186199324667, -1.257394046808411492, -7.986133775694183257 ) ) ;
#3150 = CARTESIAN_POINT ( 'NONE',  ( 0.000000000000000000, -7.438283133705603770E-16, 8.250000000000000000 ) ) ;
#3151 = AXIS2_PLACEMENT_3D ( 'NONE', #7780, #3988, #5862 ) ;
#3152 = CARTESIAN_POINT ( 'NONE',  ( 1.322475605676673771, 0.7635316469341247858, -4.286458333333332149 ) ) ;
#3153 = CARTESIAN_POINT ( 'NONE',  ( 1.017788105676671995, -0.5876202367904413970, -4.666666666666664298 ) ) ;
#3154 = ORIENTED_EDGE ( 'NONE', *, *, #1524, .F. ) ;
#3155 = CARTESIAN_POINT ( 'NONE',  ( 0.000000000000000000, 1.175240473580837053, -1.937499999999997335 ) ) ;
#3156 = TOROIDAL_SURFACE ( 'NONE', #656, 0.7099290930832727886, 2.290070906916725768 ) ;
#3157 = CARTESIAN_POINT ( 'NONE',  ( 0.000000000000000000, 1.500000000000001332, -1.749999999999996447 ) ) ;
#3158 = CARTESIAN_POINT ( 'NONE',  ( -1.017788105676672439, -0.5876202367904402868, -7.833333333333331261 ) ) ;
#3159 = CARTESIAN_POINT ( 'NONE',  ( 0.000000000000000000, 2.070106209874711453E-15, 8.250000000000000000 ) ) ;
#3160 = VERTEX_POINT ( 'NONE', #3525 ) ;
#3161 = CARTESIAN_POINT ( 'NONE',  ( -0.8660254037844489217, -1.500000000000031308, -6.979166666666666963 ) ) ;
#3162 = EDGE_LOOP ( 'NONE', ( #2617, #5802, #5255, #1481 ) ) ;
#3163 = CARTESIAN_POINT ( 'NONE',  ( 1.017788105676672883, 0.5876202367904093116, 4.979166666666668739 ) ) ;
#3164 = CARTESIAN_POINT ( 'NONE',  ( -1.836970198721050149E-16, -1.500000000000032196, 2.062500000000000888 ) ) ;
#3165 = CARTESIAN_POINT ( 'NONE',  ( -0.6785254037844480335, 1.175240473580835721, 7.104166666666669627 ) ) ;
#3166 = CARTESIAN_POINT ( 'NONE',  ( 0.000000000000000000, 1.527063293868264893, 7.796875000000000000 ) ) ;
#3167 = CARTESIAN_POINT ( 'NONE',  ( -1.439254484199210086E-16, -1.175240473580867251, -3.749999999999997335 ) ) ;
#3168 = ORIENTED_EDGE ( 'NONE', *, *, #7366, .F. ) ;
#3169 = CARTESIAN_POINT ( 'NONE',  ( -0.6785254037844485886, -1.175240473580866585, -6.729166666666663410 ) ) ;
#3170 = CARTESIAN_POINT ( 'NONE',  ( 1.270004833840439273, -0.04130463030536971059, -8.176936596113874245 ) ) ;
#3171 = ORIENTED_EDGE ( 'NONE', *, *, #1210, .F. ) ;
#3172 = CARTESIAN_POINT ( 'NONE',  ( 0.000000000000000000, 1.527063293868265337, 3.765625000000003997 ) ) ;
#3173 = DIRECTION ( 'NONE',  ( -0.02078751127481450953, -0.1045058763748859254, 0.9943069954385902465 ) ) ;
#3174 = CARTESIAN_POINT ( 'NONE',  ( 1.357050807568896067, -1.572884261410630000E-14, 1.375000000000001998 ) ) ;
#3175 = ORIENTED_EDGE ( 'NONE', *, *, #3741, .T. ) ;
#3176 = CARTESIAN_POINT ( 'NONE',  ( -1.542129141224535926, -0.1678133101362554169, 7.595469755425368952 ) ) ;
#3177 = CARTESIAN_POINT ( 'NONE',  ( -1.017788105676672439, -0.5876202367904402868, -7.333333333333330373 ) ) ;
#3178 = CARTESIAN_POINT ( 'NONE',  ( -1.357050807568896511, -1.603940059810474369E-14, 6.625000000000002665 ) ) ;
#3179 = EDGE_CURVE ( 'NONE', #3619, #7126, #6963, .T. ) ;
#3180 = EDGE_CURVE ( 'NONE', #5241, #3312, #2350, .T. ) ;
#3182 = ADVANCED_FACE ( 'NONE', ( #4034 ), #3451, .T. ) ;
#3181 = CARTESIAN_POINT ( 'NONE',  ( 0.6785254037844490327, 1.175240473580835943, 2.458333333333335702 ) ) ;
#3183 = CARTESIAN_POINT ( 'NONE',  ( -1.299038105676672217, -0.7500000000000236478, 3.416666666666669627 ) ) ;
#3184 = CARTESIAN_POINT ( 'NONE',  ( 1.017788105676672883, 0.5876202367904094226, 4.416666666666668739 ) ) ;
#3185 = CARTESIAN_POINT ( 'NONE',  ( 0.9827792013656196923, -0.1867183014945898167, 7.406250000000001776 ) ) ;
#3186 = CARTESIAN_POINT ( 'NONE',  ( 1.542129073831890018, 0.1678132330522524029, 7.595469040531506622 ) ) ;
#3187 = ORIENTED_EDGE ( 'NONE', *, *, #2275, .F. ) ;
#3188 = CARTESIAN_POINT ( 'NONE',  ( -1.357050807568896511, -1.488364018140942915E-14, -2.812499999999997335 ) ) ;
#3189 = CARTESIAN_POINT ( 'NONE',  ( -1.439254484199210086E-16, -1.175240473580867695, 1.250000000000001998 ) ) ;
#3190 = CARTESIAN_POINT ( 'NONE',  ( 0.000000000000000000, -0.7099290930832732327, 6.720538499609660654 ) ) ;
#3191 = CARTESIAN_POINT ( 'NONE',  ( -1.041628846480387338, 0.7678325447829615902, 5.013330734228867769 ) ) ;
#3192 = CARTESIAN_POINT ( 'NONE',  ( -0.8660254037844570263, -1.500000000000017319, -4.479166666666666963 ) ) ;
#3193 = CARTESIAN_POINT ( 'NONE',  ( -1.836970198721050149E-16, -1.500000000000031530, -5.499999999999996447 ) ) ;
#3194 = CARTESIAN_POINT ( 'NONE',  ( -1.357050807568896067, -1.487598613891475663E-14, -2.874999999999996891 ) ) ;
#3195 = ORIENTED_EDGE ( 'NONE', *, *, #12, .F. ) ;
#3196 = CARTESIAN_POINT ( 'NONE',  ( -1.017788105676672439, 0.5876202367904109769, -0.8541666666666640761 ) ) ;
#3197 = CARTESIAN_POINT ( 'NONE',  ( -0.7026901318165287291, 0.7026901318165411636, 8.203144106708492700 ) ) ;
#3198 = CARTESIAN_POINT ( 'NONE',  ( -1.017788105676672439, 0.5876202367904113100, -3.854166666666663854 ) ) ;
#3199 = CARTESIAN_POINT ( 'NONE',  ( 0.2470292989821757101, 1.534691860997135837, 7.980070810694637196 ) ) ;
#3200 = EDGE_CURVE ( 'NONE', #4096, #5205, #6978, .T. ) ;
#3201 = CARTESIAN_POINT ( 'NONE',  ( -0.1770761412636708831, 1.508695708151069237, 7.406250000000000888 ) ) ;
#3202 = ORIENTED_EDGE ( 'NONE', *, *, #7878, .T. ) ;
#3203 = CARTESIAN_POINT ( 'NONE',  ( 1.017788105676672883, 0.5876202367904089785, 7.479166666666668739 ) ) ;
#3204 = CARTESIAN_POINT ( 'NONE',  ( 0.1474052775258354875, -1.524207146240230903, 7.406250000000000888 ) ) ;
#3205 = CARTESIAN_POINT ( 'NONE',  ( 0.6785254037844490327, 1.175240473580835721, 7.020833333333335702 ) ) ;
#3206 = DIRECTION ( 'NONE',  ( -0.000000000000000000, -1.224646799147353207E-16, 1.000000000000000000 ) ) ;
#3207 = VECTOR ( 'NONE', #4724, 1000.000000000000114 ) ;
#3208 = CARTESIAN_POINT ( 'NONE',  ( -0.6785254037844485886, -1.175240473580867029, -2.791666666666663410 ) ) ;
#3209 = ORIENTED_EDGE ( 'NONE', *, *, #3236, .T. ) ;
#3210 = CARTESIAN_POINT ( 'NONE',  ( 1.017788105676672883, 0.5876202367904106438, -6.020833333333330373 ) ) ;
#3211 = CYLINDRICAL_SURFACE ( 'NONE', #2886, 1.500000000000000888 ) ;
#3213 = EDGE_LOOP ( 'NONE', ( #7753, #2782, #1581, #4917 ) ) ;
#3212 = VECTOR ( 'NONE', #4007, 1000.000000000000000 ) ;
#3214 = CARTESIAN_POINT ( 'NONE',  ( -1.322475605676673105, 0.7635316469341246748, 6.848958333333337478 ) ) ;
#3215 = CARTESIAN_POINT ( 'NONE',  ( 0.6785254037844478114, -1.175240473580867473, -2.645833333333330373 ) ) ;
#3216 = CARTESIAN_POINT ( 'NONE',  ( -1.017788105676672439, 0.5876202367904106438, 2.083333333333335258 ) ) ;
#3217 = CARTESIAN_POINT ( 'NONE',  ( 1.480580224308148729, -0.1863564938362341772, 7.402807630076059908 ) ) ;
#3218 = ORIENTED_EDGE ( 'NONE', *, *, #2575, .F. ) ;
#3219 = CARTESIAN_POINT ( 'NONE',  ( 0.8660254037844539177, -1.500000000000022427, 2.041666666666670960 ) ) ;
#3220 = CARTESIAN_POINT ( 'NONE',  ( 0.000000000000000000, 1.175240473580837497, -5.499999999999997335 ) ) ;
#3221 = CARTESIAN_POINT ( 'NONE',  ( -1.763300807568897621, -1.556102294218780873E-14, 2.921875000000000444 ) ) ;
#3222 = CARTESIAN_POINT ( 'NONE',  ( -1.763300807568897621, -1.500993188257149741E-14, -1.578124999999999556 ) ) ;
#3223 = CARTESIAN_POINT ( 'NONE',  ( -0.9453114802360849112, 0.1941710946047907338, 7.406250000000001776 ) ) ;
#3224 = CARTESIAN_POINT ( 'NONE',  ( 1.322475605676672661, -0.7635316469341555390, -7.901041666666662522 ) ) ;
#3225 = CARTESIAN_POINT ( 'NONE',  ( -1.482736319501099409, -0.1867183014945880681, 7.406250000000000888 ) ) ;
#3226 = ORIENTED_EDGE ( 'NONE', *, *, #2631, .F. ) ;
#3227 = CARTESIAN_POINT ( 'NONE',  ( 1.017788105676672883, 0.5876202367904096446, 2.416666666666669183 ) ) ;
#3228 = EDGE_CURVE ( 'NONE', #8040, #7738, #7339, .T. ) ;
#3229 = VERTEX_POINT ( 'NONE', #7870 ) ;
#3230 = CARTESIAN_POINT ( 'NONE',  ( 0.000000000000000000, 1.175240473580837053, -0.9374999999999973355 ) ) ;
#3231 = DIRECTION ( 'NONE',  ( -0.9945218953682732899, 1.113063242285104778E-14, -0.1045284632676538178 ) ) ;
#3232 = CARTESIAN_POINT ( 'NONE',  ( -0.5765096284847149866, 1.136117791231217700, 4.981769761386785511 ) ) ;
#3233 = CARTESIAN_POINT ( 'NONE',  ( -0.8660254037844519193, 1.499999999999994671, -0.7083333333333292625 ) ) ;
#3234 = B_SPLINE_CURVE_WITH_KNOTS ( 'NONE', 3,
 ( #7896, #5982, #4016, #297, #214, #2684, #5934 ),
 .UNSPECIFIED., .F., .F.,
 ( 4, 3, 4 ),
 ( 3.426131402137982032E-16, 0.0002867374893064191291, 0.0005665053673953715290 ),
 .UNSPECIFIED. ) ;
#3235 = CARTESIAN_POINT ( 'NONE',  ( 1.476889365292449741, -0.2622933523483244600, 5.610428147091764295 ) ) ;
#3236 = EDGE_CURVE ( 'NONE', #6210, #6549, #3874, .T. ) ;
#3237 = EDGE_LOOP ( 'NONE', ( #3578, #8144, #5947, #1439 ) ) ;
#3238 = CARTESIAN_POINT ( 'NONE',  ( 1.357050807568896511, -1.573649665660097253E-14, 1.437500000000001998 ) ) ;
#3239 = CYLINDRICAL_SURFACE ( 'NONE', #3681, 0.2915999999999999703 ) ;
#3240 = CARTESIAN_POINT ( 'NONE',  ( 1.017788105676672883, 0.5876202367904101997, -2.520833333333330817 ) ) ;
#3241 = CARTESIAN_POINT ( 'NONE',  ( 0.2402462345495699758, 1.556630036246273274, 7.972636439135570185 ) ) ;
#3242 =( BOUNDED_CURVE ( )  B_SPLINE_CURVE ( 2, ( #1493, #2733, #3516, #2900, #7981, #1000, #2278 ),
 .UNSPECIFIED., .F., .F. ) 
 B_SPLINE_CURVE_WITH_KNOTS ( ( 3, 2, 2, 3 ),
 ( 0.3333333333333333148, 0.3472222222222222099, 0.3611111111111111049, 0.3750000000000000000 ),
 .UNSPECIFIED. ) 
 CURVE ( )  GEOMETRIC_REPRESENTATION_ITEM ( )  RATIONAL_B_SPLINE_CURVE ( ( 1.000000000000000000, 0.8660254037844387076, 1.000000000000000000, 0.8660254037844387076, 1.000000000000000000, 0.8660254037844387076, 1.000000000000000000 ) ) 
 REPRESENTATION_ITEM ( '' )  );
#3243 = LINE ( 'NONE', #6285, #2357 ) ;
#3244 =( BOUNDED_CURVE ( )  B_SPLINE_CURVE ( 2, ( #3413, #6047, #2171, #3958, #2708, #4669, #6502 ),
 .UNSPECIFIED., .F., .F. ) 
 B_SPLINE_CURVE_WITH_KNOTS ( ( 3, 2, 2, 3 ),
 ( 0.5416666666666666297, 0.5555555555555555802, 0.5694444444444443088, 0.5833333333333332593 ),
 .UNSPECIFIED. ) 
 CURVE ( )  GEOMETRIC_REPRESENTATION_ITEM ( )  RATIONAL_B_SPLINE_CURVE ( ( 1.000000000000000000, 0.8660254037844387076, 1.000000000000000000, 0.8660254037844387076, 1.000000000000000000, 0.8660254037844398178, 0.9999999999999988898 ) ) 
 REPRESENTATION_ITEM ( '' )  );
#3245 = VERTEX_POINT ( 'NONE', #2248 ) ;
#3246 = CARTESIAN_POINT ( 'NONE',  ( -0.5181179941836141500, 0.4612119759279533215, 8.198166090358178337 ) ) ;
#3247 = CARTESIAN_POINT ( 'NONE',  ( 1.299038105676672883, 0.7499999999999913403, 3.729166666666667851 ) ) ;
#3248 = CARTESIAN_POINT ( 'NONE',  ( 1.017788105676671995, -0.5876202367904427293, 6.395833333333334814 ) ) ;
#3249 = CARTESIAN_POINT ( 'NONE',  ( 0.2270432782799821081, -1.517185022618163348, 7.789916525744362552 ) ) ;
#3250 = CARTESIAN_POINT ( 'NONE',  ( 1.357050807568896511, -1.517775155448999184E-14, -3.124999999999997780 ) ) ;
#3251 = ADVANCED_BREP_SHAPE_REPRESENTATION ( '92000A124_Passivated 18-8 Stainless Steel Pan Head Phillips Screws', ( #7835, #4876 ), #7410 ) ;
#3252 = ORIENTED_EDGE ( 'NONE', *, *, #611, .F. ) ;
#3253 = CARTESIAN_POINT ( 'NONE',  ( -1.017788105676672439, -0.5876202367904405088, -5.770833333333331261 ) ) ;
#3254 = DIRECTION ( 'NONE',  ( -0.000000000000000000, -1.224646799147353207E-16, 1.000000000000000000 ) ) ;
#3255 = VERTEX_POINT ( 'NONE', #2163 ) ;
#3256 = CARTESIAN_POINT ( 'NONE',  ( 0.8816504037844494768, 1.527063293868264671, 7.223958333333337478 ) ) ;
#3257 = CARTESIAN_POINT ( 'NONE',  ( -1.836970198721050149E-16, -1.500000000000031308, -5.999999999999995559 ) ) ;
#3258 = CARTESIAN_POINT ( 'NONE',  ( 1.017788105676672883, 0.5876202367904096446, 1.916666666666668961 ) ) ;
#3259 = CARTESIAN_POINT ( 'NONE',  ( 0.8660254037844500319, -1.500000000000028866, 3.041666666666670960 ) ) ;
#3260 = CARTESIAN_POINT ( 'NONE',  ( 0.000000000000000000, -7.438283133705603770E-16, 8.250000000000000000 ) ) ;
#3261 = CARTESIAN_POINT ( 'NONE',  ( 0.000000000000000000, 1.175240473580837719, -7.499999999999997335 ) ) ;
#3262 = CARTESIAN_POINT ( 'NONE',  ( 1.322475605676672661, -0.7635316469341572043, 4.630208333333333037 ) ) ;
#3263 = CARTESIAN_POINT ( 'NONE',  ( 0.8816504037844482555, -1.527063293868296867, -1.411458333333332815 ) ) ;
#3264 = CARTESIAN_POINT ( 'NONE',  ( 0.4999534751593365800, -0.2070875099665586971, 7.406250000000000888 ) ) ;
#3265 = CARTESIAN_POINT ( 'NONE',  ( -0.6785254037844480335, 1.175240473580836387, 4.541666666666668739 ) ) ;
#3266 = CARTESIAN_POINT ( 'NONE',  ( 0.000000000000000000, 1.500000000000001332, -1.249999999999996447 ) ) ;
#3267 = ORIENTED_EDGE ( 'NONE', *, *, #6244, .F. ) ;
#3268 = CARTESIAN_POINT ( 'NONE',  ( 1.357050807568896511, -1.585130729402103515E-14, 2.375000000000002220 ) ) ;
#3269 = VERTEX_POINT ( 'NONE', #4703 ) ;
#3270 = CARTESIAN_POINT ( 'NONE',  ( -0.6785254037844480335, 1.175240473580837053, -1.395833333333330817 ) ) ;
#3271 = LINE ( 'NONE', #5907, #8072 ) ;
#3272 = CARTESIAN_POINT ( 'NONE',  ( -0.6785254037844485886, -1.175240473580868139, 8.208333333333335702 ) ) ;
#3273 = CARTESIAN_POINT ( 'NONE',  ( -0.1709231710256261805, -1.332422385124035769, 5.150012434213938839 ) ) ;
#3274 = CARTESIAN_POINT ( 'NONE',  ( 1.050943903833044146, -1.070288237343679949, -7.937499999999996447 ) ) ;
#3275 = CARTESIAN_POINT ( 'NONE',  ( -0.2372923498678559395, -1.560644815424482967, 7.971354974855262121 ) ) ;
#3276 = CARTESIAN_POINT ( 'NONE',  ( -3.565022951127661929E-16, -2.911062155725037126, 7.214831068342490994 ) ) ;
#3277 = VECTOR ( 'NONE', #6032, 1000.000000000000000 ) ;
#3278 = VECTOR ( 'NONE', #7187, 1000.000000000000000 ) ;
#3279 = ORIENTED_EDGE ( 'NONE', *, *, #3684, .F. ) ;
#3280 = DIRECTION ( 'NONE',  ( 0.1045058763748857172, 0.02078751127481459973, 0.9943069954385901354 ) ) ;
#3281 = CARTESIAN_POINT ( 'NONE',  ( -1.357050807568896511, -1.537349890106836974E-14, 1.187500000000002887 ) ) ;
#3282 = CARTESIAN_POINT ( 'NONE',  ( 0.000000000000000000, -7.438283133705603770E-16, 8.250000000000000000 ) ) ;
#3283 = CARTESIAN_POINT ( 'NONE',  ( -1.357050807568896511, -1.476117550149469400E-14, -3.812499999999997335 ) ) ;
#3284 = CARTESIAN_POINT ( 'NONE',  ( -1.017788105676672439, 0.5876202367904109769, -0.9166666666666641872 ) ) ;
#3285 = EDGE_CURVE ( 'NONE', #1602, #1719, #6078, .T. ) ;
#3286 = ADVANCED_FACE ( 'NONE', ( #4075 ), #5583, .F. ) ;
#3287 = CARTESIAN_POINT ( 'NONE',  ( -0.1522618602394399667, 1.523737468660976813, 7.406250000000000888 ) ) ;
#3288 = AXIS2_PLACEMENT_3D ( 'NONE', #5025, #3607, #6161 ) ;
#3289 = EDGE_LOOP ( 'NONE', ( #7208, #7437, #1635, #2224 ) ) ;
#3290 = DIRECTION ( 'NONE',  ( 0.000000000000000000, -0.9945218953682730678, -0.1045284632676558301 ) ) ;
#3291 =( BOUNDED_SURFACE ( )  B_SPLINE_SURFACE ( 3, 2, ( 
 ( #4942, #7735, #5195 ),
 ( #4564, #1411, #2691 ),
 ( #3983, #3807, #6976 ),
 ( #7775, #5857, #54 ) ),
 .UNSPECIFIED., .F., .F., .F. ) 
 B_SPLINE_SURFACE_WITH_KNOTS ( ( 4, 4 ),
 ( 3, 3 ),
 ( 0.001033242954321075911, 0.001619677831743911731 ),
 ( 0.000000000000000000, 1.000000000000000000 ),
 .UNSPECIFIED. ) 
 GEOMETRIC_REPRESENTATION_ITEM ( )  RATIONAL_B_SPLINE_SURFACE ( (
 ( 1.000000000000000000, 0.7553668689655785862, 1.000000000000000000),
 ( 1.000000000000000000, 0.7516316303512838859, 1.000000000000000000),
 ( 1.000000000000000000, 0.7477224903184223059, 1.000000000000000000),
 ( 1.000000000000000000, 0.7436119262774197880, 1.000000000000000000) ) ) 
 REPRESENTATION_ITEM ( '' )  SURFACE ( )  );
#3292 = DIRECTION ( 'NONE',  ( -0.9188184237650774966, -0.3805870524817697165, -0.1045284632676537900 ) ) ;
#3293 = CARTESIAN_POINT ( 'NONE',  ( -0.6785254037844480335, 1.175240473580836165, 4.041666666666668739 ) ) ;
#3294 = CARTESIAN_POINT ( 'NONE',  ( 0.000000000000000000, 1.500000000000000888, 4.812500000000001776 ) ) ;
#3295 = AXIS2_PLACEMENT_3D ( 'NONE', #4485, #849, #3816 ) ;
#3296 = CARTESIAN_POINT ( 'NONE',  ( -1.322475605676673105, -0.7635316469341545398, -8.036458333333332149 ) ) ;
#3297 = ORIENTED_EDGE ( 'NONE', *, *, #4450, .T. ) ;
#3298 = CARTESIAN_POINT ( 'NONE',  ( -1.017788105676672439, -0.5876202367904402868, -7.270833333333330373 ) ) ;
#3299 = CARTESIAN_POINT ( 'NONE',  ( 1.247257811406833783, -0.2040841625079253263, -8.183807070811141671 ) ) ;
#3300 = ORIENTED_EDGE ( 'NONE', *, *, #4914, .T. ) ;
#3301 = CARTESIAN_POINT ( 'NONE',  ( 1.763300807568897621, -1.657078728852010415E-14, 7.640625000000003553 ) ) ;
#3302 = CARTESIAN_POINT ( 'NONE',  ( 0.8660254037844470343, 1.500000000000003775, 0.7083333333333371451 ) ) ;
#3303 = CARTESIAN_POINT ( 'NONE',  ( -1.017788105676672439, -0.5876202367904413970, 1.166666666666669183 ) ) ;
#3304 = CARTESIAN_POINT ( 'NONE',  ( 0.000000000000000000, 1.500000000000001998, -5.687499999999998224 ) ) ;
#3305 = CARTESIAN_POINT ( 'NONE',  ( 1.523740898691714252, -0.1510359517258862139, 7.406250000000000888 ) ) ;
#3306 = CARTESIAN_POINT ( 'NONE',  ( 0.6785254037844478114, -1.175240473580867251, -5.708333333333331261 ) ) ;
#3307 = CARTESIAN_POINT ( 'NONE',  ( 0.8816504037844494768, 1.527063293868264893, 3.255208333333333481 ) ) ;
#3308 = CARTESIAN_POINT ( 'NONE',  ( -1.870113174931204576E-16, -1.527063293868296423, -1.953124999999999334 ) ) ;
#3309 = FACE_OUTER_BOUND ( 'NONE', #1315, .T. ) ;
#3310 = CARTESIAN_POINT ( 'NONE',  ( -1.017788105676672439, -0.5876202367904417301, 4.666666666666668739 ) ) ;
#3311 = CARTESIAN_POINT ( 'NONE',  ( -1.836970198721050149E-16, -1.500000000000031974, -1.437499999999998668 ) ) ;
#3312 = VERTEX_POINT ( 'NONE', #7199 ) ;
#3313 = CARTESIAN_POINT ( 'NONE',  ( -0.6785254037844485886, -1.175240473580867695, 2.208333333333335702 ) ) ;
#3314 = VERTEX_POINT ( 'NONE', #1504 ) ;
#3315 = CARTESIAN_POINT ( 'NONE',  ( 1.357050807568896511, -1.524663793694202878E-14, -2.562499999999997780 ) ) ;
#3316 = CARTESIAN_POINT ( 'NONE',  ( 1.299038105676672883, 0.7499999999999920064, -0.8333333333333297066 ) ) ;
#3317 = LINE ( 'NONE', #1286, #5542 ) ;
#3318 = CARTESIAN_POINT ( 'NONE',  ( -0.7940998652204899200, 1.002625894211929491, 4.995553842246375886 ) ) ;
#3319 = DIRECTION ( 'NONE',  ( -0.000000000000000000, -1.224646799147353207E-16, 1.000000000000000000 ) ) ;
#3320 = DIRECTION ( 'NONE',  ( 0.000000000000000000, -1.000000000000000000, 0.000000000000000000 ) ) ;
#3321 = CARTESIAN_POINT ( 'NONE',  ( -1.836970198721050395E-16, -1.500000000000031308, -6.937499999999999112 ) ) ;
#3322 = CARTESIAN_POINT ( 'NONE',  ( -0.6785254037844480335, 1.175240473580836387, 1.604166666666669627 ) ) ;
#3323 = CARTESIAN_POINT ( 'NONE',  ( 0.3198321433484683785, 1.223115564687303092, 4.935019770575587827 ) ) ;
#3324 = CARTESIAN_POINT ( 'NONE',  ( -1.017788105676672439, 0.5876202367904117541, -7.916666666666664298 ) ) ;
#3325 = CARTESIAN_POINT ( 'NONE',  ( 0.6785254037844478114, -1.175240473580867473, -2.208333333333330817 ) ) ;
#3326 =( BOUNDED_CURVE ( )  B_SPLINE_CURVE ( 2, ( #5796, #7048, #6376, #3877, #7674, #1307, #203 ),
 .UNSPECIFIED., .F., .F. ) 
 B_SPLINE_CURVE_WITH_KNOTS ( ( 3, 2, 2, 3 ),
 ( 0.2083333333333332871, 0.2222222222222221821, 0.2361111111111111605, 0.2500000000000000555 ),
 .UNSPECIFIED. ) 
 CURVE ( )  GEOMETRIC_REPRESENTATION_ITEM ( )  RATIONAL_B_SPLINE_CURVE ( ( 1.000000000000000888, 0.8660254037844379305, 1.000000000000000000, 0.8660254037844387076, 1.000000000000000000, 0.8660254037844381525, 1.000000000000000444 ) ) 
 REPRESENTATION_ITEM ( '' )  );
#3327 = CARTESIAN_POINT ( 'NONE',  ( -0.8660254037844447028, -1.500000000000038192, -5.479166666666664298 ) ) ;
#3328 = ORIENTED_EDGE ( 'NONE', *, *, #6951, .T. ) ;
#3329 = CARTESIAN_POINT ( 'NONE',  ( -0.2087934338140697010, 0.9100100306033866993, 7.406250000000000888 ) ) ;
#3330 = EDGE_CURVE ( 'NONE', #2765, #3011, #1603, .T. ) ;
#3331 = CARTESIAN_POINT ( 'NONE',  ( 0.000000000000000000, 1.500000000000002220, -6.687499999999999112 ) ) ;
#3332 = CARTESIAN_POINT ( 'NONE',  ( -1.357050807568896511, -1.567200655836053825E-14, 3.625000000000002220 ) ) ;
#3333 = DIRECTION ( 'NONE',  ( 0.000000000000000000, 1.000000000000000000, 0.000000000000000000 ) ) ;
#3334 = DIRECTION ( 'NONE',  ( -0.000000000000000000, -1.224646799147353207E-16, 1.000000000000000000 ) ) ;
#3335 = CARTESIAN_POINT ( 'NONE',  ( 1.322475605676672661, -0.7635316469341557610, -6.369791666666666075 ) ) ;
#3336 = EDGE_LOOP ( 'NONE', ( #2753, #412, #4462, #3037 ) ) ;
#3337 = CARTESIAN_POINT ( 'NONE',  ( -0.6785254037844485886, -1.175240473580867029, -3.729166666666663410 ) ) ;
#3338 = CARTESIAN_POINT ( 'NONE',  ( -1.543116970613426231, 0.2461404650521943349, 7.977136521887542742 ) ) ;
#3339 = VERTEX_POINT ( 'NONE', #4272 ) ;
#3340 =( BOUNDED_CURVE ( )  B_SPLINE_CURVE ( 2, ( #2057, #3302, #6553, #5396, #2768, #3974, #170 ),
 .UNSPECIFIED., .F., .F. ) 
 B_SPLINE_CURVE_WITH_KNOTS ( ( 3, 2, 2, 3 ),
 ( 0.4166666666666665741, 0.4305555555555555247, 0.4444444444444443088, 0.4583333333333332593 ),
 .UNSPECIFIED. ) 
 CURVE ( )  GEOMETRIC_REPRESENTATION_ITEM ( )  RATIONAL_B_SPLINE_CURVE ( ( 1.000000000000000444, 0.8660254037844381525, 1.000000000000000000, 0.8660254037844387076, 1.000000000000000000, 0.8660254037844398178, 0.9999999999999988898 ) ) 
 REPRESENTATION_ITEM ( '' )  );
#3341 = CARTESIAN_POINT ( 'NONE',  ( 0.8816504037844482555, -1.527063293868297755, 6.057291666666671404 ) ) ;
#3342 = PLANE ( 'NONE',  #445 ) ;
#3343 = ADVANCED_FACE ( 'NONE', ( #1199 ), #1160, .T. ) ;
#3344 = CARTESIAN_POINT ( 'NONE',  ( -0.6785254037844480335, 1.175240473580836387, 2.041666666666669183 ) ) ;
#3345 = VECTOR ( 'NONE', #2050, 1000.000000000000000 ) ;
#3346 = CARTESIAN_POINT ( 'NONE',  ( 1.732050807568896511, -1.601204218640912346E-14, 3.125000000000003997 ) ) ;
#3347 = FACE_OUTER_BOUND ( 'NONE', #6332, .T. ) ;
#3348 = FACE_OUTER_BOUND ( 'NONE', #346, .T. ) ;
#3349 = CARTESIAN_POINT ( 'NONE',  ( -0.8816504037844491437, -1.527063293868296645, 4.505208333333333037 ) ) ;
#3350 = CARTESIAN_POINT ( 'NONE',  ( -0.8816504037844491437, -1.527063293868295979, -1.494791666666666075 ) ) ;
#3351 = CARTESIAN_POINT ( 'NONE',  ( -0.6785254037844485886, -1.175240473580866585, -8.291666666666664298 ) ) ;
#3352 = CARTESIAN_POINT ( 'NONE',  ( -0.8816504037844485886, 1.527063293868266447, -7.192708333333328596 ) ) ;
#3353 = CARTESIAN_POINT ( 'NONE',  ( -0.8660254037844499209, 1.499999999999998002, 0.7916666666666705154 ) ) ;
#3354 = CIRCLE ( 'NONE', #5080, 4.608510497053426747 ) ;
#3355 = EDGE_LOOP ( 'NONE', ( #1250, #2998, #3766, #3358 ) ) ;
#3356 = DIRECTION ( 'NONE',  ( -0.07992773943613233623, -0.07992773943613276644, 0.9935910189495773537 ) ) ;
#3357 = CARTESIAN_POINT ( 'NONE',  ( 1.017788105676671995, -0.5876202367904412860, -5.604166666666663410 ) ) ;
#3358 = ORIENTED_EDGE ( 'NONE', *, *, #6650, .F. ) ;
#3359 = CARTESIAN_POINT ( 'NONE',  ( 1.357050807568896511, -1.555279963672886981E-14, -0.06249999999999746036 ) ) ;
#3360 = FACE_OUTER_BOUND ( 'NONE', #3336, .T. ) ;
#3361 = CARTESIAN_POINT ( 'NONE',  ( 1.017788105676671995, -0.5876202367904409529, -8.166666666666664298 ) ) ;
#3362 = CARTESIAN_POINT ( 'NONE',  ( -1.233324894234264502, 0.3878650987752687573, 5.033653988501874288 ) ) ;
#3363 = CARTESIAN_POINT ( 'NONE',  ( 0.3430897270921864917, -1.426765810722320893, 5.493275800099846506 ) ) ;
#3364 = CARTESIAN_POINT ( 'NONE',  ( 0.8660254037844455910, -1.500000000000034639, -3.958333333333330373 ) ) ;
#3365 = CARTESIAN_POINT ( 'NONE',  ( 0.000000000000000000, 1.500000000000002220, -7.749999999999995559 ) ) ;
#3366 = CARTESIAN_POINT ( 'NONE',  ( -1.439254484199210086E-16, -1.175240473580867695, 0.3125000000000024425 ) ) ;
#3367 = CARTESIAN_POINT ( 'NONE',  ( -1.732050807568896511, -1.537349890106836974E-14, 1.375000000000003997 ) ) ;
#3368 = CARTESIAN_POINT ( 'NONE',  ( 1.357050807568896511, -1.468789283483105124E-14, -7.124999999999997335 ) ) ;
#3369 = CARTESIAN_POINT ( 'NONE',  ( -1.439254484199210086E-16, -1.175240473580867473, -1.249999999999997335 ) ) ;
#3370 = CARTESIAN_POINT ( 'NONE',  ( -1.299038105676672439, -0.7500000000000226485, -5.520833333333332149 ) ) ;
#3371 = VERTEX_POINT ( 'NONE', #6894 ) ;
#3372 = DIRECTION ( 'NONE',  ( 0.3826834323650939451, -0.9238795325112849621, -0.000000000000000000 ) ) ;
#3373 = CARTESIAN_POINT ( 'NONE',  ( 0.000000000000000000, 1.500000000000000888, 3.812500000000000888 ) ) ;
#3374 = CARTESIAN_POINT ( 'NONE',  ( -1.017788105676672439, 0.5876202367904104218, 4.583333333333334814 ) ) ;
#3375 = CARTESIAN_POINT ( 'NONE',  ( -1.299038105676672439, -0.7500000000000224265, -6.520833333333331261 ) ) ;
#3376 = CARTESIAN_POINT ( 'NONE',  ( -1.870113174931204576E-16, -1.527063293868296867, 2.546875000000000444 ) ) ;
#3377 =( BOUNDED_CURVE ( )  B_SPLINE_CURVE ( 2, ( #6778, #6275, #6238, #5699, #6312, #5612, #6900 ),
 .UNSPECIFIED., .F., .F. ) 
 B_SPLINE_CURVE_WITH_KNOTS ( ( 3, 2, 2, 3 ),
 ( 0.8749999999999997780, 0.8888888888888887285, 0.9027777777777776791, 0.9166666666666666297 ),
 .UNSPECIFIED. ) 
 CURVE ( )  GEOMETRIC_REPRESENTATION_ITEM ( )  RATIONAL_B_SPLINE_CURVE ( ( 1.000000000000002220, 0.8660254037844365982, 1.000000000000000000, 0.8660254037844387076, 1.000000000000000000, 0.8660254037844387076, 1.000000000000000000 ) ) 
 REPRESENTATION_ITEM ( '' )  );
#3378 = CARTESIAN_POINT ( 'NONE',  ( -1.870113174931204576E-16, -1.527063293868295757, -7.453124999999999112 ) ) ;
#3379 = VERTEX_POINT ( 'NONE', #1084 ) ;
#3380 = ADVANCED_FACE ( 'NONE', ( #7483 ), #6774, .T. ) ;
#3381 = CARTESIAN_POINT ( 'NONE',  ( 0.000000000000000000, 1.175240473580837275, -2.937499999999997335 ) ) ;
#3382 = ORIENTED_EDGE ( 'NONE', *, *, #3852, .T. ) ;
#3383 = CARTESIAN_POINT ( 'NONE',  ( 0.8816504037844494768, 1.527063293868264893, 5.723958333333338366 ) ) ;
#3384 = CARTESIAN_POINT ( 'NONE',  ( 1.542129073831888686, -0.1678132330522578985, 7.595469040531506622 ) ) ;
#3385 = FACE_OUTER_BOUND ( 'NONE', #5641, .T. ) ;
#3386 = CARTESIAN_POINT ( 'NONE',  ( -0.2165511500658406641, -1.507752390197093062, 7.690090594014556302 ) ) ;
#3387 = DIRECTION ( 'NONE',  ( -0.000000000000000000, -1.224646799147353207E-16, 1.000000000000000000 ) ) ;
#3388 = CYLINDRICAL_SURFACE ( 'NONE', #5144, 1.500000000000000888 ) ;
#3389 = CARTESIAN_POINT ( 'NONE',  ( 0.000000000000000000, 1.175240473580835943, 8.500000000000001776 ) ) ;
#3390 = CARTESIAN_POINT ( 'NONE',  ( -0.8816504037844491437, -1.527063293868295979, -0.9947916666666659635 ) ) ;
#3391 = CARTESIAN_POINT ( 'NONE',  ( 1.017788105676671995, -0.5876202367904409529, -8.166666666666664298 ) ) ;
#3392 = EDGE_CURVE ( 'NONE', #1519, #2659, #2489, .T. ) ;
#3393 = EDGE_CURVE ( 'NONE', #607, #6382, #4751, .T. ) ;
#3394 = CARTESIAN_POINT ( 'NONE',  ( -1.322475605676673105, 0.7635316469341261181, -4.651041666666661634 ) ) ;
#3395 = CARTESIAN_POINT ( 'NONE',  ( -1.836970198721050395E-16, -1.500000000000031086, -7.937499999999998224 ) ) ;
#3396 = ORIENTED_EDGE ( 'NONE', *, *, #1712, .F. ) ;
#3397 = CARTESIAN_POINT ( 'NONE',  ( 0.6785254037844478114, -1.175240473580867251, -4.708333333333330373 ) ) ;
#3398 = CARTESIAN_POINT ( 'NONE',  ( -0.6785254037844485886, -1.175240473580866807, -5.729166666666663410 ) ) ;
#3399 = ORIENTED_EDGE ( 'NONE', *, *, #159, .T. ) ;
#3400 = CARTESIAN_POINT ( 'NONE',  ( 0.000000000000000000, 1.175240473580836609, 2.062500000000002665 ) ) ;
#3401 = CARTESIAN_POINT ( 'NONE',  ( 0.000000000000000000, -7.438283133705603770E-16, 8.250000000000000000 ) ) ;
#3402 = CARTESIAN_POINT ( 'NONE',  ( 1.357050807568896067, -1.555279963672886981E-14, -0.06249999999999745343 ) ) ;
#3403 = CARTESIAN_POINT ( 'NONE',  ( 0.9254976877526290835, 0.2866551442409747685, 8.147054690030635982 ) ) ;
#3404 = DIRECTION ( 'NONE',  ( -0.000000000000000000, -1.224646799147353207E-16, 1.000000000000000000 ) ) ;
#3405 = CARTESIAN_POINT ( 'NONE',  ( -1.322475605676673105, 0.7635316469341255630, 0.3489583333333378112 ) ) ;
#3406 = CARTESIAN_POINT ( 'NONE',  ( -0.6785254037844480335, 1.175240473580836387, 2.541666666666669183 ) ) ;
#3407 = CARTESIAN_POINT ( 'NONE',  ( 0.6785254037844490327, 1.175240473580835943, 1.520833333333335924 ) ) ;
#3408 = CARTESIAN_POINT ( 'NONE',  ( 1.373574055543155925, -0.1498599291702290559, 5.253429808816986402 ) ) ;
#3409 = CARTESIAN_POINT ( 'NONE',  ( 0.000000000000000000, 1.175240473580837497, -4.999999999999997335 ) ) ;
#3410 = CARTESIAN_POINT ( 'NONE',  ( -0.6785254037844485886, -1.175240473580867029, -2.791666666666664298 ) ) ;
#3411 = AXIS2_PLACEMENT_3D ( 'NONE', #3190, #7607, #62 ) ;
#3412 = VECTOR ( 'NONE', #2064, 999.9999999999998863 ) ;
#3413 = CARTESIAN_POINT ( 'NONE',  ( -1.836970198721050149E-16, -1.500000000000031974, 0.06250000000000115186 ) ) ;
#3414 = VERTEX_POINT ( 'NONE', #1777 ) ;
#3415 = DIRECTION ( 'NONE',  ( -0.000000000000000000, -1.224646799147353207E-16, 1.000000000000000000 ) ) ;
#3416 = VECTOR ( 'NONE', #6101, 1000.000000000000114 ) ;
#3417 = CARTESIAN_POINT ( 'NONE',  ( 0.6785254037844478114, -1.175240473580868139, 4.291666666666668739 ) ) ;
#3418 = CARTESIAN_POINT ( 'NONE',  ( -0.5818846813168251364, -0.2410245267385804357, 8.250000000000000000 ) ) ;
#3419 = CARTESIAN_POINT ( 'NONE',  ( 1.384228370650332546E-11, -1.449114434572393195, 5.470621205103177509 ) ) ;
#3420 = CARTESIAN_POINT ( 'NONE',  ( 0.000000000000000000, 1.527063293868266669, -7.703124999999999112 ) ) ;
#3421 = ORIENTED_EDGE ( 'NONE', *, *, #6099, .T. ) ;
#3422 = AXIS2_PLACEMENT_3D ( 'NONE', #1553, #4170, #2258 ) ;
#3423 = CARTESIAN_POINT ( 'NONE',  ( 1.357050807568896511, -1.524663793694202878E-14, -2.562499999999997335 ) ) ;
#3424 = AXIS2_PLACEMENT_3D ( 'NONE', #6609, #1727, #2119 ) ;
#3425 = ORIENTED_EDGE ( 'NONE', *, *, #2527, .T. ) ;
#3426 = CARTESIAN_POINT ( 'NONE',  ( 0.8816504037844494768, 1.527063293868264671, 8.723958333333337478 ) ) ;
#3427 = CARTESIAN_POINT ( 'NONE',  ( 1.559594178744789561, -0.1879607210212068669, 7.782412223762204206 ) ) ;
#3428 = CARTESIAN_POINT ( 'NONE',  ( -1.819316636665637363E-16, -1.485584772631860950, 5.570822635401444067 ) ) ;
#3429 = CARTESIAN_POINT ( 'NONE',  ( 1.038950252870096236, 0.5670171206496039673, 8.234880783661079562 ) ) ;
#3430 = DIRECTION ( 'NONE',  ( -0.000000000000000000, -1.224646799147353207E-16, 1.000000000000000000 ) ) ;
#3431 = CARTESIAN_POINT ( 'NONE',  ( -1.299038105676672217, -0.7500000000000237588, 4.479166666666667851 ) ) ;
#3432 = CARTESIAN_POINT ( 'NONE',  ( 0.8816504037844494768, 1.527063293868264671, 7.255208333333333925 ) ) ;
#3433 =( BOUNDED_CURVE ( )  B_SPLINE_CURVE ( 2, ( #4925, #2158, #310 ),
 .UNSPECIFIED., .F., .F. ) 
 B_SPLINE_CURVE_WITH_KNOTS ( ( 3, 3 ),
 ( 0.5416666666666665186, 0.5495861627288365359 ),
 .UNSPECIFIED. ) 
 CURVE ( )  GEOMETRIC_REPRESENTATION_ITEM ( )  RATIONAL_B_SPLINE_CURVE ( ( 1.000000000000001110, 0.9236071873244844355, 0.9343333060482716945 ) ) 
 REPRESENTATION_ITEM ( '' )  );
#3434 = AXIS2_PLACEMENT_3D ( 'NONE', #2123, #2831, #3453 ) ;
#3435 = CARTESIAN_POINT ( 'NONE',  ( 0.8816504037844494768, 1.527063293868265781, -0.7447916666666661856 ) ) ;
#3436 = CARTESIAN_POINT ( 'NONE',  ( 0.6785254037844478114, -1.175240473580866807, -8.208333333333332149 ) ) ;
#3437 = CARTESIAN_POINT ( 'NONE',  ( 1.322475605676673771, 0.7635316469341247858, -4.317708333333328596 ) ) ;
#3438 = CARTESIAN_POINT ( 'NONE',  ( 0.2066060943415816975, 1.498883479085573178, 7.595469709336404307 ) ) ;
#3439 = ORIENTED_EDGE ( 'NONE', *, *, #1716, .F. ) ;
#3440 = CARTESIAN_POINT ( 'NONE',  ( -1.439254484199210086E-16, -1.175240473580867029, -4.249999999999997335 ) ) ;
#3441 = CARTESIAN_POINT ( 'NONE',  ( 1.017788105676671995, -0.5876202367904410639, -7.604166666666663410 ) ) ;
#3442 = EDGE_CURVE ( 'NONE', #6207, #2693, #1814, .T. ) ;
#3443 = ORIENTED_EDGE ( 'NONE', *, *, #2222, .T. ) ;
#3444 = CARTESIAN_POINT ( 'NONE',  ( 1.357050807568896511, -1.567526431664360495E-14, 0.9375000000000025535 ) ) ;
#3445 = DIRECTION ( 'NONE',  ( -0.000000000000000000, -1.224646799147353207E-16, 1.000000000000000000 ) ) ;
#3446 = ADVANCED_FACE ( 'NONE', ( #3680 ), #5811, .T. ) ;
#3447 = ADVANCED_FACE ( 'NONE', ( #1853 ), #6234, .T. ) ;
#3448 = CARTESIAN_POINT ( 'NONE',  ( 0.6785254037844478114, -1.175240473580867695, 0.3541666666666692387 ) ) ;
#3449 = CARTESIAN_POINT ( 'NONE',  ( 1.299038105676671773, -0.7500000000000242029, -0.3541666666666656305 ) ) ;
#3450 = CARTESIAN_POINT ( 'NONE',  ( -0.1780109122479017481, 1.550969061094565449, 7.690090594014557190 ) ) ;
#3451 = CYLINDRICAL_SURFACE ( 'NONE', #6468, 0.2915999999999999703 ) ;
#3452 = CARTESIAN_POINT ( 'NONE',  ( -1.870113174931204576E-16, -1.527063293868296645, 0.01562500000000435069 ) ) ;
#3453 = DIRECTION ( 'NONE',  ( 0.3826834323650999958, 0.9238795325112824086, 1.326871286661486028E-14 ) ) ;
#3454 = CARTESIAN_POINT ( 'NONE',  ( 1.017788105676672883, 0.5876202367904095336, 2.979166666666669183 ) ) ;
#3455 = CARTESIAN_POINT ( 'NONE',  ( 1.100527865326617949, -0.8152086002115023211, 5.219763189068932441 ) ) ;
#3456 = CARTESIAN_POINT ( 'NONE',  ( -1.017788105676672439, 0.5876202367904117541, -7.416666666666663410 ) ) ;
#3457 = CARTESIAN_POINT ( 'NONE',  ( 0.6785254037844478114, -1.175240473580867695, -0.7083333333333307058 ) ) ;
#3458 = DIRECTION ( 'NONE',  ( 0.000000000000000000, 1.000000000000000000, 0.000000000000000000 ) ) ;
#3459 = ORIENTED_EDGE ( 'NONE', *, *, #2577, .F. ) ;
#3460 = CARTESIAN_POINT ( 'NONE',  ( -1.836970198721050149E-16, -1.500000000000032419, 4.562500000000000888 ) ) ;
#3461 = CARTESIAN_POINT ( 'NONE',  ( 0.000000000000000000, 1.175240473580836387, 4.500000000000002665 ) ) ;
#3462 = CARTESIAN_POINT ( 'NONE',  ( 0.000000000000000000, 1.175240473580837719, -6.937499999999997335 ) ) ;
#3463 = CARTESIAN_POINT ( 'NONE',  ( 0.9254976877526290835, 0.2866551442409747685, 8.147054690030635982 ) ) ;
#3464 = CARTESIAN_POINT ( 'NONE',  ( -1.870113174931204576E-16, -1.527063293868295979, -5.453125000000000000 ) ) ;
#3465 = EDGE_LOOP ( 'NONE', ( #6989, #2141, #5090, #1062 ) ) ;
#3466 = CARTESIAN_POINT ( 'NONE',  ( -1.017788105676672439, 0.5876202367904113100, -4.354166666666664298 ) ) ;
#3467 = ORIENTED_EDGE ( 'NONE', *, *, #5528, .F. ) ;
#3468 = CARTESIAN_POINT ( 'NONE',  ( -1.357050807568896511, -1.567966060085521077E-14, 3.687500000000002220 ) ) ;
#3469 = CARTESIAN_POINT ( 'NONE',  ( 1.524207146240228461, -0.1474052775258452574, 7.406250000000000888 ) ) ;
#3470 = CARTESIAN_POINT ( 'NONE',  ( -0.1892290181409162775, 1.413305150745007399, 5.372236006380479267 ) ) ;
#3471 = DIRECTION ( 'NONE',  ( 0.1045058763748857034, 0.02078751127481483912, -0.9943069954385901354 ) ) ;
#3472 = CARTESIAN_POINT ( 'NONE',  ( 1.299038105676671773, -0.7500000000000246470, 2.645833333333334370 ) ) ;
#3473 = CARTESIAN_POINT ( 'NONE',  ( 1.299038105676671773, -0.7500000000000232037, -7.916666666666662522 ) ) ;
#3474 = CARTESIAN_POINT ( 'NONE',  ( -0.8816504037844485886, 1.527063293868264893, 6.838541666666666963 ) ) ;
#3475 = CARTESIAN_POINT ( 'NONE',  ( -0.8816504037844485886, 1.527063293868265781, 1.338541666666667407 ) ) ;
#3476 = CARTESIAN_POINT ( 'NONE',  ( 0.3682059365705828147, 0.5251542044367956130, 7.406250000000000888 ) ) ;
#3477 = CARTESIAN_POINT ( 'NONE',  ( 0.8816504037844482555, -1.527063293868296201, -6.442708333333328596 ) ) ;
#3478 = EDGE_LOOP ( 'NONE', ( #4498, #4552, #7736, #4567 ) ) ;
#3479 = CARTESIAN_POINT ( 'NONE',  ( 0.8660254037844489217, 1.500000000000002220, -6.791666666666661634 ) ) ;
#3480 = CARTESIAN_POINT ( 'NONE',  ( -1.357050807568896067, -1.445501380170785613E-14, -6.312499999999997335 ) ) ;
#3481 = ORIENTED_EDGE ( 'NONE', *, *, #2223, .F. ) ;
#3482 = CARTESIAN_POINT ( 'NONE',  ( -0.6785254037844485886, -1.175240473580867695, 2.270833333333335702 ) ) ;
#3483 = CARTESIAN_POINT ( 'NONE',  ( -1.017788105676672439, -0.5876202367904416191, 3.166666666666668739 ) ) ;
#3484 = CARTESIAN_POINT ( 'NONE',  ( -1.357050807568896067, -1.512856954123889945E-14, -0.8124999999999976685 ) ) ;
#3485 = AXIS2_PLACEMENT_3D ( 'NONE', #7347, #5438, #5316 ) ;
#3486 = CARTESIAN_POINT ( 'NONE',  ( 0.2457639344234950896, -1.544577949440511855, 7.976637958131967743 ) ) ;
#3487 = CARTESIAN_POINT ( 'NONE',  ( 0.000000000000000000, 1.500000000000000888, 4.812500000000001776 ) ) ;
#3488 = EDGE_CURVE ( 'NONE', #2200, #1754, #6270, .T. ) ;
#3489 = CARTESIAN_POINT ( 'NONE',  ( -1.322475605676673105, -0.7635316469341556500, 0.4322916666666710706 ) ) ;
#3490 = CARTESIAN_POINT ( 'NONE',  ( -0.6785254037844480335, 1.175240473580836387, 3.041666666666668739 ) ) ;
#3491 = CARTESIAN_POINT ( 'NONE',  ( 1.017788105676671995, -0.5876202367904416191, -2.666666666666663854 ) ) ;
#3492 = CARTESIAN_POINT ( 'NONE',  ( 1.202313921585464351, -0.6616100733198900796, 5.227474657765442956 ) ) ;
#3493 = CARTESIAN_POINT ( 'NONE',  ( 0.6785254037844490327, 1.175240473580837275, -7.041666666666665186 ) ) ;
#3494 = CARTESIAN_POINT ( 'NONE',  ( -0.6785254037844485886, -1.175240473580867473, 0.2083333333333360071 ) ) ;
#3495 = EDGE_CURVE ( 'NONE', #5205, #961, #4334, .T. ) ;
#3496 = CARTESIAN_POINT ( 'NONE',  ( -1.519732609499130582, -0.1859679960994009840, 7.399111321018220444 ) ) ;
#3497 = VERTEX_POINT ( 'NONE', #3643 ) ;
#3498 = DIRECTION ( 'NONE',  ( 0.9945218953682730678, 0.000000000000000000, 0.1045284632676558717 ) ) ;
#3499 = CARTESIAN_POINT ( 'NONE',  ( 1.017788105676671995, -0.5876202367904427293, 6.333333333333334814 ) ) ;
#3500 = CARTESIAN_POINT ( 'NONE',  ( -1.439254484199210086E-16, -1.175240473580866807, -7.187499999999996447 ) ) ;
#3501 = CARTESIAN_POINT ( 'NONE',  ( -0.8816504037844491437, -1.527063293868296423, 2.505208333333333481 ) ) ;
#3502 = ORIENTED_EDGE ( 'NONE', *, *, #673, .F. ) ;
#3503 = CARTESIAN_POINT ( 'NONE',  ( -1.357050807568896511, -1.469994316153732643E-14, -4.312499999999996447 ) ) ;
#3504 = ORIENTED_EDGE ( 'NONE', *, *, #4296, .F. ) ;
#3505 = CARTESIAN_POINT ( 'NONE',  ( 0.6785254037844490327, 1.175240473580835721, 4.020833333333335702 ) ) ;
#3506 = DIRECTION ( 'NONE',  ( 7.007674618073068688E-16, 0.9945218953682732899, -0.1045284632676536929 ) ) ;
#3507 = CARTESIAN_POINT ( 'NONE',  ( -1.303503493866587482, 0.6129877531354166464, 5.438164296265854958 ) ) ;
#3508 = CYLINDRICAL_SURFACE ( 'NONE', #1817, 1.500000000000000888 ) ;
#3509 = CARTESIAN_POINT ( 'NONE',  ( 1.574523370509063325, -0.2175298284522023395, 7.967368464254880323 ) ) ;
#3510 = CARTESIAN_POINT ( 'NONE',  ( -0.6785254037844485886, -1.175240473580867695, 3.270833333333335258 ) ) ;
#3511 = CARTESIAN_POINT ( 'NONE',  ( -1.322475605676673105, -0.7635316469341564272, 6.463541666666666963 ) ) ;
#3512 = CARTESIAN_POINT ( 'NONE',  ( 1.763300807568897621, -1.553366453049218850E-14, -0.8281249999999994449 ) ) ;
#3513 = CARTESIAN_POINT ( 'NONE',  ( -1.017788105676672439, -0.5876202367904402868, -7.833333333333331261 ) ) ;
#3514 = B_SPLINE_CURVE_WITH_KNOTS ( 'NONE', 3,
 ( #488, #3000, #4921, #1605 ),
 .UNSPECIFIED., .F., .F.,
 ( 4, 4 ),
 ( 1.084202172485504314E-19, 0.0001154157762592061441 ),
 .UNSPECIFIED. ) ;
#3515 = CARTESIAN_POINT ( 'NONE',  ( 0.000000000000000000, 1.527063293868266669, -6.234374999999995559 ) ) ;
#3516 = CARTESIAN_POINT ( 'NONE',  ( -1.299038105676672217, 0.7499999999999933387, -1.104166666666665408 ) ) ;
#3517 = VERTEX_POINT ( 'NONE', #6193 ) ;
#3518 = DIRECTION ( 'NONE',  ( 0.000000000000000000, -1.000000000000000000, 0.000000000000000000 ) ) ;
#3519 = CARTESIAN_POINT ( 'NONE',  ( -0.6785254037844480335, 1.175240473580837497, -5.395833333333330373 ) ) ;
#3520 = EDGE_LOOP ( 'NONE', ( #1889, #3925, #5835, #2922 ) ) ;
#3521 = CARTESIAN_POINT ( 'NONE',  ( -1.439254484199210086E-16, -1.175240473580867695, 1.812500000000002442 ) ) ;
#3522 = CARTESIAN_POINT ( 'NONE',  ( -0.6785254037844485886, -1.175240473580867695, 3.708333333333335258 ) ) ;
#3523 = CARTESIAN_POINT ( 'NONE',  ( 1.017788105676671995, -0.5876202367904418411, -1.604166666666664076 ) ) ;
#3524 = CARTESIAN_POINT ( 'NONE',  ( 0.000000000000000000, -4.336808689942017736E-16, 6.437500000000000888 ) ) ;
#3525 = CARTESIAN_POINT ( 'NONE',  ( 5.260655403889586299E-13, -1.352123412263509961, -8.085376587736492482 ) ) ;
#3526 = CARTESIAN_POINT ( 'NONE',  ( 1.322475605676672661, -0.7635316469341564272, -1.401041666666662300 ) ) ;
#3527 = CARTESIAN_POINT ( 'NONE',  ( 0.6785254037844490327, 1.175240473580836831, -2.541666666666664298 ) ) ;
#3528 = CARTESIAN_POINT ( 'NONE',  ( 0.8660254037844515862, -1.500000000000025091, -0.4583333333333289850 ) ) ;
#3529 = CARTESIAN_POINT ( 'NONE',  ( 0.6785254037844490327, 1.175240473580837053, -5.541666666666662522 ) ) ;
#3530 = DIRECTION ( 'NONE',  ( 1.000000000000000000, 0.000000000000000000, 0.000000000000000000 ) ) ;
#3531 = ORIENTED_EDGE ( 'NONE', *, *, #8021, .T. ) ;
#3532 = EDGE_CURVE ( 'NONE', #4421, #165, #4992, .T. ) ;
#3533 = DIRECTION ( 'NONE',  ( 0.000000000000000000, -1.000000000000000000, 0.000000000000000000 ) ) ;
#3534 = CARTESIAN_POINT ( 'NONE',  ( 0.6785254037844490327, 1.175240473580835721, 6.458333333333334814 ) ) ;
#3535 = CARTESIAN_POINT ( 'NONE',  ( 0.000000000000000000, 1.175240473580837941, -8.437499999999996447 ) ) ;
#3536 = ADVANCED_FACE ( 'NONE', ( #5570 ), #3291, .F. ) ;
#3537 = EDGE_CURVE ( 'NONE', #4048, #1211, #7547, .T. ) ;
#3538 = CARTESIAN_POINT ( 'NONE',  ( -1.020989215107068748, -0.1867183014945883179, 7.406250000000000888 ) ) ;
#3539 = AXIS2_PLACEMENT_3D ( 'NONE', #4314, #3601, #3097 ) ;
#3540 = VERTEX_POINT ( 'NONE', #799 ) ;
#3541 = CARTESIAN_POINT ( 'NONE',  ( 0.1492243482503498586, 1.524031224859958344, 7.406250000000000888 ) ) ;
#3542 = VERTEX_POINT ( 'NONE', #1280 ) ;
#3543 = VECTOR ( 'NONE', #7349, 999.9999999999998863 ) ;
#3544 = CARTESIAN_POINT ( 'NONE',  ( 1.017788105676672883, 0.5876202367904096446, 2.979166666666669183 ) ) ;
#3545 = CARTESIAN_POINT ( 'NONE',  ( -1.836970198721050149E-16, -1.500000000000031974, 0.06250000000000115186 ) ) ;
#3546 = CARTESIAN_POINT ( 'NONE',  ( -1.836970198721050149E-16, -1.500000000000032196, 3.000000000000003997 ) ) ;
#3547 = CARTESIAN_POINT ( 'NONE',  ( -0.6062238346458156402, -1.018723955710097329, 4.718158681502361063 ) ) ;
#3548 = CARTESIAN_POINT ( 'NONE',  ( 1.534691860997134727, -0.2470292989821820662, 7.980070810694635419 ) ) ;
#3549 = CARTESIAN_POINT ( 'NONE',  ( -0.6785254037844480335, 1.175240473580836165, 4.104166666666668739 ) ) ;
#3550 = CARTESIAN_POINT ( 'NONE',  ( 0.8816504037844494768, 1.527063293868264893, 6.255208333333333037 ) ) ;
#3551 = CARTESIAN_POINT ( 'NONE',  ( -1.870113174931204576E-16, -1.527063293868296645, -0.4531249999999995559 ) ) ;
#3552 = AXIS2_PLACEMENT_3D ( 'NONE', #7034, #5204, #683 ) ;
#3553 = CARTESIAN_POINT ( 'NONE',  ( 0.6785254037844490327, 1.175240473580837275, -6.541666666666664298 ) ) ;
#3554 = CARTESIAN_POINT ( 'NONE',  ( -0.8816504037844491437, -1.527063293868295757, -5.026041666666661634 ) ) ;
#3555 = CARTESIAN_POINT ( 'NONE',  ( 1.299038105676671995, -0.7500000000000233147, -7.854166666666665186 ) ) ;
#3556 = ORIENTED_EDGE ( 'NONE', *, *, #457, .F. ) ;
#3557 = DIRECTION ( 'NONE',  ( 0.000000000000000000, -1.000000000000000000, 0.000000000000000000 ) ) ;
#3558 = CARTESIAN_POINT ( 'NONE',  ( -1.017788105676672439, -0.5876202367904406199, -5.270833333333330373 ) ) ;
#3559 = ORIENTED_EDGE ( 'NONE', *, *, #4821, .T. ) ;
#3560 = CARTESIAN_POINT ( 'NONE',  ( 1.017788105676671995, -0.5876202367904423962, 2.895833333333335258 ) ) ;
#3561 = CARTESIAN_POINT ( 'NONE',  ( 1.357050807568896511, -1.603500431389314103E-14, 3.875000000000002220 ) ) ;
#3562 =( BOUNDED_CURVE ( )  B_SPLINE_CURVE ( 2, ( #3039, #7307, #6794, #1099, #8082, #5589, #8006 ),
 .UNSPECIFIED., .F., .F. ) 
 B_SPLINE_CURVE_WITH_KNOTS ( ( 3, 2, 2, 3 ),
 ( 0.2916666666666666852, 0.3055555555555555802, 0.3194444444444444198, 0.3333333333333333148 ),
 .UNSPECIFIED. ) 
 CURVE ( )  GEOMETRIC_REPRESENTATION_ITEM ( )  RATIONAL_B_SPLINE_CURVE ( ( 1.000000000000000000, 0.8660254037844387076, 1.000000000000000000, 0.8660254037844387076, 1.000000000000000000, 0.8660254037844387076, 1.000000000000000000 ) ) 
 REPRESENTATION_ITEM ( '' )  );
#3563 = CARTESIAN_POINT ( 'NONE',  ( 0.000000000000000000, 1.175240473580837053, -0.9374999999999973355 ) ) ;
#3564 = CARTESIAN_POINT ( 'NONE',  ( -0.7190693596752513184, 1.179841541333805921, -8.068274778016430560 ) ) ;
#3565 = FACE_OUTER_BOUND ( 'NONE', #3520, .T. ) ;
#3566 = CARTESIAN_POINT ( 'NONE',  ( -1.299038105676672217, -0.7500000000000238698, 4.979166666666666963 ) ) ;
#3567 = CARTESIAN_POINT ( 'NONE',  ( -1.322475605676673105, -0.7635316469341555390, -0.06770833333332891557 ) ) ;
#3568 = CARTESIAN_POINT ( 'NONE',  ( -1.836970198721050149E-16, -1.500000000000031752, -3.499999999999996003 ) ) ;
#3569 = CARTESIAN_POINT ( 'NONE',  ( -1.439254484199210086E-16, -1.175240473580867473, -1.749999999999997335 ) ) ;
#3570 = CARTESIAN_POINT ( 'NONE',  ( 1.301631805412415632, 0.4711484403595667114, 5.284432744927242354 ) ) ;
#3571 = CARTESIAN_POINT ( 'NONE',  ( -1.357050807568896511, -1.487598613891475663E-14, -2.874999999999996891 ) ) ;
#3572 = APPROVAL_STATUS ( 'not_yet_approved' ) ;
#3573 = ORIENTED_EDGE ( 'NONE', *, *, #1965, .T. ) ;
#3574 = CARTESIAN_POINT ( 'NONE',  ( 0.000000000000000000, 1.276838905222572624E-15, -8.250000000000000000 ) ) ;
#3575 = CARTESIAN_POINT ( 'NONE',  ( 1.017788105676672883, 0.5876202367904092005, 6.416666666666668739 ) ) ;
#3576 = CARTESIAN_POINT ( 'NONE',  ( 1.017788105676672883, 0.5876202367904108659, -8.020833333333330373 ) ) ;
#3577 = CARTESIAN_POINT ( 'NONE',  ( -1.732050807568896511, -1.555719592094047562E-14, 2.875000000000003553 ) ) ;
#3578 = ORIENTED_EDGE ( 'NONE', *, *, #289, .F. ) ;
#3579 = FACE_OUTER_BOUND ( 'NONE', #7892, .T. ) ;
#3580 = EDGE_CURVE ( 'NONE', #5607, #7535, #6656, .T. ) ;
#3581 = ORIENTED_EDGE ( 'NONE', *, *, #271, .F. ) ;
#3582 = CARTESIAN_POINT ( 'NONE',  ( -1.439254484199210086E-16, -1.175240473580867917, 3.812500000000002665 ) ) ;
#3583 = CARTESIAN_POINT ( 'NONE',  ( -1.299038105676672217, 0.7499999999999931166, 0.3958333333333346471 ) ) ;
#3584 = CARTESIAN_POINT ( 'NONE',  ( 1.017788105676672883, 0.5876202367904093116, 5.479166666666668739 ) ) ;
#3585 = CARTESIAN_POINT ( 'NONE',  ( -0.8816504037844485886, 1.527063293868265115, 5.338541666666666075 ) ) ;
#3586 = CARTESIAN_POINT ( 'NONE',  ( 0.9978205399679958010, 0.2631248712943664025, 8.133209951772100155 ) ) ;
#3587 = CARTESIAN_POINT ( 'NONE',  ( 0.6785254037844478114, -1.175240473580867251, -5.208333333333330373 ) ) ;
#3588 = CARTESIAN_POINT ( 'NONE',  ( -1.763300807568897621, -1.476117550149469400E-14, -3.609374999999995559 ) ) ;
#3589 = CARTESIAN_POINT ( 'NONE',  ( -0.1830951026528783998, 1.329150516842077190, 5.166992701414915068 ) ) ;
#3590 = EDGE_CURVE ( 'NONE', #3619, #32, #4522, .T. ) ;
#3591 = DIRECTION ( 'NONE',  ( 0.000000000000000000, -1.000000000000000000, 0.000000000000000000 ) ) ;
#3592 = CARTESIAN_POINT ( 'NONE',  ( 0.000000000000000000, 1.175240473580837497, -4.937499999999997335 ) ) ;
#3593 = LOCAL_TIME ( 3, 17, 21.00000000000000000, #2522 ) ;
#3594 = CARTESIAN_POINT ( 'NONE',  ( -1.017788105676672439, 0.5876202367904108659, 0.08333333333333586834 ) ) ;
#3595 = ORIENTED_EDGE ( 'NONE', *, *, #2835, .T. ) ;
#3596 = CARTESIAN_POINT ( 'NONE',  ( -0.6785254037844480335, 1.175240473580836387, 2.604166666666668739 ) ) ;
#3597 = CARTESIAN_POINT ( 'NONE',  ( -0.6785254037844480335, 1.175240473580836165, 4.541666666666668739 ) ) ;
#3598 = CARTESIAN_POINT ( 'NONE',  ( 0.6785254037844478114, -1.175240473580867695, 2.354166666666669183 ) ) ;
#3599 = CARTESIAN_POINT ( 'NONE',  ( -1.125534973312391163, -0.9267558976114985692, -7.982476469230761040 ) ) ;
#3600 = CARTESIAN_POINT ( 'NONE',  ( 0.8660254037844515862, -1.500000000000025535, 5.541666666666669627 ) ) ;
#3601 = DIRECTION ( 'NONE',  ( 0.07992773943613232235, 0.07992773943613253051, 0.9935910189495774647 ) ) ;
#3602 =( BOUNDED_CURVE ( )  B_SPLINE_CURVE ( 2, ( #4476, #7315, #5362, #2858, #5940, #302, #4021 ),
 .UNSPECIFIED., .F., .F. ) 
 B_SPLINE_CURVE_WITH_KNOTS ( ( 3, 2, 2, 3 ),
 ( 0.3333333333333333148, 0.3472222222222221544, 0.3611111111111111605, 0.3750000000000000000 ),
 .UNSPECIFIED. ) 
 CURVE ( )  GEOMETRIC_REPRESENTATION_ITEM ( )  RATIONAL_B_SPLINE_CURVE ( ( 1.000000000000000444, 0.8660254037844381525, 1.000000000000000000, 0.8660254037844387076, 1.000000000000000000, 0.8660254037844387076, 1.000000000000000000 ) ) 
 REPRESENTATION_ITEM ( '' )  );
#3603 = CARTESIAN_POINT ( 'NONE',  ( 0.8816504037844482555, -1.527063293868297533, 2.057291666666670515 ) ) ;
#3604 = CARTESIAN_POINT ( 'NONE',  ( -0.1802249924001039505, -1.504338258009481955, 7.406250000000000888 ) ) ;
#3605 = CARTESIAN_POINT ( 'NONE',  ( 0.000000000000000000, 1.175240473580836609, 2.562500000000002220 ) ) ;
#3606 = AXIS2_PLACEMENT_3D ( 'NONE', #3260, #6344, #706 ) ;
#3607 = DIRECTION ( 'NONE',  ( -1.000000000000000000, 0.000000000000000000, 0.000000000000000000 ) ) ;
#3608 = CARTESIAN_POINT ( 'NONE',  ( -0.6785254037844480335, 1.175240473580837275, -4.458333333333330373 ) ) ;
#3609 = CARTESIAN_POINT ( 'NONE',  ( 1.322475605676672661, -0.7635316469341560941, -3.369791666666666075 ) ) ;
#3610 = AXIS2_PLACEMENT_3D ( 'NONE', #1830, #5079, #7533 ) ;
#3611 = VERTEX_POINT ( 'NONE', #6481 ) ;
#3612 = DIRECTION ( 'NONE',  ( 0.02078751127481450606, 0.1045058763748859393, -0.9943069954385901354 ) ) ;
#3613 = CARTESIAN_POINT ( 'NONE',  ( 1.017788105676671995, -0.5876202367904426183, 5.333333333333335702 ) ) ;
#3614 = CARTESIAN_POINT ( 'NONE',  ( -0.6785254037844480335, 1.175240473580837275, -4.895833333333330373 ) ) ;
#3615 = DIRECTION ( 'NONE',  ( 0.3826834323650952774, -0.9238795325112845180, 1.232766940089749446E-14 ) ) ;
#3616 = CC_DESIGN_DATE_AND_TIME_ASSIGNMENT ( #6354, #2481, ( #6222 ) ) ;
#3617 = ORIENTED_EDGE ( 'NONE', *, *, #6391, .T. ) ;
#3618 = CARTESIAN_POINT ( 'NONE',  ( 0.1704000625668437574, 1.515250468763448710, 7.406250000000000888 ) ) ;
#3619 = VERTEX_POINT ( 'NONE', #2608 ) ;
#3620 = CARTESIAN_POINT ( 'NONE',  ( 1.357050807568896511, -1.622635537625991628E-14, 5.437500000000001776 ) ) ;
#3621 = CARTESIAN_POINT ( 'NONE',  ( -0.8660254037844564712, -1.500000000000017319, 2.020833333333333481 ) ) ;
#3622 = CARTESIAN_POINT ( 'NONE',  ( 0.000000000000000000, -7.438283133705603770E-16, 8.250000000000000000 ) ) ;
#3623 = CARTESIAN_POINT ( 'NONE',  ( 0.6785254037844490327, 1.175240473580835721, 4.020833333333335702 ) ) ;
#3624 = CARTESIAN_POINT ( 'NONE',  ( 1.299038105676673105, 0.7499999999999924505, -3.770833333333332149 ) ) ;
#3625 = CARTESIAN_POINT ( 'NONE',  ( -1.732050807568896511, -1.587101166322198286E-14, 5.437500000000000000 ) ) ;
#3626 = CARTESIAN_POINT ( 'NONE',  ( -0.6785254037844480335, 1.175240473580837275, -4.458333333333330373 ) ) ;
#3627 = CARTESIAN_POINT ( 'NONE',  ( 0.6785254037844490327, 1.175240473580837275, -7.979166666666663410 ) ) ;
#3628 = CARTESIAN_POINT ( 'NONE',  ( -1.732050807568896955, -1.446266784420252866E-14, -6.062500000000000000 ) ) ;
#3629 = CARTESIAN_POINT ( 'NONE',  ( 1.836970198721030920E-16, 1.500000000000000222, 8.250000000000000000 ) ) ;
#3630 = CARTESIAN_POINT ( 'NONE',  ( 1.017788105676671995, -0.5876202367904415080, -3.604166666666663410 ) ) ;
#3631 = CARTESIAN_POINT ( 'NONE',  ( -1.017788105676672439, -0.5876202367904410639, -0.8333333333333309279 ) ) ;
#3632 = VERTEX_POINT ( 'NONE', #4435 ) ;
#3633 = DIRECTION ( 'NONE',  ( -0.3805870524817674405, -0.9188184237650786068, -0.1045284632676539427 ) ) ;
#3634 = CARTESIAN_POINT ( 'NONE',  ( -1.017788105676672439, 0.5876202367904103108, 5.083333333333335702 ) ) ;
#3635 = CARTESIAN_POINT ( 'NONE',  ( -0.6785254037844480335, 1.175240473580836387, 2.104166666666669183 ) ) ;
#3636 = EDGE_CURVE ( 'NONE', #3611, #5506, #7497, .T. ) ;
#3637 = ADVANCED_FACE ( 'NONE', ( #7106 ), #7067, .T. ) ;
#3639 = EDGE_CURVE ( 'NONE', #2958, #593, #4897, .T. ) ;
#3638 = CARTESIAN_POINT ( 'NONE',  ( -1.017788105676672439, 0.5876202367904106438, 1.083333333333335480 ) ) ;
#3640 = CARTESIAN_POINT ( 'NONE',  ( -0.3691721571577128436, 1.306961759396219724, -8.082583619081528781 ) ) ;
#3641 =( BOUNDED_SURFACE ( )  B_SPLINE_SURFACE ( 3, 2, ( 
 ( #5686, #4431, #2517 ),
 ( #5056, #1893, #399 ),
 ( #7872, #2251, #1668 ),
 ( #7992, #2912, #6080 ) ),
 .UNSPECIFIED., .F., .F., .F. ) 
 B_SPLINE_SURFACE_WITH_KNOTS ( ( 4, 4 ),
 ( 3, 3 ),
 ( 0.0009457745824564850901, 0.001532209764511532728 ),
 ( 0.000000000000000000, 1.000000000000000000 ),
 .UNSPECIFIED. ) 
 GEOMETRIC_REPRESENTATION_ITEM ( )  RATIONAL_B_SPLINE_SURFACE ( (
 ( 1.000000000000000000, 0.7553668689749254428, 1.000000000000000000),
 ( 1.000000000000000000, 0.7516316295133808056, 1.000000000000000000),
 ( 1.000000000000000000, 0.7477224916929461340, 1.000000000000000000),
 ( 1.000000000000000000, 0.7436119262564593324, 1.000000000000000000) ) ) 
 REPRESENTATION_ITEM ( '' )  SURFACE ( )  );
#3642 = DIRECTION ( 'NONE',  ( -0.000000000000000000, -1.224646799147353207E-16, 1.000000000000000000 ) ) ;
#3643 = CARTESIAN_POINT ( 'NONE',  ( 1.590263637062382385, 2.070106209874711453E-15, 7.967077405468494966 ) ) ;
#3644 = CARTESIAN_POINT ( 'NONE',  ( -0.8816504037844491437, -1.527063293868296201, 0.9739583333333374782 ) ) ;
#3645 = CARTESIAN_POINT ( 'NONE',  ( -0.1662786652472731386, -1.517818597926567925, 7.406250000000000888 ) ) ;
#3646 = CARTESIAN_POINT ( 'NONE',  ( 0.000000000000000000, 1.175240473580836609, 1.500000000000002220 ) ) ;
#3647 = CARTESIAN_POINT ( 'NONE',  ( -1.519732609479223839, 0.1859679960769008988, 7.399111320804030001 ) ) ;
#3648 = CARTESIAN_POINT ( 'NONE',  ( -0.6785254037844480335, 1.175240473580837275, -3.958333333333330373 ) ) ;
#3649 = CARTESIAN_POINT ( 'NONE',  ( -1.561949897604143045, -0.2358143114672228979, 7.970962413964580939 ) ) ;
#3650 = CARTESIAN_POINT ( 'NONE',  ( -0.8816504037844485886, 1.527063293868266447, -5.161458333333332149 ) ) ;
#3651 = ORIENTED_EDGE ( 'NONE', *, *, #5457, .T. ) ;
#3652 = CARTESIAN_POINT ( 'NONE',  ( -1.836970198721050149E-16, -1.500000000000031974, -1.499999999999996447 ) ) ;
#3653 = CARTESIAN_POINT ( 'NONE',  ( -0.6785254037844480335, 1.175240473580837275, -4.395833333333330373 ) ) ;
#3654 = CARTESIAN_POINT ( 'NONE',  ( 1.565698917497977627, 0.2324325179827442522, 7.969794681949658788 ) ) ;
#3655 = ORIENTED_EDGE ( 'NONE', *, *, #7922, .T. ) ;
#3656 = DIRECTION ( 'NONE',  ( -1.224646799147353207E-16, -1.000000000000000000, 0.000000000000000000 ) ) ;
#3657 = ORIENTED_EDGE ( 'NONE', *, *, #3948, .T. ) ;
#3658 = CARTESIAN_POINT ( 'NONE',  ( 0.6785254037844478114, -1.175240473580868139, 4.854166666666668739 ) ) ;
#3659 = CARTESIAN_POINT ( 'NONE',  ( -1.299038105676672217, -0.7500000000000235367, 1.979166666666667629 ) ) ;
#3660 = CARTESIAN_POINT ( 'NONE',  ( 0.1780109122479159867, 1.550969061094563894, 7.690090594014555414 ) ) ;
#3661 = CARTESIAN_POINT ( 'NONE',  ( 0.6785254037844478114, -1.175240473580868139, 4.854166666666668739 ) ) ;
#3662 = CARTESIAN_POINT ( 'NONE',  ( -1.322475605676673105, -0.7635316469341565382, 7.963541666666666963 ) ) ;
#3663 = DIRECTION ( 'NONE',  ( -0.000000000000000000, -1.224646799147353207E-16, 1.000000000000000000 ) ) ;
#3664 = CARTESIAN_POINT ( 'NONE',  ( -1.439254484199210086E-16, -1.175240473580866807, -6.249999999999996447 ) ) ;
#3665 = VECTOR ( 'NONE', #3356, 1000.000000000000000 ) ;
#3666 = CARTESIAN_POINT ( 'NONE',  ( 1.322475605676673771, 0.7635316469341245638, -2.817708333333328152 ) ) ;
#3667 = CARTESIAN_POINT ( 'NONE',  ( -1.353394756658836240, -0.4110711688496667682, 5.343322294496396729 ) ) ;
#3668 = VECTOR ( 'NONE', #4978, 1000.000000000000000 ) ;
#3669 = CARTESIAN_POINT ( 'NONE',  ( -1.322475605676673105, -0.7635316469341558721, 2.932291666666670515 ) ) ;
#3670 = CARTESIAN_POINT ( 'NONE',  ( -1.017788105676672439, -0.5876202367904408419, -3.270833333333330373 ) ) ;
#3671 = CARTESIAN_POINT ( 'NONE',  ( -0.6785254037844485886, -1.175240473580867029, -2.291666666666663854 ) ) ;
#3672 = ORIENTED_EDGE ( 'NONE', *, *, #1907, .T. ) ;
#3673 = CARTESIAN_POINT ( 'NONE',  ( 1.504338258009480622, -0.1802249924001098902, 7.406250000000000888 ) ) ;
#3674 = CARTESIAN_POINT ( 'NONE',  ( 0.6785254037844478114, -1.175240473580868361, 6.291666666666669627 ) ) ;
#3675 = AXIS2_PLACEMENT_3D ( 'NONE', #7423, #4875, #2959 ) ;
#3676 = FACE_OUTER_BOUND ( 'NONE', #1373, .T. ) ;
#3677 = CARTESIAN_POINT ( 'NONE',  ( -1.017788105676672439, -0.5876202367904413970, 1.666666666666668739 ) ) ;
#3678 = CARTESIAN_POINT ( 'NONE',  ( 1.522428280850911531, 0.1571052013842177408, 7.406250000000000888 ) ) ;
#3679 = CARTESIAN_POINT ( 'NONE',  ( -1.439254484199210086E-16, -1.175240473580867695, 3.250000000000002220 ) ) ;
#3680 = FACE_OUTER_BOUND ( 'NONE', #3108, .T. ) ;
#3681 = AXIS2_PLACEMENT_3D ( 'NONE', #3197, #2582, #7710 ) ;
#3682 = CONICAL_SURFACE ( 'NONE', #1580, 1.619999999999997220, 0.1047197551196600018 ) ;
#3683 = ORIENTED_EDGE ( 'NONE', *, *, #5234, .F. ) ;
#3684 = EDGE_CURVE ( 'NONE', #5048, #828, #4107, .T. ) ;
#3685 = EDGE_CURVE ( 'NONE', #828, #7982, #3242, .T. ) ;
#3686 = CARTESIAN_POINT ( 'NONE',  ( -1.322475605676673105, -0.7635316469341557610, 1.932291666666670737 ) ) ;
#3687 = CARTESIAN_POINT ( 'NONE',  ( 0.000000000000000000, -7.041719095097280880E-16, 5.750000000000000000 ) ) ;
#3688 = CARTESIAN_POINT ( 'NONE',  ( 1.357050807568896511, -1.548391325427682971E-14, -0.6249999999999975575 ) ) ;
#3689 = CARTESIAN_POINT ( 'NONE',  ( 1.836970198721030920E-16, 1.500000000000000222, 8.250000000000000000 ) ) ;
#3690 = CARTESIAN_POINT ( 'NONE',  ( -1.017788105676672439, -0.5876202367904407309, -4.333333333333330373 ) ) ;
#3691 =( BOUNDED_CURVE ( )  B_SPLINE_CURVE ( 2, ( #5535, #3773, #1289, #2989, #8184, #4362, #1128 ),
 .UNSPECIFIED., .F., .F. ) 
 B_SPLINE_CURVE_WITH_KNOTS ( ( 3, 2, 2, 3 ),
 ( 0.6250000000000001110, 0.6388888888888889506, 0.6527777777777777901, 0.6666666666666666297 ),
 .UNSPECIFIED. ) 
 CURVE ( )  GEOMETRIC_REPRESENTATION_ITEM ( )  RATIONAL_B_SPLINE_CURVE ( ( 0.9999999999999988898, 0.8660254037844397068, 1.000000000000000000, 0.8660254037844385966, 1.000000000000000000, 0.8660254037844385966, 1.000000000000000000 ) ) 
 REPRESENTATION_ITEM ( '' )  );
#3692 = AXIS2_PLACEMENT_3D ( 'NONE', #6349, #3803, #670 ) ;
#3693 = CARTESIAN_POINT ( 'NONE',  ( -1.571416688645960624, -0.2238015188012886514, 7.968174913599010090 ) ) ;
#3694 = CARTESIAN_POINT ( 'NONE',  ( -1.763300807568897621, -1.464253784282729196E-14, -4.578124999999998224 ) ) ;
#3695 = EDGE_CURVE ( 'NONE', #6905, #7864, #908, .T. ) ;
#3696 = VERTEX_POINT ( 'NONE', #4780 ) ;
#3697 = CARTESIAN_POINT ( 'NONE',  ( 0.6785254037844478114, -1.175240473580867473, -2.145833333333330817 ) ) ;
#3698 = CARTESIAN_POINT ( 'NONE',  ( 0.000000000000000000, 1.500000000000001998, -7.249999999999996447 ) ) ;
#3699 = CARTESIAN_POINT ( 'NONE',  ( -1.439254484199210086E-16, -1.175240473580867029, -4.187499999999997335 ) ) ;
#3700 = B_SPLINE_CURVE_WITH_KNOTS ( 'NONE', 3,
 ( #7139, #6471, #7851, #4681, #2850, #4638 ),
 .UNSPECIFIED., .F., .F.,
 ( 4, 2, 4 ),
 ( 0.001121523000476365830, 0.001680956724755092689, 0.002240390449033819332 ),
 .UNSPECIFIED. ) ;
#3701 = CARTESIAN_POINT ( 'NONE',  ( -0.8660254037844463681, -1.500000000000035305, 2.958333333333337034 ) ) ;
#3702 = VERTEX_POINT ( 'NONE', #7815 ) ;
#3703 = CARTESIAN_POINT ( 'NONE',  ( 0.1474052775258389569, 1.524207146240229127, 7.406250000000000888 ) ) ;
#3704 = EDGE_LOOP ( 'NONE', ( #7849, #88, #4956, #2876 ) ) ;
#3705 = CARTESIAN_POINT ( 'NONE',  ( -1.017788105676672439, 0.5876202367904100887, 7.145833333333335702 ) ) ;
#3706 = CARTESIAN_POINT ( 'NONE',  ( 0.8816504037844494768, 1.527063293868266003, -2.276041666666662522 ) ) ;
#3707 = CARTESIAN_POINT ( 'NONE',  ( -0.8660254037844488106, -1.500000000000031974, 4.458333333333337478 ) ) ;
#3708 = CARTESIAN_POINT ( 'NONE',  ( 1.017788105676672883, 0.5876202367904092005, 5.979166666666668739 ) ) ;
#3709 = CARTESIAN_POINT ( 'NONE',  ( 1.299038105676672883, 0.7499999999999915623, 1.729166666666667851 ) ) ;
#3710 = EDGE_CURVE ( 'NONE', #7177, #478, #345, .T. ) ;
#3711 = CARTESIAN_POINT ( 'NONE',  ( 1.017788105676672883, 0.5876202367904106438, -6.583333333333330373 ) ) ;
#3712 = CARTESIAN_POINT ( 'NONE',  ( -1.870113174931204576E-16, -1.527063293868295979, -3.984374999999995559 ) ) ;
#3713 = CARTESIAN_POINT ( 'NONE',  ( -0.7012142086582602296, 1.161673277405026017, 5.208935060970250497 ) ) ;
#3714 = CARTESIAN_POINT ( 'NONE',  ( 0.8816504037844494768, 1.527063293868264893, 4.723958333333337478 ) ) ;
#3715 = CARTESIAN_POINT ( 'NONE',  ( -1.315668471661788023E-16, -0.1867183014945890673, 7.406250000000000888 ) ) ;
#3716 = CARTESIAN_POINT ( 'NONE',  ( 1.017788105676672883, 0.5876202367904099777, -0.5833333333333307058 ) ) ;
#3717 = ORIENTED_EDGE ( 'NONE', *, *, #6046, .T. ) ;
#3718 = CARTESIAN_POINT ( 'NONE',  ( 1.511934972212400030, -0.1741350313372221903, 7.406250000000000888 ) ) ;
#3719 = CARTESIAN_POINT ( 'NONE',  ( -1.439254484199210086E-16, -1.175240473580868361, 8.250000000000001776 ) ) ;
#3720 = CARTESIAN_POINT ( 'NONE',  ( 1.357050807568896067, -1.579772899655834010E-14, 1.937500000000002665 ) ) ;
#3721 = CARTESIAN_POINT ( 'NONE',  ( -1.439254484199210086E-16, -1.175240473580867695, 0.7500000000000024425 ) ) ;
#3722 = CARTESIAN_POINT ( 'NONE',  ( 1.500309455660792768, 0.1821761911992851868, 7.406250000000000888 ) ) ;
#3723 = FACE_OUTER_BOUND ( 'NONE', #7375, .T. ) ;
#3724 = CARTESIAN_POINT ( 'NONE',  ( 0.2754000000000030313, -2.165941979354324337E-15, 8.250000000000000000 ) ) ;
#3725 = COORDINATED_UNIVERSAL_TIME_OFFSET ( 6, 0, .BEHIND. ) ;
#3726 = ORIENTED_EDGE ( 'NONE', *, *, #6744, .F. ) ;
#3727 = CARTESIAN_POINT ( 'NONE',  ( 0.8816504037844494768, 1.527063293868265115, 2.223958333333337034 ) ) ;
#3728 = CARTESIAN_POINT ( 'NONE',  ( 1.017788105676672883, 0.5876202367904098667, 0.9166666666666689611 ) ) ;
#3729 = CARTESIAN_POINT ( 'NONE',  ( -1.301768923426357638, 0.09575103207299782981, 4.680710536182065340 ) ) ;
#3730 = CARTESIAN_POINT ( 'NONE',  ( -1.017788105676672439, -0.5876202367904408419, -3.333333333333330373 ) ) ;
#3731 = B_SPLINE_CURVE_WITH_KNOTS ( 'NONE', 3,
 ( #7059, #1362, #1705, #6776, #1086, #3604, #5531, #8063, #1124, #3645, #6195, #1526, #7767, #1446, #4057, #7181 ),
 .UNSPECIFIED., .F., .F.,
 ( 4, 3, 3, 3, 3, 4 ),
 ( 0.000000000000000000, 1.463771985081042530E-05, 2.928091597100447986E-05, 4.384937606648103598E-05, 5.839566969081244749E-05, 6.381151625592116684E-05 ),
 .UNSPECIFIED. ) ;
#3732 = ADVANCED_FACE ( 'NONE', ( #7273 ), #1655, .T. ) ;
#3733 = CARTESIAN_POINT ( 'NONE',  ( -0.2087934338140697010, 0.9100100306033866993, 7.406250000000000888 ) ) ;
#3734 = CARTESIAN_POINT ( 'NONE',  ( 0.000000000000000000, 1.527063293868266447, -4.703124999999999112 ) ) ;
#3735 = EDGE_LOOP ( 'NONE', ( #6580, #4803, #4841, #4265 ) ) ;
#3736 = CARTESIAN_POINT ( 'NONE',  ( -1.439254484199210086E-16, -1.175240473580867251, -2.187499999999997780 ) ) ;
#3737 = CARTESIAN_POINT ( 'NONE',  ( -1.836970198721050149E-16, -1.500000000000031308, -6.999999999999995559 ) ) ;
#3738 = CARTESIAN_POINT ( 'NONE',  ( 1.017788105676671995, -0.5876202367904412860, -6.104166666666664298 ) ) ;
#3739 = DIRECTION ( 'NONE',  ( -0.07992773943613237786, 0.07992773943613271093, -0.9935910189495773537 ) ) ;
#3740 = EDGE_CURVE ( 'NONE', #2512, #7745, #2397, .T. ) ;
#3741 = EDGE_CURVE ( 'NONE', #6792, #7217, #7885, .T. ) ;
#3742 = CONICAL_SURFACE ( 'NONE', #2164, 1.619999999999997220, 0.1047197551196600018 ) ;
#3743 = ORIENTED_EDGE ( 'NONE', *, *, #1471, .T. ) ;
#3744 = CARTESIAN_POINT ( 'NONE',  ( -1.836970198721050149E-16, -1.500000000000031752, -2.999999999999996447 ) ) ;
#3745 = ORIENTED_EDGE ( 'NONE', *, *, #321, .F. ) ;
#3746 = CARTESIAN_POINT ( 'NONE',  ( 0.6785254037844478114, -1.175240473580868361, 6.854166666666669627 ) ) ;
#3747 = FACE_OUTER_BOUND ( 'NONE', #3478, .T. ) ;
#3748 = CARTESIAN_POINT ( 'NONE',  ( 0.000000000000000000, 1.175240473580835943, 7.562500000000002665 ) ) ;
#3749 = CARTESIAN_POINT ( 'NONE',  ( 0.000000000000000000, 1.301042606982605321E-15, 7.967077405468494966 ) ) ;
#3750 = CARTESIAN_POINT ( 'NONE',  ( -1.357050807568896511, -1.481475379895738905E-14, -3.374999999999996891 ) ) ;
#3751 = VERTEX_POINT ( 'NONE', #5988 ) ;
#3752 = CARTESIAN_POINT ( 'NONE',  ( -1.870113174931204576E-16, -1.527063293868296201, -2.484374999999995115 ) ) ;
#3753 = CARTESIAN_POINT ( 'NONE',  ( -1.574523370509061770, 0.2175298284522112491, 7.967368464254880323 ) ) ;
#3754 = CARTESIAN_POINT ( 'NONE',  ( -1.322475605676673105, 0.7635316469341248968, 5.348958333333337478 ) ) ;
#3755 = DIRECTION ( 'NONE',  ( 0.9238795325112859613, -0.3826834323650916136, -0.000000000000000000 ) ) ;
#3756 = CARTESIAN_POINT ( 'NONE',  ( 1.017788105676671995, -0.5876202367904418411, -1.666666666666664076 ) ) ;
#3757 = ORIENTED_EDGE ( 'NONE', *, *, #2976, .T. ) ;
#3758 = CARTESIAN_POINT ( 'NONE',  ( -0.6785254037844485886, -1.175240473580866585, -6.791666666666663410 ) ) ;
#3759 = CARTESIAN_POINT ( 'NONE',  ( 0.6785254037844490327, 1.175240473580835721, 6.958333333333335702 ) ) ;
#3760 = CARTESIAN_POINT ( 'NONE',  ( -1.017788105676672439, -0.5876202367904412860, 0.7291666666666691832 ) ) ;
#3761 = CARTESIAN_POINT ( 'NONE',  ( -1.017788105676672439, 0.5876202367904106438, 2.083333333333335258 ) ) ;
#3762 = CARTESIAN_POINT ( 'NONE',  ( 1.299038105676671773, -0.7500000000000248690, 5.145833333333334814 ) ) ;
#3763 = CARTESIAN_POINT ( 'NONE',  ( 0.1133358032388503550, -1.182079204496978342, -8.250000000000000000 ) ) ;
#3764 = CARTESIAN_POINT ( 'NONE',  ( -0.8660254037844448138, -1.500000000000038414, -0.04166666666666238306 ) ) ;
#3765 = DIRECTION ( 'NONE',  ( 0.000000000000000000, 0.000000000000000000, 1.000000000000000000 ) ) ;
#3766 = ORIENTED_EDGE ( 'NONE', *, *, #5553, .F. ) ;
#3767 = CARTESIAN_POINT ( 'NONE',  ( 0.000000000000000000, 1.175240473580836609, 2.000000000000002665 ) ) ;
#3768 = CARTESIAN_POINT ( 'NONE',  ( -0.6785254037844485886, -1.175240473580867029, -2.729166666666663854 ) ) ;
#3769 = CARTESIAN_POINT ( 'NONE',  ( 0.6785254037844478114, -1.175240473580867695, -0.2083333333333307613 ) ) ;
#3770 = CARTESIAN_POINT ( 'NONE',  ( 0.000000000000000000, 1.175240473580836165, 6.000000000000001776 ) ) ;
#3771 = CARTESIAN_POINT ( 'NONE',  ( 1.357050807568896067, -1.610389069634517797E-14, 4.437500000000001776 ) ) ;
#3772 = CARTESIAN_POINT ( 'NONE',  ( 1.836970198721030920E-16, 1.500000000000000222, 8.250000000000000000 ) ) ;
#3773 = CARTESIAN_POINT ( 'NONE',  ( 0.8660254037844519193, -1.500000000000025091, -4.895833333333332149 ) ) ;
#3774 = CARTESIAN_POINT ( 'NONE',  ( 1.763300807568897621, -1.516627049074798305E-14, -3.828124999999999112 ) ) ;
#3775 = CARTESIAN_POINT ( 'NONE',  ( -1.017788105676672439, -0.5876202367904408419, -3.333333333333330373 ) ) ;
#3776 = ORIENTED_EDGE ( 'NONE', *, *, #2790, .F. ) ;
#3777 = CARTESIAN_POINT ( 'NONE',  ( 1.017788105676672883, 0.5876202367904100887, -1.020833333333330817 ) ) ;
#3778 = CARTESIAN_POINT ( 'NONE',  ( -1.299038105676672217, 0.7499999999999940048, -7.166666666666662522 ) ) ;
#3779 = CARTESIAN_POINT ( 'NONE',  ( 0.000000000000000000, 1.175240473580837719, -5.937499999999996447 ) ) ;
#3780 = CARTESIAN_POINT ( 'NONE',  ( -0.2078487863861321339, 1.576622122564785622, 7.967077405468494966 ) ) ;
#3781 = ORIENTED_EDGE ( 'NONE', *, *, #2478, .T. ) ;
#3782 = CARTESIAN_POINT ( 'NONE',  ( -0.1571052013842027528, 1.522428280850913085, 7.406250000000000888 ) ) ;
#3783 = ORIENTED_EDGE ( 'NONE', *, *, #7555, .T. ) ;
#3784 = EDGE_CURVE ( 'NONE', #1618, #3702, #7479, .T. ) ;
#3785 = CARTESIAN_POINT ( 'NONE',  ( 0.6785254037844490327, 1.175240473580835721, 6.520833333333335702 ) ) ;
#3786 = EDGE_CURVE ( 'NONE', #2609, #3414, #5801, .T. ) ;
#3787 = EDGE_CURVE ( 'NONE', #5661, #7151, #6781, .T. ) ;
#3788 = DIRECTION ( 'NONE',  ( 0.000000000000000000, -1.000000000000000000, 0.000000000000000000 ) ) ;
#3789 = CARTESIAN_POINT ( 'NONE',  ( 1.017788105676671995, -0.5876202367904427293, 5.895833333333335702 ) ) ;
#3790 = CARTESIAN_POINT ( 'NONE',  ( 1.322475605676673771, 0.7635316469341232315, 7.713541666666666963 ) ) ;
#3791 = CARTESIAN_POINT ( 'NONE',  ( 0.000000000000000000, 1.175240473580837275, -2.499999999999996891 ) ) ;
#3792 = ORIENTED_EDGE ( 'NONE', *, *, #1064, .T. ) ;
#3793 = CARTESIAN_POINT ( 'NONE',  ( 1.357050807568896511, -1.463431453736835304E-14, -7.562499999999997335 ) ) ;
#3794 = CARTESIAN_POINT ( 'NONE',  ( 1.299038105676671995, -0.7500000000000234257, -6.854166666666664298 ) ) ;
#3795 = EDGE_LOOP ( 'NONE', ( #1831, #4018, #5711, #2086 ) ) ;
#3796 = CARTESIAN_POINT ( 'NONE',  ( -1.322475605676673105, 0.7635316469341251189, 3.848958333333337478 ) ) ;
#3797 = CARTESIAN_POINT ( 'NONE',  ( 3.080439819171277609E-15, -9.705266296335202998E-16, 7.967077405468494966 ) ) ;
#3798 = CARTESIAN_POINT ( 'NONE',  ( 1.017788105676672883, 0.5876202367904098667, 0.4166666666666689056 ) ) ;
#3799 = EDGE_LOOP ( 'NONE', ( #1078, #3823, #2239, #4169 ) ) ;
#3800 = CARTESIAN_POINT ( 'NONE',  ( -1.836970198721050149E-16, -1.500000000000031974, 1.062500000000000666 ) ) ;
#3801 = CARTESIAN_POINT ( 'NONE',  ( 1.017788105676672883, 0.5876202367904106438, -6.083333333333330373 ) ) ;
#3802 = CARTESIAN_POINT ( 'NONE',  ( 0.6785254037844478114, -1.175240473580868583, 7.291666666666668739 ) ) ;
#3803 = DIRECTION ( 'NONE',  ( -0.9188184237650774966, -0.3805870524817697165, 0.1045284632676536929 ) ) ;
#3804 = CARTESIAN_POINT ( 'NONE',  ( 1.017788105676671995, -0.5876202367904423962, 2.833333333333335258 ) ) ;
#3805 = CARTESIAN_POINT ( 'NONE',  ( -0.9100100306033838127, 0.2087934338140858270, 7.406250000000000888 ) ) ;
#3806 = CARTESIAN_POINT ( 'NONE',  ( -0.8816504037844491437, -1.527063293868295091, -8.026041666666662522 ) ) ;
#3807 = CARTESIAN_POINT ( 'NONE',  ( -0.2062073152951087451, 1.537627275276037153, 7.591675580152617897 ) ) ;
#3808 = PERSON_AND_ORGANIZATION ( #5956, #3810 ) ;
#3809 = CARTESIAN_POINT ( 'NONE',  ( 0.000000000000000000, 1.351151883724551750, -2.335937499999996003 ) ) ;
#3810 = ORGANIZATION ( 'UNSPECIFIED', 'UNSPECIFIED', '' ) ;
#3811 = ORIENTED_EDGE ( 'NONE', *, *, #765, .T. ) ;
#3812 = CONICAL_SURFACE ( 'NONE', #7009, 1.550799999999997514, 0.3490658503988666728 ) ;
#3813 = CARTESIAN_POINT ( 'NONE',  ( 1.017788105676671995, -0.5876202367904416191, -2.604166666666663854 ) ) ;
#3814 = CARTESIAN_POINT ( 'NONE',  ( 0.000000000000000000, 1.175240473580836831, 1.000000000000002665 ) ) ;
#3815 = CARTESIAN_POINT ( 'NONE',  ( -1.017788105676672439, 0.5876202367904099777, 8.083333333333333925 ) ) ;
#3816 = DIRECTION ( 'NONE',  ( 0.000000000000000000, -1.000000000000000000, -1.224646799147353207E-16 ) ) ;
#3817 = CARTESIAN_POINT ( 'NONE',  ( 0.1863266730668613480, -1.366471564910349823, -8.061457875565098519 ) ) ;
#3818 = EDGE_CURVE ( 'NONE', #1415, #5098, #1552, .T. ) ;
#3819 = AXIS2_PLACEMENT_3D ( 'NONE', #6011, #2215, #7376 ) ;
#3820 = CARTESIAN_POINT ( 'NONE',  ( -1.732050807568896955, -1.427897082433042594E-14, -7.562500000000000888 ) ) ;
#3821 = CIRCLE ( 'NONE', #6348, 0.1499999999999999667 ) ;
#3822 = CARTESIAN_POINT ( 'NONE',  ( -1.357050807568896067, -1.481475379895738905E-14, -3.374999999999996891 ) ) ;
#3823 = ORIENTED_EDGE ( 'NONE', *, *, #4052, .T. ) ;
#3824 = CARTESIAN_POINT ( 'NONE',  ( 1.357050807568896511, -1.530787027689939951E-14, -2.062499999999997780 ) ) ;
#3825 = DIRECTION ( 'NONE',  ( -0.000000000000000000, -1.224646799147353207E-16, 1.000000000000000000 ) ) ;
#3826 = CARTESIAN_POINT ( 'NONE',  ( -1.439254484199210086E-16, -1.175240473580866585, -8.249999999999996447 ) ) ;
#3827 = CARTESIAN_POINT ( 'NONE',  ( -0.2189201988679582989, 1.574078335371367876, 7.967461089029153953 ) ) ;
#3828 =( BOUNDED_SURFACE ( )  B_SPLINE_SURFACE ( 1, 2, ( 
 ( #5936, #5896, #216, #5271, #7808, #2104, #4642, #454, #6717, #6876, #1102, #5474, #1796, #6062, #3002, #8084, #6834, #3510, #490, #417, #1031, #1725, #2424, #379, #2894, #6137, #6796, #1650, #2929, #6214, #4963, #4809, #2343, #8010, #4257, #3623, #7501, #3549, #1760, #5512, #5551, #4335, #5440, #7466, #4182, #7973, #4846, #6176, #4292, #2384, #1686, #4923, #2270, #1142, #2308, #3661, #5591, #7351, #8044, #7387, #2964, #6102, #4221, #8119, #4882, #534, #6759, #7428, #1068, #3041, #3584, #1836, #3876, #4417, #1184, #6421, #78, #3119, #1262, #5128, #3789, #2007, #3708, #7002, #695, #3834, #4999, #737, #6957, #574, #6329, #1969, #3248, #2545, #5669, #6914, #4374, #4502, #3080, #4544, #8156, #5633, #36, #8200, #2502, #654, #1306, #3205, #7541, #3165, #6257, #1877, #5714, #2459, #5755, #7581, #5177, #5087, #7627, #1221, #3748, #6375, #5042, #7715, #6289, #2589, #7673, #7047, #613, #1352, #1922, #4458, #5795, #118, #2629, #2216, #1477, #2134, #5215, #6506, #1554, #326, #162, #5924, #3963 ),
 ( #2841, #4629, #7756, #900, #2758, #5306, #2048, #5838, #6461, #943, #7171, #4004, #5971, #2670, #2175, #1436, #5879, #1395, #7924, #4586, #242, #780, #822, #286, #4673, #4715, #6544, #3332, #5387, #7129, #5346, #863, #4044, #6012, #7089, #2801, #202, #3293, #2713, #7211, #7886, #1515, #5258, #3417, #7795, #6582, #2091, #7251, #3461, #3919, #3374, #7843, #4088, #6626, #5428, #6824, #1058, #5540, #2879, #1677, #4798, #1750, #8074, #7962, #7454, #7998, #4756, #4285, #3613, #6707, #4836, #480, #7377, #5698, #7299, #2334, #4246, #7417, #366, #1245, #2298, #4131, #4209, #2374, #3770, #6128, #1019, #2259, #7336, #4911, #6668, #20, #3499, #984, #3575, #3534, #6091, #6746, #4871, #6785, #1637, #442, #1597, #5464, #2955, #6049, #1093, #2919, #635, #5503, #8035, #4171, #406, #1714, #6166, #3147, #2993, #6311, #7116, #5863, #5908, #7741, #7654, #5740, #759, #1460, #2528, #5067, #5156, #5821, #680, #1945, #5244, #3989, #3815, #1378, #4484, #3272, #145, #7702, #721, #4570, #2571, #2654, #6530 ) ),
 .UNSPECIFIED., .F., .F., .F. ) 
 B_SPLINE_SURFACE_WITH_KNOTS ( ( 2, 2 ),
 ( 3, 2, 2, 2, 2, 2, 2, 2, 2, 2, 2, 2, 2, 2, 2, 2, 2, 2, 2, 2, 2, 2, 2, 2, 2, 2, 2, 2, 2, 2, 2, 2, 2, 2, 2, 2, 2, 2, 2, 2, 2, 2, 2, 2, 2, 2, 2, 2, 2, 2, 2, 2, 2, 2, 2, 2, 2, 2, 2, 2, 2, 2, 2, 2, 2, 2, 2, 2, 2, 2, 2, 2, 3 ),
 ( 0.000000000000000000, 1.000000000000000000 ),
 ( 0.000000000000000000, 0.01388888888888888812, 0.02777777777777777624, 0.04166666666666666435, 0.05555555555555555247, 0.06944444444444444753, 0.08333333333333332871, 0.09722222222222222376, 0.1111111111111111049, 0.1250000000000000000, 0.1388888888888888951, 0.1527777777777777901, 0.1666666666666666574, 0.1805555555555555525, 0.1944444444444444475, 0.2083333333333333426, 0.2222222222222222099, 0.2361111111111111049, 0.2500000000000000000, 0.2638888888888888951, 0.2777777777777777901, 0.2916666666666666852, 0.3055555555555555802, 0.3194444444444444198, 0.3333333333333333148, 0.3472222222222222099, 0.3611111111111111049, 0.3750000000000000000, 0.3888888888888888951, 0.4027777777777777901, 0.4166666666666666852, 0.4305555555555555802, 0.4444444444444444198, 0.4583333333333333148, 0.4722222222222222099, 0.4861111111111111049, 0.5000000000000000000, 0.5138888888888888395, 0.5277777777777777901, 0.5416666666666666297, 0.5555555555555555802, 0.5694444444444444198, 0.5833333333333333703, 0.5972222222222222099, 0.6111111111111111605, 0.6250000000000000000, 0.6388888888888888395, 0.6527777777777777901, 0.6666666666666666297, 0.6805555555555555802, 0.6944444444444444198, 0.7083333333333333703, 0.7222222222222222099, 0.7361111111111111605, 0.7500000000000000000, 0.7638888888888888395, 0.7777777777777777901, 0.7916666666666666297, 0.8055555555555555802, 0.8194444444444444198, 0.8333333333333333703, 0.8472222222222222099, 0.8611111111111111605, 0.8750000000000000000, 0.8888888888888888395, 0.9027777777777777901, 0.9166666666666666297, 0.9305555555555555802, 0.9444444444444444198, 0.9583333333333333703, 0.9722222222222222099, 0.9861111111111111605, 1.000000000000000000 ),
 .UNSPECIFIED. ) 
 GEOMETRIC_REPRESENTATION_ITEM ( )  RATIONAL_B_SPLINE_SURFACE ( (
 ( 1.000000000000000000, 0.8660254037844387076, 1.000000000000000000, 0.8660254037844387076, 1.000000000000000000, 0.8660254037844387076, 1.000000000000000000, 0.8660254037844387076, 1.000000000000000000, 0.8660254037844387076, 1.000000000000000000, 0.8660254037844387076, 1.000000000000000000, 0.8660254037844387076, 1.000000000000000000, 0.8660254037844387076, 1.000000000000000000, 0.8660254037844387076, 1.000000000000000000, 0.8660254037844387076, 1.000000000000000000, 0.8660254037844387076, 1.000000000000000000, 0.8660254037844387076, 1.000000000000000000, 0.8660254037844387076, 1.000000000000000000, 0.8660254037844387076, 1.000000000000000000, 0.8660254037844387076, 1.000000000000000000, 0.8660254037844387076, 1.000000000000000000, 0.8660254037844387076, 1.000000000000000000, 0.8660254037844387076, 1.000000000000000000, 0.8660254037844387076, 1.000000000000000000, 0.8660254037844387076, 1.000000000000000000, 0.8660254037844387076, 1.000000000000000000, 0.8660254037844387076, 1.000000000000000000, 0.8660254037844387076, 1.000000000000000000, 0.8660254037844387076, 1.000000000000000000, 0.8660254037844387076, 1.000000000000000000, 0.8660254037844387076, 1.000000000000000000, 0.8660254037844387076, 1.000000000000000000, 0.8660254037844387076, 1.000000000000000000, 0.8660254037844387076, 1.000000000000000000, 0.8660254037844387076, 1.000000000000000000, 0.8660254037844387076, 1.000000000000000000, 0.8660254037844387076, 1.000000000000000000, 0.8660254037844387076, 1.000000000000000000, 0.8660254037844387076, 1.000000000000000000, 0.8660254037844387076, 1.000000000000000000, 0.8660254037844387076, 1.000000000000000000, 0.8660254037844387076, 1.000000000000000000, 0.8660254037844387076, 1.000000000000000000, 0.8660254037844387076, 1.000000000000000000, 0.8660254037844387076, 1.000000000000000000, 0.8660254037844387076, 1.000000000000000000, 0.8660254037844387076, 1.000000000000000000, 0.8660254037844387076, 1.000000000000000000, 0.8660254037844387076, 1.000000000000000000, 0.8660254037844387076, 1.000000000000000000, 0.8660254037844387076, 1.000000000000000000, 0.8660254037844387076, 1.000000000000000000, 0.8660254037844387076, 1.000000000000000000, 0.8660254037844387076, 1.000000000000000000, 0.8660254037844387076, 1.000000000000000000, 0.8660254037844387076, 1.000000000000000000, 0.8660254037844387076, 1.000000000000000000, 0.8660254037844387076, 1.000000000000000000, 0.8660254037844387076, 1.000000000000000000, 0.8660254037844387076, 1.000000000000000000, 0.8660254037844387076, 1.000000000000000000, 0.8660254037844387076, 1.000000000000000000, 0.8660254037844387076, 1.000000000000000000, 0.8660254037844387076, 1.000000000000000000, 0.8660254037844387076, 1.000000000000000000, 0.8660254037844387076, 1.000000000000000000, 0.8660254037844387076, 1.000000000000000000, 0.8660254037844387076, 1.000000000000000000, 0.8660254037844387076, 1.000000000000000000, 0.8660254037844387076, 1.000000000000000000, 0.8660254037844387076, 1.000000000000000000, 0.8660254037844387076, 1.000000000000000000, 0.8660254037844387076, 1.000000000000000000, 0.8660254037844387076, 1.000000000000000000, 0.8660254037844387076, 1.000000000000000000, 0.8660254037844387076, 1.000000000000000000, 0.8660254037844387076, 1.000000000000000000),
 ( 1.000000000000000000, 0.8660254037844387076, 1.000000000000000000, 0.8660254037844387076, 1.000000000000000000, 0.8660254037844387076, 1.000000000000000000, 0.8660254037844387076, 1.000000000000000000, 0.8660254037844387076, 1.000000000000000000, 0.8660254037844387076, 1.000000000000000000, 0.8660254037844387076, 1.000000000000000000, 0.8660254037844387076, 1.000000000000000000, 0.8660254037844387076, 1.000000000000000000, 0.8660254037844387076, 1.000000000000000000, 0.8660254037844387076, 1.000000000000000000, 0.8660254037844387076, 1.000000000000000000, 0.8660254037844387076, 1.000000000000000000, 0.8660254037844387076, 1.000000000000000000, 0.8660254037844387076, 1.000000000000000000, 0.8660254037844387076, 1.000000000000000000, 0.8660254037844387076, 1.000000000000000000, 0.8660254037844387076, 1.000000000000000000, 0.8660254037844387076, 1.000000000000000000, 0.8660254037844387076, 1.000000000000000000, 0.8660254037844387076, 1.000000000000000000, 0.8660254037844387076, 1.000000000000000000, 0.8660254037844387076, 1.000000000000000000, 0.8660254037844387076, 1.000000000000000000, 0.8660254037844387076, 1.000000000000000000, 0.8660254037844387076, 1.000000000000000000, 0.8660254037844387076, 1.000000000000000000, 0.8660254037844387076, 1.000000000000000000, 0.8660254037844387076, 1.000000000000000000, 0.8660254037844387076, 1.000000000000000000, 0.8660254037844387076, 1.000000000000000000, 0.8660254037844387076, 1.000000000000000000, 0.8660254037844387076, 1.000000000000000000, 0.8660254037844387076, 1.000000000000000000, 0.8660254037844387076, 1.000000000000000000, 0.8660254037844387076, 1.000000000000000000, 0.8660254037844387076, 1.000000000000000000, 0.8660254037844387076, 1.000000000000000000, 0.8660254037844387076, 1.000000000000000000, 0.8660254037844387076, 1.000000000000000000, 0.8660254037844387076, 1.000000000000000000, 0.8660254037844387076, 1.000000000000000000, 0.8660254037844387076, 1.000000000000000000, 0.8660254037844387076, 1.000000000000000000, 0.8660254037844387076, 1.000000000000000000, 0.8660254037844387076, 1.000000000000000000, 0.8660254037844387076, 1.000000000000000000, 0.8660254037844387076, 1.000000000000000000, 0.8660254037844387076, 1.000000000000000000, 0.8660254037844387076, 1.000000000000000000, 0.8660254037844387076, 1.000000000000000000, 0.8660254037844387076, 1.000000000000000000, 0.8660254037844387076, 1.000000000000000000, 0.8660254037844387076, 1.000000000000000000, 0.8660254037844387076, 1.000000000000000000, 0.8660254037844387076, 1.000000000000000000, 0.8660254037844387076, 1.000000000000000000, 0.8660254037844387076, 1.000000000000000000, 0.8660254037844387076, 1.000000000000000000, 0.8660254037844387076, 1.000000000000000000, 0.8660254037844387076, 1.000000000000000000, 0.8660254037844387076, 1.000000000000000000, 0.8660254037844387076, 1.000000000000000000, 0.8660254037844387076, 1.000000000000000000, 0.8660254037844387076, 1.000000000000000000, 0.8660254037844387076, 1.000000000000000000, 0.8660254037844387076, 1.000000000000000000, 0.8660254037844387076, 1.000000000000000000, 0.8660254037844387076, 1.000000000000000000, 0.8660254037844387076, 1.000000000000000000, 0.8660254037844387076, 1.000000000000000000, 0.8660254037844387076, 1.000000000000000000) ) ) 
 REPRESENTATION_ITEM ( '' )  SURFACE ( )  );
#3829 = CARTESIAN_POINT ( 'NONE',  ( -0.1701009219599226019, 1.515488654394542056, 7.406250000000000888 ) ) ;
#3830 =( BOUNDED_CURVE ( )  B_SPLINE_CURVE ( 2, ( #7167, #4711, #818, #1473, #3370, #3327, #7207 ),
 .UNSPECIFIED., .F., .T. ) 
 B_SPLINE_CURVE_WITH_KNOTS ( ( 3, 2, 2, 3 ),
 ( 0.5000000000000001110, 0.5138888888888889506, 0.5277777777777779011, 0.5416666666666667407 ),
 .UNSPECIFIED. ) 
 CURVE ( )  GEOMETRIC_REPRESENTATION_ITEM ( )  RATIONAL_B_SPLINE_CURVE ( ( 0.9999999999999988898, 0.8660254037844397068, 1.000000000000000000, 0.8660254037844385966, 1.000000000000000000, 0.8660254037844374864, 1.000000000000001110 ) ) 
 REPRESENTATION_ITEM ( '' )  );
#3831 = VERTEX_POINT ( 'NONE', #2196 ) ;
#3832 = CARTESIAN_POINT ( 'NONE',  ( 1.038180288643459459, -0.5631462490855152492, 8.198051900844818718 ) ) ;
#3833 = CARTESIAN_POINT ( 'NONE',  ( 0.000000000000000000, -7.438283133705603770E-16, 8.250000000000000000 ) ) ;
#3834 = CARTESIAN_POINT ( 'NONE',  ( -0.6785254037844480335, 1.175240473580835943, 6.104166666666668739 ) ) ;
#3835 = FACE_OUTER_BOUND ( 'NONE', #6723, .T. ) ;
#3836 = CARTESIAN_POINT ( 'NONE',  ( 1.017788105676671995, -0.5876202367904416191, -3.166666666666663854 ) ) ;
#3837 = ORIENTED_EDGE ( 'NONE', *, *, #3695, .F. ) ;
#3838 = EDGE_CURVE ( 'NONE', #4727, #3379, #540, .T. ) ;
#3839 = CARTESIAN_POINT ( 'NONE',  ( 1.357050807568896511, -1.475677921728309134E-14, -6.562499999999996447 ) ) ;
#3840 = CARTESIAN_POINT ( 'NONE',  ( -1.299038105676672217, -0.7500000000000237588, 4.916666666666669627 ) ) ;
#3841 = ORIENTED_EDGE ( 'NONE', *, *, #610, .F. ) ;
#3842 = CARTESIAN_POINT ( 'NONE',  ( 0.000000000000000000, 1.527063293868264893, 7.265625000000003553 ) ) ;
#3843 = CARTESIAN_POINT ( 'NONE',  ( 0.000000000000000000, 1.500000000000001110, -0.1874999999999986400 ) ) ;
#3844 = CARTESIAN_POINT ( 'NONE',  ( 1.357050807568896067, -1.585130729402103515E-14, 2.375000000000002220 ) ) ;
#3845 = CARTESIAN_POINT ( 'NONE',  ( 1.499053592390457323, -0.2066980850601322917, 7.596344942559040803 ) ) ;
#3846 = ORIENTED_EDGE ( 'NONE', *, *, #8068, .F. ) ;
#3847 = CARTESIAN_POINT ( 'NONE',  ( 0.000000000000000000, 1.500000000000000888, 2.250000000000003997 ) ) ;
#3848 = CARTESIAN_POINT ( 'NONE',  ( -0.6785254037844485886, -1.175240473580866807, -5.791666666666663410 ) ) ;
#3849 = CARTESIAN_POINT ( 'NONE',  ( -0.6785254037844485886, -1.175240473580867695, 6.708333333333333925 ) ) ;
#3850 = CARTESIAN_POINT ( 'NONE',  ( 1.322475605676672661, -0.7635316469341562051, -2.869791666666666075 ) ) ;
#3851 = CARTESIAN_POINT ( 'NONE',  ( 0.8660254037844489217, 1.500000000000000000, 5.208333333333337478 ) ) ;
#3852 = EDGE_CURVE ( 'NONE', #3314, #961, #7546, .T. ) ;
#3853 = CARTESIAN_POINT ( 'NONE',  ( 1.357050807568896067, -1.603500431389314103E-14, 3.875000000000002220 ) ) ;
#3854 = CARTESIAN_POINT ( 'NONE',  ( -1.520380694806616750, -0.1615340143260638739, 7.406250000000000888 ) ) ;
#3855 = DIRECTION ( 'NONE',  ( -0.000000000000000000, -1.224646799147353207E-16, 1.000000000000000000 ) ) ;
#3856 = ORIENTED_EDGE ( 'NONE', *, *, #6142, .F. ) ;
#3857 = CARTESIAN_POINT ( 'NONE',  ( 0.000000000000000000, 1.175240473580837053, -1.937499999999997335 ) ) ;
#3858 = CARTESIAN_POINT ( 'NONE',  ( -1.439254484199210086E-16, -1.175240473580867695, 1.750000000000002442 ) ) ;
#3859 = CARTESIAN_POINT ( 'NONE',  ( -0.8660254037844474784, -1.500000000000033085, -1.979166666666665186 ) ) ;
#3860 = CARTESIAN_POINT ( 'NONE',  ( -1.131801943648848674, -0.6822241718929829002, 5.090215600219179848 ) ) ;
#3861 = CARTESIAN_POINT ( 'NONE',  ( -0.8660254037844469233, 1.500000000000003553, -2.708333333333330373 ) ) ;
#3862 = CARTESIAN_POINT ( 'NONE',  ( -0.2469850266604015077, -1.535890407632284349, 7.979649587690042623 ) ) ;
#3863 = CARTESIAN_POINT ( 'NONE',  ( -1.534691860997133173, 0.2470292989821907259, 7.980070810694637196 ) ) ;
#3864 = CARTESIAN_POINT ( 'NONE',  ( -0.6785254037844485886, -1.175240473580867029, -3.291666666666664298 ) ) ;
#3865 = ORIENTED_EDGE ( 'NONE', *, *, #4161, .T. ) ;
#3866 = CARTESIAN_POINT ( 'NONE',  ( 1.299038105676671773, -0.7500000000000246470, 3.145833333333334814 ) ) ;
#3867 = CARTESIAN_POINT ( 'NONE',  ( -1.017788105676672439, 0.5876202367904110879, -1.854166666666664076 ) ) ;
#3868 = CARTESIAN_POINT ( 'NONE',  ( -1.299038105676672217, -0.7500000000000234257, 1.416666666666670515 ) ) ;
#3869 = CARTESIAN_POINT ( 'NONE',  ( -0.6785254037844480335, 1.175240473580837275, -2.895833333333331261 ) ) ;
#3870 = CARTESIAN_POINT ( 'NONE',  ( -1.092813464767258269, -0.4323758804164954395, 4.718158681502227836 ) ) ;
#3871 = CARTESIAN_POINT ( 'NONE',  ( -0.1615340143260471095, 1.520380694806618083, 7.406250000000000888 ) ) ;
#3872 = ORIENTED_EDGE ( 'NONE', *, *, #1130, .T. ) ;
#3873 = CARTESIAN_POINT ( 'NONE',  ( 0.1481807566412688404, -1.487749855940264432, 5.576771152902655793 ) ) ;
#3874 =( BOUNDED_CURVE ( )  B_SPLINE_CURVE ( 2, ( #3487, #6572, #4159, #2868, #3566, #5416, #355 ),
 .UNSPECIFIED., .F., .F. ) 
 B_SPLINE_CURVE_WITH_KNOTS ( ( 3, 2, 2, 3 ),
 ( 0.4166666666666667407, 0.4305555555555556357, 0.4444444444444444198, 0.4583333333333333148 ),
 .UNSPECIFIED. ) 
 CURVE ( )  GEOMETRIC_REPRESENTATION_ITEM ( )  RATIONAL_B_SPLINE_CURVE ( ( 0.9999999999999994449, 0.8660254037844392627, 1.000000000000000000, 0.8660254037844387076, 1.000000000000000000, 0.8660254037844387076, 1.000000000000000000 ) ) 
 REPRESENTATION_ITEM ( '' )  );
#3875 = CARTESIAN_POINT ( 'NONE',  ( -0.7643272473420937851, -0.9237755624812085120, 4.767191111240567380 ) ) ;
#3876 = CARTESIAN_POINT ( 'NONE',  ( 0.000000000000000000, 1.175240473580836165, 5.562500000000002665 ) ) ;
#3877 = CARTESIAN_POINT ( 'NONE',  ( -1.732050807568896511, -1.476117550149469400E-14, -3.624999999999996891 ) ) ;
#3878 = AXIS2_PLACEMENT_3D ( 'NONE', #2567, #1897, #1330 ) ;
#3879 = CARTESIAN_POINT ( 'NONE',  ( -1.357050807568896511, -1.487598613891475663E-14, -2.874999999999996891 ) ) ;
#3880 = ORIENTED_EDGE ( 'NONE', *, *, #5628, .F. ) ;
#3881 = CARTESIAN_POINT ( 'NONE',  ( 0.6785254037844478114, -1.175240473580866807, -7.645833333333331261 ) ) ;
#3882 = CARTESIAN_POINT ( 'NONE',  ( 0.000000000000000000, 1.500000000000002220, -6.687499999999999112 ) ) ;
#3883 = ORIENTED_EDGE ( 'NONE', *, *, #7166, .F. ) ;
#3884 = CARTESIAN_POINT ( 'NONE',  ( 0.000000000000000000, 1.527063293868265115, 5.765625000000004441 ) ) ;
#3885 = LINE ( 'NONE', #3715, #7078 ) ;
#3886 = CARTESIAN_POINT ( 'NONE',  ( 0.6785254037844490327, 1.175240473580836165, 2.458333333333335702 ) ) ;
#3887 = DIRECTION ( 'NONE',  ( 0.000000000000000000, 1.000000000000000000, 0.000000000000000000 ) ) ;
#3888 = CARTESIAN_POINT ( 'NONE',  ( -1.550969161285929987, -0.1780110278272075963, 7.690091666444044627 ) ) ;
#3889 = CARTESIAN_POINT ( 'NONE',  ( 1.017788105676672883, 0.5876202367904106438, -7.083333333333330373 ) ) ;
#3890 = CARTESIAN_POINT ( 'NONE',  ( 0.8816504037844494768, 1.527063293868265115, 2.755208333333333925 ) ) ;
#3891 = CARTESIAN_POINT ( 'NONE',  ( -1.322475605676673105, 0.7635316469341257850, -2.619791666666666075 ) ) ;
#3892 = CARTESIAN_POINT ( 'NONE',  ( -0.4347626794466329381, 0.5917109473128552288, 8.233624606597341966 ) ) ;
#3893 = CARTESIAN_POINT ( 'NONE',  ( 1.763300807568897621, -1.467258474984170620E-14, -7.859374999999994671 ) ) ;
#3894 = CARTESIAN_POINT ( 'NONE',  ( -1.504658928399266626, -0.1800167148843552500, 7.406250000000000888 ) ) ;
#3895 = VERTEX_POINT ( 'NONE', #2465 ) ;
#3896 = CARTESIAN_POINT ( 'NONE',  ( 1.017788105676672883, 0.5876202367904095336, 2.916666666666669183 ) ) ;
#3897 = EDGE_CURVE ( 'NONE', #5547, #32, #4951, .T. ) ;
#3898 = ORIENTED_EDGE ( 'NONE', *, *, #825, .F. ) ;
#3899 = CARTESIAN_POINT ( 'NONE',  ( 0.6785254037844478114, -1.175240473580867695, -1.145833333333330817 ) ) ;
#3900 = DIRECTION ( 'NONE',  ( 0.000000000000000000, -1.000000000000000000, 0.000000000000000000 ) ) ;
#3901 = EDGE_CURVE ( 'NONE', #2394, #8115, #5414, .T. ) ;
#3902 = EDGE_CURVE ( 'NONE', #1041, #5328, #4206, .T. ) ;
#3903 = DIRECTION ( 'NONE',  ( -1.000000000000000000, 1.039923713744689927E-14, -0.000000000000000000 ) ) ;
#3904 = CARTESIAN_POINT ( 'NONE',  ( -0.3392257495058424444, -1.296523621654134040, 5.141599011291376975 ) ) ;
#3905 = CARTESIAN_POINT ( 'NONE',  ( 0.000000000000000000, 1.500000000000001554, -2.749999999999996447 ) ) ;
#3906 = CARTESIAN_POINT ( 'NONE',  ( -0.2468885705420940935, -1.537088995082183107, 7.979230760618284179 ) ) ;
#3907 = CARTESIAN_POINT ( 'NONE',  ( 1.299038105676671773, -0.7500000000000237588, -3.916666666666662966 ) ) ;
#3908 = VERTEX_POINT ( 'NONE', #1730 ) ;
#3909 = CARTESIAN_POINT ( 'NONE',  ( 0.000000000000000000, 1.500000000000001110, 0.2500000000000038858 ) ) ;
#3910 = CARTESIAN_POINT ( 'NONE',  ( 1.357050807568896511, -1.567526431664360495E-14, 0.9375000000000025535 ) ) ;
#3911 = FACE_OUTER_BOUND ( 'NONE', #5784, .T. ) ;
#3912 = CARTESIAN_POINT ( 'NONE',  ( -0.6785254037844480335, 1.175240473580837719, -7.958333333333330373 ) ) ;
#3913 = CARTESIAN_POINT ( 'NONE',  ( 1.017788105676672883, 0.5876202367904100887, -1.583333333333330817 ) ) ;
#3914 =( BOUNDED_CURVE ( )  B_SPLINE_CURVE ( 2, ( #2059, #5357, #2770, #3976, #5228, #2725, #6473 ),
 .UNSPECIFIED., .F., .F. ) 
 B_SPLINE_CURVE_WITH_KNOTS ( ( 3, 2, 2, 3 ),
 ( 0.2916666666666666852, 0.3055555555555555802, 0.3194444444444444198, 0.3333333333333333148 ),
 .UNSPECIFIED. ) 
 CURVE ( )  GEOMETRIC_REPRESENTATION_ITEM ( )  RATIONAL_B_SPLINE_CURVE ( ( 0.9999999999999994449, 0.8660254037844392627, 1.000000000000000000, 0.8660254037844387076, 1.000000000000000000, 0.8660254037844392627, 0.9999999999999994449 ) ) 
 REPRESENTATION_ITEM ( '' )  );
#3915 = CARTESIAN_POINT ( 'NONE',  ( -1.819316636665637363E-16, -1.485584772631860950, 5.570822635401444067 ) ) ;
#3916 = VERTEX_POINT ( 'NONE', #6801 ) ;
#3917 = CYLINDRICAL_SURFACE ( 'NONE', #4693, 0.2916000000000001924 ) ;
#3918 = PLANE ( 'NONE',  #925 ) ;
#3919 = CARTESIAN_POINT ( 'NONE',  ( -0.6785254037844480335, 1.175240473580836165, 4.541666666666668739 ) ) ;
#3920 = CARTESIAN_POINT ( 'NONE',  ( 0.1659638459673621891, -1.518332637784021388, 7.406250000000000888 ) ) ;
#3921 = CARTESIAN_POINT ( 'NONE',  ( -0.6785254037844485886, -1.175240473580867029, -3.791666666666663410 ) ) ;
#3922 = ORIENTED_EDGE ( 'NONE', *, *, #5953, .T. ) ;
#3923 = CARTESIAN_POINT ( 'NONE',  ( -1.357050807568896511, -1.451624614166522371E-14, -5.812499999999997335 ) ) ;
#3924 = CARTESIAN_POINT ( 'NONE',  ( -5.227693047139472931E-14, 1.341506350946114479, -8.095993649053886188 ) ) ;
#3925 = ORIENTED_EDGE ( 'NONE', *, *, #1756, .T. ) ;
#3926 = CARTESIAN_POINT ( 'NONE',  ( -1.322475605676673105, -0.7635316469341564272, 6.932291666666670515 ) ) ;
#3927 = CARTESIAN_POINT ( 'NONE',  ( 0.000000000000000000, -7.438283133705603770E-16, 8.250000000000000000 ) ) ;
#3928 = CARTESIAN_POINT ( 'NONE',  ( 1.357050807568896067, -1.560637793419156486E-14, 0.3750000000000025535 ) ) ;
#3929 = CARTESIAN_POINT ( 'NONE',  ( -0.2470292989821756269, -1.534691860997136947, 7.980070810694635419 ) ) ;
#3930 = CARTESIAN_POINT ( 'NONE',  ( 1.357050807568896067, -1.493282219466052154E-14, -5.124999999999997335 ) ) ;
#3931 = CARTESIAN_POINT ( 'NONE',  ( -0.8816504037844485886, 1.527063293868265337, 4.838541666666666075 ) ) ;
#3932 = CARTESIAN_POINT ( 'NONE',  ( -0.8816504037844491437, -1.527063293868295757, -2.994791666666666963 ) ) ;
#3933 = CARTESIAN_POINT ( 'NONE',  ( 0.8660254037844398178, -1.500000000000046185, -4.395833333333332149 ) ) ;
#3934 = DIRECTION ( 'NONE',  ( -0.3826834323650939451, 0.9238795325112849621, -0.000000000000000000 ) ) ;
#3935 = CARTESIAN_POINT ( 'NONE',  ( -1.732050807568896511, -1.506733720128153187E-14, -1.124999999999996225 ) ) ;
#3936 = ORIENTED_EDGE ( 'NONE', *, *, #4061, .T. ) ;
#3937 = PLANE ( 'NONE',  #6274 ) ;
#3938 = ORIENTED_EDGE ( 'NONE', *, *, #8135, .F. ) ;
#3939 = CARTESIAN_POINT ( 'NONE',  ( -0.6785254037844485886, -1.175240473580867029, -2.229166666666664298 ) ) ;
#3940 = CARTESIAN_POINT ( 'NONE',  ( 1.476889365292449741, -0.2622933523483244600, 5.610428147091764295 ) ) ;
#3941 = CARTESIAN_POINT ( 'NONE',  ( -1.732050807568896511, -1.495252656386146925E-14, -2.062499999999998668 ) ) ;
#3942 = CARTESIAN_POINT ( 'NONE',  ( -0.8660254037844480335, 1.500000000000000666, 5.291666666666670515 ) ) ;
#3943 = CARTESIAN_POINT ( 'NONE',  ( 1.524207146240229349, 0.1474052775258398729, 7.406250000000000888 ) ) ;
#3944 = VECTOR ( 'NONE', #3430, 1000.000000000000000 ) ;
#3945 = EDGE_CURVE ( 'NONE', #2905, #1303, #6001, .T. ) ;
#3946 = DIRECTION ( 'NONE',  ( 0.000000000000000000, -1.000000000000000000, 0.000000000000000000 ) ) ;
#3947 = CARTESIAN_POINT ( 'NONE',  ( 1.299038105676671773, -0.7500000000000240918, -1.854166666666665408 ) ) ;
#3948 = EDGE_CURVE ( 'NONE', #7622, #1595, #7186, .T. ) ;
#3949 = ADVANCED_FACE ( 'NONE', ( #1268 ), #3211, .T. ) ;
#3950 = AXIS2_PLACEMENT_3D ( 'NONE', #2383, #6678, #4881 ) ;
#3951 = CARTESIAN_POINT ( 'NONE',  ( -1.899182256117712578E-16, -1.550799999999998180, 5.750000000000000000 ) ) ;
#3952 = CARTESIAN_POINT ( 'NONE',  ( -1.439254484199210086E-16, -1.175240473580867695, 0.8125000000000024425 ) ) ;
#3953 = CARTESIAN_POINT ( 'NONE',  ( 0.9743102564488445028, 0.7807783717178563565, 4.891436114522945466 ) ) ;
#3954 = CARTESIAN_POINT ( 'NONE',  ( 0.000000000000000000, 1.175240473580837275, -2.937499999999997335 ) ) ;
#3955 = AXIS2_PLACEMENT_3D ( 'NONE', #5492, #275, #2828 ) ;
#3956 = CARTESIAN_POINT ( 'NONE',  ( -1.439254484199210086E-16, -1.175240473580867473, -1.749999999999997335 ) ) ;
#3957 = EDGE_CURVE ( 'NONE', #2579, #1754, #854, .T. ) ;
#3958 = CARTESIAN_POINT ( 'NONE',  ( 1.732050807568896511, -1.565230218915958423E-14, 0.1875000000000012768 ) ) ;
#3959 = VECTOR ( 'NONE', #4910, 1000.000000000000000 ) ;
#3960 = ORIENTED_EDGE ( 'NONE', *, *, #6650, .T. ) ;
#3961 = CARTESIAN_POINT ( 'NONE',  ( 1.017788105676671995, -0.5876202367904429513, 7.895833333333334814 ) ) ;
#3962 = FACE_OUTER_BOUND ( 'NONE', #7778, .T. ) ;
#3963 = CARTESIAN_POINT ( 'NONE',  ( 0.000000000000000000, 1.175240473580835943, 8.562500000000001776 ) ) ;
#3964 = CARTESIAN_POINT ( 'NONE',  ( 0.2066980835378257331, -1.499053591007995845, 7.596344928075352776 ) ) ;
#3965 = CARTESIAN_POINT ( 'NONE',  ( 0.000000000000000000, 1.527063293868265559, 2.796875000000000888 ) ) ;
#3966 =( BOUNDED_CURVE ( )  B_SPLINE_CURVE ( 2, ( #7443, #506, #6893, #3600, #7598 ),
 .UNSPECIFIED., .F., .F. ) 
 B_SPLINE_CURVE_WITH_KNOTS ( ( 3, 2, 3 ),
 ( 0.5231168787032092204, 0.5277777777777777901, 0.5416666666666666297 ),
 .UNSPECIFIED. ) 
 CURVE ( )  GEOMETRIC_REPRESENTATION_ITEM ( )  RATIONAL_B_SPLINE_CURVE ( ( 0.9402560062562812515, 0.9550401708507900711, 1.000000000000000000, 0.8660254037844398178, 0.9999999999999988898 ) ) 
 REPRESENTATION_ITEM ( '' )  );
#3967 = CARTESIAN_POINT ( 'NONE',  ( -1.870113174931204576E-16, -1.527063293868295757, -6.953124999999999112 ) ) ;
#3968 = ORIENTED_EDGE ( 'NONE', *, *, #5887, .T. ) ;
#3969 = CARTESIAN_POINT ( 'NONE',  ( 1.017788105676671995, -0.5876202367904413970, -5.104166666666664298 ) ) ;
#3970 = CARTESIAN_POINT ( 'NONE',  ( -1.547933754415224517, 0.2446622343353416495, 7.975503699672909619 ) ) ;
#3971 = B_SPLINE_CURVE_WITH_KNOTS ( 'NONE', 3,
 ( #2003, #3287, #3782, #3871, #112, #3829, #6417, #3201, #7667, #5751, #606, #5834, #3114, #2625, #2665, #7577 ),
 .UNSPECIFIED., .F., .F.,
 ( 4, 3, 3, 3, 3, 4 ),
 ( 0.000000000000000000, 1.463772298357063561E-05, 2.928092099299676912E-05, 4.384939631435143292E-05, 5.839568215676209319E-05, 6.381151604612079586E-05 ),
 .UNSPECIFIED. ) ;
#3972 = ORIENTED_EDGE ( 'NONE', *, *, #2069, .F. ) ;
#3973 = CARTESIAN_POINT ( 'NONE',  ( 1.322475605676673771, 0.7635316469341234535, 6.682291666666670515 ) ) ;
#3974 = CARTESIAN_POINT ( 'NONE',  ( 0.8660254037844515862, -1.500000000000025091, 0.5416666666666708485 ) ) ;
#3975 = CARTESIAN_POINT ( 'NONE',  ( 0.6785254037844478114, -1.175240473580867695, 2.291666666666669183 ) ) ;
#3976 = CARTESIAN_POINT ( 'NONE',  ( -1.732050807568896511, -1.469994316153732643E-14, -4.124999999999995559 ) ) ;
#3977 = CARTESIAN_POINT ( 'NONE',  ( -1.836970198721050395E-16, -1.500000000000031308, -7.437499999999998224 ) ) ;
#3978 = FACE_OUTER_BOUND ( 'NONE', #3089, .T. ) ;
#3979 = CARTESIAN_POINT ( 'NONE',  ( -0.8816504037844491437, -1.527063293868296423, 2.505208333333333481 ) ) ;
#3980 = CARTESIAN_POINT ( 'NONE',  ( -0.8816504037844491437, -1.527063293868295757, -2.494791666666666075 ) ) ;
#3981 = CARTESIAN_POINT ( 'NONE',  ( -1.017788105676672439, -0.5876202367904401758, -8.333333333333330373 ) ) ;
#3982 = CARTESIAN_POINT ( 'NONE',  ( -1.439254484199210086E-16, -1.175240473580867917, 4.250000000000001776 ) ) ;
#3983 = CARTESIAN_POINT ( 'NONE',  ( -0.1679132514439965473, 1.542301010129198291, 7.596344940910930710 ) ) ;
#3984 = ORIENTED_EDGE ( 'NONE', *, *, #4255, .T. ) ;
#3985 = CARTESIAN_POINT ( 'NONE',  ( -1.017788105676672439, 0.5876202367904117541, -7.354166666666663410 ) ) ;
#3986 = ORIENTED_EDGE ( 'NONE', *, *, #6393, .F. ) ;
#3987 = CARTESIAN_POINT ( 'NONE',  ( -0.6785254037844485886, -1.175240473580867473, -0.2291666666666639929 ) ) ;
#3988 = DIRECTION ( 'NONE',  ( 0.9188184237650744990, -0.3805870524817770995, 0.1045284632676537762 ) ) ;
#3989 = CARTESIAN_POINT ( 'NONE',  ( -0.6785254037844480335, 1.175240473580835721, 8.041666666666669627 ) ) ;
#3990 = CARTESIAN_POINT ( 'NONE',  ( -1.136528583736145182, 0.6242148788189235686, 5.020933162974068331 ) ) ;
#3991 = FACE_OUTER_BOUND ( 'NONE', #6131, .T. ) ;
#3992 = CARTESIAN_POINT ( 'NONE',  ( -1.836970198721050395E-16, -1.500000000000031530, -4.437500000000000000 ) ) ;
#3993 = CARTESIAN_POINT ( 'NONE',  ( 1.299038105676671773, -0.7500000000000235367, -5.416666666666662522 ) ) ;
#3994 = CARTESIAN_POINT ( 'NONE',  ( 1.763300807568897621, -1.534614048937274951E-14, -2.359374999999995559 ) ) ;
#3995 = CARTESIAN_POINT ( 'NONE',  ( 1.357050807568896511, -1.585896133651570452E-14, 2.437500000000001776 ) ) ;
#3996 = CARTESIAN_POINT ( 'NONE',  ( 1.070458011032059842, -0.5869358991224552513, 4.814390437481489649 ) ) ;
#3997 = CARTESIAN_POINT ( 'NONE',  ( 0.6785254037844490327, 1.175240473580837275, -8.041666666666664298 ) ) ;
#3998 = EDGE_CURVE ( 'NONE', #3908, #1521, #4279, .T. ) ;
#3999 = CARTESIAN_POINT ( 'NONE',  ( 1.017788105676672883, 0.5876202367904099777, -0.5833333333333307058 ) ) ;
#4000 = LINE ( 'NONE', #2798, #7150 ) ;
#4001 = ORIENTED_EDGE ( 'NONE', *, *, #2178, .T. ) ;
#4002 = CARTESIAN_POINT ( 'NONE',  ( 0.000000000000000000, 1.175240473580835943, 8.562500000000001776 ) ) ;
#4003 = CARTESIAN_POINT ( 'NONE',  ( -1.836970198721050395E-16, -1.500000000000031308, -7.437499999999998224 ) ) ;
#4004 = CARTESIAN_POINT ( 'NONE',  ( 0.6785254037844490327, 1.175240473580835943, 2.958333333333335702 ) ) ;
#4005 = ADVANCED_FACE ( 'NONE', ( #4507 ), #6740, .T. ) ;
#4006 = EDGE_CURVE ( 'NONE', #2015, #4834, #7696, .T. ) ;
#4007 = DIRECTION ( 'NONE',  ( -0.000000000000000000, -1.224646799147353207E-16, 1.000000000000000000 ) ) ;
#4008 = CARTESIAN_POINT ( 'NONE',  ( 1.322475605676673771, 0.7635316469341251189, -7.286458333333332149 ) ) ;
#4009 = ORIENTED_EDGE ( 'NONE', *, *, #4162, .T. ) ;
#4010 = CARTESIAN_POINT ( 'NONE',  ( -0.6785254037844485886, -1.175240473580867029, -3.229166666666664298 ) ) ;
#4011 = ORIENTED_EDGE ( 'NONE', *, *, #3285, .T. ) ;
#4012 = CARTESIAN_POINT ( 'NONE',  ( -1.870113174931204576E-16, -1.527063293868297533, 8.015625000000003553 ) ) ;
#4013 = CARTESIAN_POINT ( 'NONE',  ( 0.000000000000000000, -7.438283133705603770E-16, 8.250000000000000000 ) ) ;
#4014 = CARTESIAN_POINT ( 'NONE',  ( 0.000000000000000000, -1.500000000000001554, 8.250000000000000000 ) ) ;
#4015 = AXIS2_PLACEMENT_3D ( 'NONE', #5639, #3173, #7012 ) ;
#4016 = CARTESIAN_POINT ( 'NONE',  ( -1.542129073831898234, 0.1678132330522790205, 7.595469040531620308 ) ) ;
#4017 = CARTESIAN_POINT ( 'NONE',  ( -1.836970198721050395E-16, -1.500000000000031308, -6.437499999999999112 ) ) ;
#4018 = ORIENTED_EDGE ( 'NONE', *, *, #1367, .F. ) ;
#4019 = CARTESIAN_POINT ( 'NONE',  ( 1.322475605676673771, 0.7635316469341235646, 4.713541666666666963 ) ) ;
#4020 = CARTESIAN_POINT ( 'NONE',  ( -1.322475605676673105, 0.7635316469341253409, 0.8802083333333334814 ) ) ;
#4021 = CARTESIAN_POINT ( 'NONE',  ( -1.836970198721050149E-16, -1.500000000000031974, 1.000000000000003775 ) ) ;
#4022 = CARTESIAN_POINT ( 'NONE',  ( 0.000000000000000000, 1.527063293868266447, -5.234374999999994671 ) ) ;
#4023 = CARTESIAN_POINT ( 'NONE',  ( -0.9609782536090899496, -0.2712414087855117839, 8.140750377164776452 ) ) ;
#4024 = CIRCLE ( 'NONE', #853, 1.531318301494582590 ) ;
#4025 = ORIENTED_EDGE ( 'NONE', *, *, #7205, .F. ) ;
#4026 = CARTESIAN_POINT ( 'NONE',  ( -0.6785254037844480335, 1.175240473580837497, -4.458333333333330373 ) ) ;
#4027 = CARTESIAN_POINT ( 'NONE',  ( 1.017788105676672883, 0.5876202367904106438, -6.020833333333330373 ) ) ;
#4028 = ORIENTED_EDGE ( 'NONE', *, *, #4666, .F. ) ;
#4029 = CARTESIAN_POINT ( 'NONE',  ( -1.357050807568896511, -1.518980188119626702E-14, -0.3124999999999976130 ) ) ;
#4030 = CYLINDRICAL_SURFACE ( 'NONE', #1961, 1.500000000000000888 ) ;
#4031 = CARTESIAN_POINT ( 'NONE',  ( -1.017788105676672439, 0.5876202367904109769, -0.8541666666666640761 ) ) ;
#4032 = CARTESIAN_POINT ( 'NONE',  ( -0.8660254037844503650, 1.499999999999996447, 2.854166666666667407 ) ) ;
#4033 = CARTESIAN_POINT ( 'NONE',  ( 0.000000000000000000, -1.500000000000001554, 8.250000000000000000 ) ) ;
#4034 = FACE_OUTER_BOUND ( 'NONE', #6712, .T. ) ;
#4035 = CARTESIAN_POINT ( 'NONE',  ( 1.763300807568897621, -1.552983750924485223E-14, -0.8593749999999955591 ) ) ;
#4036 = CARTESIAN_POINT ( 'NONE',  ( -0.1576114318129139269, -1.533209921821066857, 7.500855289840902884 ) ) ;
#4037 = CARTESIAN_POINT ( 'NONE',  ( 0.000000000000000000, 1.175240473580836831, 1.062500000000002665 ) ) ;
#4038 = DIRECTION ( 'NONE',  ( -0.000000000000000000, -1.224646799147353207E-16, 1.000000000000000000 ) ) ;
#4039 = CARTESIAN_POINT ( 'NONE',  ( -1.357050807568896511, -1.450859209917055118E-14, -5.874999999999997335 ) ) ;
#4040 = CARTESIAN_POINT ( 'NONE',  ( 0.6785254037844490327, 1.175240473580836831, -2.541666666666664298 ) ) ;
#4041 = CARTESIAN_POINT ( 'NONE',  ( -1.499053591007995401, -0.2066980835378331438, 7.596344928075365210 ) ) ;
#4042 = ORIENTED_EDGE ( 'NONE', *, *, #3070, .F. ) ;
#4043 = CARTESIAN_POINT ( 'NONE',  ( -0.3038685749748800680, -1.145421477373504082, -8.250000000000005329 ) ) ;
#4044 = CARTESIAN_POINT ( 'NONE',  ( 1.017788105676671995, -0.5876202367904425072, 3.833333333333335258 ) ) ;
#4045 = CARTESIAN_POINT ( 'NONE',  ( -1.017788105676672439, 0.5876202367904117541, -7.354166666666663410 ) ) ;
#4046 = CARTESIAN_POINT ( 'NONE',  ( 0.000000000000000000, -1.500000000000001554, 8.250000000000000000 ) ) ;
#4047 = CARTESIAN_POINT ( 'NONE',  ( -0.8816504037844485886, 1.527063293868266447, -6.661458333333332149 ) ) ;
#4048 = VERTEX_POINT ( 'NONE', #7094 ) ;
#4049 = CARTESIAN_POINT ( 'NONE',  ( 1.017788105676671995, -0.5876202367904416191, -3.104166666666663854 ) ) ;
#4050 = ADVANCED_FACE ( 'NONE', ( #6426 ), #2636, .T. ) ;
#4051 = EDGE_CURVE ( 'NONE', #1719, #3122, #3100, .T. ) ;
#4052 = EDGE_CURVE ( 'NONE', #6602, #210, #1743, .T. ) ;
#4053 = ORIENTED_EDGE ( 'NONE', *, *, #3393, .T. ) ;
#4054 = CARTESIAN_POINT ( 'NONE',  ( -1.357050807568896511, -1.574089294081257834E-14, 4.187500000000001776 ) ) ;
#4055 = DIRECTION ( 'NONE',  ( -0.000000000000000000, -1.224646799147353207E-16, 1.000000000000000000 ) ) ;
#4056 = LINE ( 'NONE', #4014, #579 ) ;
#4057 = CARTESIAN_POINT ( 'NONE',  ( -0.1492243482503693153, -1.524031224859955680, 7.406250000000000888 ) ) ;
#4058 = CARTESIAN_POINT ( 'NONE',  ( 0.000000000000000000, 1.500000000000001554, -3.249999999999996003 ) ) ;
#4059 = FACE_OUTER_BOUND ( 'NONE', #922, .T. ) ;
#4060 = CARTESIAN_POINT ( 'NONE',  ( 1.322475605676672661, -0.7635316469341573153, 5.630208333333333037 ) ) ;
#4061 = EDGE_CURVE ( 'NONE', #1269, #291, #450, .T. ) ;
#4062 = CARTESIAN_POINT ( 'NONE',  ( 0.8816504037844482555, -1.527063293868297311, 1.088541666666667407 ) ) ;
#4063 = CARTESIAN_POINT ( 'NONE',  ( 1.017788105676672883, 0.5876202367904107549, -7.583333333333330373 ) ) ;
#4064 = CARTESIAN_POINT ( 'NONE',  ( -1.322475605676673105, 0.7635316469341263401, -6.651041666666661634 ) ) ;
#4065 = CARTESIAN_POINT ( 'NONE',  ( 0.2368691645223709730, 1.525790193410407891, 7.883403588540149443 ) ) ;
#4066 = ORIENTED_EDGE ( 'NONE', *, *, #3095, .T. ) ;
#4067 = CARTESIAN_POINT ( 'NONE',  ( -1.439254484199210086E-16, -1.175240473580867251, -3.249999999999997780 ) ) ;
#4068 = CARTESIAN_POINT ( 'NONE',  ( -0.6785254037844485886, -1.175240473580866585, -6.729166666666663410 ) ) ;
#4069 = ORIENTED_EDGE ( 'NONE', *, *, #1367, .T. ) ;
#4070 = CARTESIAN_POINT ( 'NONE',  ( 0.6785254037844478114, -1.175240473580867695, 1.354166666666669405 ) ) ;
#4071 = CARTESIAN_POINT ( 'NONE',  ( 0.000000000000000000, 1.175240473580836609, 3.000000000000002220 ) ) ;
#4072 = CARTESIAN_POINT ( 'NONE',  ( 1.357050807568896067, -1.561403197668623738E-14, 0.4375000000000024980 ) ) ;
#4073 = LINE ( 'NONE', #3003, #6620 ) ;
#4074 = CARTESIAN_POINT ( 'NONE',  ( 0.2283142632703984987, -1.568956015774093604, 7.968834839177244334 ) ) ;
#4075 = FACE_OUTER_BOUND ( 'NONE', #3795, .T. ) ;
#4076 = CARTESIAN_POINT ( 'NONE',  ( -0.8816504037844491437, -1.527063293868295979, -1.026041666666662300 ) ) ;
#4077 = ADVANCED_FACE ( 'NONE', ( #4316 ), #4878, .T. ) ;
#4078 = CYLINDRICAL_SURFACE ( 'NONE', #1709, 1.500000000000000888 ) ;
#4079 = CARTESIAN_POINT ( 'NONE',  ( -0.6785254037844480335, 1.175240473580836831, 0.1041666666666690721 ) ) ;
#4080 = CARTESIAN_POINT ( 'NONE',  ( 0.6785254037844490327, 1.175240473580835943, 4.020833333333335702 ) ) ;
#4081 = CARTESIAN_POINT ( 'NONE',  ( 0.000000000000000000, 1.175240473580837719, -5.999999999999996447 ) ) ;
#4082 = CARTESIAN_POINT ( 'NONE',  ( 0.000000000000000000, 1.175240473580837053, -0.9999999999999974465 ) ) ;
#4083 = VECTOR ( 'NONE', #549, 1000.000000000000114 ) ;
#4084 =( NAMED_UNIT ( * ) PLANE_ANGLE_UNIT ( ) SI_UNIT ( $, .RADIAN. ) );
#4085 = ORIENTED_EDGE ( 'NONE', *, *, #6046, .F. ) ;
#4086 = VECTOR ( 'NONE', #3934, 1000.000000000000114 ) ;
#4087 = DIRECTION ( 'NONE',  ( 0.000000000000000000, -1.000000000000000000, 0.000000000000000000 ) ) ;
#4088 = CARTESIAN_POINT ( 'NONE',  ( -1.017788105676672439, -0.5876202367904417301, 4.666666666666668739 ) ) ;
#4089 = CARTESIAN_POINT ( 'NONE',  ( 1.357050807568896511, -1.463431453736835304E-14, -7.562499999999997335 ) ) ;
#4090 = CARTESIAN_POINT ( 'NONE',  ( 0.000000000000000000, 1.500000000000001110, 0.3125000000000013878 ) ) ;
#4091 = CARTESIAN_POINT ( 'NONE',  ( -1.763300807568897621, -1.452007316291255997E-14, -5.578125000000000000 ) ) ;
#4092 = ORIENTED_EDGE ( 'NONE', *, *, #5446, .T. ) ;
#4093 = AXIS2_PLACEMENT_3D ( 'NONE', #5033, #3110, #1912 ) ;
#4094 = CARTESIAN_POINT ( 'NONE',  ( 1.458056511371414822E-16, 0.2069258640381754499, 3.660975943842971869 ) ) ;
#4095 = VECTOR ( 'NONE', #1377, 1000.000000000000114 ) ;
#4096 = VERTEX_POINT ( 'NONE', #6816 ) ;
#4097 = CARTESIAN_POINT ( 'NONE',  ( -1.017788105676672439, -0.5876202367904416191, 3.229166666666668739 ) ) ;
#4098 = DIRECTION ( 'NONE',  ( 0.000000000000000000, -1.000000000000000000, 0.000000000000000000 ) ) ;
#4099 = DIRECTION ( 'NONE',  ( -0.000000000000000000, -1.224646799147353207E-16, 1.000000000000000000 ) ) ;
#4100 = DIRECTION ( 'NONE',  ( -4.188538737677001009E-17, -0.3420201433256696011, 0.9396926207859082059 ) ) ;
#4101 = CYLINDRICAL_SURFACE ( 'NONE', #4212, 1.500000000000000888 ) ;
#4102 = CARTESIAN_POINT ( 'NONE',  ( 0.000000000000000000, 1.500000000000000888, 4.312500000000000888 ) ) ;
#4103 = CARTESIAN_POINT ( 'NONE',  ( -0.8816504037844485886, 1.527063293868265115, 6.338541666666666963 ) ) ;
#4104 = VECTOR ( 'NONE', #556, 1000.000000000000000 ) ;
#4106 = EDGE_CURVE ( 'NONE', #7921, #5860, #1948, .T. ) ;
#4105 = CARTESIAN_POINT ( 'NONE',  ( -1.763300807568897621, -1.531609358235833528E-14, 0.9218750000000007772 ) ) ;
#4107 =( BOUNDED_CURVE ( )  B_SPLINE_CURVE ( 2, ( #3311, #179, #6685, #7317, #5942, #4648, #2237 ),
 .UNSPECIFIED., .F., .F. ) 
 B_SPLINE_CURVE_WITH_KNOTS ( ( 3, 2, 2, 3 ),
 ( 0.2916666666666666852, 0.3055555555555555802, 0.3194444444444444198, 0.3333333333333333148 ),
 .UNSPECIFIED. ) 
 CURVE ( )  GEOMETRIC_REPRESENTATION_ITEM ( )  RATIONAL_B_SPLINE_CURVE ( ( 1.000000000000000000, 0.8660254037844387076, 1.000000000000000000, 0.8660254037844387076, 1.000000000000000000, 0.8660254037844387076, 1.000000000000000000 ) ) 
 REPRESENTATION_ITEM ( '' )  );
#4108 = CARTESIAN_POINT ( 'NONE',  ( -1.439254484199210086E-16, -1.175240473580866807, -7.249999999999997335 ) ) ;
#4109 = CARTESIAN_POINT ( 'NONE',  ( 1.322475605676672661, -0.7635316469341559831, -4.401041666666662522 ) ) ;
#4110 = CARTESIAN_POINT ( 'NONE',  ( -0.1941710946047818798, -0.9453114802360882418, 7.406250000000001776 ) ) ;
#4111 = ORIENTED_EDGE ( 'NONE', *, *, #2178, .F. ) ;
#4112 = CARTESIAN_POINT ( 'NONE',  ( 1.480908766186230352, -0.1867183014945914266, 7.406250000000000888 ) ) ;
#4113 = CARTESIAN_POINT ( 'NONE',  ( 0.000000000000000000, 1.175240473580837719, -5.937499999999996447 ) ) ;
#4114 = ORIENTED_EDGE ( 'NONE', *, *, #2463, .T. ) ;
#4115 = CARTESIAN_POINT ( 'NONE',  ( -0.6785254037844485886, -1.175240473580867473, 0.7708333333333355908 ) ) ;
#4116 = CARTESIAN_POINT ( 'NONE',  ( -0.6785254037844485886, -1.175240473580867695, 4.708333333333334814 ) ) ;
#4117 = CARTESIAN_POINT ( 'NONE',  ( -0.6785254037844480335, 1.175240473580837053, -1.395833333333331039 ) ) ;
#4118 = CARTESIAN_POINT ( 'NONE',  ( -0.8660254037844480335, 1.500000000000001110, -0.1458333333333322046 ) ) ;
#4119 = EDGE_CURVE ( 'NONE', #6293, #2200, #6470, .T. ) ;
#4120 = CYLINDRICAL_SURFACE ( 'NONE', #1049, 1.500000000000000888 ) ;
#4121 = CARTESIAN_POINT ( 'NONE',  ( -1.299038105676672217, 0.7499999999999927836, 3.833333333333337034 ) ) ;
#4122 = CARTESIAN_POINT ( 'NONE',  ( -1.322475605676673105, 0.7635316469341256740, -0.6510416666666621888 ) ) ;
#4123 = CARTESIAN_POINT ( 'NONE',  ( -0.5631462490855106973, -1.038180288643462346, 8.198051900844818718 ) ) ;
#4124 = CARTESIAN_POINT ( 'NONE',  ( -1.017788105676672439, -0.5876202367904415080, 2.729166666666668739 ) ) ;
#4125 = CARTESIAN_POINT ( 'NONE',  ( -1.017788105676672439, -0.5876202367904416191, 3.229166666666668739 ) ) ;
#4126 = CARTESIAN_POINT ( 'NONE',  ( -1.439254484199210086E-16, -1.175240473580866807, -6.749999999999997335 ) ) ;
#4127 = CARTESIAN_POINT ( 'NONE',  ( -1.017788105676672439, -0.5876202367904413970, 1.166666666666669183 ) ) ;
#4128 = CARTESIAN_POINT ( 'NONE',  ( -1.038180288643458127, 0.2731436643961319133, 8.228532400733666208 ) ) ;
#4129 = ORIENTED_EDGE ( 'NONE', *, *, #6598, .F. ) ;
#4130 = CARTESIAN_POINT ( 'NONE',  ( -0.8234078741651548183, -0.8385640366158030323, -8.250000000000000000 ) ) ;
#4131 = CARTESIAN_POINT ( 'NONE',  ( 1.357050807568896511, -1.627993367372260817E-14, 5.875000000000001776 ) ) ;
#4132 = CARTESIAN_POINT ( 'NONE',  ( 1.017788105676671995, -0.5876202367904409529, -8.104166666666664298 ) ) ;
#4133 = CARTESIAN_POINT ( 'NONE',  ( 0.8660254037844530295, 1.499999999999993117, 3.708333333333335702 ) ) ;
#4134 = ORIENTED_EDGE ( 'NONE', *, *, #6554, .F. ) ;
#4135 = CARTESIAN_POINT ( 'NONE',  ( -1.017788105676672439, -0.5876202367904407309, -4.270833333333330373 ) ) ;
#4136 = ORIENTED_EDGE ( 'NONE', *, *, #3741, .F. ) ;
#4137 = CARTESIAN_POINT ( 'NONE',  ( -1.017788105676672439, 0.5876202367904105328, 3.145833333333335702 ) ) ;
#4138 = CARTESIAN_POINT ( 'NONE',  ( -1.836970198721050149E-16, -1.500000000000031530, -5.499999999999996447 ) ) ;
#4139 = CARTESIAN_POINT ( 'NONE',  ( -1.254431609412135717, -0.7547085688088635003, 5.502974181575073231 ) ) ;
#4140 = CARTESIAN_POINT ( 'NONE',  ( -1.836970198721050395E-16, -1.500000000000031752, -2.937499999999998668 ) ) ;
#4141 = LINE ( 'NONE', #6557, #3944 ) ;
#4142 = DIRECTION ( 'NONE',  ( 0.000000000000000000, -1.000000000000000000, 0.000000000000000000 ) ) ;
#4143 = CARTESIAN_POINT ( 'NONE',  ( 0.8816504037844494768, 1.527063293868264671, 6.755208333333333925 ) ) ;
#4144 = CARTESIAN_POINT ( 'NONE',  ( 0.000000000000000000, 1.527063293868266003, -1.203124999999999334 ) ) ;
#4145 = FACE_OUTER_BOUND ( 'NONE', #7457, .T. ) ;
#4146 = APPLICATION_CONTEXT ( 'configuration controlled 3d designs of mechanical parts and assemblies' ) ;
#4147 = CARTESIAN_POINT ( 'NONE',  ( -1.322475605676673105, 0.7635316469341263401, -6.151041666666662522 ) ) ;
#4148 = CARTESIAN_POINT ( 'NONE',  ( 1.299038105676671773, -0.7500000000000239808, -2.354166666666665630 ) ) ;
#4149 = ORIENTED_EDGE ( 'NONE', *, *, #7314, .F. ) ;
#4150 = CARTESIAN_POINT ( 'NONE',  ( -0.8660254037844483666, 1.500000000000002220, -5.145833333333333037 ) ) ;
#4151 = CARTESIAN_POINT ( 'NONE',  ( -1.017788105676672439, 0.5876202367904116430, -6.854166666666663410 ) ) ;
#4152 = ORIENTED_EDGE ( 'NONE', *, *, #5673, .T. ) ;
#4153 = CARTESIAN_POINT ( 'NONE',  ( 0.6785254037844478114, -1.175240473580867695, 0.3541666666666693497 ) ) ;
#4154 = CARTESIAN_POINT ( 'NONE',  ( -0.6785254037844485886, -1.175240473580867695, 5.708333333333335702 ) ) ;
#4155 =( BOUNDED_CURVE ( )  B_SPLINE_CURVE ( 2, ( #7726, #5050, #2017, #2598, #4554, #745, #3257 ),
 .UNSPECIFIED., .F., .F. ) 
 B_SPLINE_CURVE_WITH_KNOTS ( ( 3, 2, 2, 3 ),
 ( 0.5833333333333332593, 0.5972222222222222099, 0.6111111111111110494, 0.6249999999999998890 ),
 .UNSPECIFIED. ) 
 CURVE ( )  GEOMETRIC_REPRESENTATION_ITEM ( )  RATIONAL_B_SPLINE_CURVE ( ( 1.000000000000000000, 0.8660254037844387076, 1.000000000000000000, 0.8660254037844387076, 1.000000000000000000, 0.8660254037844398178, 0.9999999999999988898 ) ) 
 REPRESENTATION_ITEM ( '' )  );
#4156 = CARTESIAN_POINT ( 'NONE',  ( 0.6785254037844490327, 1.175240473580836387, -0.4791666666666642427 ) ) ;
#4157 = AXIS2_PLACEMENT_3D ( 'NONE', #1564, #951, #1402 ) ;
#4158 = LINE ( 'NONE', #395, #1570 ) ;
#4159 = CARTESIAN_POINT ( 'NONE',  ( -1.299038105676672217, 0.7499999999999925615, 4.895833333333333925 ) ) ;
#4160 = ADVANCED_FACE ( 'NONE', ( #4944 ), #4235, .F. ) ;
#4161 = EDGE_CURVE ( 'NONE', #2953, #6293, #6201, .T. ) ;
#4162 = EDGE_CURVE ( 'NONE', #4909, #4877, #3731, .T. ) ;
#4163 = CARTESIAN_POINT ( 'NONE',  ( 1.322475605676672661, -0.7635316469341564272, -0.9010416666666621888 ) ) ;
#4164 = DIRECTION ( 'NONE',  ( -0.000000000000000000, -1.224646799147353207E-16, 1.000000000000000000 ) ) ;
#4165 = CARTESIAN_POINT ( 'NONE',  ( -1.017788105676672439, -0.5876202367904409529, -1.833333333333330817 ) ) ;
#4166 = CARTESIAN_POINT ( 'NONE',  ( 0.8660254037844475894, -1.500000000000032196, -1.458333333333329707 ) ) ;
#4167 = CARTESIAN_POINT ( 'NONE',  ( 0.6785254037844478114, -1.175240473580867029, -6.208333333333331261 ) ) ;
#4168 = PERSON_AND_ORGANIZATION_ROLE ( 'classification_officer' ) ;
#4169 = ORIENTED_EDGE ( 'NONE', *, *, #6703, .F. ) ;
#4170 = DIRECTION ( 'NONE',  ( -0.9945218953682734009, -8.759593272591338325E-17, 0.1045284632676537068 ) ) ;
#4171 = CARTESIAN_POINT ( 'NONE',  ( -1.357050807568896511, -1.610063293806210811E-14, 7.125000000000001776 ) ) ;
#4172 = LINE ( 'NONE', #4757, #4492 ) ;
#4173 = DIRECTION ( 'NONE',  ( 0.9188184237650774966, 0.3805870524817697165, -0.1045284632676536929 ) ) ;
#4174 = ORIENTED_EDGE ( 'NONE', *, *, #1571, .T. ) ;
#4175 = CARTESIAN_POINT ( 'NONE',  ( 1.017788105676671995, -0.5876202367904415080, -4.104166666666664298 ) ) ;
#4176 = ORIENTED_EDGE ( 'NONE', *, *, #4581, .T. ) ;
#4177 = CARTESIAN_POINT ( 'NONE',  ( 1.017788105676671995, -0.5876202367904423962, 3.395833333333335702 ) ) ;
#4178 = CARTESIAN_POINT ( 'NONE',  ( 0.5883555573418832729, -0.4314072894756743048, 8.191913363870522602 ) ) ;
#4179 = CARTESIAN_POINT ( 'NONE',  ( 1.498883479085573178, 0.2066060943415825857, 7.595469709336404307 ) ) ;
#4180 = CARTESIAN_POINT ( 'NONE',  ( -0.2990896682797062889, -0.9279710683664144089, 8.265361283549927052 ) ) ;
#4181 = CARTESIAN_POINT ( 'NONE',  ( 1.556630036246269277, -0.2402462345495783302, 7.972636439135570185 ) ) ;
#4182 = CARTESIAN_POINT ( 'NONE',  ( 1.017788105676671995, -0.5876202367904425072, 4.395833333333335702 ) ) ;
#4183 = CARTESIAN_POINT ( 'NONE',  ( -1.870113174931204576E-16, -1.527063293868297311, 6.546875000000000000 ) ) ;
#4184 = CARTESIAN_POINT ( 'NONE',  ( -1.322475605676673105, 0.7635316469341256740, -1.119791666666666075 ) ) ;
#4185 = CARTESIAN_POINT ( 'NONE',  ( -1.017788105676672439, 0.5876202367904115320, -5.916666666666663410 ) ) ;
#4186 = CARTESIAN_POINT ( 'NONE',  ( 0.8816504037844482555, -1.527063293868296423, -4.442708333333327708 ) ) ;
#4187 = CARTESIAN_POINT ( 'NONE',  ( 0.2631248712943653478, 0.9978205399679958010, 8.133209951772101931 ) ) ;
#4188 =( BOUNDED_CURVE ( )  B_SPLINE_CURVE ( 2, ( #2892, #953, #5398, #2229, #7309, #1607, #2268 ),
 .UNSPECIFIED., .F., .F. ) 
 B_SPLINE_CURVE_WITH_KNOTS ( ( 3, 2, 2, 3 ),
 ( 0.1666666666666666574, 0.1805555555555555802, 0.1944444444444445030, 0.2083333333333334259 ),
 .UNSPECIFIED. ) 
 CURVE ( )  GEOMETRIC_REPRESENTATION_ITEM ( )  RATIONAL_B_SPLINE_CURVE ( ( 1.000000000000000000, 0.8660254037844387076, 1.000000000000000000, 0.8660254037844387076, 1.000000000000000000, 0.8660254037844379305, 1.000000000000000888 ) ) 
 REPRESENTATION_ITEM ( '' )  );
#4189 = ORIENTED_EDGE ( 'NONE', *, *, #7979, .T. ) ;
#4190 = DIRECTION ( 'NONE',  ( 0.1045058763748857450, -0.02078751127481497443, 0.9943069954385902465 ) ) ;
#4191 = CARTESIAN_POINT ( 'NONE',  ( -0.6785254037844480335, 1.175240473580837497, -4.395833333333330373 ) ) ;
#4192 = VERTEX_POINT ( 'NONE', #3304 ) ;
#4193 = CARTESIAN_POINT ( 'NONE',  ( 8.694123914660132386E-17, 0.7099290930832722335, 6.720538499609660654 ) ) ;
#4194 = CARTESIAN_POINT ( 'NONE',  ( 1.357050807568896511, -1.621870133376524375E-14, 5.375000000000001776 ) ) ;
#4195 = CARTESIAN_POINT ( 'NONE',  ( -0.6785254037844480335, 1.175240473580837053, -0.3958333333333309834 ) ) ;
#4196 = CARTESIAN_POINT ( 'NONE',  ( -1.732050807568896511, -1.494487252136679673E-14, -2.124999999999996447 ) ) ;
#4197 = DIRECTION ( 'NONE',  ( 0.07992773943613235010, -0.07992773943613272480, 0.9935910189495774647 ) ) ;
#4198 =( BOUNDED_CURVE ( )  B_SPLINE_CURVE ( 2, ( #1479, #4133, #6546, #7758, #7845, #2136, #5974 ),
 .UNSPECIFIED., .F., .F. ) 
 B_SPLINE_CURVE_WITH_KNOTS ( ( 3, 2, 2, 3 ),
 ( 0.8333333333333334814, 0.8472222222222223209, 0.8611111111111112715, 0.8750000000000001110 ),
 .UNSPECIFIED. ) 
 CURVE ( )  GEOMETRIC_REPRESENTATION_ITEM ( )  RATIONAL_B_SPLINE_CURVE ( ( 0.9999999999999988898, 0.8660254037844398178, 1.000000000000000000, 0.8660254037844387076, 1.000000000000000000, 0.8660254037844375974, 1.000000000000001110 ) ) 
 REPRESENTATION_ITEM ( '' )  );
#4199 = CARTESIAN_POINT ( 'NONE',  ( -1.763300807568897621, -1.518980188119626702E-14, -0.1093749999999957534 ) ) ;
#4200 = CARTESIAN_POINT ( 'NONE',  ( 1.299038105676671995, -0.7500000000000235367, -6.354166666666666075 ) ) ;
#4201 = CARTESIAN_POINT ( 'NONE',  ( 0.000000000000000000, 1.175240473580837053, -1.499999999999997335 ) ) ;
#4202 = CARTESIAN_POINT ( 'NONE',  ( -1.836970198721050149E-16, -1.500000000000031974, -1.499999999999996447 ) ) ;
#4203 = CARTESIAN_POINT ( 'NONE',  ( 0.6785254037844490327, 1.175240473580836831, -3.041666666666663854 ) ) ;
#4204 = EDGE_CURVE ( 'NONE', #6605, #1115, #7914, .T. ) ;
#4205 = EDGE_CURVE ( 'NONE', #3122, #6911, #7534, .T. ) ;
#4206 = B_SPLINE_CURVE_WITH_KNOTS ( 'NONE', 3,
 ( #7433, #4261, #5480, #5595, #1765, #5003, #4301, #8089, #6260, #3667, #6181, #2389, #1691, #1073, #6920, #495, #7507, #8049, #1800, #3713, #3006, #3085, #1841, #3589, #4851, #1227 ),
 .UNSPECIFIED., .F., .F.,
 ( 4, 2, 2, 2, 2, 2, 2, 2, 2, 2, 2, 2, 4 ),
 ( 0.002056945486222342464, 0.002330265158027509248, 0.002603584829832676466, 0.003150224173443010034, 0.003696863517053343602, 0.004243502860663677170, 0.004516822532468843521, 0.004790142204274009871, 0.005336781547884342572, 0.005610101219689510657, 0.005883420891494677007, 0.006156740563299845093, 0.006430060235105011443 ),
 .UNSPECIFIED. ) ;
#4207 = ORIENTED_EDGE ( 'NONE', *, *, #558, .F. ) ;
#4208 = FACE_OUTER_BOUND ( 'NONE', #6783, .T. ) ;
#4209 = CARTESIAN_POINT ( 'NONE',  ( 1.017788105676672883, 0.5876202367904092005, 5.916666666666668739 ) ) ;
#4210 = CARTESIAN_POINT ( 'NONE',  ( -1.017788105676672439, -0.5876202367904401758, -8.270833333333330373 ) ) ;
#4211 = CARTESIAN_POINT ( 'NONE',  ( 1.576622122564776074, 0.2078487863862033824, 7.967077405468494966 ) ) ;
#4212 = AXIS2_PLACEMENT_3D ( 'NONE', #1567, #2726, #6061 ) ;
#4213 = ADVANCED_FACE ( 'NONE', ( #7728 ), #912, .T. ) ;
#4214 = VERTEX_POINT ( 'NONE', #173 ) ;
#4215 = CARTESIAN_POINT ( 'NONE',  ( 0.3355105031341755195, -1.193317569361831421, 4.864119459765194442 ) ) ;
#4216 = ORIENTED_EDGE ( 'NONE', *, *, #314, .T. ) ;
#4217 = CIRCLE ( 'NONE', #6336, 2.911062155725037126 ) ;
#4218 = CARTESIAN_POINT ( 'NONE',  ( -1.017788105676672439, -0.5876202367904417301, 4.229166666666669627 ) ) ;
#4219 = CARTESIAN_POINT ( 'NONE',  ( 2.801143839917188433E-16, 2.287307525620818627, 6.437500000000000888 ) ) ;
#4220 = CARTESIAN_POINT ( 'NONE',  ( -0.2731436643961134281, 1.038180288643462124, 8.228532400733667984 ) ) ;
#4221 = CARTESIAN_POINT ( 'NONE',  ( -1.017788105676672439, 0.5876202367904103108, 5.145833333333335702 ) ) ;
#4222 = CARTESIAN_POINT ( 'NONE',  ( 0.8816504037844482555, -1.527063293868297977, 7.088541666666666963 ) ) ;
#4223 = VECTOR ( 'NONE', #5120, 999.9999999999998863 ) ;
#4224 = AXIS2_PLACEMENT_3D ( 'NONE', #5701, #5070, #1247 ) ;
#4225 = CARTESIAN_POINT ( 'NONE',  ( 0.6785254037844478114, -1.175240473580867251, -4.708333333333330373 ) ) ;
#4226 = CARTESIAN_POINT ( 'NONE',  ( 0.8816504037844482555, -1.527063293868296645, -2.942708333333328596 ) ) ;
#4227 = CARTESIAN_POINT ( 'NONE',  ( -1.495340224802463203, 0.1842696601082945695, 7.406250000000000888 ) ) ;
#4228 = B_SPLINE_CURVE_WITH_KNOTS ( 'NONE', 3,
 ( #2587, #3873, #5792, #6541, #1920, #6419 ),
 .UNSPECIFIED., .F., .F.,
 ( 4, 2, 4 ),
 ( 0.01722038355601431675, 0.01766570552479608536, 0.01811102749357785396 ),
 .UNSPECIFIED. ) ;
#4229 = CARTESIAN_POINT ( 'NONE',  ( -1.439254484199210086E-16, -1.175240473580867251, -3.687499999999997335 ) ) ;
#4230 = CARTESIAN_POINT ( 'NONE',  ( 0.6785254037844478114, -1.175240473580867695, -1.708333333333330817 ) ) ;
#4231 = EDGE_LOOP ( 'NONE', ( #82, #7413, #5183, #7297 ) ) ;
#4232 = CARTESIAN_POINT ( 'NONE',  ( 0.6785254037844490327, 1.175240473580835721, 3.958333333333335258 ) ) ;
#4233 = CARTESIAN_POINT ( 'NONE',  ( 0.6785254037844490327, 1.175240473580836165, 2.020833333333335258 ) ) ;
#4234 = CARTESIAN_POINT ( 'NONE',  ( -1.229156756197672173, -0.7726505411117945421, -7.988637275249345748 ) ) ;
#4235 =( BOUNDED_SURFACE ( )  B_SPLINE_SURFACE ( 3, 2, ( 
 ( #4903, #704, #2557 ),
 ( #3059, #2600, #1319 ),
 ( #3845, #7485, #7405 ),
 ( #3217, #5765, #7446 ) ),
 .UNSPECIFIED., .F., .F., .F. ) 
 B_SPLINE_SURFACE_WITH_KNOTS ( ( 4, 4 ),
 ( 3, 3 ),
 ( 0.001033242954321102148, 0.001619677831743936234 ),
 ( 0.000000000000000000, 1.000000000000000000 ),
 .UNSPECIFIED. ) 
 GEOMETRIC_REPRESENTATION_ITEM ( )  RATIONAL_B_SPLINE_SURFACE ( (
 ( 1.000000000000000000, 0.7553668689655781421, 1.000000000000000000),
 ( 1.000000000000000000, 0.7516316303512839969, 1.000000000000000000),
 ( 1.000000000000000000, 0.7477224903184180871, 1.000000000000000000),
 ( 1.000000000000000000, 0.7436119262774211203, 1.000000000000000000) ) ) 
 REPRESENTATION_ITEM ( '' )  SURFACE ( )  );
#4236 = CARTESIAN_POINT ( 'NONE',  ( 0.6785254037844490327, 1.175240473580835943, 3.458333333333335258 ) ) ;
#4237 = DIRECTION ( 'NONE',  ( 0.1045284632676538317, 0.000000000000000000, 0.9945218953682734009 ) ) ;
#4238 = CARTESIAN_POINT ( 'NONE',  ( -1.322475605676673105, 0.7635316469341254519, 0.8489583333333378112 ) ) ;
#4239 = CARTESIAN_POINT ( 'NONE',  ( 1.498883479085571846, -0.2066060943415878870, 7.595469709336404307 ) ) ;
#4240 = CARTESIAN_POINT ( 'NONE',  ( -1.017788105676672439, 0.5876202367904110879, -1.916666666666664076 ) ) ;
#4241 = CARTESIAN_POINT ( 'NONE',  ( 0.8403253293570882576, 1.128060291996586084, 5.321741156871284240 ) ) ;
#4242 = CARTESIAN_POINT ( 'NONE',  ( 1.357050807568896511, -1.523898389444735941E-14, -2.624999999999996891 ) ) ;
#4243 = CARTESIAN_POINT ( 'NONE',  ( -0.8816504037844491437, -1.527063293868295535, -7.494791666666665186 ) ) ;
#4244 = ORIENTED_EDGE ( 'NONE', *, *, #2743, .F. ) ;
#4245 = CARTESIAN_POINT ( 'NONE',  ( -0.9039058364399478185, -0.7701366689424701262, -8.250000000000000000 ) ) ;
#4246 = CARTESIAN_POINT ( 'NONE',  ( -1.017788105676672439, -0.5876202367904419521, 5.666666666666668739 ) ) ;
#4247 = CARTESIAN_POINT ( 'NONE',  ( 0.6785254037844490327, 1.175240473580837053, -4.979166666666663410 ) ) ;
#4248 = CARTESIAN_POINT ( 'NONE',  ( 1.574078335371347892, 0.2189201988680068989, 7.967461089029159282 ) ) ;
#4249 = ORIENTED_EDGE ( 'NONE', *, *, #4051, .F. ) ;
#4250 = CARTESIAN_POINT ( 'NONE',  ( 0.000000000000000000, 1.500000000000001332, -2.187499999999999112 ) ) ;
#4251 = ORIENTED_EDGE ( 'NONE', *, *, #272, .T. ) ;
#4252 = CARTESIAN_POINT ( 'NONE',  ( -0.6785254037844485886, -1.175240473580867695, 6.270833333333334814 ) ) ;
#4253 = EDGE_CURVE ( 'NONE', #1303, #1719, #3234, .T. ) ;
#4254 = DIRECTION ( 'NONE',  ( -0.000000000000000000, -1.224646799147353207E-16, 1.000000000000000000 ) ) ;
#4255 = EDGE_CURVE ( 'NONE', #7108, #4421, #3914, .T. ) ;
#4256 = DIRECTION ( 'NONE',  ( 0.000000000000000000, 1.000000000000000000, 0.000000000000000000 ) ) ;
#4257 = CARTESIAN_POINT ( 'NONE',  ( 1.017788105676672883, 0.5876202367904094226, 3.979166666666669183 ) ) ;
#4258 = CARTESIAN_POINT ( 'NONE',  ( -0.8816504037844491437, -1.527063293868297311, 8.005208333333332149 ) ) ;
#4259 = CARTESIAN_POINT ( 'NONE',  ( -1.017788105676672439, 0.5876202367904114210, -4.916666666666663410 ) ) ;
#4260 = CARTESIAN_POINT ( 'NONE',  ( 1.322475605676672661, -0.7635316469341560941, -3.401041666666661634 ) ) ;
#4261 = CARTESIAN_POINT ( 'NONE',  ( -0.09116383940204976499, -1.447022326428495820, 5.464873185216380769 ) ) ;
#4262 = CARTESIAN_POINT ( 'NONE',  ( -0.2622035415152645377, -1.036004162901806191, 8.124444084471207361 ) ) ;
#4263 = CARTESIAN_POINT ( 'NONE',  ( 0.000000000000000000, 1.175240473580837275, -3.937499999999997335 ) ) ;
#4264 = CARTESIAN_POINT ( 'NONE',  ( -0.6785254037844480335, 1.175240473580837053, -1.958333333333331039 ) ) ;
#4265 = ORIENTED_EDGE ( 'NONE', *, *, #6045, .F. ) ;
#4266 = CARTESIAN_POINT ( 'NONE',  ( 0.000000000000000000, 1.500000000000001776, -5.249999999999995559 ) ) ;
#4267 = CARTESIAN_POINT ( 'NONE',  ( 1.017788105676671995, -0.5876202367904425072, 4.333333333333335702 ) ) ;
#4268 = CARTESIAN_POINT ( 'NONE',  ( -1.439254484199210086E-16, -1.175240473580867695, 1.312500000000001998 ) ) ;
#4269 = CARTESIAN_POINT ( 'NONE',  ( -0.6785254037844480335, 1.175240473580836831, 0.5416666666666689611 ) ) ;
#4270 = CARTESIAN_POINT ( 'NONE',  ( 1.495966003080823725, 0.1843326785565924664, 7.406250000000000888 ) ) ;
#4271 = CARTESIAN_POINT ( 'NONE',  ( -1.017788105676672439, -0.5876202367904416191, 3.166666666666668739 ) ) ;
#4272 = CARTESIAN_POINT ( 'NONE',  ( -1.836970198721050395E-16, -1.500000000000031530, -4.937499999999998224 ) ) ;
#4273 = CARTESIAN_POINT ( 'NONE',  ( -0.8816504037844485886, 1.527063293868265781, 2.807291666666670960 ) ) ;
#4274 = CARTESIAN_POINT ( 'NONE',  ( -1.299038105676672217, 0.7499999999999930056, 1.833333333333337256 ) ) ;
#4275 = CARTESIAN_POINT ( 'NONE',  ( 0.6785254037844478114, -1.175240473580867473, -2.208333333333330817 ) ) ;
#4276 = AXIS2_PLACEMENT_3D ( 'NONE', #3797, #6384, #2467 ) ;
#4277 = CARTESIAN_POINT ( 'NONE',  ( -1.537627275276053807, 0.2062073152952137722, 7.591675580152616121 ) ) ;
#4278 = CARTESIAN_POINT ( 'NONE',  ( 1.357050807568896511, -1.505528687457525669E-14, -4.124999999999997335 ) ) ;
#4279 =( BOUNDED_CURVE ( )  B_SPLINE_CURVE ( 2, ( #5134, #4423, #3840, #5182, #2594, #6962, #7762 ),
 .UNSPECIFIED., .F., .F. ) 
 B_SPLINE_CURVE_WITH_KNOTS ( ( 3, 2, 2, 3 ),
 ( 0.6250000000000000000, 0.6388888888888888395, 0.6527777777777776791, 0.6666666666666666297 ),
 .UNSPECIFIED. ) 
 CURVE ( )  GEOMETRIC_REPRESENTATION_ITEM ( )  RATIONAL_B_SPLINE_CURVE ( ( 1.000000000000000000, 0.8660254037844387076, 1.000000000000000000, 0.8660254037844387076, 1.000000000000000000, 0.8660254037844398178, 0.9999999999999988898 ) ) 
 REPRESENTATION_ITEM ( '' )  );
#4280 = CARTESIAN_POINT ( 'NONE',  ( 0.000000000000000000, 1.500000000000002220, -7.687499999999998224 ) ) ;
#4281 = CARTESIAN_POINT ( 'NONE',  ( -1.322475605676673105, -0.7635316469341549839, -4.036458333333333037 ) ) ;
#4282 = AXIS2_PLACEMENT_3D ( 'NONE', #6504, #158, #5256 ) ;
#4283 = VERTEX_POINT ( 'NONE', #4725 ) ;
#4284 = LINE ( 'NONE', #4989, #2493 ) ;
#4285 = CARTESIAN_POINT ( 'NONE',  ( 0.6785254037844478114, -1.175240473580868361, 5.291666666666667851 ) ) ;
#4286 = CARTESIAN_POINT ( 'NONE',  ( 1.017788105676672883, 0.5876202367904105328, -4.520833333333330373 ) ) ;
#4287 = CARTESIAN_POINT ( 'NONE',  ( 0.1326959224940223170, 0.05496445076863510498, 3.624131139626886711 ) ) ;
#4288 = ORIENTED_EDGE ( 'NONE', *, *, #7314, .T. ) ;
#4289 = CARTESIAN_POINT ( 'NONE',  ( 0.1510359517258800521, 1.523740898691715140, 7.406250000000000888 ) ) ;
#4290 = ORIENTED_EDGE ( 'NONE', *, *, #7365, .T. ) ;
#4291 = CARTESIAN_POINT ( 'NONE',  ( 1.017788105676671995, -0.5876202367904428403, 6.895833333333335702 ) ) ;
#4292 = CARTESIAN_POINT ( 'NONE',  ( 0.000000000000000000, 1.175240473580836387, 4.562500000000002665 ) ) ;
#4293 = FACE_OUTER_BOUND ( 'NONE', #2441, .T. ) ;
#4294 = CARTESIAN_POINT ( 'NONE',  ( -1.299038105676672217, -0.7500000000000227596, -4.583333333333328596 ) ) ;
#4295 = EDGE_CURVE ( 'NONE', #5735, #7929, #5806, .T. ) ;
#4296 = EDGE_CURVE ( 'NONE', #5366, #7630, #6251, .T. ) ;
#4297 = CARTESIAN_POINT ( 'NONE',  ( -0.6785254037844485886, -1.175240473580866585, -6.791666666666664298 ) ) ;
#4298 = EDGE_CURVE ( 'NONE', #2508, #6250, #5188, .T. ) ;
#4299 = EDGE_CURVE ( 'NONE', #6964, #6170, #5004, .T. ) ;
#4300 = CARTESIAN_POINT ( 'NONE',  ( -1.322475605676673105, 0.7635316469341260071, -3.651041666666661634 ) ) ;
#4301 = CARTESIAN_POINT ( 'NONE',  ( -0.8519915355136946644, -1.157346771819247833, 5.406133596396771601 ) ) ;
#4302 = CARTESIAN_POINT ( 'NONE',  ( 1.322475605676672661, -0.7635316469341570933, 4.598958333333337478 ) ) ;
#4303 = CARTESIAN_POINT ( 'NONE',  ( 0.6785254037844478114, -1.175240473580867251, -4.645833333333330373 ) ) ;
#4304 = CARTESIAN_POINT ( 'NONE',  ( -1.439254484199210086E-16, -1.175240473580867695, -0.2499999999999976130 ) ) ;
#4305 = VERTEX_POINT ( 'NONE', #2102 ) ;
#4306 = CARTESIAN_POINT ( 'NONE',  ( 1.495340224802464757, -0.1842696601082859653, 7.406250000000000888 ) ) ;
#4307 = CARTESIAN_POINT ( 'NONE',  ( 1.017788105676672883, 0.5876202367904090895, 6.916666666666668739 ) ) ;
#4308 = CARTESIAN_POINT ( 'NONE',  ( 0.6785254037844478114, -1.175240473580867695, 1.854166666666668961 ) ) ;
#4309 = B_SPLINE_CURVE_WITH_KNOTS ( 'NONE', 3,
 ( #7222, #3470, #7895, #6555, #1606, #5981, #5933, #4806, #3507, #2769, #2927, #5397, #1525, #6100, #2101, #7308, #4139, #2891, #415, #296, #5355, #7852, #4639, #3428 ),
 .UNSPECIFIED., .F., .F.,
 ( 4, 2, 2, 2, 2, 2, 2, 2, 2, 2, 2, 4 ),
 ( 0.01267788831496874033, 0.01324570022009943782, 0.01381351212523013357, 0.01409741807779548231, 0.01438132403036083105, 0.01494913593549152681, 0.01523304188805687555, 0.01551694784062222429, 0.01580085379318757477, 0.01608475974575292178, 0.01665257165088361926, 0.01722038355601431675 ),
 .UNSPECIFIED. ) ;
#4310 = CARTESIAN_POINT ( 'NONE',  ( 1.017788105676671995, -0.5876202367904420631, 0.3333333333333356463 ) ) ;
#4311 = CARTESIAN_POINT ( 'NONE',  ( -1.076040736524341401, 0.8795363152527162498, -8.050820829656236910 ) ) ;
#4312 = EDGE_CURVE ( 'NONE', #2626, #4909, #2256, .T. ) ;
#4313 = DIRECTION ( 'NONE',  ( 0.000000000000000000, -1.000000000000000000, -1.224646799147353207E-16 ) ) ;
#4314 = CARTESIAN_POINT ( 'NONE',  ( 0.7026901318165348354, 0.7026901318165350574, 8.203144106708492700 ) ) ;
#4315 = CARTESIAN_POINT ( 'NONE',  ( 0.000000000000000000, 1.527063293868265559, 1.765625000000004219 ) ) ;
#4316 = FACE_OUTER_BOUND ( 'NONE', #5774, .T. ) ;
#4317 = CARTESIAN_POINT ( 'NONE',  ( -1.017788105676672439, 0.5876202367904106438, 1.083333333333335480 ) ) ;
#4318 = CARTESIAN_POINT ( 'NONE',  ( -1.535008919672467220, 0.2473912189818898710, 7.983514249475047286 ) ) ;
#4319 = CARTESIAN_POINT ( 'NONE',  ( -1.017788105676672439, -0.5876202367904406199, -4.833333333333330373 ) ) ;
#4320 = CARTESIAN_POINT ( 'NONE',  ( -0.8660254037844400399, -1.500000000000046851, -7.479166666666665186 ) ) ;
#4321 = CARTESIAN_POINT ( 'NONE',  ( 0.8816504037844494768, 1.527063293868266003, -2.744791666666666075 ) ) ;
#4322 = EDGE_CURVE ( 'NONE', #1682, #1415, #1648, .T. ) ;
#4323 = ORIENTED_EDGE ( 'NONE', *, *, #207, .T. ) ;
#4324 = CARTESIAN_POINT ( 'NONE',  ( -1.017788105676672439, -0.5876202367904409529, -2.270833333333330817 ) ) ;
#4325 = CARTESIAN_POINT ( 'NONE',  ( -0.8660254037844519193, 1.499999999999994893, -7.208333333333328596 ) ) ;
#4326 = CARTESIAN_POINT ( 'NONE',  ( -0.6785254037844480335, 1.175240473580837275, -5.395833333333330373 ) ) ;
#4327 = CARTESIAN_POINT ( 'NONE',  ( -0.2165511500658267308, 1.507752390197094394, 7.690090594014557190 ) ) ;
#4328 = ORIENTED_EDGE ( 'NONE', *, *, #1666, .F. ) ;
#4329 = PLANE ( 'NONE',  #3675 ) ;
#4330 = EDGE_LOOP ( 'NONE', ( #6752, #7219, #3960, #268 ) ) ;
#4331 = CARTESIAN_POINT ( 'NONE',  ( -1.439254484199210086E-16, -1.175240473580868139, 6.812500000000001776 ) ) ;
#4332 = DIRECTION ( 'NONE',  ( -0.000000000000000000, -1.224646799147353207E-16, 1.000000000000000000 ) ) ;
#4333 = LINE ( 'NONE', #1261, #7414 ) ;
#4334 = CIRCLE ( 'NONE', #774, 4.608510497053426747 ) ;
#4335 = CARTESIAN_POINT ( 'NONE',  ( -0.6785254037844485886, -1.175240473580867695, 4.270833333333335702 ) ) ;
#4336 = CARTESIAN_POINT ( 'NONE',  ( -0.2070875099665537289, 0.4999534751593378012, 7.406250000000000888 ) ) ;
#4337 = CARTESIAN_POINT ( 'NONE',  ( -1.357050807568896511, -1.444735975921318676E-14, -6.374999999999997335 ) ) ;
#4338 = CARTESIAN_POINT ( 'NONE',  ( 1.322475605676673771, 0.7635316469341246748, -3.817708333333328152 ) ) ;
#4339 = CARTESIAN_POINT ( 'NONE',  ( 1.732050807568896511, -1.503232474709124227E-14, -4.874999999999997335 ) ) ;
#4340 = VECTOR ( 'NONE', #4391, 1000.000000000000000 ) ;
#4341 = CARTESIAN_POINT ( 'NONE',  ( -1.763300807568897621, -1.574089294081257834E-14, 4.390625000000003553 ) ) ;
#4342 = CARTESIAN_POINT ( 'NONE',  ( -1.017788105676672439, 0.5876202367904113100, -3.854166666666663854 ) ) ;
#4343 = CARTESIAN_POINT ( 'NONE',  ( -1.357050807568896067, -1.493721847887212420E-14, -2.374999999999997335 ) ) ;
#4344 = ORIENTED_EDGE ( 'NONE', *, *, #7665, .F. ) ;
#4345 = PLANE ( 'NONE',  #2292 ) ;
#4346 = CARTESIAN_POINT ( 'NONE',  ( 0.000000000000000000, 1.175240473580835943, 8.000000000000001776 ) ) ;
#4347 = EDGE_CURVE ( 'NONE', #6227, #5704, #7056, .T. ) ;
#4348 = AXIS2_PLACEMENT_3D ( 'NONE', #6492, #851, #809 ) ;
#4349 = CARTESIAN_POINT ( 'NONE',  ( 1.357050807568896067, -1.573649665660097253E-14, 1.437500000000002442 ) ) ;
#4350 = CARTESIAN_POINT ( 'NONE',  ( -0.6785254037844485886, -1.175240473580867695, 1.708333333333336146 ) ) ;
#4351 = FACE_OUTER_BOUND ( 'NONE', #2052, .T. ) ;
#4352 = CARTESIAN_POINT ( 'NONE',  ( 0.6785254037844478114, -1.175240473580868139, 3.791666666666668739 ) ) ;
#4353 = CARTESIAN_POINT ( 'NONE',  ( -0.8660254037844450359, 1.500000000000005995, 3.854166666666667851 ) ) ;
#4354 = DATE_AND_TIME ( #5500, #3593 ) ;
#4355 = VECTOR ( 'NONE', #3612, 1000.000000000000114 ) ;
#4356 = CARTESIAN_POINT ( 'NONE',  ( 1.322475605676672661, -0.7635316469341567602, 2.098958333333337922 ) ) ;
#4357 = ADVANCED_FACE ( 'NONE', ( #3001 ), #338, .T. ) ;
#4358 = CARTESIAN_POINT ( 'NONE',  ( -1.017788105676672439, -0.5876202367904411750, -0.3333333333333308723 ) ) ;
#4359 = EDGE_CURVE ( 'NONE', #898, #6372, #5238, .T. ) ;
#4360 = CARTESIAN_POINT ( 'NONE',  ( 1.017788105676671995, -0.5876202367904425072, 4.395833333333335702 ) ) ;
#4361 = CARTESIAN_POINT ( 'NONE',  ( 0.6785254037844478114, -1.175240473580867473, -3.708333333333330817 ) ) ;
#4362 = CARTESIAN_POINT ( 'NONE',  ( 0.8660254037844493658, 1.500000000000001998, -4.729166666666666963 ) ) ;
#4363 = CARTESIAN_POINT ( 'NONE',  ( -1.763300807568897621, -1.458130550286992754E-14, -5.078124999999999112 ) ) ;
#4364 = VERTEX_POINT ( 'NONE', #8043 ) ;
#4365 = CARTESIAN_POINT ( 'NONE',  ( -1.439254484199210086E-16, -1.175240473580867473, -1.187499999999997335 ) ) ;
#4366 = CYLINDRICAL_SURFACE ( 'NONE', #4093, 1.500000000000000888 ) ;
#4367 = CARTESIAN_POINT ( 'NONE',  ( 1.357050807568896511, -1.487924389719782649E-14, -5.562499999999997335 ) ) ;
#4368 = DIRECTION ( 'NONE',  ( 1.000000000000000000, 0.000000000000000000, 0.000000000000000000 ) ) ;
#4369 = EDGE_LOOP ( 'NONE', ( #464, #1711, #2454, #4028 ) ) ;
#4370 = CARTESIAN_POINT ( 'NONE',  ( -1.535008919663075622, -0.2473912189711524878, 7.983514249373003580 ) ) ;
#4371 = VERTEX_POINT ( 'NONE', #2928 ) ;
#4372 = CARTESIAN_POINT ( 'NONE',  ( 1.017788105676671995, -0.5876202367904427293, 6.395833333333334814 ) ) ;
#4373 = CARTESIAN_POINT ( 'NONE',  ( 0.1879607210212062007, 1.559594178744795778, 7.782412223762258385 ) ) ;
#4374 = CARTESIAN_POINT ( 'NONE',  ( 0.000000000000000000, 1.175240473580836165, 6.562500000000002665 ) ) ;
#4375 = DIRECTION ( 'NONE',  ( -0.000000000000000000, -0.000000000000000000, -1.000000000000000000 ) ) ;
#4376 = CARTESIAN_POINT ( 'NONE',  ( -0.8816504037844485886, 1.527063293868266669, -8.661458333333332149 ) ) ;
#4377 = ORIENTED_EDGE ( 'NONE', *, *, #7464, .F. ) ;
#4378 = CARTESIAN_POINT ( 'NONE',  ( -1.870113174931204576E-16, -1.527063293868296201, -3.484374999999995115 ) ) ;
#4379 = CARTESIAN_POINT ( 'NONE',  ( -1.299038105676672439, 0.7499999999999940048, -6.104166666666666075 ) ) ;
#4380 = CARTESIAN_POINT ( 'NONE',  ( 1.763300807568897621, -1.626462558873326628E-14, 5.140625000000004441 ) ) ;
#4381 = CARTESIAN_POINT ( 'NONE',  ( 0.000000000000000000, 1.175240473580837275, -2.437499999999997335 ) ) ;
#4382 = CARTESIAN_POINT ( 'NONE',  ( -1.439254484199210086E-16, -1.175240473580867473, -1.249999999999997335 ) ) ;
#4383 = ORIENTED_EDGE ( 'NONE', *, *, #5553, .T. ) ;
#4384 = FACE_OUTER_BOUND ( 'NONE', #5818, .T. ) ;
#4385 = CARTESIAN_POINT ( 'NONE',  ( -0.6785254037844480335, 1.175240473580837719, -7.458333333333330373 ) ) ;
#4386 = CARTESIAN_POINT ( 'NONE',  ( -0.6785254037844485886, -1.175240473580868139, 7.708333333333335702 ) ) ;
#4387 = CARTESIAN_POINT ( 'NONE',  ( 1.357050807568896067, -1.585896133651570452E-14, 2.437500000000002665 ) ) ;
#4388 = CARTESIAN_POINT ( 'NONE',  ( 1.017788105676671995, -0.5876202367904421742, 1.833333333333336146 ) ) ;
#4389 = CARTESIAN_POINT ( 'NONE',  ( -1.836970198721050149E-16, -1.500000000000032419, 4.062500000000000888 ) ) ;
#4390 = LINE ( 'NONE', #550, #1169 ) ;
#4391 = DIRECTION ( 'NONE',  ( -0.000000000000000000, -1.224646799147353207E-16, 1.000000000000000000 ) ) ;
#4392 = COORDINATED_UNIVERSAL_TIME_OFFSET ( 6, 0, .BEHIND. ) ;
#4393 = ORIENTED_EDGE ( 'NONE', *, *, #3228, .F. ) ;
#4394 = CARTESIAN_POINT ( 'NONE',  ( 0.8660254037844486996, -1.500000000000031086, 2.541666666666671404 ) ) ;
#4395 = CARTESIAN_POINT ( 'NONE',  ( -1.322475605676673105, -0.7635316469341556500, 0.9322916666666710706 ) ) ;
#4396 = CARTESIAN_POINT ( 'NONE',  ( -1.017788105676672439, -0.5876202367904412860, 0.1666666666666691277 ) ) ;
#4397 = CARTESIAN_POINT ( 'NONE',  ( -1.439254484199210086E-16, -1.175240473580867917, 4.312500000000001776 ) ) ;
#4398 = CARTESIAN_POINT ( 'NONE',  ( -1.836970198721050149E-16, -1.500000000000031974, 0.5000000000000036637 ) ) ;
#4399 = CARTESIAN_POINT ( 'NONE',  ( -1.836970198721050149E-16, -1.500000000000032419, 3.562500000000001332 ) ) ;
#4400 = CARTESIAN_POINT ( 'NONE',  ( 0.000000000000000000, 1.527063293868266225, -2.703124999999999112 ) ) ;
#4401 = ADVANCED_FACE ( 'NONE', ( #489 ), #5550, .T. ) ;
#4402 = EDGE_CURVE ( 'NONE', #3057, #2153, #1685, .T. ) ;
#4403 = ADVANCED_FACE ( 'NONE', ( #1029 ), #3812, .T. ) ;
#4404 = CARTESIAN_POINT ( 'NONE',  ( 1.017788105676672883, 0.5876202367904103108, -3.583333333333330817 ) ) ;
#4405 = ORIENTED_EDGE ( 'NONE', *, *, #6897, .T. ) ;
#4406 = CARTESIAN_POINT ( 'NONE',  ( -0.6785254037844485886, -1.175240473580867029, -2.729166666666663854 ) ) ;
#4407 = CARTESIAN_POINT ( 'NONE',  ( -1.299038105676672217, -0.7500000000000229816, -1.583333333333329929 ) ) ;
#4408 = CARTESIAN_POINT ( 'NONE',  ( 1.017788105676672883, 0.5876202367904106438, -6.020833333333330373 ) ) ;
#4409 = CARTESIAN_POINT ( 'NONE',  ( -1.836970198721050149E-16, -1.500000000000032196, 2.500000000000003553 ) ) ;
#4410 =( BOUNDED_CURVE ( )  B_SPLINE_CURVE ( 2, ( #4675, #5, #1844, #4343, #4933, #3671, #463, #4892, #6298, #543, #5007, #2353, #1151, #4264, #1231, #7550, #7436, #6923, #7474, #4230, #3756, #6766, #5562, #8092, #2972, #8167, #8052, #4971, #621, #5640, #4382, #2468, #1733, #6805, #1769, #6885, #1114, #5598, #7510, #5519, #3631, #6184, #3130, #3088, #7589, #499, #3716, #2430, #5680, #1803, #2511, #3010, #6149, #2393, #4304, #5051, #6842, #583, #6226, #3048, #1077, #8128, #3594, #1191, #6263, #2556, #790, #2640, #1403, #3928, #3798, #6342, #4514, #5894, #5805, #1931, #1272, #5187, #7727, #213, #7684, #703, #4426, #2724, #5723, #746, #665, #7013, #3303, #2018, #5227, #1361, #4468, #3174, #1979, #4555, #5848, #7098, #834, #5268, #172, #45, #6472, #1318, #2682, #7058, #3258, #2599, #5096, #3344, #3216, #1888, #7766, #6967, #1445, #3975, #128, #3844, #6385, #3886, #7638, #2058, #5764, #6430, #87, #7140, #4596, #5138, #6515, #2811, #7805, #2267, #6676 ),
 .UNSPECIFIED., .F., .F. ) 
 B_SPLINE_CURVE_WITH_KNOTS ( ( 3, 2, 2, 2, 2, 2, 2, 2, 2, 2, 2, 2, 2, 2, 2, 2, 2, 2, 2, 2, 2, 2, 2, 2, 2, 2, 2, 2, 2, 2, 2, 2, 2, 2, 2, 2, 2, 2, 2, 2, 2, 2, 2, 2, 2, 2, 2, 2, 2, 2, 2, 2, 2, 2, 2, 2, 2, 2, 2, 2, 2, 2, 2, 2, 2, 2, 3 ),
 ( 0.08333333333333339810, 0.09722222222222229315, 0.1111111111111111743, 0.1250000000000000555, 0.1388888888888889783, 0.1527777777777778456, 0.1666666666666667407, 0.1805555555555556357, 0.1944444444444445308, 0.2083333333333333981, 0.2222222222222222932, 0.2361111111111111882, 0.2500000000000001110, 0.2638888888888889506, 0.2777777777777779011, 0.2916666666666667407, 0.3055555555555556912, 0.3194444444444445308, 0.3333333333333333703, 0.3472222222222223209, 0.3611111111111111605, 0.3750000000000001110, 0.3888888888888889506, 0.4027777777777779011, 0.4166666666666667407, 0.4305555555555556912, 0.4444444444444445308, 0.4583333333333333703, 0.4722222222222223209, 0.4861111111111111605, 0.5000000000000000000, 0.5138888888888889506, 0.5277777777777779011, 0.5416666666666667407, 0.5555555555555556912, 0.5694444444444445308, 0.5833333333333333703, 0.5972222222222222099, 0.6111111111111111605, 0.6250000000000000000, 0.6388888888888888395, 0.6527777777777777901, 0.6666666666666666297, 0.6805555555555555802, 0.6944444444444444198, 0.7083333333333333703, 0.7222222222222222099, 0.7361111111111111605, 0.7500000000000000000, 0.7638888888888888395, 0.7777777777777777901, 0.7916666666666666297, 0.8055555555555555802, 0.8194444444444445308, 0.8333333333333333703, 0.8472222222222222099, 0.8611111111111111605, 0.8750000000000000000, 0.8888888888888888395, 0.9027777777777777901, 0.9166666666666666297, 0.9305555555555555802, 0.9444444444444444198, 0.9583333333333333703, 0.9722222222222222099, 0.9861111111111111605, 1.000000000000000000 ),
 .UNSPECIFIED. ) 
 CURVE ( )  GEOMETRIC_REPRESENTATION_ITEM ( )  RATIONAL_B_SPLINE_CURVE ( ( 0.9999999999999993339, 0.8660254037844393737, 1.000000000000000000, 0.8660254037844387076, 1.000000000000000000, 0.8660254037844387076, 1.000000000000000000, 0.8660254037844387076, 1.000000000000000000, 0.8660254037844387076, 1.000000000000000000, 0.8660254037844387076, 1.000000000000000000, 0.8660254037844387076, 1.000000000000000000, 0.8660254037844387076, 1.000000000000000000, 0.8660254037844387076, 1.000000000000000000, 0.8660254037844387076, 1.000000000000000000, 0.8660254037844387076, 1.000000000000000000, 0.8660254037844387076, 1.000000000000000000, 0.8660254037844387076, 1.000000000000000000, 0.8660254037844387076, 1.000000000000000000, 0.8660254037844387076, 1.000000000000000000, 0.8660254037844387076, 1.000000000000000000, 0.8660254037844387076, 1.000000000000000000, 0.8660254037844387076, 1.000000000000000000, 0.8660254037844387076, 1.000000000000000000, 0.8660254037844387076, 1.000000000000000000, 0.8660254037844387076, 1.000000000000000000, 0.8660254037844387076, 1.000000000000000000, 0.8660254037844387076, 1.000000000000000000, 0.8660254037844387076, 1.000000000000000000, 0.8660254037844387076, 1.000000000000000000, 0.8660254037844387076, 1.000000000000000000, 0.8660254037844387076, 1.000000000000000000, 0.8660254037844387076, 1.000000000000000000, 0.8660254037844387076, 1.000000000000000000, 0.8660254037844387076, 1.000000000000000000, 0.8660254037844387076, 1.000000000000000000, 0.8660254037844387076, 1.000000000000000000, 0.8660254037844387076, 1.000000000000000000, 0.8660254037844387076, 1.000000000000000000, 0.8660254037844387076, 1.000000000000000000, 0.8660254037844387076, 1.000000000000000000, 0.8660254037844387076, 1.000000000000000000, 0.8660254037844387076, 1.000000000000000000, 0.8660254037844387076, 1.000000000000000000, 0.8660254037844387076, 1.000000000000000000, 0.8660254037844387076, 1.000000000000000000, 0.8660254037844387076, 1.000000000000000000, 0.8660254037844387076, 1.000000000000000000, 0.8660254037844387076, 1.000000000000000000, 0.8660254037844387076, 1.000000000000000000, 0.8660254037844387076, 1.000000000000000000, 0.8660254037844387076, 1.000000000000000000, 0.8660254037844387076, 1.000000000000000000, 0.8660254037844387076, 1.000000000000000000, 0.8660254037844387076, 1.000000000000000000, 0.8660254037844387076, 1.000000000000000000, 0.8660254037844387076, 1.000000000000000000, 0.8660254037844387076, 1.000000000000000000, 0.8660254037844387076, 1.000000000000000000, 0.8660254037844387076, 1.000000000000000000, 0.8660254037844387076, 1.000000000000000000, 0.8660254037844387076, 1.000000000000000000, 0.8660254037844387076, 1.000000000000000000, 0.8660254037844387076, 1.000000000000000000, 0.8660254037844387076, 1.000000000000000000, 0.8660254037844387076, 1.000000000000000000, 0.8660254037844387076, 1.000000000000000000, 0.8660254037844387076, 1.000000000000000000, 0.8660254037844387076, 1.000000000000000000, 0.8660254037844387076, 1.000000000000000000, 0.8660254037844387076, 1.000000000000000000 ) ) 
 REPRESENTATION_ITEM ( '' )  );
#4411 = AXIS2_PLACEMENT_3D ( 'NONE', #3159, #7042, #6909 ) ;
#4412 = ORIENTED_EDGE ( 'NONE', *, *, #411, .F. ) ;
#4413 = CARTESIAN_POINT ( 'NONE',  ( -1.542301008750359914, -0.1679132498814512875, 7.596344926427485156 ) ) ;
#4414 = ORIENTED_EDGE ( 'NONE', *, *, #3902, .T. ) ;
#4415 = CARTESIAN_POINT ( 'NONE',  ( 0.6785254037844490327, 1.175240473580835721, 6.020833333333334814 ) ) ;
#4416 = CYLINDRICAL_SURFACE ( 'NONE', #6491, 1.500000000000000888 ) ;
#4417 = CARTESIAN_POINT ( 'NONE',  ( -0.6785254037844480335, 1.175240473580835943, 5.604166666666668739 ) ) ;
#4418 = CARTESIAN_POINT ( 'NONE',  ( -0.8816504037844485886, 1.527063293868264893, 7.838541666666666963 ) ) ;
#4419 = EDGE_CURVE ( 'NONE', #5098, #4909, #7934, .T. ) ;
#4420 = CARTESIAN_POINT ( 'NONE',  ( 0.6785254037844490327, 1.175240473580836831, -2.541666666666664298 ) ) ;
#4421 = VERTEX_POINT ( 'NONE', #377 ) ;
#4422 = CARTESIAN_POINT ( 'NONE',  ( -0.6785254037844480335, 1.175240473580837497, -5.895833333333330373 ) ) ;
#4423 = CARTESIAN_POINT ( 'NONE',  ( -0.8660254037844488106, -1.500000000000031974, 4.958333333333336590 ) ) ;
#4424 = EDGE_LOOP ( 'NONE', ( #4980, #5484, #3154, #7776 ) ) ;
#4425 = CARTESIAN_POINT ( 'NONE',  ( -1.870113174931204576E-16, -1.527063293868296867, 3.015625000000004441 ) ) ;
#4426 = CARTESIAN_POINT ( 'NONE',  ( 1.017788105676672883, 0.5876202367904098667, 0.9166666666666689611 ) ) ;
#4427 = EDGE_LOOP ( 'NONE', ( #4959, #2181, #2497, #5108 ) ) ;
#4428 = CARTESIAN_POINT ( 'NONE',  ( 1.517818597926566815, -0.1662786652472789395, 7.406250000000000888 ) ) ;
#4429 = CARTESIAN_POINT ( 'NONE',  ( 1.357050807568896067, -1.481035751474578639E-14, -6.124999999999995559 ) ) ;
#4430 = CARTESIAN_POINT ( 'NONE',  ( -1.017788105676672439, 0.5876202367904099777, 7.583333333333334814 ) ) ;
#4431 = CARTESIAN_POINT ( 'NONE',  ( 0.2470295587086585587, 1.572796539117266024, 7.980073281827053222 ) ) ;
#4432 = CARTESIAN_POINT ( 'NONE',  ( 0.000000000000000000, 1.527063293868266003, -1.703124999999999334 ) ) ;
#4433 = CARTESIAN_POINT ( 'NONE',  ( -1.299038105676672217, 0.7499999999999927836, 3.333333333333337034 ) ) ;
#4434 = CARTESIAN_POINT ( 'NONE',  ( -0.6785254037844480335, 1.175240473580836387, 4.041666666666668739 ) ) ;
#4435 = CARTESIAN_POINT ( 'NONE',  ( 0.000000000000000000, 1.175240473580836609, 3.062500000000002665 ) ) ;
#4436 = PLANE ( 'NONE',  #3878 ) ;
#4437 = ORIENTED_EDGE ( 'NONE', *, *, #3590, .F. ) ;
#4438 = CARTESIAN_POINT ( 'NONE',  ( -1.439254484199210086E-16, -1.175240473580867473, -0.6874999999999975575 ) ) ;
#4439 = CARTESIAN_POINT ( 'NONE',  ( 0.000000000000000000, 1.175240473580836831, 0.5000000000000026645 ) ) ;
#4440 = CARTESIAN_POINT ( 'NONE',  ( 1.017788105676672883, 0.5876202367904108659, -8.083333333333332149 ) ) ;
#4441 = CARTESIAN_POINT ( 'NONE',  ( -0.6519409855332548576, -1.163683858818568062, 5.124133956428930325 ) ) ;
#4442 = CARTESIAN_POINT ( 'NONE',  ( 0.4628182282804718106, -1.338607985407972656, -8.024134823632833147 ) ) ;
#4443 = CYLINDRICAL_SURFACE ( 'NONE', #5300, 1.500000000000000888 ) ;
#4444 = CARTESIAN_POINT ( 'NONE',  ( -1.870113174931204576E-16, -1.527063293868296201, -3.453124999999999556 ) ) ;
#4445 = CARTESIAN_POINT ( 'NONE',  ( -1.017788105676672439, 0.5876202367904113100, -4.416666666666664298 ) ) ;
#4446 = ORIENTED_EDGE ( 'NONE', *, *, #5389, .F. ) ;
#4447 = CARTESIAN_POINT ( 'NONE',  ( 0.000000000000000000, 1.175240473580837053, -1.437499999999997335 ) ) ;
#4448 = FACE_OUTER_BOUND ( 'NONE', #1218, .T. ) ;
#4449 = CARTESIAN_POINT ( 'NONE',  ( 1.357050807568896511, -1.462666049487368367E-14, -7.624999999999997335 ) ) ;
#4450 = EDGE_CURVE ( 'NONE', #3542, #2823, #5473, .T. ) ;
#4451 = CARTESIAN_POINT ( 'NONE',  ( -0.3170463941378127704, -1.146545008483581096, 4.727518268835014581 ) ) ;
#4452 = EDGE_LOOP ( 'NONE', ( #1060, #5845, #2172, #5520, #527, #686, #3968, #616, #4216, #5220, #5656, #7590, #5278, #409, #1433, #2333, #3717, #1266, #622, #631, #7942, #142, #6843, #5746, #3657, #4636 ) ) ;
#4453 = CARTESIAN_POINT ( 'NONE',  ( 3.080439819171277609E-15, -1.039822679593414693E-15, 8.250000000000000000 ) ) ;
#4454 = ORIENTED_EDGE ( 'NONE', *, *, #6450, .F. ) ;
#4455 = CARTESIAN_POINT ( 'NONE',  ( 1.357050807568896511, -1.659374941600412172E-14, 8.437500000000001776 ) ) ;
#4456 =( BOUNDED_CURVE ( )  B_SPLINE_CURVE ( 2, ( #6364, #6493, #66, #6534, #232, #2038, #2574 ),
 .UNSPECIFIED., .F., .F. ) 
 B_SPLINE_CURVE_WITH_KNOTS ( ( 3, 2, 2, 3 ),
 ( 0.2499999999999999445, 0.2638888888888888395, 0.2777777777777777901, 0.2916666666666666852 ),
 .UNSPECIFIED. ) 
 CURVE ( )  GEOMETRIC_REPRESENTATION_ITEM ( )  RATIONAL_B_SPLINE_CURVE ( ( 1.000000000000000444, 0.8660254037844381525, 1.000000000000000000, 0.8660254037844387076, 1.000000000000000000, 0.8660254037844387076, 1.000000000000000000 ) ) 
 REPRESENTATION_ITEM ( '' )  );
#4457 = CARTESIAN_POINT ( 'NONE',  ( 7.303644974671035667E-17, -0.2754000000000011439, 8.250000000000000000 ) ) ;
#4458 = CARTESIAN_POINT ( 'NONE',  ( 0.6785254037844490327, 1.175240473580835721, 8.020833333333335702 ) ) ;
#4459 = CARTESIAN_POINT ( 'NONE',  ( -1.299038105676672439, 0.7499999999999941158, -6.604166666666665186 ) ) ;
#4460 = ADVANCED_FACE ( 'NONE', ( #6795 ), #3508, .T. ) ;
#4461 = CARTESIAN_POINT ( 'NONE',  ( 0.8816504037844494768, 1.527063293868266447, -8.244791666666666075 ) ) ;
#4462 = ORIENTED_EDGE ( 'NONE', *, *, #2836, .T. ) ;
#4463 = CARTESIAN_POINT ( 'NONE',  ( 0.000000000000000000, 1.175240473580837719, -5.937499999999996447 ) ) ;
#4464 = CARTESIAN_POINT ( 'NONE',  ( 0.7214013745851717285, -0.9908721142328007492, -8.222408557229273995 ) ) ;
#4465 = EDGE_LOOP ( 'NONE', ( #568, #3856, #1512, #3267 ) ) ;
#4466 = CARTESIAN_POINT ( 'NONE',  ( 1.322475605676673771, 0.7635316469341236756, 4.682291666666670515 ) ) ;
#4467 = CARTESIAN_POINT ( 'NONE',  ( -0.2087934338140773616, -0.9100100306033871433, 7.406250000000000888 ) ) ;
#4468 = CARTESIAN_POINT ( 'NONE',  ( 1.017788105676671995, -0.5876202367904421742, 1.333333333333335702 ) ) ;
#4469 = CARTESIAN_POINT ( 'NONE',  ( 1.836970198721030920E-16, 1.500000000000000222, 8.250000000000000000 ) ) ;
#4470 = EDGE_LOOP ( 'NONE', ( #5400, #6034, #59, #2354 ) ) ;
#4471 = DIRECTION ( 'NONE',  ( 0.1045058763748857172, 0.02078751127481459973, 0.9943069954385902465 ) ) ;
#4472 = CARTESIAN_POINT ( 'NONE',  ( 0.6785254037844478114, -1.175240473580867251, -5.208333333333330373 ) ) ;
#4473 = CARTESIAN_POINT ( 'NONE',  ( 1.357050807568896511, -1.634116601367997574E-14, 6.375000000000001776 ) ) ;
#4474 = AXIS2_PLACEMENT_3D ( 'NONE', #5230, #955, #7936 ) ;
#4475 = CARTESIAN_POINT ( 'NONE',  ( -1.017788105676672439, 0.5876202367904106438, 2.583333333333335702 ) ) ;
#4476 = CARTESIAN_POINT ( 'NONE',  ( 0.000000000000000000, 1.500000000000001110, 1.250000000000003997 ) ) ;
#4477 = CARTESIAN_POINT ( 'NONE',  ( 0.8816504037844482555, -1.527063293868296201, -6.942708333333330373 ) ) ;
#4478 = CARTESIAN_POINT ( 'NONE',  ( -1.299038105676672217, 0.7499999999999934497, -1.166666666666662966 ) ) ;
#4479 = LINE ( 'NONE', #7027, #5218 ) ;
#4480 = LOCAL_TIME ( 3, 17, 21.00000000000000000, #6086 ) ;
#4481 = ORIENTED_EDGE ( 'NONE', *, *, #4205, .T. ) ;
#4482 = CARTESIAN_POINT ( 'NONE',  ( -0.6785254037844485886, -1.175240473580867251, -1.229166666666664298 ) ) ;
#4483 = CARTESIAN_POINT ( 'NONE',  ( 0.6785254037844490327, 1.175240473580835943, 1.958333333333335258 ) ) ;
#4484 = CARTESIAN_POINT ( 'NONE',  ( -1.017788105676672439, -0.5876202367904421742, 8.166666666666669627 ) ) ;
#4485 = CARTESIAN_POINT ( 'NONE',  ( 0.000000000000000000, -8.673617379884035472E-16, 7.098507708920578807 ) ) ;
#4486 = CARTESIAN_POINT ( 'NONE',  ( -0.2446622343353254403, -1.547933754415230734, 7.975503699672907842 ) ) ;
#4487 = CARTESIAN_POINT ( 'NONE',  ( 1.299038105676672883, 0.7499999999999926725, -6.333333333333329485 ) ) ;
#4488 = CARTESIAN_POINT ( 'NONE',  ( 0.000000000000000000, 1.175240473580837275, -2.999999999999997335 ) ) ;
#4489 = ORIENTED_EDGE ( 'NONE', *, *, #3636, .T. ) ;
#4490 = CARTESIAN_POINT ( 'NONE',  ( 1.299038105676671773, -0.7500000000000243139, 0.08333333333333692305 ) ) ;
#4491 = CARTESIAN_POINT ( 'NONE',  ( -1.017788105676672439, -0.5876202367904411750, -0.2708333333333308168 ) ) ;
#4492 = VECTOR ( 'NONE', #7844, 1000.000000000000000 ) ;
#4493 = DIRECTION ( 'NONE',  ( 0.1045284632676537900, 0.000000000000000000, 0.9945218953682732899 ) ) ;
#4494 = CARTESIAN_POINT ( 'NONE',  ( -0.6785254037844485886, -1.175240473580867029, -2.729166666666663410 ) ) ;
#4495 = CARTESIAN_POINT ( 'NONE',  ( -1.439254484199210086E-16, -1.175240473580866585, -8.249999999999996447 ) ) ;
#4496 =( BOUNDED_CURVE ( )  B_SPLINE_CURVE ( 2, ( #7874, #6121, #8029, #1013, #2330, #3528, #4864 ),
 .UNSPECIFIED., .F., .F. ) 
 B_SPLINE_CURVE_WITH_KNOTS ( ( 3, 2, 2, 3 ),
 ( 0.5833333333333332593, 0.5972222222222222099, 0.6111111111111110494, 0.6249999999999998890 ),
 .UNSPECIFIED. ) 
 CURVE ( )  GEOMETRIC_REPRESENTATION_ITEM ( )  RATIONAL_B_SPLINE_CURVE ( ( 1.000000000000000000, 0.8660254037844387076, 1.000000000000000000, 0.8660254037844387076, 1.000000000000000000, 0.8660254037844398178, 0.9999999999999988898 ) ) 
 REPRESENTATION_ITEM ( '' )  );
#4497 = CARTESIAN_POINT ( 'NONE',  ( -0.8660254037844500319, 1.499999999999998668, -7.145833333333330373 ) ) ;
#4498 = ORIENTED_EDGE ( 'NONE', *, *, #2463, .F. ) ;
#4499 = CYLINDRICAL_SURFACE ( 'NONE', #4282, 1.500000000000000888 ) ;
#4500 = B_SPLINE_CURVE_WITH_KNOTS ( 'NONE', 3,
 ( #3469, #5932, #3384, #6514, #3427, #833, #295 ),
 .UNSPECIFIED., .F., .F.,
 ( 4, 3, 4 ),
 ( 0.000000000000000000, 0.0002867374893067652065, 0.0005665053673957176064 ),
 .UNSPECIFIED. ) ;
#4501 = CARTESIAN_POINT ( 'NONE',  ( 0.000000000000000000, -7.438283133705603770E-16, 8.250000000000000000 ) ) ;
#4502 = CARTESIAN_POINT ( 'NONE',  ( -0.6785254037844480335, 1.175240473580835943, 6.604166666666667851 ) ) ;
#4503 = CARTESIAN_POINT ( 'NONE',  ( 0.1863754552030870704, -1.486380696054987904, 7.406250000000000888 ) ) ;
#4504 = CARTESIAN_POINT ( 'NONE',  ( 0.8816504037844482555, -1.527063293868295979, -7.911458333333332149 ) ) ;
#4505 = VERTEX_POINT ( 'NONE', #416 ) ;
#4506 = CARTESIAN_POINT ( 'NONE',  ( 0.6785254037844490327, 1.175240473580837275, -6.479166666666666075 ) ) ;
#4507 = FACE_OUTER_BOUND ( 'NONE', #7677, .T. ) ;
#4508 = EDGE_CURVE ( 'NONE', #7965, #26, #8009, .T. ) ;
#4509 = EDGE_CURVE ( 'NONE', #4283, #7015, #4188, .T. ) ;
#4510 = EDGE_CURVE ( 'NONE', #3916, #2231, #4807, .T. ) ;
#4511 = ORIENTED_EDGE ( 'NONE', *, *, #1966, .T. ) ;
#4512 = CARTESIAN_POINT ( 'NONE',  ( -1.322475605676673105, -0.7635316469341563161, 5.932291666666670515 ) ) ;
#4513 = CARTESIAN_POINT ( 'NONE',  ( 0.9609782536090900606, -0.2712414087855129496, 8.140750377164774676 ) ) ;
#4514 = CARTESIAN_POINT ( 'NONE',  ( 0.000000000000000000, 1.175240473580836831, 0.5000000000000026645 ) ) ;
#4515 = CARTESIAN_POINT ( 'NONE',  ( -0.8660254037844480335, 1.500000000000000888, 1.791666666666670960 ) ) ;
#4516 = FACE_OUTER_BOUND ( 'NONE', #3065, .T. ) ;
#4517 = CARTESIAN_POINT ( 'NONE',  ( -1.017788105676672439, 0.5876202367904116430, -6.416666666666664298 ) ) ;
#4518 = CARTESIAN_POINT ( 'NONE',  ( -1.322475605676673105, -0.7635316469341560941, 4.463541666666666963 ) ) ;
#4519 = CARTESIAN_POINT ( 'NONE',  ( 1.763300807568897621, -1.534996751062008577E-14, -2.328124999999999556 ) ) ;
#4520 = LINE ( 'NONE', #5855, #7403 ) ;
#4521 = CARTESIAN_POINT ( 'NONE',  ( 1.322475605676672661, -0.7635316469341556500, -7.401041666666661634 ) ) ;
#4522 = LINE ( 'NONE', #7147, #8186 ) ;
#4523 = VERTEX_POINT ( 'NONE', #1067 ) ;
#4524 = CARTESIAN_POINT ( 'NONE',  ( -1.439254484199210086E-16, -1.175240473580867695, 2.750000000000002665 ) ) ;
#4525 = ORIENTED_EDGE ( 'NONE', *, *, #8121, .T. ) ;
#4526 = CARTESIAN_POINT ( 'NONE',  ( 1.357050807568896511, -1.530787027689939951E-14, -2.062499999999997780 ) ) ;
#4527 = CARTESIAN_POINT ( 'NONE',  ( -0.1863564938362280987, -1.480580224308150283, 7.402807630076059908 ) ) ;
#4528 = CARTESIAN_POINT ( 'NONE',  ( 0.6785254037844490327, 1.175240473580837497, -8.041666666666664298 ) ) ;
#4529 = CARTESIAN_POINT ( 'NONE',  ( -0.8660254037844448138, -1.500000000000039302, 5.458333333333338366 ) ) ;
#4530 = CARTESIAN_POINT ( 'NONE',  ( 0.9254976877526288614, -0.2866551442409782102, 8.147054690030637758 ) ) ;
#4531 = CYLINDRICAL_SURFACE ( 'NONE', #3552, 1.500000000000000888 ) ;
#4532 = DIRECTION ( 'NONE',  ( 0.000000000000000000, 0.000000000000000000, 1.000000000000000000 ) ) ;
#4533 = ORIENTED_EDGE ( 'NONE', *, *, #7420, .F. ) ;
#4534 = CARTESIAN_POINT ( 'NONE',  ( -1.322475605676673105, 0.7635316469341257850, -2.151041666666662078 ) ) ;
#4535 = CARTESIAN_POINT ( 'NONE',  ( 1.017788105676672883, 0.5876202367904096446, 1.979166666666668961 ) ) ;
#4536 = APPROVAL_PERSON_ORGANIZATION ( #16, #4645, #8032 ) ;
#4537 = CARTESIAN_POINT ( 'NONE',  ( -0.8660254037844499209, 1.499999999999998002, 1.291666666666670515 ) ) ;
#4538 = CARTESIAN_POINT ( 'NONE',  ( 1.357050807568896511, -1.456542815491631610E-14, -8.124999999999996447 ) ) ;
#4539 = CARTESIAN_POINT ( 'NONE',  ( -0.2134061629270627980, 1.575889484126588913, 7.967077405468489637 ) ) ;
#4540 = CARTESIAN_POINT ( 'NONE',  ( -1.578130571910035584, -0.2096185566311909443, 7.983514249373003580 ) ) ;
#4541 = EDGE_LOOP ( 'NONE', ( #5313, #6111, #206, #4069 ) ) ;
#4542 = CARTESIAN_POINT ( 'NONE',  ( 1.017788105676672883, 0.5876202367904088675, 8.479166666666669627 ) ) ;
#4543 = DIRECTION ( 'NONE',  ( -0.000000000000000000, -1.224646799147353207E-16, 1.000000000000000000 ) ) ;
#4544 = CARTESIAN_POINT ( 'NONE',  ( -1.357050807568896511, -1.604705464059941621E-14, 6.687500000000003553 ) ) ;
#4545 = LINE ( 'NONE', #2092, #3025 ) ;
#4546 = CIRCLE ( 'NONE', #981, 0.6875000000000002220 ) ;
#4547 =( BOUNDED_CURVE ( )  B_SPLINE_CURVE ( 2, ( #636, #4983, #1204, #8103, #516, #596, #2485 ),
 .UNSPECIFIED., .F., .F. ) 
 B_SPLINE_CURVE_WITH_KNOTS ( ( 3, 2, 2, 3 ),
 ( 0.9166666666666666297, 0.9305555555555555802, 0.9444444444444443088, 0.9583333333333332593 ),
 .UNSPECIFIED. ) 
 CURVE ( )  GEOMETRIC_REPRESENTATION_ITEM ( )  RATIONAL_B_SPLINE_CURVE ( ( 1.000000000000000000, 0.8660254037844385966, 1.000000000000000000, 0.8660254037844385966, 1.000000000000000000, 0.8660254037844397068, 0.9999999999999988898 ) ) 
 REPRESENTATION_ITEM ( '' )  );
#4548 = CARTESIAN_POINT ( 'NONE',  ( -1.439254484199210086E-16, -1.175240473580867251, -3.249999999999997780 ) ) ;
#4549 = ORIENTED_EDGE ( 'NONE', *, *, #5015, .T. ) ;
#4550 = CARTESIAN_POINT ( 'NONE',  ( 0.000000000000000000, 1.175240473580837497, -5.437499999999997335 ) ) ;
#4551 = CARTESIAN_POINT ( 'NONE',  ( -1.299038105676672217, 0.7499999999999930056, 1.395833333333334592 ) ) ;
#4552 = ORIENTED_EDGE ( 'NONE', *, *, #3179, .F. ) ;
#4553 = CARTESIAN_POINT ( 'NONE',  ( 0.000000000000000000, 1.527063293868265115, 6.265625000000003553 ) ) ;
#4554 = CARTESIAN_POINT ( 'NONE',  ( 1.299038105676671773, -0.7500000000000235367, -5.916666666666663410 ) ) ;
#4555 = CARTESIAN_POINT ( 'NONE',  ( 0.6785254037844490327, 1.175240473580836165, 1.458333333333335480 ) ) ;
#4556 = CARTESIAN_POINT ( 'NONE',  ( 1.299038105676671995, -0.7500000000000236478, -5.354166666666665186 ) ) ;
#4557 = CARTESIAN_POINT ( 'NONE',  ( 0.000000000000000000, -7.438283133705603770E-16, 8.250000000000000000 ) ) ;
#4558 = CARTESIAN_POINT ( 'NONE',  ( 0.6785254037844490327, 1.175240473580837497, -6.541666666666664298 ) ) ;
#4559 = CARTESIAN_POINT ( 'NONE',  ( 1.322475605676673771, 0.7635316469341236756, 3.713541666666666963 ) ) ;
#4560 = EDGE_CURVE ( 'NONE', #2674, #26, #6478, .T. ) ;
#4562 = EDGE_CURVE ( 'NONE', #7341, #6366, #975, .T. ) ;
#4561 = CARTESIAN_POINT ( 'NONE',  ( 0.000000000000000000, 1.175240473580836609, 3.000000000000002665 ) ) ;
#4563 = CARTESIAN_POINT ( 'NONE',  ( 0.000000000000000000, 1.527063293868266669, -7.234374999999995559 ) ) ;
#4564 = CARTESIAN_POINT ( 'NONE',  ( -0.1887742632593120140, 1.560372602834602329, 7.789916515708317668 ) ) ;
#4565 = ORIENTED_EDGE ( 'NONE', *, *, #7160, .F. ) ;
#4566 = CARTESIAN_POINT ( 'NONE',  ( -0.8234078741651548183, -0.8385640366158030323, -8.250000000000000000 ) ) ;
#4567 = ORIENTED_EDGE ( 'NONE', *, *, #3897, .F. ) ;
#4568 = CARTESIAN_POINT ( 'NONE',  ( -1.017788105676672439, 0.5876202367904109769, -1.354166666666664076 ) ) ;
#4569 = CARTESIAN_POINT ( 'NONE',  ( 0.000000000000000000, 1.500000000000000888, 4.812500000000001776 ) ) ;
#4570 = CARTESIAN_POINT ( 'NONE',  ( 1.357050807568896511, -1.658609537350944920E-14, 8.375000000000003553 ) ) ;
#4571 = CARTESIAN_POINT ( 'NONE',  ( 0.6785254037844478114, -1.175240473580867473, -2.145833333333330817 ) ) ;
#4572 = CARTESIAN_POINT ( 'NONE',  ( -1.732050807568896511, -1.488364018140942915E-14, -2.624999999999996447 ) ) ;
#4573 = EDGE_CURVE ( 'NONE', #2626, #426, #1045, .T. ) ;
#4574 = LINE ( 'NONE', #6533, #5152 ) ;
#4575 = CARTESIAN_POINT ( 'NONE',  ( 0.8660254037844486996, -1.500000000000030642, -1.895833333333332149 ) ) ;
#4576 = CARTESIAN_POINT ( 'NONE',  ( -0.8660254037844488106, -1.500000000000030642, -7.541666666666661634 ) ) ;
#4577 = CARTESIAN_POINT ( 'NONE',  ( -0.6785254037844485886, -1.175240473580867473, 0.2708333333333360349 ) ) ;
#4578 = CARTESIAN_POINT ( 'NONE',  ( -0.8660254037844488106, -1.500000000000031752, 1.458333333333336812 ) ) ;
#4579 = CARTESIAN_POINT ( 'NONE',  ( 0.6785254037844490327, 1.175240473580836831, -3.979166666666663854 ) ) ;
#4580 = CARTESIAN_POINT ( 'NONE',  ( 1.017788105676671995, -0.5876202367904418411, -1.166666666666664076 ) ) ;
#4581 = EDGE_CURVE ( 'NONE', #5394, #3116, #4217, .T. ) ;
#4582 = CARTESIAN_POINT ( 'NONE',  ( -0.3682059365705830922, -0.5251542044367975004, 7.406250000000000888 ) ) ;
#4583 = ORIENTED_EDGE ( 'NONE', *, *, #3330, .T. ) ;
#4584 = CARTESIAN_POINT ( 'NONE',  ( -1.017788105676672439, -0.5876202367904421742, 8.229166666666669627 ) ) ;
#4585 = CARTESIAN_POINT ( 'NONE',  ( 3.080439819171277609E-15, -9.705266296335202998E-16, 7.967077405468494966 ) ) ;
#4586 = CARTESIAN_POINT ( 'NONE',  ( 0.6785254037844478114, -1.175240473580867695, 3.291666666666669183 ) ) ;
#4587 = CARTESIAN_POINT ( 'NONE',  ( 0.1867183014945820452, -1.482736319501100741, 7.406250000000000888 ) ) ;
#4588 = FACE_OUTER_BOUND ( 'NONE', #7475, .T. ) ;
#4589 = CARTESIAN_POINT ( 'NONE',  ( -0.8816504037844485886, 1.527063293868266447, -5.661458333333333037 ) ) ;
#4590 = ORIENTED_EDGE ( 'NONE', *, *, #4162, .F. ) ;
#4591 = CARTESIAN_POINT ( 'NONE',  ( -1.357050807568896511, -1.433254912179312098E-14, -7.312499999999996447 ) ) ;
#4592 = CARTESIAN_POINT ( 'NONE',  ( 1.299038105676673105, 0.7499999999999928946, -6.770833333333332149 ) ) ;
#4593 = ORIENTED_EDGE ( 'NONE', *, *, #5203, .F. ) ;
#4594 = CARTESIAN_POINT ( 'NONE',  ( -1.870113174931204576E-16, -1.527063293868297311, 6.015625000000003553 ) ) ;
#4595 = CARTESIAN_POINT ( 'NONE',  ( -1.507752490716988358, -0.2165512627827246017, 7.690091666444044627 ) ) ;
#4596 = CARTESIAN_POINT ( 'NONE',  ( -1.439254484199210086E-16, -1.175240473580867695, 2.750000000000002665 ) ) ;
#4597 = CARTESIAN_POINT ( 'NONE',  ( -1.836970198721050395E-16, -1.500000000000031530, -5.437499999999999112 ) ) ;
#4598 = DIRECTION ( 'NONE',  ( -0.000000000000000000, -1.224646799147353207E-16, 1.000000000000000000 ) ) ;
#4599 = ORIENTED_EDGE ( 'NONE', *, *, #6393, .T. ) ;
#4600 = CARTESIAN_POINT ( 'NONE',  ( 0.8816504037844482555, -1.527063293868297533, 4.588541666666666963 ) ) ;
#4601 = CARTESIAN_POINT ( 'NONE',  ( 0.8816504037844494768, 1.527063293868265781, -2.244791666666666075 ) ) ;
#4602 = CARTESIAN_POINT ( 'NONE',  ( 1.017788105676671995, -0.5876202367904411750, -7.166666666666664298 ) ) ;
#4603 = CARTESIAN_POINT ( 'NONE',  ( -1.357050807568896067, -1.573323889831790582E-14, 4.125000000000001776 ) ) ;
#4604 = CARTESIAN_POINT ( 'NONE',  ( -0.8660254037844488106, -1.500000000000031752, 0.9583333333333369231 ) ) ;
#4605 = ORIENTED_EDGE ( 'NONE', *, *, #2516, .T. ) ;
#4606 = CARTESIAN_POINT ( 'NONE',  ( -1.017788105676672439, 0.5876202367904115320, -5.854166666666663410 ) ) ;
#4607 = EDGE_CURVE ( 'NONE', #8053, #2924, #2437, .T. ) ;
#4608 = ORIENTED_EDGE ( 'NONE', *, *, #6450, .T. ) ;
#4609 = CARTESIAN_POINT ( 'NONE',  ( 0.8816504037844494768, 1.527063293868265115, 3.223958333333337478 ) ) ;
#4610 = CARTESIAN_POINT ( 'NONE',  ( 0.000000000000000000, -2.963999999999998192, 7.124999999999999112 ) ) ;
#4611 = CARTESIAN_POINT ( 'NONE',  ( -0.8660254037844450359, 1.500000000000006439, -2.145833333333332593 ) ) ;
#4612 = FACE_OUTER_BOUND ( 'NONE', #6551, .T. ) ;
#4613 = FACE_OUTER_BOUND ( 'NONE', #6980, .T. ) ;
#4614 = CARTESIAN_POINT ( 'NONE',  ( 0.8199913421413536074, -1.233021590029449666, 5.530125153703534302 ) ) ;
#4615 = CARTESIAN_POINT ( 'NONE',  ( 0.000000000000000000, 1.500000000000001998, -6.249999999999996447 ) ) ;
#4616 = AXIS2_PLACEMENT_3D ( 'NONE', #1404, #7266, #6516 ) ;
#4617 = ADVANCED_FACE ( 'NONE', ( #6256 ), #1795, .T. ) ;
#4618 = ADVANCED_FACE ( 'NONE', ( #6913 ), #7001, .T. ) ;
#4619 = CARTESIAN_POINT ( 'NONE',  ( -1.322475605676673105, -0.7635316469341552059, -2.567708333333329040 ) ) ;
#4620 = CARTESIAN_POINT ( 'NONE',  ( -1.439254484199210086E-16, -1.175240473580867695, 2.312500000000002220 ) ) ;
#4621 = CARTESIAN_POINT ( 'NONE',  ( -1.836970198721050395E-16, -1.500000000000031530, -5.437499999999999112 ) ) ;
#4622 = CARTESIAN_POINT ( 'NONE',  ( 1.017788105676671995, -0.5876202367904409529, -8.166666666666664298 ) ) ;
#4623 = AXIS2_PLACEMENT_3D ( 'NONE', #3524, #3404, #1701 ) ;
#4624 = CARTESIAN_POINT ( 'NONE',  ( 1.357050807568896511, -1.523898389444735941E-14, -2.624999999999997335 ) ) ;
#4625 = CARTESIAN_POINT ( 'NONE',  ( -1.480908766186229020, 0.1867183014945998365, 7.406250000000000888 ) ) ;
#4626 = ORIENTED_EDGE ( 'NONE', *, *, #3285, .F. ) ;
#4627 = CARTESIAN_POINT ( 'NONE',  ( 0.6785254037844478114, -1.175240473580868583, 7.854166666666669627 ) ) ;
#4628 = CARTESIAN_POINT ( 'NONE',  ( -0.4750717302931112274, -1.132036792244942136, 4.798520171564825354 ) ) ;
#4629 = CARTESIAN_POINT ( 'NONE',  ( -0.6785254037844480335, 1.175240473580836387, 2.541666666666669183 ) ) ;
#4630 = CARTESIAN_POINT ( 'NONE',  ( 0.1679132498814405738, -1.542301008750359914, 7.596344926427466504 ) ) ;
#4631 = CARTESIAN_POINT ( 'NONE',  ( 0.8816504037844494768, 1.527063293868265115, 2.255208333333333925 ) ) ;
#4632 = CARTESIAN_POINT ( 'NONE',  ( 0.8816504037844482555, -1.527063293868296423, -5.411458333333333037 ) ) ;
#4633 = ORIENTED_EDGE ( 'NONE', *, *, #3710, .T. ) ;
#4634 = CARTESIAN_POINT ( 'NONE',  ( 1.357050807568896511, -1.500170857711256164E-14, -4.562499999999997335 ) ) ;
#4635 = CARTESIAN_POINT ( 'NONE',  ( -1.552342565972937294, 0.2424234256959077183, 7.974050065620840400 ) ) ;
#4636 = ORIENTED_EDGE ( 'NONE', *, *, #2577, .T. ) ;
#4637 = CARTESIAN_POINT ( 'NONE',  ( -1.322475605676673105, 0.7635316469341246748, 7.348958333333337478 ) ) ;
#4638 = CARTESIAN_POINT ( 'NONE',  ( -0.9039058364399478185, -0.7701366689424701262, -8.250000000000000000 ) ) ;
#4639 = CARTESIAN_POINT ( 'NONE',  ( -0.1889392476239213081, -1.482824163085692870, 5.563237923009453745 ) ) ;
#4640 = CARTESIAN_POINT ( 'NONE',  ( -0.2368691645223708897, -1.525790193410408779, 7.883403588540147666 ) ) ;
#4641 = CARTESIAN_POINT ( 'NONE',  ( 1.299038105676672883, 0.7499999999999914513, 2.729166666666667407 ) ) ;
#4642 = CARTESIAN_POINT ( 'NONE',  ( -1.439254484199210086E-16, -1.175240473580867695, 2.812500000000002665 ) ) ;
#4643 = CARTESIAN_POINT ( 'NONE',  ( 0.8816504037844494768, 1.527063293868264893, 4.255208333333333037 ) ) ;
#4644 = CARTESIAN_POINT ( 'NONE',  ( -1.870113174931204576E-16, -1.527063293868296423, -0.9531249999999995559 ) ) ;
#4645 = APPROVAL ( #3572, 'UNSPECIFIED' ) ;
#4646 = CARTESIAN_POINT ( 'NONE',  ( 0.000000000000000000, 2.070106209874711453E-15, 8.250000000000000000 ) ) ;
#4647 = CARTESIAN_POINT ( 'NONE',  ( 1.322475605676673771, 0.7635316469341248968, -5.317708333333328596 ) ) ;
#4648 = CARTESIAN_POINT ( 'NONE',  ( 0.8660254037844489217, 1.500000000000000888, -1.229166666666665630 ) ) ;
#4649 = ORIENTED_EDGE ( 'NONE', *, *, #7555, .F. ) ;
#4650 = CARTESIAN_POINT ( 'NONE',  ( 0.6785254037844478114, -1.175240473580867473, -3.208333333333330373 ) ) ;
#4651 = CARTESIAN_POINT ( 'NONE',  ( -1.439254484199210086E-16, -1.175240473580866585, -8.187499999999996447 ) ) ;
#4652 = VERTEX_POINT ( 'NONE', #1141 ) ;
#4653 = CARTESIAN_POINT ( 'NONE',  ( 0.6785254037844490327, 1.175240473580835943, 1.520833333333335924 ) ) ;
#4654 = DIRECTION ( 'NONE',  ( -1.000000000000000000, 0.000000000000000000, 0.000000000000000000 ) ) ;
#4655 = CARTESIAN_POINT ( 'NONE',  ( 1.017788105676671995, -0.5876202367904410639, -7.666666666666663410 ) ) ;
#4656 = CARTESIAN_POINT ( 'NONE',  ( -1.439254484199210086E-16, -1.175240473580867695, -0.1874999999999975575 ) ) ;
#4657 = CARTESIAN_POINT ( 'NONE',  ( -1.299038105676672217, -0.7500000000000239808, 5.479166666666667851 ) ) ;
#4658 = CARTESIAN_POINT ( 'NONE',  ( -1.836970198721050149E-16, -1.500000000000031752, -1.999999999999996669 ) ) ;
#4659 = CARTESIAN_POINT ( 'NONE',  ( 0.8660254037844475894, -1.500000000000031752, -6.458333333333329485 ) ) ;
#4660 = CARTESIAN_POINT ( 'NONE',  ( 1.763300807568897621, -1.546860516928748466E-14, -1.359374999999995559 ) ) ;
#4661 = CARTESIAN_POINT ( 'NONE',  ( 1.480908766186231240, 0.1867183014945862640, 7.406250000000000888 ) ) ;
#4662 = CARTESIAN_POINT ( 'NONE',  ( -0.6785254037844485886, -1.175240473580867473, 0.7708333333333355908 ) ) ;
#4663 = CARTESIAN_POINT ( 'NONE',  ( 0.9798529528408075340, -0.7233680199722368753, 4.806693188378759807 ) ) ;
#4664 = CARTESIAN_POINT ( 'NONE',  ( 0.000000000000000000, 1.175240473580837719, -6.999999999999997335 ) ) ;
#4665 = CARTESIAN_POINT ( 'NONE',  ( -1.357050807568896511, -1.518214783870159450E-14, -0.3749999999999977240 ) ) ;
#4666 = EDGE_CURVE ( 'NONE', #2243, #2015, #4333, .T. ) ;
#4667 = ADVANCED_FACE ( 'NONE', ( #3747 ), #4416, .T. ) ;
#4668 = ADVANCED_FACE ( 'NONE', ( #653 ), #6374, .T. ) ;
#4669 = CARTESIAN_POINT ( 'NONE',  ( 0.8660254037844530295, 1.499999999999993561, 0.2708333333333341475 ) ) ;
#4670 = ORIENTED_EDGE ( 'NONE', *, *, #2323, .F. ) ;
#4671 = CARTESIAN_POINT ( 'NONE',  ( 0.8660254037844530295, 1.499999999999993117, 4.208333333333336590 ) ) ;
#4672 = CARTESIAN_POINT ( 'NONE',  ( 1.732050807568896955, -1.522367580945801752E-14, -3.312499999999999556 ) ) ;
#4673 = CARTESIAN_POINT ( 'NONE',  ( 0.000000000000000000, 1.175240473580836387, 3.500000000000002220 ) ) ;
#4674 = CARTESIAN_POINT ( 'NONE',  ( 1.017788105676672883, 0.5876202367904107549, -7.520833333333330373 ) ) ;
#4675 = CARTESIAN_POINT ( 'NONE',  ( 0.000000000000000000, 1.175240473580837275, -2.499999999999996891 ) ) ;
#4676 = CARTESIAN_POINT ( 'NONE',  ( -0.8816504037844491437, -1.527063293868295757, -5.994791666666665186 ) ) ;
#4677 = VERTEX_POINT ( 'NONE', #5754 ) ;
#4678 = CARTESIAN_POINT ( 'NONE',  ( 0.6785254037844490327, 1.175240473580836831, -2.979166666666663410 ) ) ;
#4679 = VERTEX_POINT ( 'NONE', #3164 ) ;
#4680 = CARTESIAN_POINT ( 'NONE',  ( 1.322475605676673771, 0.7635316469341232315, 8.182291666666671404 ) ) ;
#4681 = CARTESIAN_POINT ( 'NONE',  ( -0.6725967078914716346, -1.064836230521184479, -8.191252740600468485 ) ) ;
#4682 = CARTESIAN_POINT ( 'NONE',  ( 1.489937016748776433, 0.1966617905630072272, 7.500855978943535618 ) ) ;
#4683 = CIRCLE ( 'NONE', #712, 2.290070906916725768 ) ;
#4684 = CARTESIAN_POINT ( 'NONE',  ( -0.1966617905630063667, -1.489937016748776877, 7.500855978943536506 ) ) ;
#4685 = CARTESIAN_POINT ( 'NONE',  ( -1.836970198721050149E-16, -1.500000000000032196, 2.562500000000000888 ) ) ;
#4686 = ORIENTED_EDGE ( 'NONE', *, *, #3685, .T. ) ;
#4687 = CARTESIAN_POINT ( 'NONE',  ( 0.8816504037844482555, -1.527063293868297533, 3.088541666666667407 ) ) ;
#4688 = CARTESIAN_POINT ( 'NONE',  ( 1.322475605676672661, -0.7635316469341565382, -0.3697916666666662966 ) ) ;
#4689 =( BOUNDED_CURVE ( )  B_SPLINE_CURVE ( 2, ( #6750, #3701, #4915, #3577, #6867, #5430, #1752 ),
 .UNSPECIFIED., .F., .F. ) 
 B_SPLINE_CURVE_WITH_KNOTS ( ( 3, 2, 2, 3 ),
 ( 0.04166666666666656721, 0.05555555555555554553, 0.06944444444444441977, 0.08333333333333339810 ),
 .UNSPECIFIED. ) 
 CURVE ( )  GEOMETRIC_REPRESENTATION_ITEM ( )  RATIONAL_B_SPLINE_CURVE ( ( 1.000000000000000444, 0.8660254037844381525, 1.000000000000000000, 0.8660254037844387076, 1.000000000000000000, 0.8660254037844384856, 1.000000000000000222 ) ) 
 REPRESENTATION_ITEM ( '' )  );
#4690 = DIRECTION ( 'NONE',  ( 1.000000000000000000, 0.000000000000000000, 0.000000000000000000 ) ) ;
#4691 = CARTESIAN_POINT ( 'NONE',  ( 0.000000000000000000, 1.527063293868266447, -4.234374999999994671 ) ) ;
#4692 = CARTESIAN_POINT ( 'NONE',  ( 0.2712414087855087863, 0.9609782536090891725, 8.140750377164774676 ) ) ;
#4693 = AXIS2_PLACEMENT_3D ( 'NONE', #3832, #6373, #3290 ) ;
#4694 = ORIENTED_EDGE ( 'NONE', *, *, #3957, .F. ) ;
#4695 = CARTESIAN_POINT ( 'NONE',  ( -0.6785254037844485886, -1.175240473580867029, -3.791666666666663410 ) ) ;
#4696 = CARTESIAN_POINT ( 'NONE',  ( 1.017788105676672883, 0.5876202367904108659, -8.020833333333330373 ) ) ;
#4697 = ORIENTED_EDGE ( 'NONE', *, *, #1155, .F. ) ;
#4698 = CARTESIAN_POINT ( 'NONE',  ( 0.6785254037844490327, 1.175240473580836165, 1.020833333333335480 ) ) ;
#4699 = PLANE ( 'NONE',  #3151 ) ;
#4700 = CARTESIAN_POINT ( 'NONE',  ( -0.6785254037844485886, -1.175240473580867473, 0.2708333333333360349 ) ) ;
#4701 = CARTESIAN_POINT ( 'NONE',  ( -0.8660254037844486996, -1.500000000000031752, 0.02083333333333474077 ) ) ;
#4702 = LINE ( 'NONE', #6571, #6335 ) ;
#4703 = CARTESIAN_POINT ( 'NONE',  ( 0.000000000000000000, 1.500000000000000888, 2.750000000000003109 ) ) ;
#4704 = CARTESIAN_POINT ( 'NONE',  ( -0.8816504037844485886, 1.527063293868266225, -1.692708333333328818 ) ) ;
#4705 = CARTESIAN_POINT ( 'NONE',  ( 1.017788105676671995, -0.5876202367904422852, 2.833333333333335702 ) ) ;
#4706 = CARTESIAN_POINT ( 'NONE',  ( -1.439254484199210086E-16, -1.175240473580867695, 1.812500000000002442 ) ) ;
#4707 = CARTESIAN_POINT ( 'NONE',  ( 0.6785254037844478114, -1.175240473580867695, 3.354166666666668739 ) ) ;
#4708 = CARTESIAN_POINT ( 'NONE',  ( 0.000000000000000000, 1.175240473580837719, -6.499999999999997335 ) ) ;
#4709 = CARTESIAN_POINT ( 'NONE',  ( -1.357050807568896511, -1.499845081882949177E-14, -1.874999999999997558 ) ) ;
#4710 = B_SPLINE_CURVE_WITH_KNOTS ( 'NONE', 3,
 ( #431, #4899, #3678, #2476, #1197, #505, #6115, #7442, #3017, #3722, #4270, #5018, #6892, #6232, #6812, #5568 ),
 .UNSPECIFIED., .F., .F.,
 ( 4, 3, 3, 3, 3, 4 ),
 ( 0.000000000000000000, 1.463772298357061020E-05, 2.928092099299660310E-05, 4.384939631435124318E-05, 5.839568215676167983E-05, 6.381151604612061968E-05 ),
 .UNSPECIFIED. ) ;
#4711 = CARTESIAN_POINT ( 'NONE',  ( -0.8660254037844522523, 1.499999999999995337, -5.645833333333333037 ) ) ;
#4712 = ORIENTED_EDGE ( 'NONE', *, *, #5017, .F. ) ;
#4713 = EDGE_CURVE ( 'NONE', #4523, #6378, #5662, .T. ) ;
#4714 = DIRECTION ( 'NONE',  ( -0.000000000000000000, -1.224646799147353207E-16, 1.000000000000000000 ) ) ;
#4715 = CARTESIAN_POINT ( 'NONE',  ( -0.6785254037844480335, 1.175240473580836165, 3.541666666666668739 ) ) ;
#4716 = CARTESIAN_POINT ( 'NONE',  ( -1.017788105676672439, 0.5876202367904117541, -7.854166666666663410 ) ) ;
#4717 = CARTESIAN_POINT ( 'NONE',  ( -1.763300807568897621, -1.543855826227307042E-14, 1.921875000000000888 ) ) ;
#4718 = CARTESIAN_POINT ( 'NONE',  ( -1.870113174931204576E-16, -1.527063293868295979, -5.953124999999999112 ) ) ;
#4719 = ORIENTED_EDGE ( 'NONE', *, *, #2223, .T. ) ;
#4720 = CARTESIAN_POINT ( 'NONE',  ( 0.000000000000000000, 1.175240473580837275, -2.437499999999996891 ) ) ;
#4721 = ORIENTED_EDGE ( 'NONE', *, *, #1965, .F. ) ;
#4722 = CARTESIAN_POINT ( 'NONE',  ( 0.6785254037844478114, -1.175240473580867695, 2.854166666666668739 ) ) ;
#4723 = EDGE_CURVE ( 'NONE', #8115, #2183, #5130, .T. ) ;
#4724 = DIRECTION ( 'NONE',  ( -0.07992773943613182275, 0.07992773943613301624, 0.9935910189495773537 ) ) ;
#4725 = CARTESIAN_POINT ( 'NONE',  ( 0.000000000000000000, 1.500000000000000888, 3.312500000000001332 ) ) ;
#4726 = CARTESIAN_POINT ( 'NONE',  ( 0.000000000000000000, 1.175240473580836609, 3.031250000000002665 ) ) ;
#4727 = VERTEX_POINT ( 'NONE', #2133 ) ;
#4728 = CARTESIAN_POINT ( 'NONE',  ( -1.322475605676673105, 0.7635316469341246748, 6.880208333333333925 ) ) ;
#4729 = CARTESIAN_POINT ( 'NONE',  ( 1.763300807568897621, -1.559489687044955607E-14, -0.3281249999999993894 ) ) ;
#4730 = CARTESIAN_POINT ( 'NONE',  ( 0.000000000000000000, -1.500000000000001554, 8.250000000000000000 ) ) ;
#4731 = CARTESIAN_POINT ( 'NONE',  ( 1.322475605676673771, 0.7635316469341247858, -4.817708333333328596 ) ) ;
#4732 = DIRECTION ( 'NONE',  ( -0.3826834323651013281, -0.9238795325112819645, 0.000000000000000000 ) ) ;
#4733 = VERTEX_POINT ( 'NONE', #4003 ) ;
#4734 = FACE_OUTER_BOUND ( 'NONE', #3799, .T. ) ;
#4735 = CARTESIAN_POINT ( 'NONE',  ( 1.357050807568896067, -1.481801155724045892E-14, -6.062499999999996447 ) ) ;
#4736 = EDGE_LOOP ( 'NONE', ( #1457, #7528, #7095, #1675 ) ) ;
#4737 = CARTESIAN_POINT ( 'NONE',  ( 0.000000000000000000, 1.175240473580836831, 0.06250000000000266454 ) ) ;
#4738 = CARTESIAN_POINT ( 'NONE',  ( 1.017788105676671995, -0.5876202367904426183, 4.833333333333335702 ) ) ;
#4739 =( BOUNDED_CURVE ( )  B_SPLINE_CURVE ( 3, ( #7361, #6768, #2974, #5521 ),
 .UNSPECIFIED., .F., .F. ) 
 B_SPLINE_CURVE_WITH_KNOTS ( ( 4, 4 ),
 ( 2.751161613710442655, 3.532023693469143577 ),
 .UNSPECIFIED. ) 
 CURVE ( )  GEOMETRIC_REPRESENTATION_ITEM ( )  RATIONAL_B_SPLINE_CURVE ( ( 1.000000000000000000, 0.9498300650479265528, 0.9498300650479265528, 1.000000000000000000 ) ) 
 REPRESENTATION_ITEM ( '' )  );
#4740 = CARTESIAN_POINT ( 'NONE',  ( 0.000000000000000000, 1.175240473580837053, -1.937499999999997335 ) ) ;
#4741 = CARTESIAN_POINT ( 'NONE',  ( -1.299038105676672217, 0.7499999999999932276, -0.1041666666666653668 ) ) ;
#4742 = CARTESIAN_POINT ( 'NONE',  ( -0.1678132330522372484, 1.542129073831891350, 7.595469040531507510 ) ) ;
#4743 = CARTESIAN_POINT ( 'NONE',  ( -1.836970198721050149E-16, -1.500000000000032419, 4.000000000000004441 ) ) ;
#4744 = CARTESIAN_POINT ( 'NONE',  ( 1.322475605676672661, -0.7635316469341565382, 0.09895833333333761694 ) ) ;
#4745 = CYLINDRICAL_SURFACE ( 'NONE', #6225, 0.2916000000000000814 ) ;
#4746 = CARTESIAN_POINT ( 'NONE',  ( -0.6785254037844485886, -1.175240473580867695, 2.770833333333336146 ) ) ;
#4747 = CARTESIAN_POINT ( 'NONE',  ( -1.017788105676672439, -0.5876202367904417301, 4.229166666666669627 ) ) ;
#4748 = CARTESIAN_POINT ( 'NONE',  ( -1.357050807568896511, -1.456982443912791876E-14, -5.374999999999997335 ) ) ;
#4749 = CARTESIAN_POINT ( 'NONE',  ( 1.017788105676671995, -0.5876202367904416191, -2.666666666666663854 ) ) ;
#4750 = APPROVAL ( #5021, 'UNSPECIFIED' ) ;
#4751 = CIRCLE ( 'NONE', #5146, 2.287307525620819071 ) ;
#4752 = CARTESIAN_POINT ( 'NONE',  ( -1.516811748361098555, 0.2267097614933703820, 7.786743325484763112 ) ) ;
#4753 = ORIENTED_EDGE ( 'NONE', *, *, #3115, .T. ) ;
#4754 = TOROIDAL_SURFACE ( 'NONE', #3014, 0.7099290930832727886, 2.290070906916725768 ) ;
#4755 = CYLINDRICAL_SURFACE ( 'NONE', #7543, 0.2916000000000000814 ) ;
#4756 = CARTESIAN_POINT ( 'NONE',  ( -1.439254484199210086E-16, -1.175240473580868139, 5.250000000000001776 ) ) ;
#4757 = CARTESIAN_POINT ( 'NONE',  ( 0.000000000000000000, -1.500000000000001554, 8.250000000000000000 ) ) ;
#4758 = LINE ( 'NONE', #6507, #3212 ) ;
#4759 = ORIENTED_EDGE ( 'NONE', *, *, #7979, .F. ) ;
#4760 = CARTESIAN_POINT ( 'NONE',  ( 0.6785254037844478114, -1.175240473580867473, -3.145833333333330373 ) ) ;
#4761 = CIRCLE ( 'NONE', #7292, 1.590263637062380164 ) ;
#4762 = ADVANCED_FACE ( 'NONE', ( #5176 ), #2756, .T. ) ;
#4763 = ORIENTED_EDGE ( 'NONE', *, *, #2631, .T. ) ;
#4764 = CARTESIAN_POINT ( 'NONE',  ( -1.017788105676672439, 0.5876202367904104218, 4.145833333333335702 ) ) ;
#4765 = CARTESIAN_POINT ( 'NONE',  ( 0.000000000000000000, 1.500000000000001110, 0.8125000000000014433 ) ) ;
#4766 = CARTESIAN_POINT ( 'NONE',  ( -1.017788105676672439, 0.5876202367904111989, -2.854166666666664298 ) ) ;
#4767 = CARTESIAN_POINT ( 'NONE',  ( -0.7354406210052759629, -0.9294106107702692077, 4.718158681502361951 ) ) ;
#4768 = LINE ( 'NONE', #2771, #2751 ) ;
#4769 = CARTESIAN_POINT ( 'NONE',  ( 0.000000000000000000, -7.438283133705603770E-16, 8.250000000000000000 ) ) ;
#4770 = CARTESIAN_POINT ( 'NONE',  ( 1.763300807568897621, -1.626845260998060254E-14, 5.171875000000000888 ) ) ;
#4771 = CONICAL_SURFACE ( 'NONE', #2247, 1.550799999999997514, 0.3490658503988666728 ) ;
#4772 = CARTESIAN_POINT ( 'NONE',  ( -1.322475605676673105, 0.7635316469341255630, -0.6197916666666660745 ) ) ;
#4773 = EDGE_CURVE ( 'NONE', #6400, #2378, #5997, .T. ) ;
#4774 = ADVANCED_FACE ( 'NONE', ( #7210 ), #3918, .F. ) ;
#4775 = CARTESIAN_POINT ( 'NONE',  ( 1.017788105676672883, 0.5876202367904108659, -8.083333333333332149 ) ) ;
#4776 = B_SPLINE_CURVE_WITH_KNOTS ( 'NONE', 3,
 ( #8067, #559, #2370, #5027, #7524, #4907, #3649, #8105, #6860, #3693, #3063, #5614, #8142 ),
 .UNSPECIFIED., .F., .F.,
 ( 4, 3, 3, 3, 4 ),
 ( 0.000000000000000000, 1.564682339362125579E-05, 3.129827412193254122E-05, 4.685273646177454425E-05, 6.373692748297968757E-05 ),
 .UNSPECIFIED. ) ;
#4777 = EDGE_CURVE ( 'NONE', #7341, #2231, #7157, .T. ) ;
#4778 = ADVANCED_FACE ( 'NONE', ( #7794 ), #5923, .T. ) ;
#4779 = CARTESIAN_POINT ( 'NONE',  ( -1.763300807568897621, -1.451624614166522371E-14, -5.609374999999995559 ) ) ;
#4780 = CARTESIAN_POINT ( 'NONE',  ( 1.576622122564776074, 0.2078487863862033824, 7.967077405468494966 ) ) ;
#4781 =( BOUNDED_CURVE ( )  B_SPLINE_CURVE ( 2, ( #6658, #892, #4200, #7201, #1589, #7834, #6735 ),
 .UNSPECIFIED., .F., .F. ) 
 B_SPLINE_CURVE_WITH_KNOTS ( ( 3, 2, 2, 3 ),
 ( 0.3750000000000000555, 0.3888888888888890061, 0.4027777777777779011, 0.4166666666666668517 ),
 .UNSPECIFIED. ) 
 CURVE ( )  GEOMETRIC_REPRESENTATION_ITEM ( )  RATIONAL_B_SPLINE_CURVE ( ( 0.9999999999999994449, 0.8660254037844391517, 1.000000000000000000, 0.8660254037844385966, 1.000000000000000000, 0.8660254037844370423, 1.000000000000001554 ) ) 
 REPRESENTATION_ITEM ( '' )  );
#4782 = ORIENTED_EDGE ( 'NONE', *, *, #6850, .F. ) ;
#4783 = CARTESIAN_POINT ( 'NONE',  ( -0.9100100306033855890, -0.2087934338140800816, 7.406250000000000888 ) ) ;
#4784 = CARTESIAN_POINT ( 'NONE',  ( 0.6785254037844490327, 1.175240473580837497, -7.479166666666663410 ) ) ;
#4785 = ORIENTED_EDGE ( 'NONE', *, *, #5673, .F. ) ;
#4786 = CARTESIAN_POINT ( 'NONE',  ( -0.6785254037844480335, 1.175240473580836831, 0.1041666666666690721 ) ) ;
#4787 = CARTESIAN_POINT ( 'NONE',  ( -0.6785254037844480335, 1.175240473580836165, 3.541666666666668739 ) ) ;
#4788 = CARTESIAN_POINT ( 'NONE',  ( 0.6785254037844478114, -1.175240473580867695, -1.145833333333330817 ) ) ;
#4789 = FACE_OUTER_BOUND ( 'NONE', #6644, .T. ) ;
#4790 =( BOUNDED_SURFACE ( )  B_SPLINE_SURFACE ( 1, 2, ( 
 ( #5869, #7786, #2080, #6874, #4619, #7161, #769, #1465, #7038, #3994, #6412, #3706, #7708, #104, #4534, #398, #2830, #7242, #2911, #1626, #6733, #7991, #2290, #6657, #2165, #4704, #315, #5959, #7953, #6696, #7368, #5456, #3526, #4660, #891, #2746, #277, #1544, #934, #1010, #233, #4076, #6614, #7200, #4163, #4035, #973, #7327, #1050, #6004, #4122, #4791, #4827, #2207, #7913, #6079, #5418, #5294, #2792, #5337, #356, #2249, #1667, #4199, #3567, #7286, #3452, #5378, #4744, #1506, #7833, #1588, #6573, #2122, #3405, #7871, #3489, #6039, #2869, #8180, #1778, #8100, #6272, #1202, #5530, #8026, #4238, #6775, #4395, #3644, #2443, #5571, #4902, #7520, #4981, #6158, #1243, #7445, #2365, #1085, #1818, #6855, #5609, #8139, #2327, #4861, #513, #1859, #4315, #472, #5494, #1163, #3686, #6937, #6194, #3603, #4356, #6236, #553, #3727, #3058, #6815, #2403, #7404, #2983, #2483, #4943, #6898, #8062, #3021, #1742, #3101, #594, #4273, #5650, #1123, #6118, #5023, #7563, #7484, #434, #2946, #1704, #4609, #6309 ),
 ( #2032, #5109, #7700, #3188, #2569, #3768, #5819, #6981, #3813, #3315, #5736, #143, #2524, #5696, #2610, #60, #2652, #3939, #1284, #5242, #6358, #4526, #678, #717, #3857, #5065, #5199, #1943, #7739, #7605, #1990, #6403, #7152, #1376, #7652, #2071, #633, #3270, #4568, #7112, #3145, #4482, #7029, #3899, #1416, #6486, #1332, #18, #3230, #7071, #1899, #5775, #803, #7779, #4438, #5154, #98, #6444, #5861, #183, #757, #2696, #1499, #4029, #269, #3987, #2283, #5283, #2738, #3359, #7986, #7865, #4737, #4786, #927, #6567, #6648, #6073, #7278, #4153, #965, #390, #4819, #5410, #7822, #846, #2783, #1582, #7946, #4115, #2157, #6035, #5329, #3444, #1619, #4698, #5451, #2864, #2244, #1005, #309, #7235, #1538, #4070, #2115, #6528, #5948, #4653, #7321, #2906, #1458, #350, #5906, #7194, #3521, #5370, #5993, #6690, #227, #886, #3400, #6606, #2824, #7907, #2201, #3482, #6807, #6151, #545, #6228, #7397, #2470, #465, #3596, #8019, #3050, #8094, #6844, #1153, #1042, #3560, #1735, #3090, #3012, #1696 ) ),
 .UNSPECIFIED., .F., .F., .F. ) 
 B_SPLINE_SURFACE_WITH_KNOTS ( ( 2, 2 ),
 ( 3, 2, 2, 2, 2, 2, 2, 2, 2, 2, 2, 2, 2, 2, 2, 2, 2, 2, 2, 2, 2, 2, 2, 2, 2, 2, 2, 2, 2, 2, 2, 2, 2, 2, 2, 2, 2, 2, 2, 2, 2, 2, 2, 2, 2, 2, 2, 2, 2, 2, 2, 2, 2, 2, 2, 2, 2, 2, 2, 2, 2, 2, 2, 2, 2, 2, 2, 2, 2, 2, 2, 2, 3 ),
 ( 0.000000000000000000, 1.000000000000000000 ),
 ( 0.000000000000000000, 0.01388888888888888812, 0.02777777777777777624, 0.04166666666666666435, 0.05555555555555555247, 0.06944444444444444753, 0.08333333333333332871, 0.09722222222222222376, 0.1111111111111111049, 0.1250000000000000000, 0.1388888888888888951, 0.1527777777777777901, 0.1666666666666666574, 0.1805555555555555525, 0.1944444444444444475, 0.2083333333333333426, 0.2222222222222222099, 0.2361111111111111049, 0.2500000000000000000, 0.2638888888888888951, 0.2777777777777777901, 0.2916666666666666852, 0.3055555555555555802, 0.3194444444444444198, 0.3333333333333333148, 0.3472222222222222099, 0.3611111111111111049, 0.3750000000000000000, 0.3888888888888888951, 0.4027777777777777901, 0.4166666666666666852, 0.4305555555555555802, 0.4444444444444444198, 0.4583333333333333148, 0.4722222222222222099, 0.4861111111111111049, 0.5000000000000000000, 0.5138888888888888395, 0.5277777777777777901, 0.5416666666666666297, 0.5555555555555555802, 0.5694444444444444198, 0.5833333333333333703, 0.5972222222222222099, 0.6111111111111111605, 0.6250000000000000000, 0.6388888888888888395, 0.6527777777777777901, 0.6666666666666666297, 0.6805555555555555802, 0.6944444444444444198, 0.7083333333333333703, 0.7222222222222222099, 0.7361111111111111605, 0.7500000000000000000, 0.7638888888888888395, 0.7777777777777777901, 0.7916666666666666297, 0.8055555555555555802, 0.8194444444444444198, 0.8333333333333333703, 0.8472222222222222099, 0.8611111111111111605, 0.8750000000000000000, 0.8888888888888888395, 0.9027777777777777901, 0.9166666666666666297, 0.9305555555555555802, 0.9444444444444444198, 0.9583333333333333703, 0.9722222222222222099, 0.9861111111111111605, 1.000000000000000000 ),
 .UNSPECIFIED. ) 
 GEOMETRIC_REPRESENTATION_ITEM ( )  RATIONAL_B_SPLINE_SURFACE ( (
 ( 1.000000000000000000, 0.8660254037844387076, 1.000000000000000000, 0.8660254037844387076, 1.000000000000000000, 0.8660254037844387076, 1.000000000000000000, 0.8660254037844387076, 1.000000000000000000, 0.8660254037844387076, 1.000000000000000000, 0.8660254037844387076, 1.000000000000000000, 0.8660254037844387076, 1.000000000000000000, 0.8660254037844387076, 1.000000000000000000, 0.8660254037844387076, 1.000000000000000000, 0.8660254037844387076, 1.000000000000000000, 0.8660254037844387076, 1.000000000000000000, 0.8660254037844387076, 1.000000000000000000, 0.8660254037844387076, 1.000000000000000000, 0.8660254037844387076, 1.000000000000000000, 0.8660254037844387076, 1.000000000000000000, 0.8660254037844387076, 1.000000000000000000, 0.8660254037844387076, 1.000000000000000000, 0.8660254037844387076, 1.000000000000000000, 0.8660254037844387076, 1.000000000000000000, 0.8660254037844387076, 1.000000000000000000, 0.8660254037844387076, 1.000000000000000000, 0.8660254037844387076, 1.000000000000000000, 0.8660254037844387076, 1.000000000000000000, 0.8660254037844387076, 1.000000000000000000, 0.8660254037844387076, 1.000000000000000000, 0.8660254037844387076, 1.000000000000000000, 0.8660254037844387076, 1.000000000000000000, 0.8660254037844387076, 1.000000000000000000, 0.8660254037844387076, 1.000000000000000000, 0.8660254037844387076, 1.000000000000000000, 0.8660254037844387076, 1.000000000000000000, 0.8660254037844387076, 1.000000000000000000, 0.8660254037844387076, 1.000000000000000000, 0.8660254037844387076, 1.000000000000000000, 0.8660254037844387076, 1.000000000000000000, 0.8660254037844387076, 1.000000000000000000, 0.8660254037844387076, 1.000000000000000000, 0.8660254037844387076, 1.000000000000000000, 0.8660254037844387076, 1.000000000000000000, 0.8660254037844387076, 1.000000000000000000, 0.8660254037844387076, 1.000000000000000000, 0.8660254037844387076, 1.000000000000000000, 0.8660254037844387076, 1.000000000000000000, 0.8660254037844387076, 1.000000000000000000, 0.8660254037844387076, 1.000000000000000000, 0.8660254037844387076, 1.000000000000000000, 0.8660254037844387076, 1.000000000000000000, 0.8660254037844387076, 1.000000000000000000, 0.8660254037844387076, 1.000000000000000000, 0.8660254037844387076, 1.000000000000000000, 0.8660254037844387076, 1.000000000000000000, 0.8660254037844387076, 1.000000000000000000, 0.8660254037844387076, 1.000000000000000000, 0.8660254037844387076, 1.000000000000000000, 0.8660254037844387076, 1.000000000000000000, 0.8660254037844387076, 1.000000000000000000, 0.8660254037844387076, 1.000000000000000000, 0.8660254037844387076, 1.000000000000000000, 0.8660254037844387076, 1.000000000000000000, 0.8660254037844387076, 1.000000000000000000, 0.8660254037844387076, 1.000000000000000000, 0.8660254037844387076, 1.000000000000000000, 0.8660254037844387076, 1.000000000000000000, 0.8660254037844387076, 1.000000000000000000, 0.8660254037844387076, 1.000000000000000000, 0.8660254037844387076, 1.000000000000000000, 0.8660254037844387076, 1.000000000000000000, 0.8660254037844387076, 1.000000000000000000, 0.8660254037844387076, 1.000000000000000000, 0.8660254037844387076, 1.000000000000000000, 0.8660254037844387076, 1.000000000000000000, 0.8660254037844387076, 1.000000000000000000),
 ( 1.000000000000000000, 0.8660254037844387076, 1.000000000000000000, 0.8660254037844387076, 1.000000000000000000, 0.8660254037844387076, 1.000000000000000000, 0.8660254037844387076, 1.000000000000000000, 0.8660254037844387076, 1.000000000000000000, 0.8660254037844387076, 1.000000000000000000, 0.8660254037844387076, 1.000000000000000000, 0.8660254037844387076, 1.000000000000000000, 0.8660254037844387076, 1.000000000000000000, 0.8660254037844387076, 1.000000000000000000, 0.8660254037844387076, 1.000000000000000000, 0.8660254037844387076, 1.000000000000000000, 0.8660254037844387076, 1.000000000000000000, 0.8660254037844387076, 1.000000000000000000, 0.8660254037844387076, 1.000000000000000000, 0.8660254037844387076, 1.000000000000000000, 0.8660254037844387076, 1.000000000000000000, 0.8660254037844387076, 1.000000000000000000, 0.8660254037844387076, 1.000000000000000000, 0.8660254037844387076, 1.000000000000000000, 0.8660254037844387076, 1.000000000000000000, 0.8660254037844387076, 1.000000000000000000, 0.8660254037844387076, 1.000000000000000000, 0.8660254037844387076, 1.000000000000000000, 0.8660254037844387076, 1.000000000000000000, 0.8660254037844387076, 1.000000000000000000, 0.8660254037844387076, 1.000000000000000000, 0.8660254037844387076, 1.000000000000000000, 0.8660254037844387076, 1.000000000000000000, 0.8660254037844387076, 1.000000000000000000, 0.8660254037844387076, 1.000000000000000000, 0.8660254037844387076, 1.000000000000000000, 0.8660254037844387076, 1.000000000000000000, 0.8660254037844387076, 1.000000000000000000, 0.8660254037844387076, 1.000000000000000000, 0.8660254037844387076, 1.000000000000000000, 0.8660254037844387076, 1.000000000000000000, 0.8660254037844387076, 1.000000000000000000, 0.8660254037844387076, 1.000000000000000000, 0.8660254037844387076, 1.000000000000000000, 0.8660254037844387076, 1.000000000000000000, 0.8660254037844387076, 1.000000000000000000, 0.8660254037844387076, 1.000000000000000000, 0.8660254037844387076, 1.000000000000000000, 0.8660254037844387076, 1.000000000000000000, 0.8660254037844387076, 1.000000000000000000, 0.8660254037844387076, 1.000000000000000000, 0.8660254037844387076, 1.000000000000000000, 0.8660254037844387076, 1.000000000000000000, 0.8660254037844387076, 1.000000000000000000, 0.8660254037844387076, 1.000000000000000000, 0.8660254037844387076, 1.000000000000000000, 0.8660254037844387076, 1.000000000000000000, 0.8660254037844387076, 1.000000000000000000, 0.8660254037844387076, 1.000000000000000000, 0.8660254037844387076, 1.000000000000000000, 0.8660254037844387076, 1.000000000000000000, 0.8660254037844387076, 1.000000000000000000, 0.8660254037844387076, 1.000000000000000000, 0.8660254037844387076, 1.000000000000000000, 0.8660254037844387076, 1.000000000000000000, 0.8660254037844387076, 1.000000000000000000, 0.8660254037844387076, 1.000000000000000000, 0.8660254037844387076, 1.000000000000000000, 0.8660254037844387076, 1.000000000000000000, 0.8660254037844387076, 1.000000000000000000, 0.8660254037844387076, 1.000000000000000000, 0.8660254037844387076, 1.000000000000000000, 0.8660254037844387076, 1.000000000000000000, 0.8660254037844387076, 1.000000000000000000, 0.8660254037844387076, 1.000000000000000000, 0.8660254037844387076, 1.000000000000000000) ) ) 
 REPRESENTATION_ITEM ( '' )  SURFACE ( )  );
#4791 = CARTESIAN_POINT ( 'NONE',  ( -1.763300807568897621, -1.512856954123889945E-14, -0.6093749999999957812 ) ) ;
#4792 = DIRECTION ( 'NONE',  ( 0.000000000000000000, -1.000000000000000000, 0.000000000000000000 ) ) ;
#4793 = CARTESIAN_POINT ( 'NONE',  ( -0.6785254037844480335, 1.175240473580837053, -1.458333333333331039 ) ) ;
#4794 = CARTESIAN_POINT ( 'NONE',  ( 1.096282313403980080, 0.8713254963814238696, 5.304345717800266868 ) ) ;
#4795 = CARTESIAN_POINT ( 'NONE',  ( 0.6785254037844478114, -1.175240473580867029, -6.708333333333330373 ) ) ;
#4796 = VERTEX_POINT ( 'NONE', #2669 ) ;
#4797 = DIRECTION ( 'NONE',  ( 0.000000000000000000, -1.000000000000000000, 0.000000000000000000 ) ) ;
#4798 = CARTESIAN_POINT ( 'NONE',  ( 0.000000000000000000, 1.175240473580836387, 5.000000000000002665 ) ) ;
#4799 = DIRECTION ( 'NONE',  ( -0.3826834323650939451, 0.9238795325112849621, 0.000000000000000000 ) ) ;
#4800 = CARTESIAN_POINT ( 'NONE',  ( -0.2470292989821613050, 1.534691860997137836, 7.980070810694635419 ) ) ;
#4801 = ORIENTED_EDGE ( 'NONE', *, *, #2420, .T. ) ;
#4802 = CARTESIAN_POINT ( 'NONE',  ( 0.000000000000000000, 1.175240473580837275, -3.937499999999997335 ) ) ;
#4803 = ORIENTED_EDGE ( 'NONE', *, *, #608, .F. ) ;
#4804 = CARTESIAN_POINT ( 'NONE',  ( 1.322475605676672661, -0.7635316469341576484, 8.598958333333337478 ) ) ;
#4805 = CARTESIAN_POINT ( 'NONE',  ( -1.299038105676672217, 0.7499999999999937828, -5.666666666666662522 ) ) ;
#4806 = CARTESIAN_POINT ( 'NONE',  ( -1.259261138602776109, 0.6964061162486276935, 5.434271978044462159 ) ) ;
#4807 = LINE ( 'NONE', #2307, #3543 ) ;
#4808 = CARTESIAN_POINT ( 'NONE',  ( 1.564063351765472953, -0.2337791285254892104, 7.970310088470554888 ) ) ;
#4809 = CARTESIAN_POINT ( 'NONE',  ( 0.6785254037844478114, -1.175240473580868139, 3.854166666666669183 ) ) ;
#4810 = CARTESIAN_POINT ( 'NONE',  ( -1.870113174931204576E-16, -1.527063293868297311, 6.046875000000000000 ) ) ;
#4811 = CARTESIAN_POINT ( 'NONE',  ( 0.000000000000000000, 1.527063293868265781, 0.2968750000000007216 ) ) ;
#4812 = CARTESIAN_POINT ( 'NONE',  ( 1.017788105676672883, 0.5876202367904106438, -6.083333333333330373 ) ) ;
#4813 = CARTESIAN_POINT ( 'NONE',  ( 0.8816504037844494768, 1.527063293868266225, -5.276041666666662522 ) ) ;
#4814 = CARTESIAN_POINT ( 'NONE',  ( 0.000000000000000000, 1.500000000000001332, -2.187499999999999112 ) ) ;
#4815 = ORIENTED_EDGE ( 'NONE', *, *, #5739, .T. ) ;
#4816 = CYLINDRICAL_SURFACE ( 'NONE', #1100, 1.500000000000000888 ) ;
#4817 = CARTESIAN_POINT ( 'NONE',  ( 1.357050807568896067, -1.506294091706992921E-14, -4.062499999999997335 ) ) ;
#4818 = EDGE_LOOP ( 'NONE', ( #4042, #6053, #3504, #7183 ) ) ;
#4819 = CARTESIAN_POINT ( 'NONE',  ( 1.017788105676672883, 0.5876202367904098667, 0.4791666666666689611 ) ) ;
#4820 = CARTESIAN_POINT ( 'NONE',  ( -0.6785254037844485886, -1.175240473580867695, 3.208333333333335702 ) ) ;
#4821 = EDGE_CURVE ( 'NONE', #7929, #898, #1954, .T. ) ;
#4822 = CARTESIAN_POINT ( 'NONE',  ( 1.357050807568896067, -1.536910261685676708E-14, -1.562499999999997558 ) ) ;
#4823 = CIRCLE ( 'NONE', #191, 1.187500000000003331 ) ;
#4824 =( BOUNDED_CURVE ( )  B_SPLINE_CURVE ( 2, ( #5880, #6545, #4459, #864, #3375, #7003, #7337 ),
 .UNSPECIFIED., .F., .F. ) 
 B_SPLINE_CURVE_WITH_KNOTS ( ( 3, 2, 2, 3 ),
 ( 0.3333333333333333148, 0.3472222222222222099, 0.3611111111111111605, 0.3750000000000000555 ),
 .UNSPECIFIED. ) 
 CURVE ( )  GEOMETRIC_REPRESENTATION_ITEM ( )  RATIONAL_B_SPLINE_CURVE ( ( 1.000000000000000000, 0.8660254037844385966, 1.000000000000000000, 0.8660254037844385966, 1.000000000000000000, 0.8660254037844380415, 1.000000000000000444 ) ) 
 REPRESENTATION_ITEM ( '' )  );
#4825 = CARTESIAN_POINT ( 'NONE',  ( 1.732050807568896511, -1.577476686907432253E-14, 1.187500000000000666 ) ) ;
#4826 = CARTESIAN_POINT ( 'NONE',  ( 1.523879527983820870, 0.1470339072918496193, 7.402807629089148911 ) ) ;
#4827 = CARTESIAN_POINT ( 'NONE',  ( -1.322475605676673105, -0.7635316469341554280, -0.5677083333333289294 ) ) ;
#4828 = DIRECTION ( 'NONE',  ( 0.1045058763748857311, -0.02078751127481496749, 0.9943069954385902465 ) ) ;
#4829 = CARTESIAN_POINT ( 'NONE',  ( 1.017788105676672883, 0.5876202367904103108, -2.583333333333330817 ) ) ;
#4830 = EDGE_CURVE ( 'NONE', #1385, #783, #8194, .T. ) ;
#4831 = CARTESIAN_POINT ( 'NONE',  ( -7.891887417399452545E-14, 1.410392906041637806, 5.364234679818165930 ) ) ;
#4832 = CARTESIAN_POINT ( 'NONE',  ( 0.000000000000000000, 1.175240473580837719, -7.499999999999997335 ) ) ;
#4833 = PERSON_AND_ORGANIZATION_ROLE ( 'design_owner' ) ;
#4834 = VERTEX_POINT ( 'NONE', #3331 ) ;
#4835 = CARTESIAN_POINT ( 'NONE',  ( 0.8660254037844530295, 1.499999999999994005, -0.7291666666666659635 ) ) ;
#4836 = CARTESIAN_POINT ( 'NONE',  ( 1.017788105676672883, 0.5876202367904093116, 5.416666666666668739 ) ) ;
#4837 = DIRECTION ( 'NONE',  ( 0.000000000000000000, -0.9945218953682730678, 0.1045284632676558578 ) ) ;
#4838 = CARTESIAN_POINT ( 'NONE',  ( 1.544577949440510301, 0.2457639344234994749, 7.976637958131969519 ) ) ;
#4839 = ORIENTED_EDGE ( 'NONE', *, *, #6243, .T. ) ;
#4840 = CARTESIAN_POINT ( 'NONE',  ( 1.234232261387870233, 0.3759554233858692363, 5.026673849820928908 ) ) ;
#4841 = ORIENTED_EDGE ( 'NONE', *, *, #1666, .T. ) ;
#4842 = CARTESIAN_POINT ( 'NONE',  ( 0.8816504037844482555, -1.527063293868297977, 8.557291666666671404 ) ) ;
#4843 = LINE ( 'NONE', #6832, #6803 ) ;
#4844 = CARTESIAN_POINT ( 'NONE',  ( -1.439254484199210086E-16, -1.175240473580867695, -0.1874999999999975575 ) ) ;
#4845 = CARTESIAN_POINT ( 'NONE',  ( -1.092813464767258269, -0.4323758804164954395, 4.718158681502227836 ) ) ;
#4846 = CARTESIAN_POINT ( 'NONE',  ( 1.017788105676672883, 0.5876202367904094226, 4.479166666666668739 ) ) ;
#4847 = CARTESIAN_POINT ( 'NONE',  ( 1.322475605676672661, -0.7635316469341574264, 6.630208333333333037 ) ) ;
#4848 = CARTESIAN_POINT ( 'NONE',  ( -1.870113174931204576E-16, -1.527063293868296867, 1.546875000000000444 ) ) ;
#4849 = CARTESIAN_POINT ( 'NONE',  ( 1.017788105676671995, -0.5876202367904412860, -6.166666666666664298 ) ) ;
#4850 = CARTESIAN_POINT ( 'NONE',  ( 1.357050807568896511, -1.457308219741098862E-14, -8.062499999999998224 ) ) ;
#4851 = CARTESIAN_POINT ( 'NONE',  ( -0.09075840644308044713, 1.336176492263524862, 5.160326758815752868 ) ) ;
#4852 = CARTESIAN_POINT ( 'NONE',  ( 0.8660254037844475894, -1.500000000000031752, -6.958333333333331261 ) ) ;
#4853 = CARTESIAN_POINT ( 'NONE',  ( -1.357050807568896067, -1.463871082157995885E-14, -4.812499999999998224 ) ) ;
#4854 = ORIENTED_EDGE ( 'NONE', *, *, #2173, .T. ) ;
#4855 = LINE ( 'NONE', #1661, #7600 ) ;
#4856 = CARTESIAN_POINT ( 'NONE',  ( -1.439254484199210086E-16, -1.175240473580867695, 3.250000000000002220 ) ) ;
#4857 = CARTESIAN_POINT ( 'NONE',  ( -1.357050807568896067, -1.543473124102573732E-14, 1.687500000000002220 ) ) ;
#4858 = DIRECTION ( 'NONE',  ( -0.000000000000000000, -0.8660254037844371533, 0.5000000000000026645 ) ) ;
#4859 = DIRECTION ( 'NONE',  ( -0.000000000000000000, -1.224646799147353207E-16, 1.000000000000000000 ) ) ;
#4860 = EDGE_CURVE ( 'NONE', #7015, #1519, #5082, .T. ) ;
#4861 = CARTESIAN_POINT ( 'NONE',  ( 1.763300807568897621, -1.583599920903169010E-14, 1.640625000000003997 ) ) ;
#4862 = CARTESIAN_POINT ( 'NONE',  ( 1.732050807568896511, -1.582834516653702073E-14, 1.625000000000003109 ) ) ;
#4863 = CARTESIAN_POINT ( 'NONE',  ( 1.017788105676671995, -0.5876202367904423962, 2.895833333333335258 ) ) ;
#4864 = CARTESIAN_POINT ( 'NONE',  ( -1.836970198721050149E-16, -1.500000000000031974, -0.4999999999999963363 ) ) ;
#4865 = CARTESIAN_POINT ( 'NONE',  ( -1.439254484199210086E-16, -1.175240473580867251, -2.749999999999997335 ) ) ;
#4866 = CARTESIAN_POINT ( 'NONE',  ( 1.322475605676673771, 0.7635316469341248968, -5.286458333333332149 ) ) ;
#4867 = ADVANCED_FACE ( 'NONE', ( #1351 ), #2006, .T. ) ;
#4868 = EDGE_CURVE ( 'NONE', #1682, #570, #2904, .T. ) ;
#4869 = ORIENTED_EDGE ( 'NONE', *, *, #2837, .T. ) ;
#4870 = CARTESIAN_POINT ( 'NONE',  ( -0.3980426312549972812, 0.4531220514732919313, 7.406250000000000888 ) ) ;
#4871 = CARTESIAN_POINT ( 'NONE',  ( -1.017788105676672439, 0.5876202367904100887, 6.583333333333334814 ) ) ;
#4872 = CARTESIAN_POINT ( 'NONE',  ( -1.439254484199210086E-16, -1.175240473580867029, -5.187499999999997335 ) ) ;
#4873 = CARTESIAN_POINT ( 'NONE',  ( -0.2368691645223568454, 1.525790193410410334, 7.883403588540149443 ) ) ;
#4874 = ORIENTED_EDGE ( 'NONE', *, *, #1808, .T. ) ;
#4875 = DIRECTION ( 'NONE',  ( -7.007674618073068688E-16, -0.9945218953682734009, 0.1045284632676537068 ) ) ;
#4876 = AXIS2_PLACEMENT_3D ( 'NONE', #6704, #3765, #3530 ) ;
#4877 = VERTEX_POINT ( 'NONE', #7128 ) ;
#4878 = CONICAL_SURFACE ( 'NONE', #6085, 1.550799999999997514, 0.3490658503988666728 ) ;
#4879 = CARTESIAN_POINT ( 'NONE',  ( -1.763300807568897621, -1.623075166047151578E-14, 8.390625000000003553 ) ) ;
#4880 = CARTESIAN_POINT ( 'NONE',  ( -0.2866551442409738804, -0.9254976877526306378, 8.147054690030635982 ) ) ;
#4881 = DIRECTION ( 'NONE',  ( 0.000000000000000000, -0.1045284632676539566, 0.9945218953682734009 ) ) ;
#4882 = CARTESIAN_POINT ( 'NONE',  ( -1.017788105676672439, -0.5876202367904418411, 5.229166666666668739 ) ) ;
#4883 = CARTESIAN_POINT ( 'NONE',  ( 1.763300807568897621, -1.645214962985270211E-14, 6.671874999999999112 ) ) ;
#4884 = DIRECTION ( 'NONE',  ( -0.000000000000000000, -1.224646799147353207E-16, 1.000000000000000000 ) ) ;
#4885 = AXIS2_PLACEMENT_3D ( 'NONE', #7153, #7195, #4654 ) ;
#4886 = CARTESIAN_POINT ( 'NONE',  ( -1.017788105676672439, 0.5876202367904116430, -6.416666666666664298 ) ) ;
#4887 = CARTESIAN_POINT ( 'NONE',  ( 0.000000000000000000, 1.527063293868266225, -2.734374999999995559 ) ) ;
#4888 = CARTESIAN_POINT ( 'NONE',  ( -0.5917109473128514541, -0.4347626794466400990, 8.233624606597341966 ) ) ;
#4889 = CARTESIAN_POINT ( 'NONE',  ( -0.8816504037844485886, 1.527063293868265781, 2.807291666666670960 ) ) ;
#4890 = CARTESIAN_POINT ( 'NONE',  ( 0.6785254037844478114, -1.175240473580867473, -3.645833333333330817 ) ) ;
#4891 = AXIS2_PLACEMENT_3D ( 'NONE', #1761, #7467, #5043 ) ;
#4892 = CARTESIAN_POINT ( 'NONE',  ( 0.6785254037844478114, -1.175240473580867473, -2.208333333333330817 ) ) ;
#4893 = ORIENTED_EDGE ( 'NONE', *, *, #2377, .F. ) ;
#4894 = CARTESIAN_POINT ( 'NONE',  ( 0.2866551442409728256, -0.9254976877526306378, 8.147054690030635982 ) ) ;
#4895 = CARTESIAN_POINT ( 'NONE',  ( -0.6785254037844485886, -1.175240473580867695, 5.208333333333335702 ) ) ;
#4896 = CARTESIAN_POINT ( 'NONE',  ( -0.4612119759279489917, -0.5181179941836201452, 8.198166090358178337 ) ) ;
#4897 = B_SPLINE_CURVE_WITH_KNOTS ( 'NONE', 3,
 ( #7695, #1327, #1454, #3854, #1987, #6398, #5901, #2027, #3894, #711, #95, #6439, #2648, #2066, #3225, #5772 ),
 .UNSPECIFIED., .F., .F.,
 ( 4, 3, 3, 3, 3, 4 ),
 ( 0.000000000000000000, 1.463772298357057970E-05, 2.928092099299664714E-05, 4.384939631435129739E-05, 5.839568215676186957E-05, 6.381151604612080941E-05 ),
 .UNSPECIFIED. ) ;
#4898 = CARTESIAN_POINT ( 'NONE',  ( 1.357050807568896511, -1.560637793419156486E-14, 0.3750000000000025535 ) ) ;
#4899 = CARTESIAN_POINT ( 'NONE',  ( 1.523737468660975480, 0.1522618602394550102, 7.406250000000000888 ) ) ;
#4900 = CARTESIAN_POINT ( 'NONE',  ( -0.6785254037844480335, 1.175240473580836387, 3.541666666666668739 ) ) ;
#4901 = DIRECTION ( 'NONE',  ( -0.9945218953682734009, 4.160321055760485117E-15, 0.1045284632676538317 ) ) ;
#4902 = CARTESIAN_POINT ( 'NONE',  ( 1.322475605676672661, -0.7635316469341566492, 1.098958333333337700 ) ) ;
#4903 = CARTESIAN_POINT ( 'NONE',  ( 1.535008919672468775, -0.2473912189818812113, 7.983514249475047286 ) ) ;
#4904 = CARTESIAN_POINT ( 'NONE',  ( 0.6785254037844490327, 1.175240473580836387, -1.041666666666664298 ) ) ;
#4905 = CARTESIAN_POINT ( 'NONE',  ( -1.572796539073737287, 0.2470295586577315183, 7.980073281342368041 ) ) ;
#4906 = CARTESIAN_POINT ( 'NONE',  ( 0.6785254037844478114, -1.175240473580867251, -4.208333333333330373 ) ) ;
#4907 = CARTESIAN_POINT ( 'NONE',  ( -1.558176212289526186, -0.2392183543293118220, 7.972137828681204574 ) ) ;
#4908 = CARTESIAN_POINT ( 'NONE',  ( -1.870113174931204576E-16, -1.527063293868295979, -4.453125000000000000 ) ) ;
#4909 = VERTEX_POINT ( 'NONE', #1434 ) ;
#4910 = DIRECTION ( 'NONE',  ( 1.000000000000000000, -3.416274459760632957E-15, -0.000000000000000000 ) ) ;
#4911 = CARTESIAN_POINT ( 'NONE',  ( -0.6785254037844485886, -1.175240473580867695, 6.208333333333333925 ) ) ;
#4912 = CARTESIAN_POINT ( 'NONE',  ( 0.6785254037844478114, -1.175240473580867251, -5.645833333333331261 ) ) ;
#4913 = ADVANCED_FACE ( 'NONE', ( #3962 ), #6784, .T. ) ;
#4914 = EDGE_CURVE ( 'NONE', #478, #2917, #5616, .T. ) ;
#4915 = CARTESIAN_POINT ( 'NONE',  ( -1.299038105676672217, -0.7500000000000235367, 2.916666666666669627 ) ) ;
#4916 = B_SPLINE_CURVE_WITH_KNOTS ( 'NONE', 3,
 ( #4800, #5750, #8148, #2453, #646, #2002, #1914, #6283, #5621, #6993, #3827, #4539, #3780 ),
 .UNSPECIFIED., .F., .F.,
 ( 4, 3, 3, 3, 4 ),
 ( 2.235140038340936256E-19, 1.564682339362268897E-05, 3.129827412193445890E-05, 4.685273646177509312E-05, 6.373692748297976889E-05 ),
 .UNSPECIFIED. ) ;
#4917 = ORIENTED_EDGE ( 'NONE', *, *, #8111, .T. ) ;
#4918 = CARTESIAN_POINT ( 'NONE',  ( 0.1663881954888928039, 1.329765618500188484, 5.142713027896163247 ) ) ;
#4919 = ORIENTED_EDGE ( 'NONE', *, *, #3082, .F. ) ;
#4920 = CARTESIAN_POINT ( 'NONE',  ( -1.357050807568896511, -1.586335762072731349E-14, 5.187500000000000888 ) ) ;
#4921 = CARTESIAN_POINT ( 'NONE',  ( -0.2631248712943570767, 0.9978205399679980214, 8.133209951772101931 ) ) ;
#4922 = CARTESIAN_POINT ( 'NONE',  ( 0.8660254037844493658, 1.500000000000001776, -2.729166666666665630 ) ) ;
#4923 = CARTESIAN_POINT ( 'NONE',  ( -1.357050807568896511, -1.580212528076994592E-14, 4.687500000000001776 ) ) ;
#4924 = CARTESIAN_POINT ( 'NONE',  ( -1.836970198721050149E-16, -1.500000000000031752, -2.437499999999998668 ) ) ;
#4925 = CARTESIAN_POINT ( 'NONE',  ( -1.836970198721050149E-16, -1.500000000000032641, 5.562500000000000000 ) ) ;
#4926 = CARTESIAN_POINT ( 'NONE',  ( 1.017788105676671995, -0.5876202367904413970, -5.166666666666664298 ) ) ;
#4927 = CARTESIAN_POINT ( 'NONE',  ( 0.000000000000000000, 1.175240473580837941, -7.937499999999996447 ) ) ;
#4928 = DIRECTION ( 'NONE',  ( 0.02078751127481455116, 0.1045058763748856895, 0.9943069954385902465 ) ) ;
#4929 = CARTESIAN_POINT ( 'NONE',  ( 1.322475605676672661, -0.7635316469341569823, 3.598958333333337478 ) ) ;
#4930 = ADVANCED_FACE ( 'NONE', ( #4208 ), #1960, .F. ) ;
#4931 = CARTESIAN_POINT ( 'NONE',  ( -0.6785254037844480335, 1.175240473580837497, -3.895833333333329929 ) ) ;
#4932 = LOCAL_TIME ( 3, 17, 21.00000000000000000, #3725 ) ;
#4933 = CARTESIAN_POINT ( 'NONE',  ( -1.017788105676672439, -0.5876202367904409529, -2.333333333333330817 ) ) ;
#4934 = ORIENTED_EDGE ( 'NONE', *, *, #1109, .T. ) ;
#4935 = FACE_OUTER_BOUND ( 'NONE', #3213, .T. ) ;
#4936 = CARTESIAN_POINT ( 'NONE',  ( -1.017788105676672439, -0.5876202367904421742, 8.166666666666669627 ) ) ;
#4937 = CARTESIAN_POINT ( 'NONE',  ( -0.6785254037844485886, -1.175240473580867473, 0.7708333333333355908 ) ) ;
#4938 = CARTESIAN_POINT ( 'NONE',  ( -1.439254484199210086E-16, -1.175240473580867695, -0.2499999999999976130 ) ) ;
#4939 = CARTESIAN_POINT ( 'NONE',  ( -1.413709257773123618, 0.1241712531302774647, -8.021370986156215466 ) ) ;
#4940 = ADVANCED_FACE ( 'NONE', ( #8034 ), #1636, .T. ) ;
#4941 = CYLINDRICAL_SURFACE ( 'NONE', #124, 1.500000000000000888 ) ;
#4942 = CARTESIAN_POINT ( 'NONE',  ( -0.2096185566421604474, 1.578130571919397651, 7.983514249475049063 ) ) ;
#4943 = CARTESIAN_POINT ( 'NONE',  ( -1.870113174931204576E-16, -1.527063293868296867, 2.515625000000003997 ) ) ;
#4944 = FACE_OUTER_BOUND ( 'NONE', #5038, .T. ) ;
#4945 = CARTESIAN_POINT ( 'NONE',  ( 0.6785254037844490327, 1.175240473580836165, -0.04166666666666424962 ) ) ;
#4946 = AXIS2_PLACEMENT_3D ( 'NONE', #5510, #8042, #2660 ) ;
#4947 = CARTESIAN_POINT ( 'NONE',  ( -1.523879528077756396, 0.1470339073983345513, 7.402807630076059908 ) ) ;
#4948 = CARTESIAN_POINT ( 'NONE',  ( 1.017788105676672883, 0.5876202367904105328, -4.583333333333330373 ) ) ;
#4949 = CARTESIAN_POINT ( 'NONE',  ( -0.8660254037844533626, 1.499999999999993783, -7.645833333333333925 ) ) ;
#4950 = CARTESIAN_POINT ( 'NONE',  ( -1.870113174931204576E-16, -1.527063293868296201, -2.953124999999999112 ) ) ;
#4951 =( BOUNDED_CURVE ( )  B_SPLINE_CURVE ( 2, ( #7393, #6763, #4379, #3628, #4967, #5517, #3045 ),
 .UNSPECIFIED., .F., .F. ) 
 B_SPLINE_CURVE_WITH_KNOTS ( ( 3, 2, 2, 3 ),
 ( 0.4166666666666668517, 0.4305555555555557468, 0.4444444444444445863, 0.4583333333333334814 ),
 .UNSPECIFIED. ) 
 CURVE ( )  GEOMETRIC_REPRESENTATION_ITEM ( )  RATIONAL_B_SPLINE_CURVE ( ( 0.9999999999999984457, 0.8660254037844401509, 1.000000000000000000, 0.8660254037844385966, 1.000000000000000000, 0.8660254037844370423, 1.000000000000001554 ) ) 
 REPRESENTATION_ITEM ( '' )  );
#4952 = ORIENTED_EDGE ( 'NONE', *, *, #1106, .T. ) ;
#4953 = CARTESIAN_POINT ( 'NONE',  ( -1.732050807568896511, -1.500610486132416430E-14, -1.624999999999996225 ) ) ;
#4954 = CARTESIAN_POINT ( 'NONE',  ( -0.6785254037844485886, -1.175240473580866807, -5.729166666666663410 ) ) ;
#4955 = CARTESIAN_POINT ( 'NONE',  ( -0.1867183014945715813, 1.480908766186232794, 7.406250000000000888 ) ) ;
#4956 = ORIENTED_EDGE ( 'NONE', *, *, #2478, .F. ) ;
#4957 = CARTESIAN_POINT ( 'NONE',  ( 0.8454866920095237548, -1.239012612379261746, 5.610428147091795381 ) ) ;
#4958 = ADVANCED_FACE ( 'NONE', ( #7997 ), #1676, .T. ) ;
#4959 = ORIENTED_EDGE ( 'NONE', *, *, #3818, .F. ) ;
#4960 = CARTESIAN_POINT ( 'NONE',  ( -1.439254484199210086E-16, -1.175240473580868139, 5.812500000000001776 ) ) ;
#4961 = CARTESIAN_POINT ( 'NONE',  ( -0.8660254037844480335, 1.500000000000002442, -7.708333333333329485 ) ) ;
#4962 = CARTESIAN_POINT ( 'NONE',  ( -1.836970198721050149E-16, -1.500000000000032419, 4.500000000000003553 ) ) ;
#4963 = CARTESIAN_POINT ( 'NONE',  ( -1.439254484199210086E-16, -1.175240473580867917, 3.812500000000002665 ) ) ;
#4964 = CARTESIAN_POINT ( 'NONE',  ( -1.836970198721050149E-16, -1.500000000000032196, 1.562500000000001332 ) ) ;
#4965 = CARTESIAN_POINT ( 'NONE',  ( 1.357050807568896511, -1.474912517478841882E-14, -6.624999999999997335 ) ) ;
#4966 = CARTESIAN_POINT ( 'NONE',  ( -0.6785254037844485886, -1.175240473580866585, -7.729166666666664298 ) ) ;
#4967 = CARTESIAN_POINT ( 'NONE',  ( -1.299038105676672439, -0.7500000000000225375, -6.020833333333332149 ) ) ;
#4968 = EDGE_CURVE ( 'NONE', #7217, #677, #2840, .T. ) ;
#4969 = CARTESIAN_POINT ( 'NONE',  ( -0.8816504037844485886, 1.527063293868265337, 4.307291666666670515 ) ) ;
#4970 = CARTESIAN_POINT ( 'NONE',  ( 1.017788105676671995, -0.5876202367904416191, -3.104166666666663854 ) ) ;
#4971 = CARTESIAN_POINT ( 'NONE',  ( -1.357050807568896067, -1.505968315878685935E-14, -1.374999999999997558 ) ) ;
#4972 = EDGE_LOOP ( 'NONE', ( #1792, #5766, #7584, #7538 ) ) ;
#4973 = CARTESIAN_POINT ( 'NONE',  ( 0.2712414087855073985, -0.9609782536090915039, 8.140750377164776452 ) ) ;
#4974 = CARTESIAN_POINT ( 'NONE',  ( 0.6785254037844478114, -1.175240473580868361, 6.791666666666669627 ) ) ;
#4975 = CARTESIAN_POINT ( 'NONE',  ( 1.017788105676671995, -0.5876202367904421742, 1.395833333333335702 ) ) ;
#4976 = CARTESIAN_POINT ( 'NONE',  ( 0.6785254037844490327, 1.175240473580836165, 0.4583333333333357573 ) ) ;
#4977 = CARTESIAN_POINT ( 'NONE',  ( 0.000000000000000000, 1.500000000000001110, 0.2500000000000038858 ) ) ;
#4978 = DIRECTION ( 'NONE',  ( -0.000000000000000000, -0.000000000000000000, 1.000000000000000000 ) ) ;
#4979 = SECURITY_CLASSIFICATION_LEVEL ( 'unclassified' ) ;
#4980 = ORIENTED_EDGE ( 'NONE', *, *, #3636, .F. ) ;
#4981 = CARTESIAN_POINT ( 'NONE',  ( 1.322475605676673771, 0.7635316469341241197, 1.182291666666670960 ) ) ;
#4982 = CARTESIAN_POINT ( 'NONE',  ( -0.6785254037844485886, -1.175240473580867473, 0.2083333333333360071 ) ) ;
#4983 = CARTESIAN_POINT ( 'NONE',  ( -0.8660254037844483666, 1.500000000000002220, -3.145833333333332593 ) ) ;
#4984 = CARTESIAN_POINT ( 'NONE',  ( 1.017788105676671995, -0.5876202367904415080, -3.666666666666663410 ) ) ;
#4985 = CARTESIAN_POINT ( 'NONE',  ( -1.299038105676672439, 0.7499999999999942268, -7.604166666666664298 ) ) ;
#4986 = CARTESIAN_POINT ( 'NONE',  ( -0.8816504037844485886, 1.527063293868266447, -4.161458333333332149 ) ) ;
#4987 = VERTEX_POINT ( 'NONE', #2174 ) ;
#4988 = CARTESIAN_POINT ( 'NONE',  ( -0.6785254037844480335, 1.175240473580837275, -2.395833333333330373 ) ) ;
#4989 = CARTESIAN_POINT ( 'NONE',  ( 1.836970198721030920E-16, 1.500000000000000222, 8.250000000000000000 ) ) ;
#4990 = CARTESIAN_POINT ( 'NONE',  ( 0.000000000000000000, 1.175240473580837497, -5.437499999999997335 ) ) ;
#4991 = CARTESIAN_POINT ( 'NONE',  ( 1.703322260880060625E-13, -1.184817306270993464, 4.744470813068384807 ) ) ;
#4992 =( BOUNDED_CURVE ( )  B_SPLINE_CURVE ( 2, ( #507, #3018, #7519, #2402, #5606, #1239, #8137 ),
 .UNSPECIFIED., .F., .F. ) 
 B_SPLINE_CURVE_WITH_KNOTS ( ( 3, 2, 2, 3 ),
 ( 0.3333333333333333148, 0.3472222222222221544, 0.3611111111111111605, 0.3750000000000000000 ),
 .UNSPECIFIED. ) 
 CURVE ( )  GEOMETRIC_REPRESENTATION_ITEM ( )  RATIONAL_B_SPLINE_CURVE ( ( 1.000000000000000444, 0.8660254037844381525, 1.000000000000000000, 0.8660254037844387076, 1.000000000000000000, 0.8660254037844387076, 1.000000000000000000 ) ) 
 REPRESENTATION_ITEM ( '' )  );
#4993 = ORIENTED_EDGE ( 'NONE', *, *, #2835, .F. ) ;
#4994 = CARTESIAN_POINT ( 'NONE',  ( 1.277881067396323678, -0.1216994516430632417, 4.985820416922121190 ) ) ;
#4995 = ORIENTED_EDGE ( 'NONE', *, *, #5783, .T. ) ;
#4996 = CARTESIAN_POINT ( 'NONE',  ( -0.6785254037844485886, -1.175240473580867695, 6.770833333333334814 ) ) ;
#4997 = CARTESIAN_POINT ( 'NONE',  ( -0.8660254037844480335, 1.500000000000002220, -5.208333333333329485 ) ) ;
#4998 = CIRCLE ( 'NONE', #2475, 1.531318301494582590 ) ;
#4999 = CARTESIAN_POINT ( 'NONE',  ( -1.017788105676672439, 0.5876202367904101997, 6.145833333333335702 ) ) ;
#5000 = FACE_OUTER_BOUND ( 'NONE', #1942, .T. ) ;
#5001 = CARTESIAN_POINT ( 'NONE',  ( 1.357050807568896511, -1.511651921453262426E-14, -3.624999999999996891 ) ) ;
#5002 = CARTESIAN_POINT ( 'NONE',  ( -0.8816504037844491437, -1.527063293868295757, -4.026041666666662522 ) ) ;
#5003 = CARTESIAN_POINT ( 'NONE',  ( -0.6977527703843818818, -1.262104204648191619, 5.419888706870006345 ) ) ;
#5004 = CIRCLE ( 'NONE', #3144, 1.187500000000003331 ) ;
#5005 = CARTESIAN_POINT ( 'NONE',  ( -1.870113174931204576E-16, -1.527063293868297089, 4.515625000000004441 ) ) ;
#5006 = CARTESIAN_POINT ( 'NONE',  ( -1.299038105676672217, 0.7499999999999930056, 0.8958333333333341475 ) ) ;
#5007 = CARTESIAN_POINT ( 'NONE',  ( 1.017788105676672883, 0.5876202367904101997, -2.083333333333330817 ) ) ;
#5008 = ORIENTED_EDGE ( 'NONE', *, *, #5174, .T. ) ;
#5009 = DIRECTION ( 'NONE',  ( -0.000000000000000000, -1.224646799147353207E-16, 1.000000000000000000 ) ) ;
#5010 = CARTESIAN_POINT ( 'NONE',  ( 0.000000000000000000, 1.175240473580837719, -6.499999999999997335 ) ) ;
#5011 = CARTESIAN_POINT ( 'NONE',  ( -1.357050807568896511, -1.610063293806210811E-14, 7.125000000000001776 ) ) ;
#5012 = CONICAL_SURFACE ( 'NONE', #6089, 1.619999999999997220, 0.1047197551196600018 ) ;
#5013 = CARTESIAN_POINT ( 'NONE',  ( -1.017788105676672439, -0.5876202367904413970, 1.729166666666668739 ) ) ;
#5014 = EDGE_CURVE ( 'NONE', #7982, #4364, #1998, .T. ) ;
#5015 = EDGE_CURVE ( 'NONE', #6170, #1385, #484, .T. ) ;
#5017 = EDGE_CURVE ( 'NONE', #3314, #8197, #5386, .T. ) ;
#5016 = CARTESIAN_POINT ( 'NONE',  ( -1.357050807568896511, -1.524338017865896523E-14, 0.1250000000000022760 ) ) ;
#5018 = CARTESIAN_POINT ( 'NONE',  ( 1.491192056489761608, 0.1857697912671097407, 7.406250000000000888 ) ) ;
#5019 = CARTESIAN_POINT ( 'NONE',  ( -0.9453114802360862434, -0.1941710946047846831, 7.406250000000000888 ) ) ;
#5020 = DIRECTION ( 'NONE',  ( 0.000000000000000000, -1.000000000000000000, 0.000000000000000000 ) ) ;
#5021 = APPROVAL_STATUS ( 'not_yet_approved' ) ;
#5022 = CARTESIAN_POINT ( 'NONE',  ( 1.732050807568896511, -1.595080984645175273E-14, 2.625000000000003553 ) ) ;
#5023 = CARTESIAN_POINT ( 'NONE',  ( -0.8816504037844491437, -1.527063293868296423, 2.973958333333338366 ) ) ;
#5024 = CARTESIAN_POINT ( 'NONE',  ( -1.017788105676672439, -0.5876202367904413970, 1.666666666666668739 ) ) ;
#5025 = CARTESIAN_POINT ( 'NONE',  ( 0.000000000000000000, 1.301042606982605321E-15, 3.639227159146550150 ) ) ;
#5026 = CARTESIAN_POINT ( 'NONE',  ( 0.000000000000000000, 1.175240473580837275, -3.499999999999996891 ) ) ;
#5027 = CARTESIAN_POINT ( 'NONE',  ( -1.549187076721467271, -0.2438702740433751071, 7.975097646223971992 ) ) ;
#5028 = CARTESIAN_POINT ( 'NONE',  ( 1.322475605676673771, 0.7635316469341246748, -3.786458333333332593 ) ) ;
#5029 =( BOUNDED_SURFACE ( )  B_SPLINE_SURFACE ( 3, 2, ( 
 ( #4318, #4905, #7448 ),
 ( #1820, #6858, #1745 ),
 ( #2406, #4277, #6818 ),
 ( #1126, #3647, #4947 ) ),
 .UNSPECIFIED., .F., .F., .F. ) 
 B_SPLINE_SURFACE_WITH_KNOTS ( ( 4, 4 ),
 ( 3, 3 ),
 ( 0.001033242954321077862, 0.001619677831743913249 ),
 ( 0.000000000000000000, 1.000000000000000000 ),
 .UNSPECIFIED. ) 
 GEOMETRIC_REPRESENTATION_ITEM ( )  RATIONAL_B_SPLINE_SURFACE ( (
 ( 1.000000000000000000, 0.7553668689655790303, 1.000000000000000000),
 ( 1.000000000000000000, 0.7516316303512861063, 1.000000000000000000),
 ( 1.000000000000000000, 0.7477224903184181981, 1.000000000000000000),
 ( 1.000000000000000000, 0.7436119262774217864, 1.000000000000000000) ) ) 
 REPRESENTATION_ITEM ( '' )  SURFACE ( )  );
#5030 = CARTESIAN_POINT ( 'NONE',  ( 0.6785254037844478114, -1.175240473580867251, -4.208333333333330373 ) ) ;
#5031 = ORIENTED_EDGE ( 'NONE', *, *, #10, .F. ) ;
#5032 = CARTESIAN_POINT ( 'NONE',  ( 0.000000000000000000, 1.175240473580837053, -0.9374999999999973355 ) ) ;
#5033 = CARTESIAN_POINT ( 'NONE',  ( 0.000000000000000000, -7.438283133705603770E-16, 8.250000000000000000 ) ) ;
#5034 = CARTESIAN_POINT ( 'NONE',  ( -0.6785254037844480335, 1.175240473580837497, -5.895833333333330373 ) ) ;
#5035 = DIRECTION ( 'NONE',  ( 0.000000000000000000, -1.000000000000000000, 0.000000000000000000 ) ) ;
#5036 = VERTEX_POINT ( 'NONE', #3460 ) ;
#5037 = CARTESIAN_POINT ( 'NONE',  ( -1.555317688351716354, -0.2265721277550216406, 7.785433827936198092 ) ) ;
#5038 = EDGE_LOOP ( 'NONE', ( #3481, #6069, #6710, #4328 ) ) ;
#5039 = CARTESIAN_POINT ( 'NONE',  ( -0.6785254037844480335, 1.175240473580835943, 6.104166666666668739 ) ) ;
#5040 =( BOUNDED_CURVE ( )  B_SPLINE_CURVE ( 2, ( #4102, #254, #6680, #2686, #3431, #5359, #299 ),
 .UNSPECIFIED., .F., .F. ) 
 B_SPLINE_CURVE_WITH_KNOTS ( ( 3, 2, 2, 3 ),
 ( 0.3333333333333333148, 0.3472222222222222099, 0.3611111111111111049, 0.3750000000000000000 ),
 .UNSPECIFIED. ) 
 CURVE ( )  GEOMETRIC_REPRESENTATION_ITEM ( )  RATIONAL_B_SPLINE_CURVE ( ( 1.000000000000000000, 0.8660254037844387076, 1.000000000000000000, 0.8660254037844387076, 1.000000000000000000, 0.8660254037844387076, 1.000000000000000000 ) ) 
 REPRESENTATION_ITEM ( '' )  );
#5041 = CARTESIAN_POINT ( 'NONE',  ( 0.1979066122514629433, 1.568143934809873130, 7.874741344396914755 ) ) ;
#5042 = CARTESIAN_POINT ( 'NONE',  ( -1.017788105676672439, 0.5876202367904099777, 7.645833333333334814 ) ) ;
#5043 = DIRECTION ( 'NONE',  ( 0.000000000000000000, -1.000000000000000000, 0.000000000000000000 ) ) ;
#5044 = CARTESIAN_POINT ( 'NONE',  ( -1.017788105676672439, -0.5876202367904408419, -2.833333333333330817 ) ) ;
#5045 = ORIENTED_EDGE ( 'NONE', *, *, #8068, .T. ) ;
#5046 = CARTESIAN_POINT ( 'NONE',  ( 0.6785254037844490327, 1.175240473580837275, -6.979166666666664298 ) ) ;
#5047 = CARTESIAN_POINT ( 'NONE',  ( 0.8515856375093227015, -0.8909938178238143713, -8.215414846470329380 ) ) ;
#5048 = VERTEX_POINT ( 'NONE', #6165 ) ;
#5049 = CARTESIAN_POINT ( 'NONE',  ( -0.8816504037844491437, -1.527063293868296645, 3.973958333333337922 ) ) ;
#5050 = CARTESIAN_POINT ( 'NONE',  ( 0.8660254037844489217, 1.500000000000002220, -5.791666666666663410 ) ) ;
#5051 = CARTESIAN_POINT ( 'NONE',  ( 0.6785254037844478114, -1.175240473580867695, -0.2083333333333307613 ) ) ;
#5052 = EDGE_LOOP ( 'NONE', ( #4649, #7054, #2139, #7491 ) ) ;
#5053 = LINE ( 'NONE', #6474, #55 ) ;
#5054 = CARTESIAN_POINT ( 'NONE',  ( -1.017788105676672439, -0.5876202367904406199, -5.333333333333330373 ) ) ;
#5055 = CARTESIAN_POINT ( 'NONE',  ( 1.017788105676671995, -0.5876202367904427293, 5.833333333333335702 ) ) ;
#5056 = CARTESIAN_POINT ( 'NONE',  ( 0.2270432730400785692, 1.517185018027142451, 7.789916475889977043 ) ) ;
#5057 = CARTESIAN_POINT ( 'NONE',  ( 0.000000000000000000, 1.175240473580836831, 1.000000000000002665 ) ) ;
#5058 = LINE ( 'NONE', #3264, #1162 ) ;
#5059 = CARTESIAN_POINT ( 'NONE',  ( -1.017788105676672439, 0.5876202367904105328, 3.083333333333335702 ) ) ;
#5060 = DATE_AND_TIME ( #3098, #4932 ) ;
#5061 = ORIENTED_EDGE ( 'NONE', *, *, #12, .T. ) ;
#5062 = CARTESIAN_POINT ( 'NONE',  ( -1.836970198721050149E-16, -1.500000000000032196, 3.062500000000000444 ) ) ;
#5063 = ADVANCED_FACE ( 'NONE', ( #479 ), #7827, .T. ) ;
#5064 = ORIENTED_EDGE ( 'NONE', *, *, #5916, .T. ) ;
#5065 = CARTESIAN_POINT ( 'NONE',  ( -0.6785254037844480335, 1.175240473580837053, -1.895833333333330817 ) ) ;
#5066 = CARTESIAN_POINT ( 'NONE',  ( -1.357050807568896511, -1.524338017865896523E-14, 0.1250000000000022760 ) ) ;
#5067 = CARTESIAN_POINT ( 'NONE',  ( 0.6785254037844478114, -1.175240473580868583, 7.791666666666668739 ) ) ;
#5068 = CARTESIAN_POINT ( 'NONE',  ( -1.836970198721050149E-16, -1.500000000000031974, -0.9999999999999961142 ) ) ;
#5069 = CARTESIAN_POINT ( 'NONE',  ( -1.299038105676672217, 0.7499999999999935607, -2.666666666666662522 ) ) ;
#5070 = DIRECTION ( 'NONE',  ( -0.000000000000000000, -1.224646799147353207E-16, 1.000000000000000000 ) ) ;
#5071 = CARTESIAN_POINT ( 'NONE',  ( -1.322475605676673105, 0.7635316469341260071, -3.119791666666665630 ) ) ;
#5072 = CARTESIAN_POINT ( 'NONE',  ( 1.357050807568896067, -1.517775155448999184E-14, -3.124999999999998224 ) ) ;
#5073 = EDGE_CURVE ( 'NONE', #7177, #867, #7335, .T. ) ;
#5074 = EDGE_LOOP ( 'NONE', ( #7718, #3226, #756, #3556 ) ) ;
#5075 = VECTOR ( 'NONE', #3755, 1000.000000000000000 ) ;
#5076 = CARTESIAN_POINT ( 'NONE',  ( -1.017788105676672439, -0.5876202367904409529, -1.770833333333330817 ) ) ;
#5077 = FACE_OUTER_BOUND ( 'NONE', #5213, .T. ) ;
#5078 = CARTESIAN_POINT ( 'NONE',  ( 0.6785254037844490327, 1.175240473580837275, -7.541666666666664298 ) ) ;
#5079 = DIRECTION ( 'NONE',  ( -1.000000000000000000, 0.000000000000000000, -0.000000000000000000 ) ) ;
#5080 = AXIS2_PLACEMENT_3D ( 'NONE', #4287, #4173, #3615 ) ;
#5081 = ORIENTED_EDGE ( 'NONE', *, *, #5235, .T. ) ;
#5082 =( BOUNDED_CURVE ( )  B_SPLINE_CURVE ( 2, ( #862, #5345, #1968, #7755, #3247, #5878, #3373 ),
 .UNSPECIFIED., .F., .F. ) 
 B_SPLINE_CURVE_WITH_KNOTS ( ( 3, 2, 2, 3 ),
 ( 0.2083333333333334259, 0.2222222222222222376, 0.2361111111111110772, 0.2499999999999999167 ),
 .UNSPECIFIED. ) 
 CURVE ( )  GEOMETRIC_REPRESENTATION_ITEM ( )  RATIONAL_B_SPLINE_CURVE ( ( 0.9999999999999992228, 0.8660254037844394848, 1.000000000000000000, 0.8660254037844387076, 1.000000000000000000, 0.8660254037844394848, 0.9999999999999992228 ) ) 
 REPRESENTATION_ITEM ( '' )  );
#5083 = CARTESIAN_POINT ( 'NONE',  ( -1.836970198721050395E-16, -1.500000000000031308, -6.937499999999999112 ) ) ;
#5084 = ORIENTED_EDGE ( 'NONE', *, *, #6097, .F. ) ;
#5085 = CARTESIAN_POINT ( 'NONE',  ( -1.439254484199210086E-16, -1.175240473580868361, 7.812500000000001776 ) ) ;
#5086 = CARTESIAN_POINT ( 'NONE',  ( 0.000000000000000000, 1.500000000000000888, 4.250000000000002665 ) ) ;
#5087 = CARTESIAN_POINT ( 'NONE',  ( 1.357050807568896511, -1.647128473608938657E-14, 7.437500000000001776 ) ) ;
#5088 = CARTESIAN_POINT ( 'NONE',  ( 0.8816504037844482555, -1.527063293868297977, 7.588541666666666963 ) ) ;
#5089 = CARTESIAN_POINT ( 'NONE',  ( 1.763300807568897621, -1.461517943113167488E-14, -8.328124999999998224 ) ) ;
#5090 = ORIENTED_EDGE ( 'NONE', *, *, #3710, .F. ) ;
#5091 = CARTESIAN_POINT ( 'NONE',  ( -1.017788105676672439, -0.5876202367904403978, -6.770833333333330373 ) ) ;
#5092 = CARTESIAN_POINT ( 'NONE',  ( 1.253277997964981960, 0.2785229004199537006, -8.163654447746628406 ) ) ;
#5093 = VERTEX_POINT ( 'NONE', #6090 ) ;
#5094 = CARTESIAN_POINT ( 'NONE',  ( 0.8816504037844482555, -1.527063293868297533, 3.057291666666670960 ) ) ;
#5095 = DIRECTION ( 'NONE',  ( -0.000000000000000000, -1.224646799147353207E-16, 1.000000000000000000 ) ) ;
#5096 = CARTESIAN_POINT ( 'NONE',  ( 0.000000000000000000, 1.175240473580836609, 2.000000000000002665 ) ) ;
#5097 = CARTESIAN_POINT ( 'NONE',  ( 0.000000000000000000, 1.500000000000000888, 1.750000000000003553 ) ) ;
#5098 = VERTEX_POINT ( 'NONE', #7923 ) ;
#5099 = DIRECTION ( 'NONE',  ( 0.000000000000000000, 1.224646799147353207E-16, -1.000000000000000000 ) ) ;
#5100 = CARTESIAN_POINT ( 'NONE',  ( 1.357050807568896067, -1.474912517478841882E-14, -6.624999999999997335 ) ) ;
#5101 = CARTESIAN_POINT ( 'NONE',  ( 0.6785254037844490327, 1.175240473580835721, 7.458333333333335702 ) ) ;
#5102 = CARTESIAN_POINT ( 'NONE',  ( -1.870113174931204576E-16, -1.527063293868296423, -1.453124999999999334 ) ) ;
#5103 = CARTESIAN_POINT ( 'NONE',  ( 0.000000000000000000, 1.500000000000001776, -4.187499999999999112 ) ) ;
#5104 = CARTESIAN_POINT ( 'NONE',  ( -1.763300807568897621, -1.433254912179312098E-14, -7.109374999999994671 ) ) ;
#5105 = DIRECTION ( 'NONE',  ( -0.000000000000000000, -1.224646799147353207E-16, 1.000000000000000000 ) ) ;
#5106 = ORIENTED_EDGE ( 'NONE', *, *, #3838, .T. ) ;
#5107 = FACE_OUTER_BOUND ( 'NONE', #5978, .T. ) ;
#5108 = ORIENTED_EDGE ( 'NONE', *, *, #765, .F. ) ;
#5109 = CARTESIAN_POINT ( 'NONE',  ( -0.6785254037844480335, 1.175240473580837275, -2.895833333333330817 ) ) ;
#5110 = CARTESIAN_POINT ( 'NONE',  ( 1.017788105676672883, 0.5876202367904097557, 1.416666666666669405 ) ) ;
#5111 = CARTESIAN_POINT ( 'NONE',  ( 0.000000000000000000, 1.500000000000001332, -1.687499999999998668 ) ) ;
#5112 = CYLINDRICAL_SURFACE ( 'NONE', #5166, 1.500000000000000888 ) ;
#5113 = CARTESIAN_POINT ( 'NONE',  ( 0.5251542044367961681, 0.3682059365705825926, 7.406250000000000888 ) ) ;
#5114 = CARTESIAN_POINT ( 'NONE',  ( 0.000000000000000000, -7.438283133705603770E-16, 8.250000000000000000 ) ) ;
#5115 = CARTESIAN_POINT ( 'NONE',  ( 0.8660254037844510311, 1.499999999999998002, -3.791666666666663410 ) ) ;
#5116 = CARTESIAN_POINT ( 'NONE',  ( -0.6785254037844485886, -1.175240473580866807, -4.291666666666664298 ) ) ;
#5117 = ORIENTED_EDGE ( 'NONE', *, *, #4914, .F. ) ;
#5118 = CARTESIAN_POINT ( 'NONE',  ( -1.299038105676672217, -0.7500000000000223155, -7.583333333333329485 ) ) ;
#5119 = CARTESIAN_POINT ( 'NONE',  ( -1.017788105676672439, 0.5876202367904108659, -0.3541666666666640761 ) ) ;
#5120 = DIRECTION ( 'NONE',  ( -0.02078751127481453381, -0.1045058763748859532, 0.9943069954385902465 ) ) ;
#5121 = CARTESIAN_POINT ( 'NONE',  ( 1.357050807568896511, -1.518540559698466121E-14, -3.062499999999997335 ) ) ;
#5122 = CARTESIAN_POINT ( 'NONE',  ( -0.2866551442409662753, 0.9254976877526310819, 8.147054690030637758 ) ) ;
#5123 = ADVANCED_FACE ( 'NONE', ( #6625 ), #1596, .T. ) ;
#5124 = ADVANCED_FACE ( 'NONE', ( #325 ), #4755, .T. ) ;
#5125 = CARTESIAN_POINT ( 'NONE',  ( 1.299038105676671773, -0.7500000000000238698, -2.916666666666662966 ) ) ;
#5126 = ORIENTED_EDGE ( 'NONE', *, *, #6142, .T. ) ;
#5127 = CARTESIAN_POINT ( 'NONE',  ( 0.000000000000000000, 1.175240473580835943, 7.562500000000002665 ) ) ;
#5128 = CARTESIAN_POINT ( 'NONE',  ( 0.6785254037844478114, -1.175240473580868361, 5.854166666666667851 ) ) ;
#5129 = CARTESIAN_POINT ( 'NONE',  ( -1.299038105676672217, -0.7500000000000225375, -6.583333333333330373 ) ) ;
#5130 =( BOUNDED_CURVE ( )  B_SPLINE_CURVE ( 2, ( #6833, #5590, #3079, #8155, #2458, #4997, #201 ),
 .UNSPECIFIED., .F., .F. ) 
 B_SPLINE_CURVE_WITH_KNOTS ( ( 3, 2, 2, 3 ),
 ( 0.4583333333333333148, 0.4722222222222221544, 0.4861111111111111605, 0.5000000000000000000 ),
 .UNSPECIFIED. ) 
 CURVE ( )  GEOMETRIC_REPRESENTATION_ITEM ( )  RATIONAL_B_SPLINE_CURVE ( ( 1.000000000000000444, 0.8660254037844381525, 1.000000000000000000, 0.8660254037844387076, 1.000000000000000000, 0.8660254037844387076, 1.000000000000000000 ) ) 
 REPRESENTATION_ITEM ( '' )  );
#5131 = CARTESIAN_POINT ( 'NONE',  ( 1.017788105676672883, 0.5876202367904103108, -3.583333333333330817 ) ) ;
#5132 = ORIENTED_EDGE ( 'NONE', *, *, #869, .T. ) ;
#5133 = CARTESIAN_POINT ( 'NONE',  ( -1.017788105676672439, 0.5876202367904117541, -7.354166666666663410 ) ) ;
#5134 = CARTESIAN_POINT ( 'NONE',  ( -1.836970198721050149E-16, -1.500000000000032419, 5.000000000000003553 ) ) ;
#5135 = ORIENTED_EDGE ( 'NONE', *, *, #1424, .F. ) ;
#5136 = CARTESIAN_POINT ( 'NONE',  ( 0.8816504037844482555, -1.527063293868297755, 7.057291666666670515 ) ) ;
#5137 = CARTESIAN_POINT ( 'NONE',  ( 0.6785254037844490327, 1.175240473580836831, -2.479166666666664298 ) ) ;
#5138 = CARTESIAN_POINT ( 'NONE',  ( 0.6785254037844478114, -1.175240473580867695, 2.791666666666668739 ) ) ;
#5139 = CARTESIAN_POINT ( 'NONE',  ( -1.836970198721050149E-16, -1.500000000000032196, 2.000000000000003997 ) ) ;
#5140 = EDGE_LOOP ( 'NONE', ( #5928, #7996, #3127, #5431, #1996 ) ) ;
#5141 = CARTESIAN_POINT ( 'NONE',  ( 0.8660254037844452579, 1.500000000000009104, -7.291666666666662522 ) ) ;
#5142 = CARTESIAN_POINT ( 'NONE',  ( -0.6785254037844480335, 1.175240473580837497, -4.958333333333330373 ) ) ;
#5143 = CARTESIAN_POINT ( 'NONE',  ( 0.8816504037844482555, -1.527063293868297533, 3.588541666666666963 ) ) ;
#5144 = AXIS2_PLACEMENT_3D ( 'NONE', #6518, #7898, #1528 ) ;
#5145 = CARTESIAN_POINT ( 'NONE',  ( 1.357050807568896511, -1.591253963397840273E-14, 2.875000000000002665 ) ) ;
#5146 = AXIS2_PLACEMENT_3D ( 'NONE', #551, #6854, #5020 ) ;
#5147 = CARTESIAN_POINT ( 'NONE',  ( -1.836970198721050149E-16, -1.500000000000032196, 3.500000000000003553 ) ) ;
#5148 = CARTESIAN_POINT ( 'NONE',  ( 0.000000000000000000, 1.527063293868266891, -7.734374999999994671 ) ) ;
#5149 = CARTESIAN_POINT ( 'NONE',  ( -1.299038105676672217, 0.7499999999999932276, 0.8333333333333371451 ) ) ;
#5150 = ORIENTED_EDGE ( 'NONE', *, *, #3786, .F. ) ;
#5151 = CARTESIAN_POINT ( 'NONE',  ( 1.568143934809899998, 0.1979066122514948345, 7.874741344397202525 ) ) ;
#5152 = VECTOR ( 'NONE', #6408, 1000.000000000000000 ) ;
#5153 = ORIENTED_EDGE ( 'NONE', *, *, #3028, .T. ) ;
#5154 = CARTESIAN_POINT ( 'NONE',  ( 0.6785254037844478114, -1.175240473580867695, -0.6458333333333307058 ) ) ;
#5155 = CARTESIAN_POINT ( 'NONE',  ( -0.2265721268285514622, -1.555317687560028084, 7.785433819121429622 ) ) ;
#5156 = CARTESIAN_POINT ( 'NONE',  ( 1.017788105676671995, -0.5876202367904429513, 7.833333333333334814 ) ) ;
#5157 = DIRECTION ( 'NONE',  ( 0.000000000000000000, 0.3420201433256693235, 0.9396926207859082059 ) ) ;
#5158 = CARTESIAN_POINT ( 'NONE',  ( -0.8660254037844480335, 1.500000000000001110, 0.2916666666666702934 ) ) ;
#5159 = VECTOR ( 'NONE', #1174, 1000.000000000000000 ) ;
#5160 = CARTESIAN_POINT ( 'NONE',  ( -0.2424234256958912315, -1.552342565972943067, 7.974050065620838623 ) ) ;
#5161 = VECTOR ( 'NONE', #5202, 1000.000000000000000 ) ;
#5162 = CARTESIAN_POINT ( 'NONE',  ( -1.732050807568896511, -1.550361762347777742E-14, 2.437500000000000888 ) ) ;
#5163 = ORIENTED_EDGE ( 'NONE', *, *, #5014, .T. ) ;
#5164 = FACE_OUTER_BOUND ( 'NONE', #5508, .T. ) ;
#5165 = CARTESIAN_POINT ( 'NONE',  ( 0.6785254037844478114, -1.175240473580867695, -0.1458333333333307058 ) ) ;
#5166 = AXIS2_PLACEMENT_3D ( 'NONE', #5288, #7655, #1379 ) ;
#5167 = CARTESIAN_POINT ( 'NONE',  ( 1.703322260880060625E-13, -1.184817306270993464, 4.744470813068384807 ) ) ;
#5168 = CARTESIAN_POINT ( 'NONE',  ( 0.6785254037844478114, -1.175240473580867473, -3.645833333333330817 ) ) ;
#5169 = FACE_OUTER_BOUND ( 'NONE', #1091, .T. ) ;
#5170 = DIRECTION ( 'NONE',  ( -0.000000000000000000, -1.224646799147353207E-16, 1.000000000000000000 ) ) ;
#5171 = ORIENTED_EDGE ( 'NONE', *, *, #3740, .F. ) ;
#5172 = CARTESIAN_POINT ( 'NONE',  ( 1.017788105676672883, 0.5876202367904089785, 7.979166666666668739 ) ) ;
#5173 = EDGE_CURVE ( 'NONE', #7070, #6602, #3055, .T. ) ;
#5174 = EDGE_CURVE ( 'NONE', #5506, #291, #5580, .T. ) ;
#5175 = ADVANCED_FACE ( 'NONE', ( #3067 ), #5619, .T. ) ;
#5176 = FACE_OUTER_BOUND ( 'NONE', #1925, .T. ) ;
#5177 = CARTESIAN_POINT ( 'NONE',  ( 1.017788105676671995, -0.5876202367904428403, 7.395833333333335702 ) ) ;
#5178 = CARTESIAN_POINT ( 'NONE',  ( 0.000000000000000000, 1.500000000000001998, -6.749999999999996447 ) ) ;
#5179 = CARTESIAN_POINT ( 'NONE',  ( -0.6785254037844480335, 1.175240473580837275, -3.958333333333330373 ) ) ;
#5180 = ORIENTED_EDGE ( 'NONE', *, *, #6097, .T. ) ;
#5181 = CARTESIAN_POINT ( 'NONE',  ( -1.017788105676672439, 0.5876202367904116430, -6.854166666666663410 ) ) ;
#5182 = CARTESIAN_POINT ( 'NONE',  ( -1.732050807568896511, -1.580212528076994592E-14, 4.875000000000003553 ) ) ;
#5183 = ORIENTED_EDGE ( 'NONE', *, *, #5528, .T. ) ;
#5184 = CARTESIAN_POINT ( 'NONE',  ( 1.322475605676673771, 0.7635316469341235646, 5.682291666666670515 ) ) ;
#5185 = CARTESIAN_POINT ( 'NONE',  ( -0.8234078741651548183, -0.8385640366158030323, -8.250000000000000000 ) ) ;
#5186 = EDGE_CURVE ( 'NONE', #2183, #7630, #6823, .T. ) ;
#5187 = CARTESIAN_POINT ( 'NONE',  ( -0.6785254037844485886, -1.175240473580867473, 0.7083333333333357018 ) ) ;
#5188 = LINE ( 'NONE', #5895, #394 ) ;
#5189 = CARTESIAN_POINT ( 'NONE',  ( 1.299038105676671773, -0.7500000000000233147, -7.416666666666662522 ) ) ;
#5190 = CARTESIAN_POINT ( 'NONE',  ( -1.357050807568896067, -1.432489507929844846E-14, -7.374999999999997335 ) ) ;
#5191 = CARTESIAN_POINT ( 'NONE',  ( -1.322475605676673105, 0.7635316469341251189, 2.880208333333333481 ) ) ;
#5192 = CARTESIAN_POINT ( 'NONE',  ( -1.763300807568897621, -1.482623486269939468E-14, -3.078124999999999112 ) ) ;
#5193 = CARTESIAN_POINT ( 'NONE',  ( 0.000000000000000000, 1.500000000000000888, 3.250000000000003997 ) ) ;
#5194 = CARTESIAN_POINT ( 'NONE',  ( 0.6785254037844490327, 1.175240473580835943, 4.458333333333334814 ) ) ;
#5195 = CARTESIAN_POINT ( 'NONE',  ( -0.2473912189818606999, 1.535008919672472549, 7.983514249475049063 ) ) ;
#5196 = ORIENTED_EDGE ( 'NONE', *, *, #7324, .T. ) ;
#5197 = CARTESIAN_POINT ( 'NONE',  ( 1.576622122564776074, 0.2078487863862033824, 7.967077405468494966 ) ) ;
#5198 = ORIENTED_EDGE ( 'NONE', *, *, #4402, .T. ) ;
#5199 = CARTESIAN_POINT ( 'NONE',  ( -1.017788105676672439, 0.5876202367904110879, -1.854166666666664076 ) ) ;
#5200 = CARTESIAN_POINT ( 'NONE',  ( 0.8660254037844475894, -1.500000000000032863, 4.604166666666667851 ) ) ;
#5201 = LINE ( 'NONE', #2034, #2616 ) ;
#5202 = DIRECTION ( 'NONE',  ( -0.000000000000000000, -1.224646799147353207E-16, 1.000000000000000000 ) ) ;
#5203 = EDGE_CURVE ( 'NONE', #3517, #7334, #8108, .T. ) ;
#5204 = DIRECTION ( 'NONE',  ( -0.000000000000000000, -1.224646799147353207E-16, 1.000000000000000000 ) ) ;
#5205 = VERTEX_POINT ( 'NONE', #8146 ) ;
#5206 = CARTESIAN_POINT ( 'NONE',  ( 0.8660254037844489217, 1.500000000000000000, 3.270833333333333925 ) ) ;
#5207 = CARTESIAN_POINT ( 'NONE',  ( 0.000000000000000000, 1.175240473580836609, 1.562500000000002220 ) ) ;
#5208 = APPROVAL_PERSON_ORGANIZATION ( #6977, #4750, #1854 ) ;
#5209 = CARTESIAN_POINT ( 'NONE',  ( 0.8394648200698449081, -1.062789719189610738, 5.202051176319041126 ) ) ;
#5210 = CARTESIAN_POINT ( 'NONE',  ( 1.017788105676672883, 0.5876202367904104218, -4.020833333333330373 ) ) ;
#5211 = CARTESIAN_POINT ( 'NONE',  ( 1.017788105676672883, 0.5876202367904101997, -2.083333333333330817 ) ) ;
#5212 = CARTESIAN_POINT ( 'NONE',  ( -1.572796539064573729, -0.2470295586469893334, 7.980073281240283478 ) ) ;
#5213 = EDGE_LOOP ( 'NONE', ( #7903, #4001, #1615, #7277 ) ) ;
#5214 = LINE ( 'NONE', #6997, #2295 ) ;
#5215 = CARTESIAN_POINT ( 'NONE',  ( -1.439254484199210086E-16, -1.175240473580868361, 8.312500000000001776 ) ) ;
#5216 = CARTESIAN_POINT ( 'NONE',  ( 0.000000000000000000, 1.175240473580837275, -2.499999999999996891 ) ) ;
#5217 = CARTESIAN_POINT ( 'NONE',  ( -0.8816504037844485886, 1.527063293868265781, 2.338541666666666519 ) ) ;
#5218 = VECTOR ( 'NONE', #3855, 1000.000000000000000 ) ;
#5219 = CARTESIAN_POINT ( 'NONE',  ( -1.763300807568897621, -1.439760848299782482E-14, -6.578124999999999112 ) ) ;
#5220 = ORIENTED_EDGE ( 'NONE', *, *, #8163, .T. ) ;
#5221 = EDGE_CURVE ( 'NONE', #2243, #5325, #278, .T. ) ;
#5222 = CARTESIAN_POINT ( 'NONE',  ( -1.439254484199210086E-16, -1.175240473580867029, -5.187499999999997335 ) ) ;
#5223 = CARTESIAN_POINT ( 'NONE',  ( -1.732050807568896511, -1.538115294356303911E-14, 1.437500000000001110 ) ) ;
#5224 = ORIENTED_EDGE ( 'NONE', *, *, #1414, .T. ) ;
#5225 = CARTESIAN_POINT ( 'NONE',  ( -1.763300807568897621, -1.616951932051415136E-14, 7.890625000000005329 ) ) ;
#5226 = CYLINDRICAL_SURFACE ( 'NONE', #1633, 1.500000000000000888 ) ;
#5227 = CARTESIAN_POINT ( 'NONE',  ( -1.439254484199210086E-16, -1.175240473580867695, 1.250000000000001998 ) ) ;
#5228 = CARTESIAN_POINT ( 'NONE',  ( -1.299038105676672217, 0.7499999999999936717, -4.166666666666663410 ) ) ;
#5229 = CARTESIAN_POINT ( 'NONE',  ( 0.8660254037844568042, -1.500000000000015987, -7.395833333333331261 ) ) ;
#5230 = CARTESIAN_POINT ( 'NONE',  ( 0.000000000000000000, 1.301042606982605321E-15, 3.639227159146550150 ) ) ;
#5231 = CARTESIAN_POINT ( 'NONE',  ( -1.322475605676673105, -0.7635316469341558721, 2.463541666666666963 ) ) ;
#5232 = CARTESIAN_POINT ( 'NONE',  ( 0.000000000000000000, 1.527063293868266003, -2.203124999999999556 ) ) ;
#5233 = CARTESIAN_POINT ( 'NONE',  ( -0.1867183014945766883, 1.020989215107069858, 7.406250000000000888 ) ) ;
#5234 = EDGE_CURVE ( 'NONE', #305, #3414, #4284, .T. ) ;
#5235 = EDGE_CURVE ( 'NONE', #5842, #6325, #1787, .T. ) ;
#5236 = CARTESIAN_POINT ( 'NONE',  ( -1.017788105676672439, 0.5876202367904104218, 4.083333333333335702 ) ) ;
#5237 = CARTESIAN_POINT ( 'NONE',  ( -1.299038105676672217, -0.7500000000000230926, -1.083333333333329707 ) ) ;
#5238 = B_SPLINE_CURVE_WITH_KNOTS ( 'NONE', 3,
 ( #4845, #6715, #1724, #4767, #3547, #453 ),
 .UNSPECIFIED., .F., .F.,
 ( 4, 2, 4 ),
 ( 2.309092745909562165E-13, 0.0004652154425841043450, 0.0009304308849372994314 ),
 .UNSPECIFIED. ) ;
#5239 = ORIENTED_EDGE ( 'NONE', *, *, #2173, .F. ) ;
#5240 = CARTESIAN_POINT ( 'NONE',  ( 1.357050807568896067, -1.469554687732572377E-14, -7.062499999999997335 ) ) ;
#5241 = VERTEX_POINT ( 'NONE', #2494 ) ;
#5242 = CARTESIAN_POINT ( 'NONE',  ( 0.6785254037844478114, -1.175240473580867473, -2.145833333333330817 ) ) ;
#5243 = CARTESIAN_POINT ( 'NONE',  ( -1.836970198721050149E-16, -1.500000000000031974, -0.9999999999999961142 ) ) ;
#5244 = CARTESIAN_POINT ( 'NONE',  ( 0.000000000000000000, 1.175240473580835943, 8.000000000000001776 ) ) ;
#5245 = CARTESIAN_POINT ( 'NONE',  ( -0.8597871306991982099, 0.9491916743549949631, 5.000046049000742343 ) ) ;
#5246 = CARTESIAN_POINT ( 'NONE',  ( -1.732050807568896511, -1.512856954123889945E-14, -0.6249999999999964473 ) ) ;
#5247 = CARTESIAN_POINT ( 'NONE',  ( 1.087957153280389555, -1.017378916896406915, 5.554321112380364411 ) ) ;
#5248 = DIRECTION ( 'NONE',  ( 4.183237267209596447E-15, 1.000000000000000000, -0.000000000000000000 ) ) ;
#5249 = CARTESIAN_POINT ( 'NONE',  ( 0.8660254037844455910, -1.500000000000035971, 3.104166666666667407 ) ) ;
#5250 = CARTESIAN_POINT ( 'NONE',  ( -0.6785254037844480335, 1.175240473580836387, 2.104166666666669183 ) ) ;
#5251 = CARTESIAN_POINT ( 'NONE',  ( -1.635149679182388037E-16, -1.335201039451425986, 5.157646724234909996 ) ) ;
#5252 = CARTESIAN_POINT ( 'NONE',  ( -0.6785254037844485886, -1.175240473580867029, -3.729166666666663410 ) ) ;
#5253 = CARTESIAN_POINT ( 'NONE',  ( -0.6785254037844485886, -1.175240473580867251, -0.7916666666666639651 ) ) ;
#5254 = DIRECTION ( 'NONE',  ( 0.000000000000000000, -1.000000000000000000, 0.000000000000000000 ) ) ;
#5255 = ORIENTED_EDGE ( 'NONE', *, *, #7505, .T. ) ;
#5256 = DIRECTION ( 'NONE',  ( 0.000000000000000000, -1.000000000000000000, 0.000000000000000000 ) ) ;
#5257 = CARTESIAN_POINT ( 'NONE',  ( 1.299038105676673105, 0.7499999999999924505, -3.270833333333331705 ) ) ;
#5258 = CARTESIAN_POINT ( 'NONE',  ( -1.439254484199210086E-16, -1.175240473580867917, 4.250000000000001776 ) ) ;
#5259 = CARTESIAN_POINT ( 'NONE',  ( -0.9039058364399478185, -0.7701366689424701262, -8.250000000000000000 ) ) ;
#5260 = CARTESIAN_POINT ( 'NONE',  ( 1.322475605676673771, 0.7635316469341238976, 1.713541666666666963 ) ) ;
#5261 = CARTESIAN_POINT ( 'NONE',  ( -1.763300807568897621, -1.445884082295519240E-14, -6.078125000000000000 ) ) ;
#5262 = ORIENTED_EDGE ( 'NONE', *, *, #6197, .F. ) ;
#5263 = CARTESIAN_POINT ( 'NONE',  ( -1.357050807568896511, -1.482240784145206158E-14, -3.312499999999996447 ) ) ;
#5264 = CARTESIAN_POINT ( 'NONE',  ( -1.567404313149280304, 0.2303456307747515364, 7.969288913115504691 ) ) ;
#5265 = ORIENTED_EDGE ( 'NONE', *, *, #6500, .F. ) ;
#5266 = CARTESIAN_POINT ( 'NONE',  ( 1.763300807568897621, -1.644832260860537215E-14, 6.640625000000004441 ) ) ;
#5267 = CARTESIAN_POINT ( 'NONE',  ( -1.732050807568896511, -1.549596358098310489E-14, 2.375000000000004441 ) ) ;
#5268 = CARTESIAN_POINT ( 'NONE',  ( -1.357050807568896067, -1.542707719853106479E-14, 1.625000000000001998 ) ) ;
#5269 = DIRECTION ( 'NONE',  ( -0.000000000000000000, -1.224646799147353207E-16, 1.000000000000000000 ) ) ;
#5270 = CYLINDRICAL_SURFACE ( 'NONE', #5290, 1.500000000000000888 ) ;
#5271 = CARTESIAN_POINT ( 'NONE',  ( -1.357050807568896511, -1.555719592094047562E-14, 2.687500000000002220 ) ) ;
#5272 = CARTESIAN_POINT ( 'NONE',  ( 0.000000000000000000, 1.527063293868265559, 2.796875000000000444 ) ) ;
#5273 = CARTESIAN_POINT ( 'NONE',  ( 0.8816504037844494768, 1.527063293868265337, 0.2552083333333338699 ) ) ;
#5274 =( BOUNDED_CURVE ( )  B_SPLINE_CURVE ( 2, ( #2300, #444, #525, #2957, #1176, #2881, #2995 ),
 .UNSPECIFIED., .F., .F. ) 
 B_SPLINE_CURVE_WITH_KNOTS ( ( 3, 2, 2, 3 ),
 ( 0.7500000000000000000, 0.7638888888888888395, 0.7777777777777779011, 0.7916666666666667407 ),
 .UNSPECIFIED. ) 
 CURVE ( )  GEOMETRIC_REPRESENTATION_ITEM ( )  RATIONAL_B_SPLINE_CURVE ( ( 1.000000000000000000, 0.8660254037844385966, 1.000000000000000000, 0.8660254037844385966, 1.000000000000000000, 0.8660254037844374864, 1.000000000000001110 ) ) 
 REPRESENTATION_ITEM ( '' )  );
#5275 = CARTESIAN_POINT ( 'NONE',  ( 0.2078487863861620544, 1.576622122564781403, 7.967077405468494966 ) ) ;
#5276 = CARTESIAN_POINT ( 'NONE',  ( 1.763300807568897621, -1.479504942975644450E-14, -6.859374999999995559 ) ) ;
#5277 = DIRECTION ( 'NONE',  ( 0.000000000000000000, 1.224646799147352961E-16, -1.000000000000000000 ) ) ;
#5278 = ORIENTED_EDGE ( 'NONE', *, *, #7110, .T. ) ;
#5279 = CARTESIAN_POINT ( 'NONE',  ( 1.017788105676672883, 0.5876202367904104218, -4.083333333333330373 ) ) ;
#5280 = CARTESIAN_POINT ( 'NONE',  ( -0.6785254037844485886, -1.175240473580866585, -7.729166666666663410 ) ) ;
#5281 = ADVANCED_FACE ( 'NONE', ( #1828 ), #2537, .T. ) ;
#5282 = ORIENTED_EDGE ( 'NONE', *, *, #4860, .T. ) ;
#5283 = CARTESIAN_POINT ( 'NONE',  ( 0.6785254037844478114, -1.175240473580867695, -0.1458333333333307058 ) ) ;
#5284 = DIRECTION ( 'NONE',  ( -0.000000000000000000, -0.000000000000000000, -1.000000000000000000 ) ) ;
#5285 = ADVANCED_FACE ( 'NONE', ( #5077 ), #3156, .T. ) ;
#5286 = ADVANCED_FACE ( 'NONE', ( #4448 ), #4366, .T. ) ;
#5287 = CARTESIAN_POINT ( 'NONE',  ( -0.6785254037844485886, -1.175240473580866585, -7.791666666666663410 ) ) ;
#5288 = CARTESIAN_POINT ( 'NONE',  ( 0.000000000000000000, -7.438283133705603770E-16, 8.250000000000000000 ) ) ;
#5289 = CARTESIAN_POINT ( 'NONE',  ( -1.299038105676672217, 0.7499999999999925615, 5.395833333333334814 ) ) ;
#5290 = AXIS2_PLACEMENT_3D ( 'NONE', #7182, #3387, #913 ) ;
#5291 = CARTESIAN_POINT ( 'NONE',  ( 1.384228370650332546E-11, -1.449114434572393195, 5.470621205103177509 ) ) ;
#5292 = CARTESIAN_POINT ( 'NONE',  ( 0.000000000000000000, 1.500000000000001554, -3.749999999999996447 ) ) ;
#5293 = CIRCLE ( 'NONE', #4348, 2.963999999999997748 ) ;
#5294 = CARTESIAN_POINT ( 'NONE',  ( 1.763300807568897621, -1.559106984920221981E-14, -0.3593749999999955591 ) ) ;
#5295 = CYLINDRICAL_SURFACE ( 'NONE', #1178, 0.2916000000000001369 ) ;
#5296 = CARTESIAN_POINT ( 'NONE',  ( -1.017788105676672439, 0.5876202367904107549, 0.6458333333333359239 ) ) ;
#5297 = CARTESIAN_POINT ( 'NONE',  ( 0.3601859003894178901, -1.304608081593719326, 5.174626978266479327 ) ) ;
#5298 = CARTESIAN_POINT ( 'NONE',  ( -1.357050807568896511, -1.432489507929844846E-14, -7.374999999999997335 ) ) ;
#5299 = AXIS2_PLACEMENT_3D ( 'NONE', #28, #6203, #2451 ) ;
#5300 = AXIS2_PLACEMENT_3D ( 'NONE', #3150, #6986, #7611 ) ;
#5301 = CARTESIAN_POINT ( 'NONE',  ( 0.000000000000000000, 1.175240473580837053, -1.499999999999997335 ) ) ;
#5302 = VECTOR ( 'NONE', #6215, 1000.000000000000114 ) ;
#5303 = ORIENTED_EDGE ( 'NONE', *, *, #7566, .T. ) ;
#5304 = DIRECTION ( 'NONE',  ( 1.000000000000000000, 0.000000000000000000, 0.000000000000000000 ) ) ;
#5305 = CARTESIAN_POINT ( 'NONE',  ( 0.8660254037844478114, -1.500000000000032641, -3.395833333333332149 ) ) ;
#5306 = CARTESIAN_POINT ( 'NONE',  ( -0.6785254037844485886, -1.175240473580867695, 2.708333333333335702 ) ) ;
#5307 = CARTESIAN_POINT ( 'NONE',  ( 0.6785254037844478114, -1.175240473580866807, -7.645833333333331261 ) ) ;
#5308 = DIRECTION ( 'NONE',  ( -0.000000000000000000, -1.224646799147353207E-16, 1.000000000000000000 ) ) ;
#5309 = EDGE_CURVE ( 'NONE', #3371, #4364, #6368, .T. ) ;
#5310 = CARTESIAN_POINT ( 'NONE',  ( -1.322475605676673105, -0.7635316469341547618, -6.036458333333333037 ) ) ;
#5311 = ORIENTED_EDGE ( 'NONE', *, *, #7257, .T. ) ;
#5312 = CARTESIAN_POINT ( 'NONE',  ( -1.017788105676672439, 0.5876202367904111989, -2.854166666666663854 ) ) ;
#5313 = ORIENTED_EDGE ( 'NONE', *, *, #6499, .F. ) ;
#5314 = CARTESIAN_POINT ( 'NONE',  ( 0.8816504037844482555, -1.527063293868297977, 8.057291666666671404 ) ) ;
#5315 = CARTESIAN_POINT ( 'NONE',  ( -1.525790226333801236, -0.2368692021002878345, 7.883403946070118629 ) ) ;
#5316 = DIRECTION ( 'NONE',  ( 1.000000000000000000, 7.993605777301125513E-15, 0.000000000000000000 ) ) ;
#5317 = CARTESIAN_POINT ( 'NONE',  ( -1.899182256117712578E-16, -1.550799999999998180, 5.750000000000000000 ) ) ;
#5318 = DIRECTION ( 'NONE',  ( 8.659560562354886020E-17, 0.7071067811865435759, 0.7071067811865515695 ) ) ;
#5319 = FACE_OUTER_BOUND ( 'NONE', #5622, .T. ) ;
#5320 = CARTESIAN_POINT ( 'NONE',  ( -1.322475605676673105, 0.7635316469341252299, 2.380208333333333481 ) ) ;
#5321 = CARTESIAN_POINT ( 'NONE',  ( -0.8816504037844491437, -1.527063293868296201, 0.005208333333334060761 ) ) ;
#5322 = LINE ( 'NONE', #4730, #3278 ) ;
#5323 = CARTESIAN_POINT ( 'NONE',  ( -1.322475605676673105, -0.7635316469341549839, -5.067708333333328596 ) ) ;
#5324 = CARTESIAN_POINT ( 'NONE',  ( 1.299038105676673105, 0.7499999999999930056, -7.770833333333333037 ) ) ;
#5325 = VERTEX_POINT ( 'NONE', #1132 ) ;
#5326 = CARTESIAN_POINT ( 'NONE',  ( 1.357050807568896067, -1.499405453461788912E-14, -4.624999999999997335 ) ) ;
#5327 = CARTESIAN_POINT ( 'NONE',  ( -1.017788105676672439, -0.5876202367904402868, -7.770833333333330373 ) ) ;
#5328 = VERTEX_POINT ( 'NONE', #3032 ) ;
#5329 = CARTESIAN_POINT ( 'NONE',  ( 1.017788105676671995, -0.5876202367904420631, 0.8958333333333357018 ) ) ;
#5330 = CARTESIAN_POINT ( 'NONE',  ( -0.2066980850601247421, -1.499053592390465539, 7.596344942559027480 ) ) ;
#5331 =( BOUNDED_CURVE ( )  B_SPLINE_CURVE ( 2, ( #2962, #2926, #2305, #7384, #2266, #5549, #4765 ),
 .UNSPECIFIED., .F., .F. ) 
 B_SPLINE_CURVE_WITH_KNOTS ( ( 3, 2, 2, 3 ),
 ( 0.6250000000000000000, 0.6388888888888888395, 0.6527777777777777901, 0.6666666666666666297 ),
 .UNSPECIFIED. ) 
 CURVE ( )  GEOMETRIC_REPRESENTATION_ITEM ( )  RATIONAL_B_SPLINE_CURVE ( ( 1.000000000000000000, 0.8660254037844387076, 1.000000000000000000, 0.8660254037844387076, 1.000000000000000000, 0.8660254037844387076, 1.000000000000000000 ) ) 
 REPRESENTATION_ITEM ( '' )  );
#5332 = CARTESIAN_POINT ( 'NONE',  ( 0.000000000000000000, 1.175240473580836831, 0.06250000000000266454 ) ) ;
#5333 = CARTESIAN_POINT ( 'NONE',  ( 0.000000000000000000, 1.500000000000000888, 3.250000000000003997 ) ) ;
#5334 = CARTESIAN_POINT ( 'NONE',  ( 0.2438702740433688065, -1.549187076721468825, 7.975097646223970216 ) ) ;
#5335 = DIRECTION ( 'NONE',  ( 0.000000000000000000, -0.9967800569107646558, -0.08018427617041258559 ) ) ;
#5336 = EDGE_CURVE ( 'NONE', #6602, #3245, #536, .T. ) ;
#5337 = CARTESIAN_POINT ( 'NONE',  ( 0.8816504037844494768, 1.527063293868265781, -0.2760416666666622998 ) ) ;
#5338 = CARTESIAN_POINT ( 'NONE',  ( 1.038180288643460125, 0.2731436643961233646, 8.228532400733666208 ) ) ;
#5339 = CARTESIAN_POINT ( 'NONE',  ( 1.017788105676672883, 0.5876202367904098667, 0.9791666666666689611 ) ) ;
#5340 = CARTESIAN_POINT ( 'NONE',  ( 1.299038105676671773, -0.7500000000000242029, -1.416666666666663188 ) ) ;
#5341 = CARTESIAN_POINT ( 'NONE',  ( -0.6785254037844480335, 1.175240473580837497, -5.958333333333331261 ) ) ;
#5342 = CARTESIAN_POINT ( 'NONE',  ( -1.357050807568896511, -1.505968315878686250E-14, -1.374999999999997558 ) ) ;
#5343 = EDGE_CURVE ( 'NONE', #6378, #1474, #1956, .T. ) ;
#5344 = ORIENTED_EDGE ( 'NONE', *, *, #7213, .T. ) ;
#5345 = CARTESIAN_POINT ( 'NONE',  ( 0.8660254037844508090, -1.500000000000027534, 3.604166666666668295 ) ) ;
#5346 = CARTESIAN_POINT ( 'NONE',  ( -1.439254484199210086E-16, -1.175240473580867917, 3.750000000000002665 ) ) ;
#5347 = CARTESIAN_POINT ( 'NONE',  ( -1.439254484199210086E-16, -1.175240473580866585, -7.687499999999997335 ) ) ;
#5348 = DIRECTION ( 'NONE',  ( -0.000000000000000000, -1.224646799147353207E-16, 1.000000000000000000 ) ) ;
#5349 = CARTESIAN_POINT ( 'NONE',  ( 1.322475605676672661, -0.7635316469341556500, -6.869791666666665186 ) ) ;
#5350 = VERTEX_POINT ( 'NONE', #7837 ) ;
#5351 = CARTESIAN_POINT ( 'NONE',  ( -1.017788105676672439, 0.5876202367904111989, -3.354166666666664298 ) ) ;
#5352 = VERTEX_POINT ( 'NONE', #2662 ) ;
#5353 = CARTESIAN_POINT ( 'NONE',  ( -1.017788105676672439, -0.5876202367904416191, 3.729166666666668739 ) ) ;
#5354 = CARTESIAN_POINT ( 'NONE',  ( 0.000000000000000000, 1.500000000000000888, 2.250000000000003997 ) ) ;
#5355 = CARTESIAN_POINT ( 'NONE',  ( -0.7264112681861288889, -1.295662638977669090, 5.537285952093793817 ) ) ;
#5356 = VECTOR ( 'NONE', #5773, 1000.000000000000000 ) ;
#5357 = CARTESIAN_POINT ( 'NONE',  ( -0.8660254037844506980, -1.500000000000027756, -4.041666666666664298 ) ) ;
#5358 = CARTESIAN_POINT ( 'NONE',  ( -1.836970198721050149E-16, -1.500000000000031974, 0.5625000000000011102 ) ) ;
#5359 = CARTESIAN_POINT ( 'NONE',  ( -0.8660254037844486996, -1.500000000000031974, 4.520833333333333925 ) ) ;
#5360 = CARTESIAN_POINT ( 'NONE',  ( -1.763300807568897621, -1.592841698193201417E-14, 5.921875000000000000 ) ) ;
#5361 = CARTESIAN_POINT ( 'NONE',  ( -1.763300807568897621, -1.525486124240097086E-14, 0.4218750000000003886 ) ) ;
#5362 = CARTESIAN_POINT ( 'NONE',  ( 1.299038105676672883, 0.7499999999999918954, 1.166666666666670515 ) ) ;
#5363 = CARTESIAN_POINT ( 'NONE',  ( -0.8816504037844491437, -1.527063293868295535, -6.026041666666662522 ) ) ;
#5364 = CARTESIAN_POINT ( 'NONE',  ( 0.1867183014945853203, 1.480908766186231018, 7.406250000000000888 ) ) ;
#5365 =( BOUNDED_CURVE ( )  B_SPLINE_CURVE ( 2, ( #491, #1263, #655, #535, #3624, #6177, #5715 ),
 .UNSPECIFIED., .F., .F. ) 
 B_SPLINE_CURVE_WITH_KNOTS ( ( 3, 2, 2, 3 ),
 ( 0.7916666666666667407, 0.8055555555555556912, 0.8194444444444445308, 0.8333333333333334814 ),
 .UNSPECIFIED. ) 
 CURVE ( )  GEOMETRIC_REPRESENTATION_ITEM ( )  RATIONAL_B_SPLINE_CURVE ( ( 0.9999999999999988898, 0.8660254037844397068, 1.000000000000000000, 0.8660254037844385966, 1.000000000000000000, 0.8660254037844374864, 1.000000000000001110 ) ) 
 REPRESENTATION_ITEM ( '' )  );
#5366 = VERTEX_POINT ( 'NONE', #4621 ) ;
#5367 = CARTESIAN_POINT ( 'NONE',  ( -1.836970198721050149E-16, -1.500000000000031752, -2.999999999999996447 ) ) ;
#5368 = CARTESIAN_POINT ( 'NONE',  ( 1.017788105676672883, 0.5876202367904107549, -7.520833333333330373 ) ) ;
#5369 = ORIENTED_EDGE ( 'NONE', *, *, #1712, .T. ) ;
#5370 = CARTESIAN_POINT ( 'NONE',  ( 0.6785254037844478114, -1.175240473580867695, 1.854166666666668739 ) ) ;
#5371 = CARTESIAN_POINT ( 'NONE',  ( 0.6785254037844490327, 1.175240473580835721, 5.458333333333335702 ) ) ;
#5372 = B_SPLINE_CURVE_WITH_KNOTS ( 'NONE', 3,
 ( #6693, #7989, #932, #3450, #4742, #5415, #7951 ),
 .UNSPECIFIED., .F., .F.,
 ( 4, 3, 4 ),
 ( 0.000000000000000000, 0.0002797678895357775500, 0.0005665053905745361714 ),
 .UNSPECIFIED. ) ;
#5373 = CARTESIAN_POINT ( 'NONE',  ( 0.6785254037844478114, -1.175240473580867695, -1.645833333333330817 ) ) ;
#5374 = CARTESIAN_POINT ( 'NONE',  ( -0.8660254037844480335, 1.500000000000000222, 5.354166666666666075 ) ) ;
#5375 = CARTESIAN_POINT ( 'NONE',  ( 0.2470292989821720464, -1.534691860997138058, 7.980070810694635419 ) ) ;
#5376 = CARTESIAN_POINT ( 'NONE',  ( -0.8660254037844480335, 1.500000000000002220, -6.208333333333329485 ) ) ;
#5377 = B_SPLINE_CURVE_WITH_KNOTS ( 'NONE', 3,
 ( #3403, #1070, #3586, #5951 ),
 .UNSPECIFIED., .F., .F.,
 ( 4, 4 ),
 ( 1.212174879515270077E-19, 0.0001154157762592061305 ),
 .UNSPECIFIED. ) ;
#5378 = CARTESIAN_POINT ( 'NONE',  ( 0.8816504037844482555, -1.527063293868297311, 0.05729166666667119545 ) ) ;
#5379 = CARTESIAN_POINT ( 'NONE',  ( 0.6785254037844490327, 1.175240473580835943, 2.958333333333335702 ) ) ;
#5380 = CARTESIAN_POINT ( 'NONE',  ( 0.6785254037844478114, -1.175240473580867473, -2.708333333333330817 ) ) ;
#5381 = CARTESIAN_POINT ( 'NONE',  ( 0.6785254037844478114, -1.175240473580867251, -5.708333333333330373 ) ) ;
#5382 = CARTESIAN_POINT ( 'NONE',  ( 1.357050807568896511, -1.530021623440472699E-14, -2.124999999999997335 ) ) ;
#5383 = LINE ( 'NONE', #4128, #6739 ) ;
#5384 = EDGE_LOOP ( 'NONE', ( #5976, #7648, #7763, #3811 ) ) ;
#5385 = EDGE_CURVE ( 'NONE', #5735, #6485, #1466, .T. ) ;
#5386 = LINE ( 'NONE', #1057, #2763 ) ;
#5387 = CARTESIAN_POINT ( 'NONE',  ( -1.017788105676672439, -0.5876202367904416191, 3.666666666666668739 ) ) ;
#5388 = CARTESIAN_POINT ( 'NONE',  ( -1.357050807568896511, -1.439378146175048856E-14, -6.812499999999997335 ) ) ;
#5389 = EDGE_CURVE ( 'NONE', #371, #6792, #5871, .T. ) ;
#5390 = ADVANCED_FACE ( 'NONE', ( #7663 ), #7040, .T. ) ;
#5391 = DIRECTION ( 'NONE',  ( 0.000000000000000000, 1.000000000000000000, 0.000000000000000000 ) ) ;
#5392 = ORIENTED_EDGE ( 'NONE', *, *, #2326, .T. ) ;
#5393 = CARTESIAN_POINT ( 'NONE',  ( 0.6785254037844490327, 1.175240473580837053, -4.479166666666664298 ) ) ;
#5394 = VERTEX_POINT ( 'NONE', #6576 ) ;
#5395 = CARTESIAN_POINT ( 'NONE',  ( -0.6785254037844485886, -1.175240473580867695, 2.770833333333335702 ) ) ;
#5396 = CARTESIAN_POINT ( 'NONE',  ( 1.732050807568896511, -1.570588048662228874E-14, 0.6250000000000037748 ) ) ;
#5397 = CARTESIAN_POINT ( 'NONE',  ( -1.447861682352368451, -0.1255994683570660075, 5.473498063889729259 ) ) ;
#5398 = CARTESIAN_POINT ( 'NONE',  ( -1.299038105676672217, 0.7499999999999927836, 3.395833333333333925 ) ) ;
#5399 = CARTESIAN_POINT ( 'NONE',  ( 1.732050807568896955, -1.473381708979907693E-14, -7.312500000000000000 ) ) ;
#5400 = ORIENTED_EDGE ( 'NONE', *, *, #917, .F. ) ;
#5401 = CARTESIAN_POINT ( 'NONE',  ( -1.763300807568897621, -1.586718464197464660E-14, 5.421875000000000000 ) ) ;
#5402 = CARTESIAN_POINT ( 'NONE',  ( 1.322475605676672661, -0.7635316469341565382, -0.8697916666666662966 ) ) ;
#5403 = CARTESIAN_POINT ( 'NONE',  ( 1.357050807568896511, -1.462666049487368367E-14, -7.624999999999997335 ) ) ;
#5404 = CARTESIAN_POINT ( 'NONE',  ( -0.8816504037844485886, 1.527063293868266447, -5.192708333333328596 ) ) ;
#5405 = CARTESIAN_POINT ( 'NONE',  ( -0.9978205399679958010, -0.2631248712943683454, 8.133209951772100155 ) ) ;
#5406 = EDGE_LOOP ( 'NONE', ( #103, #6451, #5064, #2799 ) ) ;
#5407 = CARTESIAN_POINT ( 'NONE',  ( 0.8660254037844540287, -1.500000000000021538, -5.895833333333333037 ) ) ;
#5408 = CARTESIAN_POINT ( 'NONE',  ( -1.357050807568896067, -1.439378146175048856E-14, -6.812499999999997335 ) ) ;
#5409 = ORIENTED_EDGE ( 'NONE', *, *, #6554, .T. ) ;
#5410 = CARTESIAN_POINT ( 'NONE',  ( 0.6785254037844490327, 1.175240473580836165, 0.5208333333333358128 ) ) ;
#5411 = CARTESIAN_POINT ( 'NONE',  ( 0.6785254037844478114, -1.175240473580868139, 4.791666666666668739 ) ) ;
#5412 = CARTESIAN_POINT ( 'NONE',  ( 1.017788105676672883, 0.5876202367904100887, -1.520833333333330817 ) ) ;
#5413 = B_SPLINE_CURVE_WITH_KNOTS ( 'NONE', 3,
 ( #6727, #2432, #1771, #4306, #1193, #3673, #6887, #3718, #130, #4428, #6925, #3132, #5682, #3305, #2559, #1363 ),
 .UNSPECIFIED., .F., .F.,
 ( 4, 3, 3, 3, 3, 4 ),
 ( 0.000000000000000000, 1.463771985081065061E-05, 2.928091597100476447E-05, 4.384937606648151031E-05, 5.839566969081291505E-05, 6.381151625595438408E-05 ),
 .UNSPECIFIED. ) ;
#5414 =( BOUNDED_CURVE ( )  B_SPLINE_CURVE ( 2, ( #1188, #578, #5637, #4339, #8162, #6881, #422 ),
 .UNSPECIFIED., .F., .F. ) 
 B_SPLINE_CURVE_WITH_KNOTS ( ( 3, 2, 2, 3 ),
 ( 0.4166666666666667407, 0.4305555555555556357, 0.4444444444444444198, 0.4583333333333333148 ),
 .UNSPECIFIED. ) 
 CURVE ( )  GEOMETRIC_REPRESENTATION_ITEM ( )  RATIONAL_B_SPLINE_CURVE ( ( 0.9999999999999988898, 0.8660254037844398178, 1.000000000000000000, 0.8660254037844387076, 1.000000000000000000, 0.8660254037844392627, 0.9999999999999994449 ) ) 
 REPRESENTATION_ITEM ( '' )  );
#5415 = CARTESIAN_POINT ( 'NONE',  ( -0.1576114318128750136, 1.533209921821046429, 7.500855289840674622 ) ) ;
#5416 = CARTESIAN_POINT ( 'NONE',  ( -0.8660254037844486996, -1.500000000000032196, 5.020833333333334814 ) ) ;
#5417 = AXIS2_PLACEMENT_3D ( 'NONE', #1036, #5277, #6030 ) ;
#5418 = CARTESIAN_POINT ( 'NONE',  ( 1.322475605676672661, -0.7635316469341565382, -0.4010416666666624108 ) ) ;
#5419 = CARTESIAN_POINT ( 'NONE',  ( 0.6785254037844478114, -1.175240473580867695, 2.791666666666668739 ) ) ;
#5420 = CARTESIAN_POINT ( 'NONE',  ( -1.017788105676672439, 0.5876202367904111989, -2.916666666666664298 ) ) ;
#5421 = CARTESIAN_POINT ( 'NONE',  ( -0.6785254037844480335, 1.175240473580837275, -5.458333333333331261 ) ) ;
#5422 = CARTESIAN_POINT ( 'NONE',  ( -1.357050807568896511, -1.542707719853106479E-14, 1.625000000000002220 ) ) ;
#5423 = AXIS2_PLACEMENT_3D ( 'NONE', #1658, #2351, #1616 ) ;
#5424 = VECTOR ( 'NONE', #6636, 999.9999999999998863 ) ;
#5425 = CARTESIAN_POINT ( 'NONE',  ( -1.836970198721050149E-16, -1.500000000000032419, 4.000000000000004441 ) ) ;
#5426 = ORIENTED_EDGE ( 'NONE', *, *, #1066, .T. ) ;
#5427 = CARTESIAN_POINT ( 'NONE',  ( 0.000000000000000000, -7.438283133705603770E-16, 8.250000000000000000 ) ) ;
#5428 = CARTESIAN_POINT ( 'NONE',  ( -1.439254484199210086E-16, -1.175240473580867917, 4.750000000000002665 ) ) ;
#5429 = CARTESIAN_POINT ( 'NONE',  ( 0.000000000000000000, 1.500000000000001776, -3.687499999999998668 ) ) ;
#5430 = CARTESIAN_POINT ( 'NONE',  ( -0.8660254037844469233, 1.500000000000002442, 2.791666666666669627 ) ) ;
#5431 = ORIENTED_EDGE ( 'NONE', *, *, #2678, .F. ) ;
#5432 = AXIS2_PLACEMENT_3D ( 'NONE', #7567, #2987, #7522 ) ;
#5433 = CARTESIAN_POINT ( 'NONE',  ( -0.6785254037844480335, 1.175240473580837275, -4.395833333333330373 ) ) ;
#5434 = ADVANCED_FACE ( 'NONE', ( #2620 ), #5830, .T. ) ;
#5435 = ADVANCED_FACE ( 'NONE', ( #3911 ), #3239, .T. ) ;
#5436 = ORIENTED_EDGE ( 'NONE', *, *, #6848, .T. ) ;
#5437 = CARTESIAN_POINT ( 'NONE',  ( -1.439254484199210086E-16, -1.175240473580867695, 3.312500000000002220 ) ) ;
#5438 = DIRECTION ( 'NONE',  ( -0.000000000000000000, -0.000000000000000000, -1.000000000000000000 ) ) ;
#5439 = CARTESIAN_POINT ( 'NONE',  ( 1.560644815424478971, -0.2372923498678642940, 7.971354974855262121 ) ) ;
#5440 = CARTESIAN_POINT ( 'NONE',  ( -1.439254484199210086E-16, -1.175240473580867917, 4.312500000000001776 ) ) ;
#5441 = CARTESIAN_POINT ( 'NONE',  ( -1.322475605676673105, 0.7635316469341245638, 7.380208333333333037 ) ) ;
#5442 = CARTESIAN_POINT ( 'NONE',  ( 1.322475605676672661, -0.7635316469341566492, 0.6302083333333337034 ) ) ;
#5443 = CARTESIAN_POINT ( 'NONE',  ( 0.6785254037844478114, -1.175240473580867029, -7.208333333333330373 ) ) ;
#5444 = CARTESIAN_POINT ( 'NONE',  ( 0.000000000000000000, 1.527063293868266669, -5.734374999999994671 ) ) ;
#5445 = CARTESIAN_POINT ( 'NONE',  ( 0.8660254037844519193, 1.499999999999995781, -2.229166666666665630 ) ) ;
#5446 = EDGE_CURVE ( 'NONE', #2200, #2651, #2219, .T. ) ;
#5447 = ORIENTED_EDGE ( 'NONE', *, *, #6772, .T. ) ;
#5448 = CYLINDRICAL_SURFACE ( 'NONE', #6547, 1.500000000000000888 ) ;
#5449 = CARTESIAN_POINT ( 'NONE',  ( 1.357050807568896067, -1.494047623715519407E-14, -5.062499999999997335 ) ) ;
#5450 = ORIENTED_EDGE ( 'NONE', *, *, #7615, .T. ) ;
#5451 = CARTESIAN_POINT ( 'NONE',  ( 0.000000000000000000, 1.175240473580836831, 1.062500000000002665 ) ) ;
#5452 = CARTESIAN_POINT ( 'NONE',  ( -1.357050807568896511, -1.567200655836053825E-14, 3.625000000000002220 ) ) ;
#5453 = CARTESIAN_POINT ( 'NONE',  ( 1.017788105676672883, 0.5876202367904101997, -2.020833333333330817 ) ) ;
#5454 = CARTESIAN_POINT ( 'NONE',  ( 0.2419763615505435561, -1.553796817639132355, 7.973557129246366060 ) ) ;
#5455 = CARTESIAN_POINT ( 'NONE',  ( -1.299038105676672217, 0.7499999999999938938, -6.166666666666663410 ) ) ;
#5456 = CARTESIAN_POINT ( 'NONE',  ( 0.8816504037844482555, -1.527063293868296867, -1.442708333333328818 ) ) ;
#5457 = EDGE_CURVE ( 'NONE', #8004, #1734, #650, .T. ) ;
#5458 = CARTESIAN_POINT ( 'NONE',  ( -1.836970198721050149E-16, -1.500000000000031308, -6.499999999999996447 ) ) ;
#5459 = CARTESIAN_POINT ( 'NONE',  ( 0.6785254037844478114, -1.175240473580867695, -1.208333333333330817 ) ) ;
#5460 = CARTESIAN_POINT ( 'NONE',  ( 0.4412438171403639253, 1.334801767934523209, 5.343810604518704821 ) ) ;
#5461 = CARTESIAN_POINT ( 'NONE',  ( 1.017788105676672883, 0.5876202367904105328, -5.083333333333330373 ) ) ;
#5462 = ORIENTED_EDGE ( 'NONE', *, *, #775, .F. ) ;
#5463 = CARTESIAN_POINT ( 'NONE',  ( -0.3682059365705781517, 0.5251542044367990547, 7.406250000000000888 ) ) ;
#5464 = CARTESIAN_POINT ( 'NONE',  ( 0.6785254037844478114, -1.175240473580868361, 6.791666666666669627 ) ) ;
#5465 = DIRECTION ( 'NONE',  ( 0.000000000000000000, 0.000000000000000000, 1.000000000000000000 ) ) ;
#5466 = CARTESIAN_POINT ( 'NONE',  ( -0.8660254037844489217, -1.500000000000031752, -3.479166666666666075 ) ) ;
#5467 = VERTEX_POINT ( 'NONE', #2705 ) ;
#5468 = CARTESIAN_POINT ( 'NONE',  ( 0.1858814171829685780, 1.490734877733622232, 7.406250000000000888 ) ) ;
#5469 = VERTEX_POINT ( 'NONE', #153 ) ;
#5470 = CARTESIAN_POINT ( 'NONE',  ( 0.000000000000000000, 1.175240473580836387, 3.562500000000002220 ) ) ;
#5471 = CARTESIAN_POINT ( 'NONE',  ( -0.8660254037844486996, -1.500000000000031752, 0.5208333333333342585 ) ) ;
#5472 = CARTESIAN_POINT ( 'NONE',  ( 1.357050807568896511, -1.549156729677150223E-14, -0.5624999999999974465 ) ) ;
#5473 = LINE ( 'NONE', #4220, #3416 ) ;
#5474 = CARTESIAN_POINT ( 'NONE',  ( 0.6785254037844490327, 1.175240473580835943, 3.020833333333335258 ) ) ;
#5475 = CARTESIAN_POINT ( 'NONE',  ( 1.322475605676672661, -0.7635316469341573153, 6.130208333333333037 ) ) ;
#5477 = EDGE_CURVE ( 'NONE', #1910, #561, #2390, .T. ) ;
#5476 = CARTESIAN_POINT ( 'NONE',  ( -1.322475605676673105, -0.7635316469341557610, 1.463541666666666741 ) ) ;
#5478 = CARTESIAN_POINT ( 'NONE',  ( -1.357050807568896511, -1.463105677908528949E-14, -4.874999999999996447 ) ) ;
#5479 = CARTESIAN_POINT ( 'NONE',  ( -1.763300807568897621, -1.488364018140942915E-14, -2.609374999999995115 ) ) ;
#5480 = CARTESIAN_POINT ( 'NONE',  ( -0.1811712554973795297, -1.436309975666973493, 5.458862925299053259 ) ) ;
#5481 = VECTOR ( 'NONE', #5629, 1000.000000000000000 ) ;
#5482 = CARTESIAN_POINT ( 'NONE',  ( 1.732050807568896511, -1.478739538726177197E-14, -6.874999999999995559 ) ) ;
#5483 = CARTESIAN_POINT ( 'NONE',  ( 0.6785254037844478114, -1.175240473580867251, -4.145833333333330373 ) ) ;
#5484 = ORIENTED_EDGE ( 'NONE', *, *, #6896, .F. ) ;
#5485 = DIRECTION ( 'NONE',  ( -0.9238795325112865164, 0.3826834323650903369, 1.326871286661486028E-14 ) ) ;
#5486 = CARTESIAN_POINT ( 'NONE',  ( 1.017788105676672883, 0.5876202367904095336, 3.416666666666669183 ) ) ;
#5487 = CARTESIAN_POINT ( 'NONE',  ( 1.017788105676672883, 0.5876202367904099777, -0.5208333333333305948 ) ) ;
#5488 = EDGE_CURVE ( 'NONE', #7535, #7070, #1381, .T. ) ;
#5489 = EDGE_CURVE ( 'NONE', #3011, #6647, #4496, .T. ) ;
#5490 = CIRCLE ( 'NONE', #1884, 1.531318301494582590 ) ;
#5491 = DIRECTION ( 'NONE',  ( 0.000000000000000000, -1.000000000000000000, -1.224646799147353207E-16 ) ) ;
#5492 = CARTESIAN_POINT ( 'NONE',  ( 0.000000000000000000, -7.438283133705603770E-16, 8.250000000000000000 ) ) ;
#5493 = CARTESIAN_POINT ( 'NONE',  ( 0.7026901318165335031, -0.7026901318165383881, 8.203144106708492700 ) ) ;
#5494 = CARTESIAN_POINT ( 'NONE',  ( -1.322475605676673105, 0.7635316469341253409, 1.848958333333337922 ) ) ;
#5495 = CARTESIAN_POINT ( 'NONE',  ( 1.489937016748775100, -0.1966617905630124452, 7.500855978943536506 ) ) ;
#5496 = CARTESIAN_POINT ( 'NONE',  ( -0.6785254037844480335, 1.175240473580837053, -1.958333333333331039 ) ) ;
#5497 = CARTESIAN_POINT ( 'NONE',  ( 1.357050807568896067, -1.598142601643044282E-14, 3.437500000000002220 ) ) ;
#5498 = CARTESIAN_POINT ( 'NONE',  ( -1.357050807568896511, -1.469228911904265390E-14, -4.374999999999997335 ) ) ;
#5499 = CARTESIAN_POINT ( 'NONE',  ( 1.763300807568897621, -1.473764411104641003E-14, -7.328124999999999112 ) ) ;
#5500 = CALENDAR_DATE ( 2026, 8, 1 ) ;
#5501 = ORIENTED_EDGE ( 'NONE', *, *, #4713, .T. ) ;
#5502 = CARTESIAN_POINT ( 'NONE',  ( 1.299038105676671773, -0.7500000000000242029, -0.8541666666666656305 ) ) ;
#5503 = CARTESIAN_POINT ( 'NONE',  ( -0.6785254037844480335, 1.175240473580835721, 7.041666666666668739 ) ) ;
#5504 = CARTESIAN_POINT ( 'NONE',  ( 1.017788105676671995, -0.5876202367904412860, -5.604166666666663410 ) ) ;
#5505 = LINE ( 'NONE', #8112, #8008 ) ;
#5506 = VERTEX_POINT ( 'NONE', #1053 ) ;
#5507 = CARTESIAN_POINT ( 'NONE',  ( 0.5917109473128514541, 0.4347626794466380451, 8.233624606597341966 ) ) ;
#5508 = EDGE_LOOP ( 'NONE', ( #4785, #2973, #6458, #3187 ) ) ;
#5509 = CARTESIAN_POINT ( 'NONE',  ( 1.357050807568896511, -1.598142601643044282E-14, 3.437500000000002220 ) ) ;
#5510 = CARTESIAN_POINT ( 'NONE',  ( 0.1326959224940230941, -0.05496445076863298168, 3.624131139626886711 ) ) ;
#5511 = CARTESIAN_POINT ( 'NONE',  ( 1.299038105676673105, 0.7499999999999923395, -2.770833333333332149 ) ) ;
#5512 = CARTESIAN_POINT ( 'NONE',  ( -1.357050807568896511, -1.574089294081257834E-14, 4.187500000000001776 ) ) ;
#5513 = CARTESIAN_POINT ( 'NONE',  ( -1.322475605676673105, 0.7635316469341246748, 6.380208333333333037 ) ) ;
#5514 = CARTESIAN_POINT ( 'NONE',  ( 0.000000000000000000, -7.438283133705603770E-16, 8.250000000000000000 ) ) ;
#5515 = CARTESIAN_POINT ( 'NONE',  ( -1.017788105676672439, -0.5876202367904406199, -4.833333333333330373 ) ) ;
#5516 = CARTESIAN_POINT ( 'NONE',  ( -0.8816504037844485886, 1.527063293868266447, -2.692708333333329040 ) ) ;
#5517 = CARTESIAN_POINT ( 'NONE',  ( -0.8660254037844428154, -1.500000000000041966, -5.979166666666664298 ) ) ;
#5518 = CARTESIAN_POINT ( 'NONE',  ( -1.357050807568896067, -1.476117550149469400E-14, -3.812499999999997780 ) ) ;
#5519 = CARTESIAN_POINT ( 'NONE',  ( -1.357050807568896067, -1.512091549874422692E-14, -0.8749999999999977796 ) ) ;
#5520 = ORIENTED_EDGE ( 'NONE', *, *, #7978, .T. ) ;
#5521 = CARTESIAN_POINT ( 'NONE',  ( 0.5251542044367952800, -0.3682059365705858678, 7.406250000000000888 ) ) ;
#5522 = CARTESIAN_POINT ( 'NONE',  ( -0.6785254037844480335, 1.175240473580836165, 5.041666666666667851 ) ) ;
#5523 = CARTESIAN_POINT ( 'NONE',  ( -1.357050807568896067, -1.531226656111100217E-14, 0.6875000000000023315 ) ) ;
#5524 = CARTESIAN_POINT ( 'NONE',  ( -1.836970198721050395E-16, -1.500000000000031086, -7.937499999999998224 ) ) ;
#5525 = CARTESIAN_POINT ( 'NONE',  ( 0.9453114802360864655, 0.1941710946047827957, 7.406250000000000888 ) ) ;
#5526 = DIRECTION ( 'NONE',  ( -0.000000000000000000, -1.224646799147353207E-16, 1.000000000000000000 ) ) ;
#5527 = EDGE_CURVE ( 'NONE', #3632, #898, #2804, .T. ) ;
#5528 = EDGE_CURVE ( 'NONE', #4048, #2316, #3148, .T. ) ;
#5529 = EDGE_CURVE ( 'NONE', #6524, #2153, #5964, .T. ) ;
#5530 = CARTESIAN_POINT ( 'NONE',  ( 0.000000000000000000, 1.527063293868265781, 0.7656250000000045519 ) ) ;
#5531 = CARTESIAN_POINT ( 'NONE',  ( -0.1771724077350073923, -1.508146100628094066, 7.406250000000000888 ) ) ;
#5532 = CARTESIAN_POINT ( 'NONE',  ( 1.357050807568896511, -1.542268091431946213E-14, -1.124999999999997558 ) ) ;
#5533 = CARTESIAN_POINT ( 'NONE',  ( -1.092813464767258269, -0.4323758804164954395, 4.718158681502227836 ) ) ;
#5534 = CARTESIAN_POINT ( 'NONE',  ( 0.000000000000000000, 1.175240473580837275, -2.499999999999996891 ) ) ;
#5535 = CARTESIAN_POINT ( 'NONE',  ( -1.836970198721050395E-16, -1.500000000000031530, -4.937499999999998224 ) ) ;
#5536 = CARTESIAN_POINT ( 'NONE',  ( 0.000000000000000000, 1.500000000000001332, -0.2499999999999961697 ) ) ;
#5537 =( BOUNDED_CURVE ( )  B_SPLINE_CURVE ( 2, ( #728, #4576, #5118, #7661, #1343, #4961, #3365 ),
 .UNSPECIFIED., .F., .F. ) 
 B_SPLINE_CURVE_WITH_KNOTS ( ( 3, 2, 2, 3 ),
 ( 0.8750000000000000000, 0.8888888888888888395, 0.9027777777777777901, 0.9166666666666666297 ),
 .UNSPECIFIED. ) 
 CURVE ( )  GEOMETRIC_REPRESENTATION_ITEM ( )  RATIONAL_B_SPLINE_CURVE ( ( 1.000000000000000000, 0.8660254037844387076, 1.000000000000000000, 0.8660254037844387076, 1.000000000000000000, 0.8660254037844387076, 1.000000000000000000 ) ) 
 REPRESENTATION_ITEM ( '' )  );
#5538 = EDGE_LOOP ( 'NONE', ( #4176, #6872, #2114, #5311, #648, #1004, #3049, #4995, #2808, #3175, #7037, #7651, #4011, #7424, #4481, #1642, #743, #6862, #3922, #4874, #2634, #1349, #5436, #3195 ) ) ;
#5539 = DIRECTION ( 'NONE',  ( 0.9238795325112889589, 0.3826834323650843417, 0.000000000000000000 ) ) ;
#5540 = CARTESIAN_POINT ( 'NONE',  ( 1.357050807568896511, -1.615746899380787618E-14, 4.875000000000002665 ) ) ;
#5541 = CARTESIAN_POINT ( 'NONE',  ( -1.017788105676672439, 0.5876202367904116430, -6.354166666666664298 ) ) ;
#5542 = VECTOR ( 'NONE', #3903, 1000.000000000000000 ) ;
#5543 = AXIS2_PLACEMENT_3D ( 'NONE', #6562, #2110, #1533 ) ;
#5544 = VERTEX_POINT ( 'NONE', #3024 ) ;
#5545 = CARTESIAN_POINT ( 'NONE',  ( 0.1621629660692607000, 1.520383176458097729, 7.406250000000000888 ) ) ;
#5546 = VECTOR ( 'NONE', #2867, 1000.000000000000000 ) ;
#5547 = VERTEX_POINT ( 'NONE', #8182 ) ;
#5548 = CARTESIAN_POINT ( 'NONE',  ( 0.000000000000000000, 1.175240473580836165, 6.562500000000002665 ) ) ;
#5549 = CARTESIAN_POINT ( 'NONE',  ( 0.8660254037844489217, 1.500000000000000666, 0.7708333333333340365 ) ) ;
#5550 = PLANE ( 'NONE',  #3950 ) ;
#5551 = CARTESIAN_POINT ( 'NONE',  ( -1.017788105676672439, -0.5876202367904417301, 4.229166666666669627 ) ) ;
#5552 = CARTESIAN_POINT ( 'NONE',  ( 0.8816504037844494768, 1.527063293868264671, 8.255208333333333925 ) ) ;
#5553 = EDGE_CURVE ( 'NONE', #4679, #4652, #3377, .T. ) ;
#5554 = CARTESIAN_POINT ( 'NONE',  ( -1.732050807568896511, -1.463871082157995885E-14, -4.624999999999997335 ) ) ;
#5555 = AXIS2_PLACEMENT_3D ( 'NONE', #7088, #3292, #5837 ) ;
#5556 = VECTOR ( 'NONE', #1380, 999.9999999999998863 ) ;
#5557 = CARTESIAN_POINT ( 'NONE',  ( -0.6785254037844485886, -1.175240473580866807, -5.791666666666663410 ) ) ;
#5558 = CARTESIAN_POINT ( 'NONE',  ( -1.017788105676672439, -0.5876202367904402868, -7.770833333333330373 ) ) ;
#5559 = CARTESIAN_POINT ( 'NONE',  ( 1.322475605676673771, 0.7635316469341236756, 4.182291666666671404 ) ) ;
#5560 = CARTESIAN_POINT ( 'NONE',  ( -1.017788105676672439, 0.5876202367904115320, -5.354166666666663410 ) ) ;
#5561 = AXIS2_PLACEMENT_3D ( 'NONE', #3749, #4375, #1143 ) ;
#5562 = CARTESIAN_POINT ( 'NONE',  ( 1.017788105676672883, 0.5876202367904100887, -1.583333333333330817 ) ) ;
#5563 = ORIENTED_EDGE ( 'NONE', *, *, #1524, .T. ) ;
#5564 = DIRECTION ( 'NONE',  ( 1.000000000000000000, -1.224646799147353207E-16, -1.499759782661857608E-32 ) ) ;
#5565 = CARTESIAN_POINT ( 'NONE',  ( -1.017788105676672439, 0.5876202367904101997, 6.083333333333335702 ) ) ;
#5566 = CARTESIAN_POINT ( 'NONE',  ( 0.000000000000000000, 1.175240473580836831, 1.062500000000002665 ) ) ;
#5567 = CARTESIAN_POINT ( 'NONE',  ( 0.6785254037844478114, -1.175240473580867695, 1.791666666666668739 ) ) ;
#5568 = CARTESIAN_POINT ( 'NONE',  ( 1.480908766186231240, 0.1867183014945862640, 7.406250000000000888 ) ) ;
#5569 = CARTESIAN_POINT ( 'NONE',  ( -1.357050807568896067, -1.567200655836053825E-14, 3.625000000000002220 ) ) ;
#5570 = FACE_OUTER_BOUND ( 'NONE', #5876, .T. ) ;
#5571 = CARTESIAN_POINT ( 'NONE',  ( 0.8816504037844482555, -1.527063293868297311, 1.057291666666671182 ) ) ;
#5572 = CARTESIAN_POINT ( 'NONE',  ( 1.299038105676671773, -0.7500000000000237588, -3.416666666666662522 ) ) ;
#5573 = CARTESIAN_POINT ( 'NONE',  ( 0.6785254037844478114, -1.175240473580867695, 0.2916666666666692942 ) ) ;
#5574 = CARTESIAN_POINT ( 'NONE',  ( 0.000000000000000000, 1.175240473580836387, 4.562500000000002665 ) ) ;
#5575 = CARTESIAN_POINT ( 'NONE',  ( -0.6785254037844480335, 1.175240473580837275, -2.958333333333330817 ) ) ;
#5576 = EDGE_CURVE ( 'NONE', #2378, #6227, #4547, .T. ) ;
#5577 = DIRECTION ( 'NONE',  ( -3.641531520770512822E-14, -0.1045284632676537900, 0.9945218953682732899 ) ) ;
#5578 = CARTESIAN_POINT ( 'NONE',  ( -0.8816504037844491437, -1.527063293868295757, -3.494791666666666075 ) ) ;
#5579 = VERTEX_POINT ( 'NONE', #21 ) ;
#5580 = LINE ( 'NONE', #7530, #3959 ) ;
#5581 = CARTESIAN_POINT ( 'NONE',  ( 1.017788105676671995, -0.5876202367904411750, -6.604166666666663410 ) ) ;
#5582 = CARTESIAN_POINT ( 'NONE',  ( 1.534691860997136059, 0.2470292989821765983, 7.980070810694637196 ) ) ;
#5583 =( BOUNDED_SURFACE ( )  B_SPLINE_SURFACE ( 3, 2, ( 
 ( #6612, #933, #7990 ),
 ( #1625, #5999, #2289 ),
 ( #6117, #7326, #433 ),
 ( #4826, #2945, #2322 ) ),
 .UNSPECIFIED., .F., .F., .F. ) 
 B_SPLINE_SURFACE_WITH_KNOTS ( ( 4, 4 ),
 ( 3, 3 ),
 ( 0.0009457745824564850901, 0.001532209764511532728 ),
 ( 0.000000000000000000, 1.000000000000000000 ),
 .UNSPECIFIED. ) 
 GEOMETRIC_REPRESENTATION_ITEM ( )  RATIONAL_B_SPLINE_SURFACE ( (
 ( 1.000000000000000000, 0.7553668689749252207, 1.000000000000000000),
 ( 1.000000000000000000, 0.7516316295133796954, 1.000000000000000000),
 ( 1.000000000000000000, 0.7477224916929461340, 1.000000000000000000),
 ( 1.000000000000000000, 0.7436119262564591104, 1.000000000000000000) ) ) 
 REPRESENTATION_ITEM ( '' )  SURFACE ( )  );
#5584 = ADVANCED_FACE ( 'NONE', ( #1781 ), #1088, .T. ) ;
#5585 = ORIENTED_EDGE ( 'NONE', *, *, #3740, .T. ) ;
#5586 = CARTESIAN_POINT ( 'NONE',  ( 1.019687511683170289, -0.7341581615092220847, 4.933784220507319240 ) ) ;
#5587 = EDGE_LOOP ( 'NONE', ( #7985, #4599, #4244, #8079 ) ) ;
#5588 = CARTESIAN_POINT ( 'NONE',  ( -0.6785254037844485886, -1.175240473580867695, 5.770833333333336590 ) ) ;
#5589 = CARTESIAN_POINT ( 'NONE',  ( 0.8660254037844489217, 1.500000000000000000, 4.270833333333333925 ) ) ;
#5590 = CARTESIAN_POINT ( 'NONE',  ( -0.8660254037844467012, -1.500000000000034639, -5.041666666666663410 ) ) ;
#5591 = CARTESIAN_POINT ( 'NONE',  ( 1.017788105676671995, -0.5876202367904426183, 4.895833333333335702 ) ) ;
#5592 = CARTESIAN_POINT ( 'NONE',  ( -1.439254484199210086E-16, -1.175240473580867029, -5.749999999999997335 ) ) ;
#5593 = B_SPLINE_CURVE_WITH_KNOTS ( 'NONE', 3,
 ( #5197, #5151, #1242, #6356, #3186, #1988, #2030 ),
 .UNSPECIFIED., .F., .F.,
 ( 4, 3, 4 ),
 ( 5.957295028081779886E-16, 0.0002797678895363802038, 0.0005665053905751370363 ),
 .UNSPECIFIED. ) ;
#5594 = CARTESIAN_POINT ( 'NONE',  ( -1.357050807568896511, -1.427131678183575341E-14, -7.812499999999997335 ) ) ;
#5595 = CARTESIAN_POINT ( 'NONE',  ( -0.3588919719858681967, -1.397791792644259790, 5.446307790960902118 ) ) ;
#5596 = CARTESIAN_POINT ( 'NONE',  ( -1.322475605676673105, 0.7635316469341250079, 4.848958333333337478 ) ) ;
#5597 = CARTESIAN_POINT ( 'NONE',  ( -0.6785254037844485886, -1.175240473580866807, -4.729166666666664298 ) ) ;
#5598 = CARTESIAN_POINT ( 'NONE',  ( -0.6785254037844480335, 1.175240473580837053, -0.9583333333333310389 ) ) ;
#5599 = ORIENTED_EDGE ( 'NONE', *, *, #3838, .F. ) ;
#5600 = DIRECTION ( 'NONE',  ( 0.000000000000000000, -1.000000000000000000, 0.000000000000000000 ) ) ;
#5601 = CARTESIAN_POINT ( 'NONE',  ( 0.6785254037844478114, -1.175240473580868583, 7.791666666666668739 ) ) ;
#5602 = CARTESIAN_POINT ( 'NONE',  ( -1.017788105676672439, 0.5876202367904106438, 1.145833333333335480 ) ) ;
#5603 = CARTESIAN_POINT ( 'NONE',  ( 1.017788105676672883, 0.5876202367904098667, 0.4166666666666689056 ) ) ;
#5604 = CARTESIAN_POINT ( 'NONE',  ( -0.8694868972659883788, -1.197314375377885654, -7.969440878615637658 ) ) ;
#5605 = CARTESIAN_POINT ( 'NONE',  ( -1.439254484199210086E-16, -1.175240473580867917, 3.750000000000002665 ) ) ;
#5606 = CARTESIAN_POINT ( 'NONE',  ( 1.299038105676671773, -0.7500000000000236478, -4.416666666666663410 ) ) ;
#5607 = VERTEX_POINT ( 'NONE', #5068 ) ;
#5608 = PRODUCT_RELATED_PRODUCT_CATEGORY ( 'detail', '', ( #6588 ) ) ;
#5609 = CARTESIAN_POINT ( 'NONE',  ( -1.870113174931204576E-16, -1.527063293868296645, 1.515625000000003997 ) ) ;
#5610 = CARTESIAN_POINT ( 'NONE',  ( -1.357050807568896511, -1.512091549874422692E-14, -0.8749999999999977796 ) ) ;
#5611 = CIRCLE ( 'NONE', #5875, 2.911062155725037126 ) ;
#5612 = CARTESIAN_POINT ( 'NONE',  ( 0.8660254037844489217, 1.500000000000000222, 2.270833333333334814 ) ) ;
#5613 = CARTESIAN_POINT ( 'NONE',  ( 1.357050807568896511, -1.511651921453262426E-14, -3.624999999999996891 ) ) ;
#5614 = CARTESIAN_POINT ( 'NONE',  ( -1.575889484126586693, -0.2134061629270805616, 7.967077405468489637 ) ) ;
#5615 = CARTESIAN_POINT ( 'NONE',  ( 0.000000000000000000, 1.500000000000001332, -0.6874999999999986677 ) ) ;
#5616 =( BOUNDED_CURVE ( )  B_SPLINE_CURVE ( 3, ( #5463, #4870, #7884, #2878 ),
 .UNSPECIFIED., .F., .F. ) 
 B_SPLINE_CURVE_WITH_KNOTS ( ( 4, 4 ),
 ( 2.751161613710444875, 3.532023693469144909 ),
 .UNSPECIFIED. ) 
 CURVE ( )  GEOMETRIC_REPRESENTATION_ITEM ( )  RATIONAL_B_SPLINE_CURVE ( ( 1.000000000000000000, 0.9498300650479265528, 0.9498300650479265528, 1.000000000000000000 ) ) 
 REPRESENTATION_ITEM ( '' )  );
#5617 = ORIENTED_EDGE ( 'NONE', *, *, #3948, .F. ) ;
#5618 = CARTESIAN_POINT ( 'NONE',  ( -0.6785254037844480335, 1.175240473580837053, -1.395833333333330817 ) ) ;
#5619 = CYLINDRICAL_SURFACE ( 'NONE', #5299, 1.500000000000000888 ) ;
#5620 = CARTESIAN_POINT ( 'NONE',  ( 0.6785254037844478114, -1.175240473580867251, -4.145833333333330373 ) ) ;
#5621 = CARTESIAN_POINT ( 'NONE',  ( -0.2283142632703860087, 1.568956015774094492, 7.968834839177244334 ) ) ;
#5622 = EDGE_LOOP ( 'NONE', ( #5262, #404, #2734, #2417 ) ) ;
#5623 = DIRECTION ( 'NONE',  ( 0.000000000000000000, 1.000000000000000000, 0.000000000000000000 ) ) ;
#5624 = EDGE_CURVE ( 'NONE', #8053, #7604, #7958, .T. ) ;
#5625 = ORIENTED_EDGE ( 'NONE', *, *, #267, .T. ) ;
#5626 = ADVANCED_FACE ( 'NONE', ( #8065 ), #5029, .F. ) ;
#5627 = CARTESIAN_POINT ( 'NONE',  ( 0.6785254037844490327, 1.175240473580835721, 5.020833333333335702 ) ) ;
#5628 = EDGE_CURVE ( 'NONE', #7738, #1519, #1166, .T. ) ;
#5629 = DIRECTION ( 'NONE',  ( -0.000000000000000000, -1.224646799147353207E-16, 1.000000000000000000 ) ) ;
#5630 = EDGE_CURVE ( 'NONE', #5241, #1881, #2076, .T. ) ;
#5631 =( BOUNDED_CURVE ( )  B_SPLINE_CURVE ( 2, ( #3909, #7079, #572, #151, #4490, #2039, #2618 ),
 .UNSPECIFIED., .F., .F. ) 
 B_SPLINE_CURVE_WITH_KNOTS ( ( 3, 2, 2, 3 ),
 ( 0.5000000000000000000, 0.5138888888888888395, 0.5277777777777776791, 0.5416666666666666297 ),
 .UNSPECIFIED. ) 
 CURVE ( )  GEOMETRIC_REPRESENTATION_ITEM ( )  RATIONAL_B_SPLINE_CURVE ( ( 1.000000000000000000, 0.8660254037844387076, 1.000000000000000000, 0.8660254037844387076, 1.000000000000000000, 0.8660254037844398178, 0.9999999999999988898 ) ) 
 REPRESENTATION_ITEM ( '' )  );
#5632 = DIRECTION ( 'NONE',  ( -0.000000000000000000, -1.224646799147353207E-16, 1.000000000000000000 ) ) ;
#5633 = CARTESIAN_POINT ( 'NONE',  ( -0.6785254037844485886, -1.175240473580867695, 6.770833333333334814 ) ) ;
#5634 = CARTESIAN_POINT ( 'NONE',  ( 0.8660254037844530295, 1.499999999999993561, 1.770833333333333703 ) ) ;
#5635 = CARTESIAN_POINT ( 'NONE',  ( -1.017788105676672439, -0.5876202367904406199, -5.333333333333330373 ) ) ;
#5636 = CARTESIAN_POINT ( 'NONE',  ( -1.322475605676673105, -0.7635316469341550949, -3.567708333333329040 ) ) ;
#5637 = CARTESIAN_POINT ( 'NONE',  ( 1.299038105676672883, 0.7499999999999924505, -4.833333333333329485 ) ) ;
#5638 = CARTESIAN_POINT ( 'NONE',  ( 0.000000000000000000, 1.527063293868265337, 4.265625000000003553 ) ) ;
#5639 = CARTESIAN_POINT ( 'NONE',  ( -1.038950252870096014, -0.5670171206496060767, 8.234880783661079562 ) ) ;
#5640 = CARTESIAN_POINT ( 'NONE',  ( -0.6785254037844485886, -1.175240473580867251, -1.291666666666664520 ) ) ;
#5641 = EDGE_LOOP ( 'NONE', ( #4952, #7231, #1973, #6133 ) ) ;
#5642 = CARTESIAN_POINT ( 'NONE',  ( 0.000000000000000000, 1.500000000000000888, 2.812500000000001776 ) ) ;
#5643 = CARTESIAN_POINT ( 'NONE',  ( 1.017788105676672883, 0.5876202367904092005, 6.416666666666668739 ) ) ;
#5644 = CARTESIAN_POINT ( 'NONE',  ( 1.017788105676671995, -0.5876202367904422852, 2.395833333333335702 ) ) ;
#5645 = CARTESIAN_POINT ( 'NONE',  ( 1.017788105676672883, 0.5876202367904098667, 0.9166666666666689611 ) ) ;
#5646 = CARTESIAN_POINT ( 'NONE',  ( 0.000000000000000000, -8.673617379884035472E-16, 7.098507708920578807 ) ) ;
#5647 = CARTESIAN_POINT ( 'NONE',  ( -1.299038105676672217, -0.7500000000000237588, 3.979166666666668295 ) ) ;
#5648 = DATE_AND_TIME ( #592, #4480 ) ;
#5649 = ORIENTED_EDGE ( 'NONE', *, *, #7257, .F. ) ;
#5650 = CARTESIAN_POINT ( 'NONE',  ( -1.322475605676673105, 0.7635316469341252299, 2.848958333333337922 ) ) ;
#5651 = CARTESIAN_POINT ( 'NONE',  ( 0.6785254037844478114, -1.175240473580867695, -0.7083333333333307058 ) ) ;
#5652 = CARTESIAN_POINT ( 'NONE',  ( -1.017788105676672439, 0.5876202367904104218, 4.645833333333334814 ) ) ;
#5653 = CARTESIAN_POINT ( 'NONE',  ( 1.017788105676672883, 0.5876202367904103108, -3.583333333333330817 ) ) ;
#5654 = DIRECTION ( 'NONE',  ( 0.000000000000000000, -1.000000000000000000, 0.000000000000000000 ) ) ;
#5655 = CARTESIAN_POINT ( 'NONE',  ( 1.322475605676672661, -0.7635316469341558721, -4.869791666666666075 ) ) ;
#5656 = ORIENTED_EDGE ( 'NONE', *, *, #4296, .T. ) ;
#5657 = CARTESIAN_POINT ( 'NONE',  ( 0.6785254037844478114, -1.175240473580867473, -2.645833333333330373 ) ) ;
#5658 = DIRECTION ( 'NONE',  ( -0.000000000000000000, -1.224646799147353207E-16, 1.000000000000000000 ) ) ;
#5659 = CARTESIAN_POINT ( 'NONE',  ( -1.439254484199210086E-16, -1.175240473580866807, -6.187499999999996447 ) ) ;
#5660 = CARTESIAN_POINT ( 'NONE',  ( -0.4635201020745616241, -1.079971891169102083, 4.718158681502365503 ) ) ;
#5661 = VERTEX_POINT ( 'NONE', #1287 ) ;
#5662 =( BOUNDED_CURVE ( )  B_SPLINE_CURVE ( 2, ( #4962, #3707, #35, #3040, #7671, #2544, #5086 ),
 .UNSPECIFIED., .F., .F. ) 
 B_SPLINE_CURVE_WITH_KNOTS ( ( 3, 2, 2, 3 ),
 ( 0.7083333333333332593, 0.7222222222222222099, 0.7361111111111112715, 0.7500000000000001110 ),
 .UNSPECIFIED. ) 
 CURVE ( )  GEOMETRIC_REPRESENTATION_ITEM ( )  RATIONAL_B_SPLINE_CURVE ( ( 1.000000000000000000, 0.8660254037844387076, 1.000000000000000000, 0.8660254037844387076, 1.000000000000000000, 0.8660254037844375974, 1.000000000000001110 ) ) 
 REPRESENTATION_ITEM ( '' )  );
#5663 = CARTESIAN_POINT ( 'NONE',  ( 0.2087934338140758905, -0.9100100306033871433, 7.406250000000000888 ) ) ;
#5664 = PRODUCT_DEFINITION_SHAPE ( 'NONE', 'NONE',  #6222 ) ;
#5665 = ORIENTED_EDGE ( 'NONE', *, *, #6772, .F. ) ;
#5666 = CARTESIAN_POINT ( 'NONE',  ( -0.6785254037844485886, -1.175240473580867695, 5.270833333333335702 ) ) ;
#5667 = CARTESIAN_POINT ( 'NONE',  ( 0.2078487863861430696, -1.576622122564785400, 7.967077405468494966 ) ) ;
#5668 = VECTOR ( 'NONE', #4928, 999.9999999999998863 ) ;
#5669 = CARTESIAN_POINT ( 'NONE',  ( 1.017788105676672883, 0.5876202367904092005, 6.479166666666668739 ) ) ;
#5670 = LINE ( 'NONE', #7542, #6623 ) ;
#5671 = CARTESIAN_POINT ( 'NONE',  ( -1.017788105676672439, -0.5876202367904408419, -3.333333333333330373 ) ) ;
#5672 = ORIENTED_EDGE ( 'NONE', *, *, #3495, .F. ) ;
#5673 = EDGE_CURVE ( 'NONE', #4371, #324, #1149, .T. ) ;
#5674 = CARTESIAN_POINT ( 'NONE',  ( 0.6785254037844478114, -1.175240473580867029, -6.645833333333330373 ) ) ;
#5675 = CARTESIAN_POINT ( 'NONE',  ( -0.8660254037844480335, 1.500000000000000888, 1.354166666666668517 ) ) ;
#5676 = VECTOR ( 'NONE', #7495, 1000.000000000000000 ) ;
#5677 = AXIS2_PLACEMENT_3D ( 'NONE', #7626, #6288, #612 ) ;
#5678 = ORIENTED_EDGE ( 'NONE', *, *, #917, .T. ) ;
#5679 = CARTESIAN_POINT ( 'NONE',  ( -0.8816504037844491437, -1.527063293868296423, 2.973958333333337922 ) ) ;
#5680 = CARTESIAN_POINT ( 'NONE',  ( 0.000000000000000000, 1.175240473580837053, -0.4999999999999973910 ) ) ;
#5681 = EDGE_LOOP ( 'NONE', ( #7841, #7077, #7268, #8107 ) ) ;
#5682 = CARTESIAN_POINT ( 'NONE',  ( 1.523339158636661139, -0.1528188066164969383, 7.406250000000000888 ) ) ;
#5683 = CARTESIAN_POINT ( 'NONE',  ( 1.017788105676671995, -0.5876202367904412860, -5.666666666666663410 ) ) ;
#5684 = CARTESIAN_POINT ( 'NONE',  ( 1.017788105676672883, 0.5876202367904088675, 8.416666666666669627 ) ) ;
#5685 = VECTOR ( 'NONE', #6870, 999.9999999999998863 ) ;
#5686 = CARTESIAN_POINT ( 'NONE',  ( 0.2473912190327964833, 1.535008919717075315, 7.983514249959532627 ) ) ;
#5687 = CARTESIAN_POINT ( 'NONE',  ( -0.6785254037844485886, -1.175240473580867695, 2.208333333333335702 ) ) ;
#5688 = CARTESIAN_POINT ( 'NONE',  ( 1.299038105676673105, 0.7499999999999925615, -4.270833333333331261 ) ) ;
#5689 = ADVANCED_FACE ( 'NONE', ( #1419 ), #7422, .T. ) ;
#5690 = DIRECTION ( 'NONE',  ( -0.000000000000000000, -1.224646799147353207E-16, 1.000000000000000000 ) ) ;
#5691 = CARTESIAN_POINT ( 'NONE',  ( 0.000000000000000000, 1.500000000000000888, 3.812500000000000888 ) ) ;
#5692 = APPROVAL_ROLE ( '' ) ;
#5693 = AXIS2_PLACEMENT_3D ( 'NONE', #3574, #4714, #441 ) ;
#5694 = ORIENTED_EDGE ( 'NONE', *, *, #4295, .F. ) ;
#5695 = CARTESIAN_POINT ( 'NONE',  ( -1.439254484199210086E-16, -1.175240473580867695, 2.250000000000001776 ) ) ;
#5696 = CARTESIAN_POINT ( 'NONE',  ( -0.6785254037844480335, 1.175240473580837275, -2.395833333333330373 ) ) ;
#5697 = CARTESIAN_POINT ( 'NONE',  ( -1.439254484199210086E-16, -1.175240473580867695, -0.2499999999999976130 ) ) ;
#5698 = CARTESIAN_POINT ( 'NONE',  ( -0.6785254037844480335, 1.175240473580835943, 5.541666666666667851 ) ) ;
#5699 = CARTESIAN_POINT ( 'NONE',  ( 1.732050807568896511, -1.589723154898905768E-14, 2.187500000000000888 ) ) ;
#5700 = CARTESIAN_POINT ( 'NONE',  ( 0.000000000000000000, 1.500000000000001332, -0.7499999999999962252 ) ) ;
#5701 = CARTESIAN_POINT ( 'NONE',  ( 0.000000000000000000, -7.438283133705603770E-16, 8.250000000000000000 ) ) ;
#5702 = CARTESIAN_POINT ( 'NONE',  ( -1.322475605676673105, 0.7635316469341260071, -3.619791666666666075 ) ) ;
#5703 = CARTESIAN_POINT ( 'NONE',  ( 0.6785254037844478114, -1.175240473580867473, -3.708333333333330817 ) ) ;
#5704 = VERTEX_POINT ( 'NONE', #6361 ) ;
#5705 = CARTESIAN_POINT ( 'NONE',  ( 1.017788105676672883, 0.5876202367904100887, -1.520833333333330817 ) ) ;
#5706 = CARTESIAN_POINT ( 'NONE',  ( -0.8660254037844488106, -1.500000000000031530, -1.541666666666662744 ) ) ;
#5707 = CARTESIAN_POINT ( 'NONE',  ( -0.6785254037844480335, 1.175240473580837719, -8.458333333333330373 ) ) ;
#5708 = CARTESIAN_POINT ( 'NONE',  ( -8.876622836598326262E-17, -4.090773428467844553E-15, 7.406250000000000888 ) ) ;
#5709 = ORIENTED_EDGE ( 'NONE', *, *, #6088, .F. ) ;
#5710 = LINE ( 'NONE', #7043, #2088 ) ;
#5711 = ORIENTED_EDGE ( 'NONE', *, *, #718, .F. ) ;
#5712 = CARTESIAN_POINT ( 'NONE',  ( 1.357050807568896511, -1.634882005617464827E-14, 6.437500000000002665 ) ) ;
#5713 = CARTESIAN_POINT ( 'NONE',  ( 0.1780110278272013236, -1.550969161285931319, 7.690091666444043739 ) ) ;
#5714 = CARTESIAN_POINT ( 'NONE',  ( -1.017788105676672439, -0.5876202367904420631, 7.229166666666668739 ) ) ;
#5715 = CARTESIAN_POINT ( 'NONE',  ( 0.000000000000000000, 1.500000000000001776, -3.687499999999998668 ) ) ;
#5716 = CARTESIAN_POINT ( 'NONE',  ( -1.439254484199210086E-16, -1.175240473580867251, -2.749999999999997335 ) ) ;
#5717 = EDGE_LOOP ( 'NONE', ( #4590, #2586, #5649, #2339 ) ) ;
#5718 = CARTESIAN_POINT ( 'NONE',  ( -0.6785254037844485886, -1.175240473580866807, -5.729166666666663410 ) ) ;
#5719 = CARTESIAN_POINT ( 'NONE',  ( -1.299038105676672217, -0.7500000000000234257, 1.479166666666667407 ) ) ;
#5720 = ORIENTED_EDGE ( 'NONE', *, *, #2622, .T. ) ;
#5721 = CARTESIAN_POINT ( 'NONE',  ( -1.322475605676673105, -0.7635316469341559831, 3.932291666666670515 ) ) ;
#5722 = CARTESIAN_POINT ( 'NONE',  ( 3.629853112672752785E-16, 2.963999999999997748, 6.316076999219322197 ) ) ;
#5723 = CARTESIAN_POINT ( 'NONE',  ( 0.000000000000000000, 1.175240473580836831, 1.000000000000002665 ) ) ;
#5724 = DIRECTION ( 'NONE',  ( -0.000000000000000000, -1.224646799147353207E-16, 1.000000000000000000 ) ) ;
#5725 = ORIENTED_EDGE ( 'NONE', *, *, #8069, .F. ) ;
#5726 = CARTESIAN_POINT ( 'NONE',  ( -1.533209955833163773, -0.1576114703713261400, 7.500855647255598058 ) ) ;
#5727 = CARTESIAN_POINT ( 'NONE',  ( 0.6785254037844478114, -1.175240473580867029, -6.708333333333330373 ) ) ;
#5728 = CARTESIAN_POINT ( 'NONE',  ( -1.357050807568896511, -1.597816825814737612E-14, 6.125000000000001776 ) ) ;
#5729 = EDGE_CURVE ( 'NONE', #561, #2674, #185, .T. ) ;
#5730 = CARTESIAN_POINT ( 'NONE',  ( 1.322475605676672661, -0.7635316469341563161, -2.369791666666666075 ) ) ;
#5731 = CARTESIAN_POINT ( 'NONE',  ( 0.000000000000000000, 1.500000000000000444, 5.312500000000000888 ) ) ;
#5732 = CARTESIAN_POINT ( 'NONE',  ( 0.8816504037844494768, 1.527063293868266447, -7.276041666666661634 ) ) ;
#5733 = CARTESIAN_POINT ( 'NONE',  ( 0.000000000000000000, -7.438283133705603770E-16, 8.250000000000000000 ) ) ;
#5734 = CARTESIAN_POINT ( 'NONE',  ( -0.6785254037844485886, -1.175240473580867695, 2.708333333333335702 ) ) ;
#5735 = VERTEX_POINT ( 'NONE', #6490 ) ;
#5736 = CARTESIAN_POINT ( 'NONE',  ( 1.017788105676672883, 0.5876202367904103108, -2.520833333333330817 ) ) ;
#5737 = ADVANCED_FACE ( 'NONE', ( #4612 ), #5112, .T. ) ;
#5738 = CARTESIAN_POINT ( 'NONE',  ( 1.017788105676671995, -0.5876202367904419521, -0.1666666666666643537 ) ) ;
#5739 = EDGE_CURVE ( 'NONE', #3517, #4505, #5943, .T. ) ;
#5740 = CARTESIAN_POINT ( 'NONE',  ( -1.357050807568896511, -1.616186527801947884E-14, 7.625000000000001776 ) ) ;
#5741 = CARTESIAN_POINT ( 'NONE',  ( 0.2087934338140770285, 0.9100100306033852560, 7.406250000000000888 ) ) ;
#5742 = CARTESIAN_POINT ( 'NONE',  ( 0.3682059365705816489, -0.5251542044367986106, 7.406250000000000888 ) ) ;
#5743 = CARTESIAN_POINT ( 'NONE',  ( -0.2337791285254806062, -1.564063351765476950, 7.970310088470554888 ) ) ;
#5744 = DIRECTION ( 'NONE',  ( -0.000000000000000000, -1.224646799147353207E-16, 1.000000000000000000 ) ) ;
#5745 = CARTESIAN_POINT ( 'NONE',  ( 1.017788105676672883, 0.5876202367904105328, -4.583333333333330373 ) ) ;
#5746 = ORIENTED_EDGE ( 'NONE', *, *, #2678, .T. ) ;
#5747 = CARTESIAN_POINT ( 'NONE',  ( -0.6785254037844480335, 1.175240473580837053, -0.3958333333333309834 ) ) ;
#5748 = CARTESIAN_POINT ( 'NONE',  ( 0.1808304004471307513, -1.338140753076622502, 5.165723521039802257 ) ) ;
#5749 = CARTESIAN_POINT ( 'NONE',  ( 0.6785254037844478114, -1.175240473580866807, -8.208333333333332149 ) ) ;
#5750 = CARTESIAN_POINT ( 'NONE',  ( -0.2468476514111778986, 1.539609450051897310, 7.978342549502075443 ) ) ;
#5751 = CARTESIAN_POINT ( 'NONE',  ( -0.1821761911992704486, 1.500309455660794322, 7.406250000000000888 ) ) ;
#5752 = ORIENTED_EDGE ( 'NONE', *, *, #7819, .T. ) ;
#5753 = CARTESIAN_POINT ( 'NONE',  ( -1.439254484199210086E-16, -1.175240473580868361, 7.312500000000001776 ) ) ;
#5754 = CARTESIAN_POINT ( 'NONE',  ( -1.836970198721050149E-16, -1.500000000000031974, 0.5000000000000036637 ) ) ;
#5755 = CARTESIAN_POINT ( 'NONE',  ( -1.439254484199210086E-16, -1.175240473580868361, 7.312500000000001776 ) ) ;
#5756 = CARTESIAN_POINT ( 'NONE',  ( 0.1800167148843492826, -1.504658928399268403, 7.406250000000000888 ) ) ;
#5757 = CARTESIAN_POINT ( 'NONE',  ( -1.322475605676673105, 0.7635316469341265622, -8.119791666666666075 ) ) ;
#5758 = ORIENTED_EDGE ( 'NONE', *, *, #6099, .F. ) ;
#5759 = CARTESIAN_POINT ( 'NONE',  ( 1.017788105676672883, 0.5876202367904107549, -7.520833333333330373 ) ) ;
#5760 = CARTESIAN_POINT ( 'NONE',  ( 0.1610726947650125418, 1.336012834450798215, -8.101487165549210445 ) ) ;
#5761 = ORIENTED_EDGE ( 'NONE', *, *, #5527, .F. ) ;
#5762 = CARTESIAN_POINT ( 'NONE',  ( 1.763300807568897621, -1.638709026864800143E-14, 6.140625000000003553 ) ) ;
#5763 = CARTESIAN_POINT ( 'NONE',  ( -0.8660254037844480335, 1.500000000000001110, 0.8541666666666677399 ) ) ;
#5764 = CARTESIAN_POINT ( 'NONE',  ( -1.017788105676672439, 0.5876202367904106438, 2.583333333333335702 ) ) ;
#5765 = CARTESIAN_POINT ( 'NONE',  ( 1.519732609479224950, -0.1859679960768922946, 7.399111320804030001 ) ) ;
#5766 = ORIENTED_EDGE ( 'NONE', *, *, #4450, .F. ) ;
#5767 = FACE_OUTER_BOUND ( 'NONE', #1257, .T. ) ;
#5768 = CARTESIAN_POINT ( 'NONE',  ( -1.017788105676672439, 0.5876202367904116430, -6.916666666666663410 ) ) ;
#5769 = CARTESIAN_POINT ( 'NONE',  ( -0.8816504037844491437, -1.527063293868296423, 3.005208333333333925 ) ) ;
#5770 = CARTESIAN_POINT ( 'NONE',  ( -1.322475605676673105, -0.7635316469341552059, -3.036458333333333037 ) ) ;
#5771 = CARTESIAN_POINT ( 'NONE',  ( -0.8816504037844485886, 1.527063293868266669, -7.692708333333327708 ) ) ;
#5772 = CARTESIAN_POINT ( 'NONE',  ( -1.480908766186231240, -0.1867183014945880404, 7.406250000000000888 ) ) ;
#5773 = DIRECTION ( 'NONE',  ( -0.000000000000000000, -1.224646799147353207E-16, 1.000000000000000000 ) ) ;
#5774 = EDGE_LOOP ( 'NONE', ( #2156, #1095, #3559, #6755 ) ) ;
#5775 = CARTESIAN_POINT ( 'NONE',  ( -1.357050807568896511, -1.512856954123889945E-14, -0.8124999999999976685 ) ) ;
#5776 = DIRECTION ( 'NONE',  ( 0.1045284632676538178, 0.000000000000000000, -0.9945218953682732899 ) ) ;
#5777 = CARTESIAN_POINT ( 'NONE',  ( -1.257543544978395378, 0.3068321111627405062, 5.038000004622889882 ) ) ;
#5778 = CARTESIAN_POINT ( 'NONE',  ( -1.836970198721050395E-16, -1.500000000000031752, -3.437499999999998668 ) ) ;
#5779 = LINE ( 'NONE', #4033, #7537 ) ;
#5780 = CARTESIAN_POINT ( 'NONE',  ( 0.000000000000000000, 1.500000000000000888, 2.312500000000001332 ) ) ;
#5781 = EDGE_CURVE ( 'NONE', #6485, #1910, #526, .T. ) ;
#5782 = EDGE_CURVE ( 'NONE', #2693, #3632, #6782, .T. ) ;
#5783 = EDGE_CURVE ( 'NONE', #570, #4727, #430, .T. ) ;
#5784 = EDGE_LOOP ( 'NONE', ( #5117, #727, #4207, #4697 ) ) ;
#5785 = CARTESIAN_POINT ( 'NONE',  ( 0.000000000000000000, 1.500000000000000888, 3.312500000000001332 ) ) ;
#5786 = CARTESIAN_POINT ( 'NONE',  ( -0.6785254037844485886, -1.175240473580867695, 1.770833333333336146 ) ) ;
#5787 = DIRECTION ( 'NONE',  ( 0.000000000000000000, -1.000000000000000000, 0.000000000000000000 ) ) ;
#5788 = CARTESIAN_POINT ( 'NONE',  ( 0.000000000000000000, 1.175240473580837941, -8.499999999999996447 ) ) ;
#5789 = DIRECTION ( 'NONE',  ( -0.000000000000000000, -1.224646799147353207E-16, 1.000000000000000000 ) ) ;
#5790 = CARTESIAN_POINT ( 'NONE',  ( -1.299038105676672439, -0.7500000000000224265, -7.020833333333332149 ) ) ;
#5791 = ORIENTED_EDGE ( 'NONE', *, *, #5477, .T. ) ;
#5792 = CARTESIAN_POINT ( 'NONE',  ( 0.2984565662742453274, -1.467411409966217661, 5.583302950868948678 ) ) ;
#5793 = DIRECTION ( 'NONE',  ( 0.000000000000000000, -1.000000000000000000, 0.000000000000000000 ) ) ;
#5794 = B_SPLINE_CURVE_WITH_KNOTS ( 'NONE', 3,
 ( #8134, #470, #2436, #3640, #1851, #3564, #6852, #4311, #1739, #1082, #1120, #7516, #2360, #4939, #2980, #8057, #1046, #3054, #4234, #3599, #589, #5604, #8023, #2943, #8098, #5524 ),
 .UNSPECIFIED., .F., .F.,
 ( 4, 2, 2, 2, 2, 2, 2, 2, 2, 2, 2, 2, 4 ),
 ( 0.003840119905084928356, 0.004118252103463265062, 0.004396384301841602636, 0.004952648698598276916, 0.005230780896976614490, 0.005508913095354952064, 0.005787045293733289637, 0.006065177492111627211, 0.006621441888868301491, 0.006899574087246639065, 0.007177706285624976638, 0.007733970682381652653, 0.008290235079138327801 ),
 .UNSPECIFIED. ) ;
#5795 = CARTESIAN_POINT ( 'NONE',  ( 0.000000000000000000, 1.175240473580835943, 8.062500000000001776 ) ) ;
#5796 = CARTESIAN_POINT ( 'NONE',  ( -1.836970198721050149E-16, -1.500000000000031752, -3.499999999999996003 ) ) ;
#5797 = CARTESIAN_POINT ( 'NONE',  ( 0.000000000000000000, 1.527063293868266891, -8.203124999999998224 ) ) ;
#5798 = ORIENTED_EDGE ( 'NONE', *, *, #4560, .F. ) ;
#5799 = CARTESIAN_POINT ( 'NONE',  ( 1.017788105676672883, 0.5876202367904106438, -5.520833333333330373 ) ) ;
#5800 = CARTESIAN_POINT ( 'NONE',  ( 0.8660254037844478114, -1.500000000000031974, -6.895833333333333037 ) ) ;
#5801 =( BOUNDED_CURVE ( )  B_SPLINE_CURVE ( 2, ( #3395, #2778, #3555, #222, #5324, #7860, #2152 ),
 .UNSPECIFIED., .F., .F. ) 
 B_SPLINE_CURVE_WITH_KNOTS ( ( 3, 2, 2, 3 ),
 ( 0.1250000000000001665, 0.1388888888888890616, 0.1527777777777779289, 0.1666666666666667962 ),
 .UNSPECIFIED. ) 
 CURVE ( )  GEOMETRIC_REPRESENTATION_ITEM ( )  RATIONAL_B_SPLINE_CURVE ( ( 0.9999999999999984457, 0.8660254037844401509, 1.000000000000000000, 0.8660254037844385966, 1.000000000000000000, 0.8660254037844372643, 1.000000000000001332 ) ) 
 REPRESENTATION_ITEM ( '' )  );
#5802 = ORIENTED_EDGE ( 'NONE', *, *, #2525, .F. ) ;
#5803 = CARTESIAN_POINT ( 'NONE',  ( 0.8816504037844494768, 1.527063293868264671, 7.723958333333336590 ) ) ;
#5804 = CARTESIAN_POINT ( 'NONE',  ( 0.9978205399679962451, -0.2631248712943697887, 8.133209951772101931 ) ) ;
#5805 = CARTESIAN_POINT ( 'NONE',  ( -1.017788105676672439, 0.5876202367904107549, 0.5833333333333359239 ) ) ;
#5806 = LINE ( 'NONE', #5317, #2359 ) ;
#5807 = CARTESIAN_POINT ( 'NONE',  ( 0.000000000000000000, -7.438283133705603770E-16, 8.250000000000000000 ) ) ;
#5808 = CARTESIAN_POINT ( 'NONE',  ( -0.6785254037844485886, -1.175240473580866585, -6.291666666666665186 ) ) ;
#5809 = CARTESIAN_POINT ( 'NONE',  ( 0.8816504037844482555, -1.527063293868297533, 2.588541666666666963 ) ) ;
#5810 = CARTESIAN_POINT ( 'NONE',  ( 1.763300807568897621, -1.547243219053482092E-14, -1.328124999999999556 ) ) ;
#5811 = CONICAL_SURFACE ( 'NONE', #2225, 1.187500000000003331, 0.7853981633974427279 ) ;
#5812 = DIRECTION ( 'NONE',  ( 0.000000000000000000, -1.000000000000000000, 0.000000000000000000 ) ) ;
#5813 = CARTESIAN_POINT ( 'NONE',  ( 0.000000000000000000, 1.175240473580836387, 4.500000000000002665 ) ) ;
#5814 = CARTESIAN_POINT ( 'NONE',  ( 0.9100100306033859221, -0.2087934338140812196, 7.406250000000000888 ) ) ;
#5815 = ORIENTED_EDGE ( 'NONE', *, *, #3393, .F. ) ;
#5816 = CARTESIAN_POINT ( 'NONE',  ( -0.6785254037844480335, 1.175240473580836387, 2.041666666666669183 ) ) ;
#5817 = VECTOR ( 'NONE', #1959, 1000.000000000000000 ) ;
#5818 = EDGE_LOOP ( 'NONE', ( #2595, #3113, #3792, #4412 ) ) ;
#5819 = CARTESIAN_POINT ( 'NONE',  ( -1.439254484199210086E-16, -1.175240473580867251, -2.687499999999997335 ) ) ;
#5820 = CARTESIAN_POINT ( 'NONE',  ( -0.1470339073983195910, -1.523879528077758616, 7.402807630076059908 ) ) ;
#5821 = CARTESIAN_POINT ( 'NONE',  ( 1.357050807568896511, -1.652486303355207847E-14, 7.875000000000001776 ) ) ;
#5822 = CARTESIAN_POINT ( 'NONE',  ( -0.6785254037844485886, -1.175240473580867029, -2.229166666666663854 ) ) ;
#5823 = FACE_OUTER_BOUND ( 'NONE', #4470, .T. ) ;
#5824 = CARTESIAN_POINT ( 'NONE',  ( -1.299038105676672439, 0.7499999999999937828, -4.604166666666665186 ) ) ;
#5825 = CARTESIAN_POINT ( 'NONE',  ( -1.836970198721050149E-16, -1.500000000000032196, 2.562500000000000888 ) ) ;
#5826 = ORIENTED_EDGE ( 'NONE', *, *, #7635, .T. ) ;
#5827 = DIRECTION ( 'NONE',  ( 1.000000000000000000, -1.224646799147353207E-16, -1.499759782661857608E-32 ) ) ;
#5828 = CARTESIAN_POINT ( 'NONE',  ( 0.6785254037844490327, 1.175240473580835943, 2.020833333333335258 ) ) ;
#5829 = CIRCLE ( 'NONE', #3434, 4.608510497053426747 ) ;
#5830 = CYLINDRICAL_SURFACE ( 'NONE', #265, 1.500000000000000888 ) ;
#5831 = CARTESIAN_POINT ( 'NONE',  ( 0.000000000000000000, 1.175240473580837275, -3.937499999999997335 ) ) ;
#5832 = ADVANCED_FACE ( 'NONE', ( #3676 ), #6972, .T. ) ;
#5833 = CARTESIAN_POINT ( 'NONE',  ( -0.6785254037844480335, 1.175240473580837053, -1.458333333333331039 ) ) ;
#5834 = CARTESIAN_POINT ( 'NONE',  ( -0.1857697912670950857, 1.491192056489762940, 7.406250000000000888 ) ) ;
#5835 = ORIENTED_EDGE ( 'NONE', *, *, #6941, .F. ) ;
#5836 = CARTESIAN_POINT ( 'NONE',  ( 3.215498476294970363E-16, 2.287307525620818627, 5.750000000000000000 ) ) ;
#5837 = DIRECTION ( 'NONE',  ( -0.3826834323650963321, 0.9238795325112839629, 2.474944314836671982E-14 ) ) ;
#5838 = CARTESIAN_POINT ( 'NONE',  ( 0.6785254037844478114, -1.175240473580867695, 2.791666666666668739 ) ) ;
#5839 = CARTESIAN_POINT ( 'NONE',  ( 0.1863564938587262965, -1.480580224328586381, 7.402807630290148211 ) ) ;
#5840 = ADVANCED_FACE ( 'NONE', ( #7594 ), #3641, .F. ) ;
#5841 = CARTESIAN_POINT ( 'NONE',  ( 0.8816504037844494768, 1.527063293868266447, -7.244791666666666075 ) ) ;
#5842 = VERTEX_POINT ( 'NONE', #4661 ) ;
#5843 = CARTESIAN_POINT ( 'NONE',  ( 1.017788105676671995, -0.5876202367904412860, -5.604166666666663410 ) ) ;
#5844 = CARTESIAN_POINT ( 'NONE',  ( 0.6169503858357123782, 1.175015652821767009, -8.120244262343568664 ) ) ;
#5845 = ORIENTED_EDGE ( 'NONE', *, *, #7115, .T. ) ;
#5846 = CARTESIAN_POINT ( 'NONE',  ( 1.322475605676672661, -0.7635316469341574264, 7.098958333333337478 ) ) ;
#5847 = CARTESIAN_POINT ( 'NONE',  ( -0.8660254037844477004, -1.500000000000033307, 2.458333333333337034 ) ) ;
#5848 = CARTESIAN_POINT ( 'NONE',  ( 0.000000000000000000, 1.175240473580836609, 1.500000000000002220 ) ) ;
#5849 = CARTESIAN_POINT ( 'NONE',  ( 0.8660254037844489217, 1.500000000000000222, 3.208333333333337034 ) ) ;
#5850 = CARTESIAN_POINT ( 'NONE',  ( 1.299038105676672883, 0.7499999999999928946, -7.333333333333330373 ) ) ;
#5851 = CARTESIAN_POINT ( 'NONE',  ( 1.836970198721030920E-16, 1.500000000000000222, 8.250000000000000000 ) ) ;
#5852 = CARTESIAN_POINT ( 'NONE',  ( -0.8816504037844485886, 1.527063293868265781, 2.338541666666666963 ) ) ;
#5853 = CARTESIAN_POINT ( 'NONE',  ( -1.322475605676673105, 0.7635316469341258960, -3.119791666666666075 ) ) ;
#5854 =( BOUNDED_CURVE ( )  B_SPLINE_CURVE ( 2, ( #4, #5763, #5006, #1843, #44, #7637, #1317 ),
 .UNSPECIFIED., .F., .F. ) 
 B_SPLINE_CURVE_WITH_KNOTS ( ( 3, 2, 2, 3 ),
 ( 0.6666666666666666297, 0.6805555555555554692, 0.6944444444444443088, 0.7083333333333331483 ),
 .UNSPECIFIED. ) 
 CURVE ( )  GEOMETRIC_REPRESENTATION_ITEM ( )  RATIONAL_B_SPLINE_CURVE ( ( 1.000000000000000000, 0.8660254037844387076, 1.000000000000000000, 0.8660254037844387076, 1.000000000000000000, 0.8660254037844408170, 0.9999999999999978906 ) ) 
 REPRESENTATION_ITEM ( '' )  );
#5855 = CARTESIAN_POINT ( 'NONE',  ( 0.000000000000000000, -1.500000000000001554, 8.250000000000000000 ) ) ;
#5856 = CARTESIAN_POINT ( 'NONE',  ( -1.322475605676673105, 0.7635316469341264511, -7.151041666666661634 ) ) ;
#5857 = CARTESIAN_POINT ( 'NONE',  ( -0.1859679960768720053, 1.519732609479227614, 7.399111320804030889 ) ) ;
#5858 = ORIENTED_EDGE ( 'NONE', *, *, #5624, .T. ) ;
#5859 = CARTESIAN_POINT ( 'NONE',  ( 0.000000000000000000, 1.175240473580837719, -6.937499999999997335 ) ) ;
#5860 = VERTEX_POINT ( 'NONE', #3568 ) ;
#5861 = CARTESIAN_POINT ( 'NONE',  ( 1.017788105676672883, 0.5876202367904099777, -0.5208333333333305948 ) ) ;
#5862 = DIRECTION ( 'NONE',  ( 0.3826834323651013836, 0.9238795325112819645, 0.000000000000000000 ) ) ;
#5863 = CARTESIAN_POINT ( 'NONE',  ( 0.6785254037844490327, 1.175240473580835721, 7.458333333333335702 ) ) ;
#5864 = CYLINDRICAL_SURFACE ( 'NONE', #2364, 1.500000000000000888 ) ;
#5865 = SECURITY_CLASSIFICATION ( '', '', #4979 ) ;
#5866 = CARTESIAN_POINT ( 'NONE',  ( 0.8660254037844489217, 1.500000000000001110, -2.291666666666662966 ) ) ;
#5867 = CARTESIAN_POINT ( 'NONE',  ( -1.299038105676672217, -0.7500000000000232037, -0.5208333333333321491 ) ) ;
#5868 = CC_DESIGN_DATE_AND_TIME_ASSIGNMENT ( #5060, #8178, ( #5865 ) ) ;
#5869 = CARTESIAN_POINT ( 'NONE',  ( 0.000000000000000000, 1.527063293868266225, -2.734374999999995559 ) ) ;
#5870 = CARTESIAN_POINT ( 'NONE',  ( -1.357050807568896511, -1.543473124102573732E-14, 1.687500000000002220 ) ) ;
#5871 = LINE ( 'NONE', #6414, #4223 ) ;
#5872 = CARTESIAN_POINT ( 'NONE',  ( 0.6785254037844478114, -1.175240473580867473, -2.645833333333330373 ) ) ;
#5873 = CARTESIAN_POINT ( 'NONE',  ( -1.017788105676672439, 0.5876202367904111989, -2.916666666666664298 ) ) ;
#5874 = FACE_OUTER_BOUND ( 'NONE', #7586, .T. ) ;
#5875 = AXIS2_PLACEMENT_3D ( 'NONE', #1079, #7438, #5600 ) ;
#5876 = EDGE_LOOP ( 'NONE', ( #4759, #7303, #5462, #698 ) ) ;
#5877 = CARTESIAN_POINT ( 'NONE',  ( 1.357050807568896511, -1.647128473608938657E-14, 7.437500000000001776 ) ) ;
#5878 = CARTESIAN_POINT ( 'NONE',  ( 0.8660254037844519193, 1.499999999999994893, 3.770833333333333925 ) ) ;
#5879 = CARTESIAN_POINT ( 'NONE',  ( -1.017788105676672439, -0.5876202367904416191, 3.166666666666668739 ) ) ;
#5880 = CARTESIAN_POINT ( 'NONE',  ( 0.000000000000000000, 1.500000000000002220, -6.687499999999999112 ) ) ;
#5881 = CARTESIAN_POINT ( 'NONE',  ( 1.322475605676672661, -0.7635316469341568713, 2.130208333333333925 ) ) ;
#5882 = AXIS2_PLACEMENT_3D ( 'NONE', #2843, #1517, #7215 ) ;
#5883 = CARTESIAN_POINT ( 'NONE',  ( 0.000000000000000000, 1.527063293868266669, -7.203124999999999112 ) ) ;
#5884 = VERTEX_POINT ( 'NONE', #5458 ) ;
#5885 = CARTESIAN_POINT ( 'NONE',  ( -1.357050807568896511, -1.476117550149469400E-14, -3.812499999999997335 ) ) ;
#5886 = CARTESIAN_POINT ( 'NONE',  ( -1.537088995082177334, 0.2468885705421095533, 7.979230760618284179 ) ) ;
#5887 = EDGE_CURVE ( 'NONE', #2449, #5547, #4781, .T. ) ;
#5888 = ADVANCED_FACE ( 'NONE', ( #6040 ), #4745, .T. ) ;
#5889 = ADVANCED_FACE ( 'NONE', ( #1627 ), #4078, .T. ) ;
#5890 = ORIENTED_EDGE ( 'NONE', *, *, #468, .T. ) ;
#5891 = CARTESIAN_POINT ( 'NONE',  ( 1.322475605676672661, -0.7635316469341573153, 6.098958333333337478 ) ) ;
#5892 =( BOUNDED_CURVE ( )  B_SPLINE_CURVE ( 2, ( #930, #4118, #4741, #1501, #7826, #4701, #1462 ),
 .UNSPECIFIED., .F., .F. ) 
 B_SPLINE_CURVE_WITH_KNOTS ( ( 3, 2, 2, 3 ),
 ( 0.5000000000000000000, 0.5138888888888888395, 0.5277777777777777901, 0.5416666666666666297 ),
 .UNSPECIFIED. ) 
 CURVE ( )  GEOMETRIC_REPRESENTATION_ITEM ( )  RATIONAL_B_SPLINE_CURVE ( ( 1.000000000000000000, 0.8660254037844387076, 1.000000000000000000, 0.8660254037844387076, 1.000000000000000000, 0.8660254037844387076, 1.000000000000000000 ) ) 
 REPRESENTATION_ITEM ( '' )  );
#5893 = CARTESIAN_POINT ( 'NONE',  ( -0.2754000000000001447, -2.044924019760676337E-15, 8.250000000000000000 ) ) ;
#5894 = CARTESIAN_POINT ( 'NONE',  ( -0.6785254037844480335, 1.175240473580836831, 0.5416666666666690721 ) ) ;
#5895 = CARTESIAN_POINT ( 'NONE',  ( 1.836970198721030920E-16, 1.500000000000000222, 8.250000000000000000 ) ) ;
#5896 = CARTESIAN_POINT ( 'NONE',  ( -0.6785254037844480335, 1.175240473580836387, 2.604166666666669183 ) ) ;
#5897 = CARTESIAN_POINT ( 'NONE',  ( 0.000000000000000000, 1.527063293868265559, 2.296875000000000444 ) ) ;
#5898 = CARTESIAN_POINT ( 'NONE',  ( 0.8816504037844494768, 1.527063293868266003, -2.744791666666666075 ) ) ;
#5899 = CARTESIAN_POINT ( 'NONE',  ( -0.6785254037844480335, 1.175240473580837719, -7.958333333333330373 ) ) ;
#5900 = CARTESIAN_POINT ( 'NONE',  ( -0.8816504037844491437, -1.527063293868295535, -7.026041666666660745 ) ) ;
#5901 = CARTESIAN_POINT ( 'NONE',  ( -1.512083700825213262, -0.1735972396126752304, 7.406250000000000888 ) ) ;
#5902 = ORIENTED_EDGE ( 'NONE', *, *, #6748, .T. ) ;
#5903 = LINE ( 'NONE', #7817, #6866 ) ;
#5904 = CARTESIAN_POINT ( 'NONE',  ( -0.6785254037844480335, 1.175240473580837719, -6.395833333333329485 ) ) ;
#5905 = ORIENTED_EDGE ( 'NONE', *, *, #6501, .F. ) ;
#5906 = CARTESIAN_POINT ( 'NONE',  ( -1.017788105676672439, -0.5876202367904413970, 1.729166666666668739 ) ) ;
#5907 = CARTESIAN_POINT ( 'NONE',  ( 0.9279710683664124105, -0.2990896682797105077, 8.265361283549927052 ) ) ;
#5908 = CARTESIAN_POINT ( 'NONE',  ( 0.000000000000000000, 1.175240473580835943, 7.500000000000002665 ) ) ;
#5909 =( BOUNDED_CURVE ( )  B_SPLINE_CURVE ( 2, ( #7562, #2482, #1281, #5022, #6441, #4394, #7737 ),
 .UNSPECIFIED., .F., .F. ) 
 B_SPLINE_CURVE_WITH_KNOTS ( ( 3, 2, 2, 3 ),
 ( 0.08333333333333339810, 0.09722222222222222376, 0.1111111111111111605, 0.1249999999999999722 ),
 .UNSPECIFIED. ) 
 CURVE ( )  GEOMETRIC_REPRESENTATION_ITEM ( )  RATIONAL_B_SPLINE_CURVE ( ( 0.9999999999999997780, 0.8660254037844389297, 1.000000000000000000, 0.8660254037844387076, 1.000000000000000000, 0.8660254037844389297, 0.9999999999999997780 ) ) 
 REPRESENTATION_ITEM ( '' )  );
#5910 = CARTESIAN_POINT ( 'NONE',  ( -1.262442460871882055, -0.3703086561052518766, 5.073915949782440649 ) ) ;
#5911 = CARTESIAN_POINT ( 'NONE',  ( -1.836970198721050149E-16, -1.500000000000032196, 3.062500000000000444 ) ) ;
#5912 = DIRECTION ( 'NONE',  ( -0.000000000000000000, -1.224646799147353207E-16, 1.000000000000000000 ) ) ;
#5913 = CARTESIAN_POINT ( 'NONE',  ( -0.8660254037844440367, 1.500000000000008438, -0.6458333333333324822 ) ) ;
#5914 = B_SPLINE_CURVE_WITH_KNOTS ( 'NONE', 3,
 ( #5582, #1718, #4838, #2921, #6168, #6130, #8000, #3654, #7338, #2261, #4248, #7379, #4211 ),
 .UNSPECIFIED., .F., .F.,
 ( 4, 3, 3, 3, 4 ),
 ( 0.000000000000000000, 1.564682339363557403E-05, 3.129827412196098120E-05, 4.685273646181615050E-05, 6.373692748292019198E-05 ),
 .UNSPECIFIED. ) ;
#5915 = DIRECTION ( 'NONE',  ( -4.188538737677001009E-17, -0.3420201433256696011, 0.9396926207859082059 ) ) ;
#5916 = EDGE_CURVE ( 'NONE', #4877, #4987, #7650, .T. ) ;
#5917 = CARTESIAN_POINT ( 'NONE',  ( 1.357050807568896511, -1.555279963672886981E-14, -0.06249999999999746036 ) ) ;
#5918 = CARTESIAN_POINT ( 'NONE',  ( -0.2069258640381758108, 2.166662592976648607E-15, 3.660975943842971869 ) ) ;
#5919 = CARTESIAN_POINT ( 'NONE',  ( -1.357050807568896511, -1.463105677908528949E-14, -4.874999999999996447 ) ) ;
#5920 = CARTESIAN_POINT ( 'NONE',  ( 0.6785254037844490327, 1.175240473580836387, -0.5416666666666642982 ) ) ;
#5921 = ORIENTED_EDGE ( 'NONE', *, *, #7832, .T. ) ;
#5922 = CARTESIAN_POINT ( 'NONE',  ( -0.6785254037844480335, 1.175240473580835721, 8.104166666666669627 ) ) ;
#5923 = CYLINDRICAL_SURFACE ( 'NONE', #795, 1.500000000000000888 ) ;
#5924 = CARTESIAN_POINT ( 'NONE',  ( 0.6785254037844490327, 1.175240473580835721, 8.520833333333335702 ) ) ;
#5925 = CARTESIAN_POINT ( 'NONE',  ( 0.1867183014945819897, -1.480908766186233017, 7.406250000000000888 ) ) ;
#5926 = CARTESIAN_POINT ( 'NONE',  ( 0.8816504037844482555, -1.527063293868297533, 2.588541666666666963 ) ) ;
#5927 = CARTESIAN_POINT ( 'NONE',  ( -0.8816504037844485886, 1.527063293868266447, -7.661458333333332149 ) ) ;
#5928 = ORIENTED_EDGE ( 'NONE', *, *, #5015, .F. ) ;
#5929 = CARTESIAN_POINT ( 'NONE',  ( -1.017788105676672439, -0.5876202367904406199, -4.770833333333330373 ) ) ;
#5930 = EDGE_LOOP ( 'NONE', ( #7261, #6638, #3076, #7861, #872, #6343, #787, #3865, #7318, #4092, #521, #705, #1749, #6673, #4511, #4583, #1989, #3617, #3328, #1577, #2679, #904, #6418, #5196, #1928 ) ) ;
#5931 = CARTESIAN_POINT ( 'NONE',  ( -1.763300807568897621, -1.604705464059941621E-14, 6.890625000000004441 ) ) ;
#5932 = CARTESIAN_POINT ( 'NONE',  ( 1.533209921821044208, -0.1576114318128955250, 7.500855289840673734 ) ) ;
#5933 = CARTESIAN_POINT ( 'NONE',  ( -1.154494479548345609, 0.8540669729679959410, 5.426196465509156575 ) ) ;
#5934 = CARTESIAN_POINT ( 'NONE',  ( -1.576622122564780515, 0.2078487863861622209, 7.967077405468494966 ) ) ;
#5935 = CARTESIAN_POINT ( 'NONE',  ( 0.000000000000000000, 1.500000000000000888, 2.812500000000001776 ) ) ;
#5936 = CARTESIAN_POINT ( 'NONE',  ( 0.000000000000000000, 1.175240473580836609, 2.562500000000002220 ) ) ;
#5937 = CARTESIAN_POINT ( 'NONE',  ( -1.322475605676673105, -0.7635316469341559831, 2.963541666666666963 ) ) ;
#5939 = ADVANCED_FACE ( 'NONE', ( #1011 ), #5295, .T. ) ;
#5938 = CARTESIAN_POINT ( 'NONE',  ( 0.8816504037844494768, 1.527063293868265337, -0.2447916666666661578 ) ) ;
#5940 = CARTESIAN_POINT ( 'NONE',  ( 1.299038105676671773, -0.7500000000000244249, 1.083333333333337256 ) ) ;
#5941 = CARTESIAN_POINT ( 'NONE',  ( -1.870113174931204576E-16, -1.527063293868295979, -4.484374999999995559 ) ) ;
#5942 = CARTESIAN_POINT ( 'NONE',  ( 1.299038105676672883, 0.7499999999999920064, -1.270833333333332149 ) ) ;
#5943 =( BOUNDED_CURVE ( )  B_SPLINE_CURVE ( 2, ( #1992, #4529, #7032, #2699, #6406, #3942, #7703 ),
 .UNSPECIFIED., .F., .T. ) 
 B_SPLINE_CURVE_WITH_KNOTS ( ( 3, 2, 2, 3 ),
 ( 0.5416666666666666297, 0.5555555555555554692, 0.5694444444444444198, 0.5833333333333332593 ),
 .UNSPECIFIED. ) 
 CURVE ( )  GEOMETRIC_REPRESENTATION_ITEM ( )  RATIONAL_B_SPLINE_CURVE ( ( 1.000000000000001110, 0.8660254037844375974, 1.000000000000000000, 0.8660254037844387076, 1.000000000000000000, 0.8660254037844387076, 1.000000000000000000 ) ) 
 REPRESENTATION_ITEM ( '' )  );
#5944 = EDGE_LOOP ( 'NONE', ( #2004, #3936, #6624, #4251 ) ) ;
#5945 = CARTESIAN_POINT ( 'NONE',  ( 0.000000000000000000, 1.175240473580837275, -3.999999999999997335 ) ) ;
#5946 = CARTESIAN_POINT ( 'NONE',  ( -1.439254484199210086E-16, -1.175240473580866807, -7.187499999999996447 ) ) ;
#5947 = ORIENTED_EDGE ( 'NONE', *, *, #8069, .T. ) ;
#5948 = CARTESIAN_POINT ( 'NONE',  ( 1.017788105676672883, 0.5876202367904097557, 1.479166666666669405 ) ) ;
#5949 = FACE_OUTER_BOUND ( 'NONE', #5717, .T. ) ;
#5950 = CARTESIAN_POINT ( 'NONE',  ( -0.6785254037844485886, -1.175240473580867251, -1.729166666666664076 ) ) ;
#5951 = CARTESIAN_POINT ( 'NONE',  ( 1.036004162901804193, 0.2622035415152657589, 8.124444084471209138 ) ) ;
#5952 = CONICAL_SURFACE ( 'NONE', #1811, 1.619999999999995222, 0.1047197551196600018 ) ;
#5953 = EDGE_CURVE ( 'NONE', #860, #867, #5829, .T. ) ;
#5954 = CYLINDRICAL_SURFACE ( 'NONE', #3955, 1.500000000000000888 ) ;
#5955 = CARTESIAN_POINT ( 'NONE',  ( -0.8660254037844448138, -1.500000000000037970, -6.041666666666664298 ) ) ;
#5956 = PERSON ( 'UNSPECIFIED', 'UNSPECIFIED', 'UNSPECIFIED', ('UNSPECIFIED'), ('UNSPECIFIED'), ('UNSPECIFIED') ) ;
#5957 = APPROVAL_PERSON_ORGANIZATION ( #7373, #352, #5692 ) ;
#5958 = AXIS2_PLACEMENT_3D ( 'NONE', #3429, #252, #2188 ) ;
#5959 = CARTESIAN_POINT ( 'NONE',  ( -1.763300807568897621, -1.500610486132416430E-14, -1.609374999999995559 ) ) ;
#5960 = CARTESIAN_POINT ( 'NONE',  ( -1.357050807568896511, -1.554954187844580310E-14, 2.625000000000002665 ) ) ;
#5961 = CARTESIAN_POINT ( 'NONE',  ( 0.6785254037844478114, -1.175240473580867695, 1.354166666666669405 ) ) ;
#5962 = CARTESIAN_POINT ( 'NONE',  ( -1.017788105676672439, -0.5876202367904416191, 3.729166666666668739 ) ) ;
#5963 = CARTESIAN_POINT ( 'NONE',  ( -0.6785254037844480335, 1.175240473580837497, -6.458333333333330373 ) ) ;
#5964 = CIRCLE ( 'NONE', #6878, 4.608510497053426747 ) ;
#5965 = AXIS2_PLACEMENT_3D ( 'NONE', #6178, #7868, #312 ) ;
#5966 = CARTESIAN_POINT ( 'NONE',  ( -0.6785254037844485886, -1.175240473580867251, -1.791666666666664076 ) ) ;
#5967 = CARTESIAN_POINT ( 'NONE',  ( 0.5251542044367961681, 0.3682059365705825926, 7.406250000000000888 ) ) ;
#5968 = AXIS2_PLACEMENT_3D ( 'NONE', #2920, #7999, #4837 ) ;
#5969 = ORIENTED_EDGE ( 'NONE', *, *, #7722, .T. ) ;
#5970 = CARTESIAN_POINT ( 'NONE',  ( -0.9948384662313856097, -0.6494562409880083598, 4.736964181606567514 ) ) ;
#5971 = CARTESIAN_POINT ( 'NONE',  ( 0.000000000000000000, 1.175240473580836609, 3.000000000000002220 ) ) ;
#5972 = CARTESIAN_POINT ( 'NONE',  ( -1.534691860997135837, -0.2470292989821782637, 7.980070810694635419 ) ) ;
#5973 = B_SPLINE_CURVE_WITH_KNOTS ( 'NONE', 3,
 ( #2338, #7536, #5468, #6790, #6208, #1096, #6094, #569, #3618, #6171, #5545, #8078, #2302, #4289, #3541, #3703 ),
 .UNSPECIFIED., .F., .F.,
 ( 4, 3, 3, 3, 3, 4 ),
 ( 0.000000000000000000, 1.463771985081065061E-05, 2.928091597100519137E-05, 4.384937606648160518E-05, 5.839566969081303024E-05, 6.381151625595466868E-05 ),
 .UNSPECIFIED. ) ;
#5974 = CARTESIAN_POINT ( 'NONE',  ( -1.836970198721050149E-16, -1.500000000000032196, 3.500000000000003553 ) ) ;
#5975 = CARTESIAN_POINT ( 'NONE',  ( -0.8816504037844491437, -1.527063293868295535, -6.494791666666665186 ) ) ;
#5976 = ORIENTED_EDGE ( 'NONE', *, *, #4573, .F. ) ;
#5977 = CARTESIAN_POINT ( 'NONE',  ( 1.017788105676672883, 0.5876202367904101997, -2.520833333333330817 ) ) ;
#5978 = EDGE_LOOP ( 'NONE', ( #7044, #5106, #5135, #1855 ) ) ;
#5979 = CARTESIAN_POINT ( 'NONE',  ( 0.000000000000000000, 1.527063293868264893, 8.265625000000003553 ) ) ;
#5980 = CARTESIAN_POINT ( 'NONE',  ( -1.489937050857380152, -0.1966618281293710524, 7.500856336363595389 ) ) ;
#5981 = CARTESIAN_POINT ( 'NONE',  ( -1.093301003518766468, 0.9286888590906285934, 5.421882820235407685 ) ) ;
#5982 = CARTESIAN_POINT ( 'NONE',  ( -1.533209921821064636, 0.1576114318129289427, 7.500855289840902884 ) ) ;
#5983 = CARTESIAN_POINT ( 'NONE',  ( 1.196817672909247676, -0.9270509831248806565, -7.926502832395822651 ) ) ;
#5984 = CARTESIAN_POINT ( 'NONE',  ( -0.8816504037844491437, -1.527063293868297311, 7.005208333333333925 ) ) ;
#5985 = CARTESIAN_POINT ( 'NONE',  ( 0.000000000000000000, 1.527063293868265559, 1.296875000000000222 ) ) ;
#5986 = CARTESIAN_POINT ( 'NONE',  ( 0.6785254037844490327, 1.175240473580837275, -7.041666666666665186 ) ) ;
#5987 = CARTESIAN_POINT ( 'NONE',  ( -1.870113174931204576E-16, -1.527063293868295979, -4.984374999999995559 ) ) ;
#5988 = CARTESIAN_POINT ( 'NONE',  ( 0.2866551442409728256, -0.9254976877526306378, 8.147054690030635982 ) ) ;
#5989 = ORIENTED_EDGE ( 'NONE', *, *, #6599, .T. ) ;
#5990 = CARTESIAN_POINT ( 'NONE',  ( 1.017788105676671995, -0.5876202367904417301, -2.666666666666664298 ) ) ;
#5991 = CARTESIAN_POINT ( 'NONE',  ( -1.357050807568896067, -1.433254912179312098E-14, -7.312499999999997335 ) ) ;
#5992 = EDGE_LOOP ( 'NONE', ( #5798, #6954 ) ) ;
#5993 = CARTESIAN_POINT ( 'NONE',  ( 1.017788105676671995, -0.5876202367904421742, 1.895833333333336146 ) ) ;
#5994 = CARTESIAN_POINT ( 'NONE',  ( -0.1887742632593215064, -1.560372602834600775, 7.789916515708307010 ) ) ;
#5995 = CARTESIAN_POINT ( 'NONE',  ( 0.6785254037844490327, 1.175240473580836387, 0.5208333333333358128 ) ) ;
#5996 = CARTESIAN_POINT ( 'NONE',  ( -1.732050807568896511, -1.556484996343514499E-14, 2.937500000000000888 ) ) ;
#5997 =( BOUNDED_CURVE ( )  B_SPLINE_CURVE ( 2, ( #2712, #5305, #161, #4672, #5257, #2047, #7842 ),
 .UNSPECIFIED., .F., .F. ) 
 B_SPLINE_CURVE_WITH_KNOTS ( ( 3, 2, 2, 3 ),
 ( 0.8750000000000000000, 0.8888888888888888395, 0.9027777777777777901, 0.9166666666666666297 ),
 .UNSPECIFIED. ) 
 CURVE ( )  GEOMETRIC_REPRESENTATION_ITEM ( )  RATIONAL_B_SPLINE_CURVE ( ( 1.000000000000000000, 0.8660254037844385966, 1.000000000000000000, 0.8660254037844385966, 1.000000000000000000, 0.8660254037844385966, 1.000000000000000000 ) ) 
 REPRESENTATION_ITEM ( '' )  );
#5998 = CARTESIAN_POINT ( 'NONE',  ( -0.8660254037844480335, 1.500000000000002220, -2.208333333333329485 ) ) ;
#5999 = CARTESIAN_POINT ( 'NONE',  ( 1.555317683825095942, 0.2265721224584272830, 7.785433777543697254 ) ) ;
#6000 = EDGE_CURVE ( 'NONE', #7799, #6325, #1507, .T. ) ;
#6001 = B_SPLINE_CURVE_WITH_KNOTS ( 'NONE', 3,
 ( #1111, #2936, #6107, #4227, #6145, #8015, #460, #7470, #1146, #2969, #6839, #2349, #6221, #167, #1357, #6466 ),
 .UNSPECIFIED., .F., .F.,
 ( 4, 3, 3, 3, 3, 4 ),
 ( 0.000000000000000000, 1.463771985081041175E-05, 2.928091597100432740E-05, 4.384937606648091400E-05, 5.839566969081246781E-05, 6.381151625592109908E-05 ),
 .UNSPECIFIED. ) ;
#6002 = ADVANCED_FACE ( 'NONE', ( #6574 ), #6734, .T. ) ;
#6003 = EDGE_CURVE ( 'NONE', #2765, #1785, #5670, .T. ) ;
#6004 = CARTESIAN_POINT ( 'NONE',  ( -0.8816504037844485886, 1.527063293868266225, -0.6927083333333290405 ) ) ;
#6005 = CARTESIAN_POINT ( 'NONE',  ( 0.000000000000000000, -7.438283133705603770E-16, 8.250000000000000000 ) ) ;
#6006 = CARTESIAN_POINT ( 'NONE',  ( 0.6785254037844490327, 1.175240473580836387, -2.041666666666664298 ) ) ;
#6007 = CARTESIAN_POINT ( 'NONE',  ( 0.6785254037844490327, 1.175240473580835943, 3.520833333333335258 ) ) ;
#6008 = CARTESIAN_POINT ( 'NONE',  ( -1.017788105676672439, -0.5876202367904403978, -6.833333333333330373 ) ) ;
#6009 = CARTESIAN_POINT ( 'NONE',  ( -1.017788105676672439, 0.5876202367904110879, -1.916666666666664076 ) ) ;
#6010 = ORIENTED_EDGE ( 'NONE', *, *, #7517, .F. ) ;
#6011 = CARTESIAN_POINT ( 'NONE',  ( 2.948907029683746916E-17, -4.090773428467844553E-15, 8.250000000000000000 ) ) ;
#6012 = CARTESIAN_POINT ( 'NONE',  ( 1.357050807568896511, -1.603500431389314103E-14, 3.875000000000002220 ) ) ;
#6013 = CARTESIAN_POINT ( 'NONE',  ( -0.6785254037844480335, 1.175240473580837497, -6.895833333333330373 ) ) ;
#6014 = CARTESIAN_POINT ( 'NONE',  ( -1.322475605676673105, -0.7635316469341558721, 2.463541666666666963 ) ) ;
#6015 = CARTESIAN_POINT ( 'NONE',  ( 0.8816504037844494768, 1.527063293868266447, -7.744791666666666075 ) ) ;
#6016 = EDGE_LOOP ( 'NONE', ( #6509, #7005, #8204, #8129 ) ) ;
#6017 = CARTESIAN_POINT ( 'NONE',  ( 0.000000000000000000, 1.175240473580837497, -4.437499999999997335 ) ) ;
#6018 = ORIENTED_EDGE ( 'NONE', *, *, #7819, .F. ) ;
#6019 = CARTESIAN_POINT ( 'NONE',  ( -1.439254484199210086E-16, -1.175240473580867695, 2.812500000000002665 ) ) ;
#6020 = FACE_OUTER_BOUND ( 'NONE', #5384, .T. ) ;
#6021 = CARTESIAN_POINT ( 'NONE',  ( 1.507752390197092396, 0.2165511500658414412, 7.690090594014555414 ) ) ;
#6022 = VECTOR ( 'NONE', #4099, 1000.000000000000000 ) ;
#6023 = CARTESIAN_POINT ( 'NONE',  ( 1.732050807568896955, -1.528490814941538194E-14, -2.812499999999999112 ) ) ;
#6024 = CARTESIAN_POINT ( 'NONE',  ( 1.299038105676671995, -0.7500000000000234257, -7.354166666666665186 ) ) ;
#6025 = CARTESIAN_POINT ( 'NONE',  ( 1.050943903833044146, -1.070288237343679949, -7.937499999999996447 ) ) ;
#6026 = CARTESIAN_POINT ( 'NONE',  ( 1.322475605676673771, 0.7635316469341234535, 5.713541666666666963 ) ) ;
#6027 = CARTESIAN_POINT ( 'NONE',  ( 1.763300807568897621, -1.577859389032165879E-14, 1.171875000000000000 ) ) ;
#6028 = CARTESIAN_POINT ( 'NONE',  ( 1.357050807568896511, -1.456542815491631610E-14, -8.124999999999996447 ) ) ;
#6029 = CARTESIAN_POINT ( 'NONE',  ( -1.322475605676673105, 0.7635316469341260071, -4.151041666666662522 ) ) ;
#6030 = DIRECTION ( 'NONE',  ( 0.000000000000000000, -1.000000000000000000, 0.000000000000000000 ) ) ;
#6031 = ORIENTED_EDGE ( 'NONE', *, *, #5014, .F. ) ;
#6032 = DIRECTION ( 'NONE',  ( -0.000000000000000000, -1.224646799147353207E-16, 1.000000000000000000 ) ) ;
#6033 = CARTESIAN_POINT ( 'NONE',  ( 0.6785254037844478114, -1.175240473580867251, -5.645833333333331261 ) ) ;
#6034 = ORIENTED_EDGE ( 'NONE', *, *, #5221, .F. ) ;
#6035 = CARTESIAN_POINT ( 'NONE',  ( 0.6785254037844478114, -1.175240473580867695, 0.8541666666666692942 ) ) ;
#6036 = CARTESIAN_POINT ( 'NONE',  ( 0.000000000000000000, 1.175240473580836387, 5.000000000000002665 ) ) ;
#6037 = CARTESIAN_POINT ( 'NONE',  ( 1.357050807568896067, -1.530787027689939951E-14, -2.062499999999997335 ) ) ;
#6038 = CARTESIAN_POINT ( 'NONE',  ( -1.836970198721050149E-16, -1.500000000000031308, -5.999999999999995559 ) ) ;
#6039 = CARTESIAN_POINT ( 'NONE',  ( -0.8816504037844491437, -1.527063293868296201, 0.4739583333333379778 ) ) ;
#6040 = FACE_OUTER_BOUND ( 'NONE', #5074, .T. ) ;
#6041 = CARTESIAN_POINT ( 'NONE',  ( 0.000000000000000000, 1.175240473580836609, 3.062500000000002665 ) ) ;
#6042 = CARTESIAN_POINT ( 'NONE',  ( -0.6785254037844485886, -1.175240473580867695, 3.270833333333335702 ) ) ;
#6043 = CARTESIAN_POINT ( 'NONE',  ( 0.6785254037844490327, 1.175240473580837275, -6.041666666666663410 ) ) ;
#6044 = CARTESIAN_POINT ( 'NONE',  ( 0.000000000000000000, 1.175240473580836831, 0.5000000000000026645 ) ) ;
#6045 = EDGE_CURVE ( 'NONE', #3497, #4305, #7697, .T. ) ;
#6046 = EDGE_CURVE ( 'NONE', #4796, #6250, #5365, .T. ) ;
#6047 = CARTESIAN_POINT ( 'NONE',  ( 0.8660254037844475894, -1.500000000000032419, 0.1041666666666680036 ) ) ;
#6048 = ORIENTED_EDGE ( 'NONE', *, *, #3126, .T. ) ;
#6049 = CARTESIAN_POINT ( 'NONE',  ( 1.357050807568896511, -1.640239835363734647E-14, 6.875000000000000888 ) ) ;
#6050 = CARTESIAN_POINT ( 'NONE',  ( 1.017788105676672883, 0.5876202367904106438, -7.020833333333330373 ) ) ;
#6051 = CARTESIAN_POINT ( 'NONE',  ( 1.763300807568897621, -1.590105857023639394E-14, 2.171875000000000444 ) ) ;
#6052 = ADVANCED_FACE ( 'NONE', ( #4293 ), #8201, .T. ) ;
#6053 = ORIENTED_EDGE ( 'NONE', *, *, #5186, .T. ) ;
#6054 = CARTESIAN_POINT ( 'NONE',  ( -0.6785254037844485886, -1.175240473580866807, -4.729166666666664298 ) ) ;
#6055 = EDGE_LOOP ( 'NONE', ( #2863, #1885, #6150, #2601 ) ) ;
#6056 = CARTESIAN_POINT ( 'NONE',  ( 0.6785254037844478114, -1.175240473580868139, 4.354166666666669627 ) ) ;
#6057 = CARTESIAN_POINT ( 'NONE',  ( 0.4314072894756699750, -0.5883555573418870477, 8.191913363870522602 ) ) ;
#6058 = UNCERTAINTY_MEASURE_WITH_UNIT (LENGTH_MEASURE( 1.000000000000000082E-05 ), #2129, 'distance_accuracy_value', 'NONE');
#6059 = CARTESIAN_POINT ( 'NONE',  ( -0.9254976877526265300, 0.2866551442409827066, 8.147054690030637758 ) ) ;
#6060 = DIRECTION ( 'NONE',  ( 0.000000000000000000, -1.000000000000000000, 0.000000000000000000 ) ) ;
#6061 = DIRECTION ( 'NONE',  ( 0.000000000000000000, -1.000000000000000000, 0.000000000000000000 ) ) ;
#6062 = CARTESIAN_POINT ( 'NONE',  ( -0.6785254037844480335, 1.175240473580836387, 3.104166666666669183 ) ) ;
#6063 = CARTESIAN_POINT ( 'NONE',  ( 0.000000000000000000, 1.527063293868264893, 7.296875000000000000 ) ) ;
#6064 = CARTESIAN_POINT ( 'NONE',  ( -1.322475605676673105, 0.7635316469341255630, -0.1197916666666660468 ) ) ;
#6065 = CARTESIAN_POINT ( 'NONE',  ( 0.000000000000000000, 1.175240473580837941, -7.999999999999996447 ) ) ;
#6066 = CARTESIAN_POINT ( 'NONE',  ( -0.8816504037844485886, 1.527063293868266447, -6.192708333333328596 ) ) ;
#6067 = CARTESIAN_POINT ( 'NONE',  ( -1.836970198721050149E-16, -1.500000000000031752, -2.437499999999998668 ) ) ;
#6068 = EDGE_CURVE ( 'NONE', #5704, #2512, #323, .T. ) ;
#6069 = ORIENTED_EDGE ( 'NONE', *, *, #4061, .F. ) ;
#6070 = CARTESIAN_POINT ( 'NONE',  ( 0.2990896682797050121, -0.9279710683664144089, 8.265361283549927052 ) ) ;
#6071 = CARTESIAN_POINT ( 'NONE',  ( -1.017788105676672439, -0.5876202367904407309, -4.270833333333330373 ) ) ;
#6072 = ORIENTED_EDGE ( 'NONE', *, *, #4298, .F. ) ;
#6073 = CARTESIAN_POINT ( 'NONE',  ( -0.6785254037844485886, -1.175240473580867473, 0.2708333333333360349 ) ) ;
#6074 = CARTESIAN_POINT ( 'NONE',  ( 1.017788105676672883, 0.5876202367904094226, 3.916666666666669183 ) ) ;
#6075 = CARTESIAN_POINT ( 'NONE',  ( -1.017788105676672439, -0.5876202367904409529, -1.770833333333330817 ) ) ;
#6076 = CARTESIAN_POINT ( 'NONE',  ( 0.2078487863861430696, -1.576622122564785400, 7.967077405468494966 ) ) ;
#6077 = DIRECTION ( 'NONE',  ( 0.9238795325112884038, 0.3826834323650855074, 1.232766940089749288E-14 ) ) ;
#6078 = CIRCLE ( 'NONE', #7672, 1.590263637062382163 ) ;
#6079 = CARTESIAN_POINT ( 'NONE',  ( 0.8816504037844482555, -1.527063293868296867, -0.4427083333333288184 ) ) ;
#6080 = CARTESIAN_POINT ( 'NONE',  ( 0.1470339072918487033, 1.523879527983820870, 7.402807629089148911 ) ) ;
#6081 = CARTESIAN_POINT ( 'NONE',  ( 0.6785254037844490327, 1.175240473580836387, -1.541666666666664298 ) ) ;
#6082 = CARTESIAN_POINT ( 'NONE',  ( -0.6785254037844501429, 1.175240473580833500, 3.104166666666669183 ) ) ;
#6083 =( BOUNDED_SURFACE ( )  B_SPLINE_SURFACE ( 3, 2, ( 
 ( #4540, #5212, #4370 ),
 ( #8195, #5037, #1873 ),
 ( #4413, #6953, #4041 ),
 ( #2213, #3496, #7295 ) ),
 .UNSPECIFIED., .F., .F., .F. ) 
 B_SPLINE_SURFACE_WITH_KNOTS ( ( 4, 4 ),
 ( 3, 3 ),
 ( 0.001051995562049050760, 0.001638430371242081962 ),
 ( 0.000000000000000000, 1.000000000000000000 ),
 .UNSPECIFIED. ) 
 GEOMETRIC_REPRESENTATION_ITEM ( )  RATIONAL_B_SPLINE_SURFACE ( (
 ( 1.000000000000000000, 0.7553668689636093836, 1.000000000000000000),
 ( 1.000000000000000000, 0.7516316305290535738, 1.000000000000000000),
 ( 1.000000000000000000, 0.7477224900206385083, 1.000000000000000000),
 ( 1.000000000000000000, 0.7436119262819665954, 1.000000000000000000) ) ) 
 REPRESENTATION_ITEM ( '' )  SURFACE ( )  );
#6084 = CARTESIAN_POINT ( 'NONE',  ( -1.439254484199210086E-16, -1.175240473580867029, -5.249999999999997335 ) ) ;
#6085 = AXIS2_PLACEMENT_3D ( 'NONE', #3687, #6856, #3887 ) ;
#6086 = COORDINATED_UNIVERSAL_TIME_OFFSET ( 6, 0, .BEHIND. ) ;
#6087 = VERTEX_POINT ( 'NONE', #2460 ) ;
#6088 = EDGE_CURVE ( 'NONE', #1498, #5579, #7025, .T. ) ;
#6089 = AXIS2_PLACEMENT_3D ( 'NONE', #4453, #1217, #6323 ) ;
#6090 = CARTESIAN_POINT ( 'NONE',  ( 0.000000000000000000, 1.500000000000001776, -4.187499999999999112 ) ) ;
#6091 = CARTESIAN_POINT ( 'NONE',  ( 0.000000000000000000, 1.175240473580836165, 6.500000000000002665 ) ) ;
#6092 = CARTESIAN_POINT ( 'NONE',  ( -1.836970198721050149E-16, -1.500000000000032419, 4.000000000000004441 ) ) ;
#6093 = VERTEX_POINT ( 'NONE', #1222 ) ;
#6094 = CARTESIAN_POINT ( 'NONE',  ( 0.1771724077350070592, 1.508146100628093844, 7.406250000000000888 ) ) ;
#6095 = ORIENTED_EDGE ( 'NONE', *, *, #1716, .T. ) ;
#6096 = CARTESIAN_POINT ( 'NONE',  ( 0.6785254037844490327, 1.175240473580835943, 3.020833333333335258 ) ) ;
#6097 = EDGE_CURVE ( 'NONE', #2917, #1881, #2425, .T. ) ;
#6098 = CARTESIAN_POINT ( 'NONE',  ( -1.732050807568896511, -1.525868826364830396E-14, 0.4375000000000011102 ) ) ;
#6099 = EDGE_CURVE ( 'NONE', #1754, #734, #7328, .T. ) ;
#6100 = CARTESIAN_POINT ( 'NONE',  ( -1.400739864442308580, -0.4046642157569506626, 5.486686000668211882 ) ) ;
#6101 = DIRECTION ( 'NONE',  ( 0.1045058763748855923, -0.02078751127481551914, -0.9943069954385901354 ) ) ;
#6102 = CARTESIAN_POINT ( 'NONE',  ( -0.6785254037844480335, 1.175240473580836165, 5.104166666666667851 ) ) ;
#6103 = CARTESIAN_POINT ( 'NONE',  ( -1.763300807568897621, -1.611211400180412005E-14, 7.421875000000000000 ) ) ;
#6104 = CARTESIAN_POINT ( 'NONE',  ( -1.763300807568897621, -1.507116422252886498E-14, -1.078124999999999556 ) ) ;
#6105 = CARTESIAN_POINT ( 'NONE',  ( 0.000000000000000000, 1.175240473580837719, -5.999999999999996447 ) ) ;
#6106 = CARTESIAN_POINT ( 'NONE',  ( -1.322475605676673105, 0.7635316469341262291, -5.151041666666661634 ) ) ;
#6107 = CARTESIAN_POINT ( 'NONE',  ( -1.490734877733620012, 0.1858814171829831774, 7.406250000000000888 ) ) ;
#6108 = EDGE_LOOP ( 'NONE', ( #4721, #7396, #3425, #2031 ) ) ;
#6109 = CARTESIAN_POINT ( 'NONE',  ( -1.836970198721050395E-16, -1.500000000000031530, -5.937499999999998224 ) ) ;
#6110 = CARTESIAN_POINT ( 'NONE',  ( 1.017788105676672883, 0.5876202367904105328, -4.520833333333330373 ) ) ;
#6111 = ORIENTED_EDGE ( 'NONE', *, *, #6442, .T. ) ;
#6112 = CARTESIAN_POINT ( 'NONE',  ( -0.2712414087855086753, -0.9609782536090913929, 8.140750377164774676 ) ) ;
#6113 = CARTESIAN_POINT ( 'NONE',  ( 0.6785254037844478114, -1.175240473580868361, 5.791666666666668739 ) ) ;
#6114 = CARTESIAN_POINT ( 'NONE',  ( -1.357050807568896067, -1.518980188119626702E-14, -0.3124999999999977240 ) ) ;
#6115 = CARTESIAN_POINT ( 'NONE',  ( 1.512083700825213262, 0.1735972396126735373, 7.406250000000000888 ) ) ;
#6116 = CARTESIAN_POINT ( 'NONE',  ( -1.299038105676672217, 0.7499999999999934497, -2.166666666666662966 ) ) ;
#6117 = CARTESIAN_POINT ( 'NONE',  ( 1.542301016495473576, 0.1679132586585672660, 7.596345007782964842 ) ) ;
#6118 = CARTESIAN_POINT ( 'NONE',  ( -1.322475605676673105, -0.7635316469341558721, 2.932291666666670515 ) ) ;
#6119 = CARTESIAN_POINT ( 'NONE',  ( -0.1979066122514630821, -1.568143934809874018, 7.874741344396914755 ) ) ;
#6120 = CARTESIAN_POINT ( 'NONE',  ( 1.357050807568896511, -1.592019367647307525E-14, 2.937500000000002220 ) ) ;
#6121 = CARTESIAN_POINT ( 'NONE',  ( 0.8660254037844489217, 1.500000000000000888, -0.2916666666666630214 ) ) ;
#6122 = CARTESIAN_POINT ( 'NONE',  ( -1.439254484199210086E-16, -1.175240473580867029, -4.749999999999997335 ) ) ;
#6123 = CC_DESIGN_PERSON_AND_ORGANIZATION_ASSIGNMENT ( #3808, #1816, ( #6222 ) ) ;
#6124 =( BOUNDED_CURVE ( )  B_SPLINE_CURVE ( 2, ( #684, #2615, #1422, #2745, #3993, #1384, #3193 ),
 .UNSPECIFIED., .F., .F. ) 
 B_SPLINE_CURVE_WITH_KNOTS ( ( 3, 2, 2, 3 ),
 ( 0.5000000000000000000, 0.5138888888888888395, 0.5277777777777776791, 0.5416666666666666297 ),
 .UNSPECIFIED. ) 
 CURVE ( )  GEOMETRIC_REPRESENTATION_ITEM ( )  RATIONAL_B_SPLINE_CURVE ( ( 1.000000000000000000, 0.8660254037844387076, 1.000000000000000000, 0.8660254037844387076, 1.000000000000000000, 0.8660254037844398178, 0.9999999999999988898 ) ) 
 REPRESENTATION_ITEM ( '' )  );
#6125 = APPROVAL_DATE_TIME ( #4354, #4645 ) ;
#6126 = ORIENTED_EDGE ( 'NONE', *, *, #5343, .T. ) ;
#6127 = DIRECTION ( 'NONE',  ( -0.9238795325112859613, 0.3826834323650916136, -0.000000000000000000 ) ) ;
#6128 = CARTESIAN_POINT ( 'NONE',  ( -0.6785254037844480335, 1.175240473580835943, 6.041666666666669627 ) ) ;
#6129 = CARTESIAN_POINT ( 'NONE',  ( -1.017788105676672439, -0.5876202367904402868, -7.770833333333330373 ) ) ;
#6130 = CARTESIAN_POINT ( 'NONE',  ( 1.558176212289526630, 0.2392183543293095738, 7.972137828681206351 ) ) ;
#6131 = EDGE_LOOP ( 'NONE', ( #5672, #5752, #4712, #3382 ) ) ;
#6132 = DIRECTION ( 'NONE',  ( -1.000000000000000000, 1.224646799147353207E-16, 1.499759782661857608E-32 ) ) ;
#6133 = ORIENTED_EDGE ( 'NONE', *, *, #3442, .F. ) ;
#6134 = CARTESIAN_POINT ( 'NONE',  ( 1.357050807568896511, -1.610389069634517797E-14, 4.437500000000001776 ) ) ;
#6135 = CARTESIAN_POINT ( 'NONE',  ( -0.9100100306033838127, 0.2087934338140858270, 7.406250000000000888 ) ) ;
#6136 = CARTESIAN_POINT ( 'NONE',  ( 0.000000000000000000, 1.500000000000001998, -2.687499999999998668 ) ) ;
#6137 = CARTESIAN_POINT ( 'NONE',  ( -0.6785254037844480335, 1.175240473580836165, 3.604166666666668295 ) ) ;
#6138 = CARTESIAN_POINT ( 'NONE',  ( -0.8816504037844491437, -1.527063293868296867, 5.505208333333333925 ) ) ;
#6139 = CARTESIAN_POINT ( 'NONE',  ( 0.000000000000000000, -7.438283133705603770E-16, 8.250000000000000000 ) ) ;
#6140 = ADVANCED_FACE ( 'NONE', ( #5000 ), #4771, .T. ) ;
#6141 = CARTESIAN_POINT ( 'NONE',  ( -0.6785254037844480335, 1.175240473580837275, -4.958333333333330373 ) ) ;
#6142 = EDGE_CURVE ( 'NONE', #5884, #121, #2856, .T. ) ;
#6143 = EDGE_CURVE ( 'NONE', #5860, #2508, #3326, .T. ) ;
#6144 = CARTESIAN_POINT ( 'NONE',  ( 1.322475605676673771, 0.7635316469341244527, -2.317708333333328596 ) ) ;
#6145 = CARTESIAN_POINT ( 'NONE',  ( -1.499946631447518497, 0.1826575322082522324, 7.406250000000000888 ) ) ;
#6146 = AXIS2_PLACEMENT_3D ( 'NONE', #792, #5099, #7 ) ;
#6147 = CARTESIAN_POINT ( 'NONE',  ( -1.732050807568896955, -1.458513252411726696E-14, -5.062499999999999112 ) ) ;
#6148 = CARTESIAN_POINT ( 'NONE',  ( -1.357050807568896067, -1.469994316153732643E-14, -4.312499999999996447 ) ) ;
#6149 = CARTESIAN_POINT ( 'NONE',  ( -1.017788105676672439, -0.5876202367904411750, -0.3333333333333308723 ) ) ;
#6150 = ORIENTED_EDGE ( 'NONE', *, *, #4860, .F. ) ;
#6151 = CARTESIAN_POINT ( 'NONE',  ( 0.6785254037844478114, -1.175240473580867695, 2.354166666666669183 ) ) ;
#6152 = CARTESIAN_POINT ( 'NONE',  ( 1.357050807568896511, -1.615746899380787618E-14, 4.875000000000002665 ) ) ;
#6153 = CARTESIAN_POINT ( 'NONE',  ( -0.6785254037844485886, -1.175240473580867695, 2.770833333333336146 ) ) ;
#6154 = AXIS2_PLACEMENT_3D ( 'NONE', #6249, #30, #5035 ) ;
#6155 = CARTESIAN_POINT ( 'NONE',  ( -1.836970198721050395E-16, -1.500000000000031086, -7.937499999999998224 ) ) ;
#6156 = CARTESIAN_POINT ( 'NONE',  ( 0.000000000000000000, 1.175240473580836609, 3.000000000000002220 ) ) ;
#6157 = CARTESIAN_POINT ( 'NONE',  ( 0.000000000000000000, -7.438283133705603770E-16, 8.250000000000000000 ) ) ;
#6158 = CARTESIAN_POINT ( 'NONE',  ( 0.8816504037844494768, 1.527063293868265337, 1.223958333333337256 ) ) ;
#6159 = CARTESIAN_POINT ( 'NONE',  ( 1.534691860997134727, -0.2470292989821820662, 7.980070810694635419 ) ) ;
#6160 = CARTESIAN_POINT ( 'NONE',  ( -1.017788105676672439, -0.5876202367904409529, -2.333333333333330817 ) ) ;
#6161 = DIRECTION ( 'NONE',  ( 0.000000000000000000, 1.000000000000000000, 9.405817288407723518E-17 ) ) ;
#6162 = CARTESIAN_POINT ( 'NONE',  ( 0.6785254037844478114, -1.175240473580867473, -3.208333333333329929 ) ) ;
#6163 = CARTESIAN_POINT ( 'NONE',  ( 0.8816504037844482555, -1.527063293868296423, -4.411458333333332149 ) ) ;
#6164 = ORIENTED_EDGE ( 'NONE', *, *, #4777, .F. ) ;
#6165 = CARTESIAN_POINT ( 'NONE',  ( -1.836970198721050149E-16, -1.500000000000031974, -1.437499999999998668 ) ) ;
#6166 = CARTESIAN_POINT ( 'NONE',  ( -1.439254484199210086E-16, -1.175240473580868361, 7.250000000000001776 ) ) ;
#6167 = CARTESIAN_POINT ( 'NONE',  ( -1.017788105676672439, 0.5876202367904114210, -4.854166666666663410 ) ) ;
#6168 = CARTESIAN_POINT ( 'NONE',  ( 1.553796817639130801, 0.2419763615505478860, 7.973557129246367836 ) ) ;
#6169 =( BOUNDED_CURVE ( )  B_SPLINE_CURVE ( 2, ( #1997, #5249, #3866, #6535, #192, #5206, #5785 ),
 .UNSPECIFIED., .F., .F. ) 
 B_SPLINE_CURVE_WITH_KNOTS ( ( 3, 2, 2, 3 ),
 ( 0.1249999999999999445, 0.1388888888888888673, 0.1527777777777777624, 0.1666666666666666574 ),
 .UNSPECIFIED. ) 
 CURVE ( )  GEOMETRIC_REPRESENTATION_ITEM ( )  RATIONAL_B_SPLINE_CURVE ( ( 1.000000000000000444, 0.8660254037844381525, 1.000000000000000000, 0.8660254037844387076, 1.000000000000000000, 0.8660254037844387076, 1.000000000000000000 ) ) 
 REPRESENTATION_ITEM ( '' )  );
#6170 = VERTEX_POINT ( 'NONE', #5259 ) ;
#6171 = CARTESIAN_POINT ( 'NONE',  ( 0.1662786652472728888, 1.517818597926567703, 7.406250000000000888 ) ) ;
#6172 = ORIENTED_EDGE ( 'NONE', *, *, #6651, .F. ) ;
#6173 = CARTESIAN_POINT ( 'NONE',  ( 0.6785254037844478114, -1.175240473580868361, 5.854166666666667851 ) ) ;
#6174 = CARTESIAN_POINT ( 'NONE',  ( 0.000000000000000000, 1.500000000000001110, 0.3125000000000013878 ) ) ;
#6175 = DIRECTION ( 'NONE',  ( -0.000000000000000000, -1.224646799147352961E-16, 1.000000000000000000 ) ) ;
#6176 = CARTESIAN_POINT ( 'NONE',  ( 0.6785254037844490327, 1.175240473580835721, 4.520833333333335702 ) ) ;
#6177 = CARTESIAN_POINT ( 'NONE',  ( 0.8660254037844451469, 1.500000000000008438, -3.729166666666665630 ) ) ;
#6178 = CARTESIAN_POINT ( 'NONE',  ( 0.2410245267385765222, 0.5818846813168248033, 8.250000000000000000 ) ) ;
#6179 = CARTESIAN_POINT ( 'NONE',  ( -1.017788105676672439, 0.5876202367904113100, -4.416666666666664298 ) ) ;
#6180 = CARTESIAN_POINT ( 'NONE',  ( -1.322475605676673105, -0.7635316469341552059, -3.067708333333328596 ) ) ;
#6181 = CARTESIAN_POINT ( 'NONE',  ( -1.390969377745092661, -0.2281255838188741003, 5.329633457469315161 ) ) ;
#6182 = CARTESIAN_POINT ( 'NONE',  ( -0.8816504037844491437, -1.527063293868296423, 3.473958333333337478 ) ) ;
#6183 = CARTESIAN_POINT ( 'NONE',  ( -1.017788105676672439, 0.5876202367904111989, -3.354166666666664298 ) ) ;
#6184 = CARTESIAN_POINT ( 'NONE',  ( -0.6785254037844485886, -1.175240473580867251, -0.7916666666666640761 ) ) ;
#6185 = ORIENTED_EDGE ( 'NONE', *, *, #3200, .F. ) ;
#6186 = CARTESIAN_POINT ( 'NONE',  ( -0.05496445076863409190, -0.1326959224940226501, 3.624131139626886711 ) ) ;
#6187 = CARTESIAN_POINT ( 'NONE',  ( 1.017788105676672883, 0.5876202367904093116, 5.416666666666668739 ) ) ;
#6188 = ADVANCED_FACE ( 'NONE', ( #3835 ), #8158, .F. ) ;
#6189 = CARTESIAN_POINT ( 'NONE',  ( -0.6785254037844485886, -1.175240473580867695, 2.270833333333335702 ) ) ;
#6190 = CARTESIAN_POINT ( 'NONE',  ( 1.017788105676672883, 0.5876202367904099777, -0.08333333333333109438 ) ) ;
#6191 = CARTESIAN_POINT ( 'NONE',  ( 0.000000000000000000, 1.351151883724551750, -2.601562499999997780 ) ) ;
#6192 = CARTESIAN_POINT ( 'NONE',  ( 0.000000000000000000, 1.175240473580836387, 3.500000000000002220 ) ) ;
#6193 = CARTESIAN_POINT ( 'NONE',  ( -1.836970198721050149E-16, -1.500000000000032641, 5.500000000000004441 ) ) ;
#6194 = CARTESIAN_POINT ( 'NONE',  ( -1.870113174931204576E-16, -1.527063293868296867, 2.015625000000004441 ) ) ;
#6195 = CARTESIAN_POINT ( 'NONE',  ( -0.1621629660692610053, -1.520383176458097951, 7.406250000000000888 ) ) ;
#6196 = CARTESIAN_POINT ( 'NONE',  ( 0.000000000000000000, 1.175240473580836831, 2.602085213965210642E-15 ) ) ;
#6197 = EDGE_CURVE ( 'NONE', #1521, #6210, #4545, .T. ) ;
#6198 = CARTESIAN_POINT ( 'NONE',  ( 0.000000000000000000, -1.500000000000001554, 8.250000000000000000 ) ) ;
#6199 = CARTESIAN_POINT ( 'NONE',  ( 0.000000000000000000, -2.287307525620819515, 5.750000000000000000 ) ) ;
#6200 = CARTESIAN_POINT ( 'NONE',  ( -0.8816504037844485886, 1.527063293868266447, -4.661458333333332149 ) ) ;
#6201 =( BOUNDED_CURVE ( )  B_SPLINE_CURVE ( 2, ( #5139, #7685, #1980, #473, #4274, #4515, #5097 ),
 .UNSPECIFIED., .F., .F. ) 
 B_SPLINE_CURVE_WITH_KNOTS ( ( 3, 2, 2, 3 ),
 ( 0.2083333333333332038, 0.2222222222222220989, 0.2361111111111111049, 0.2500000000000000000 ),
 .UNSPECIFIED. ) 
 CURVE ( )  GEOMETRIC_REPRESENTATION_ITEM ( )  RATIONAL_B_SPLINE_CURVE ( ( 1.000000000000001554, 0.8660254037844371533, 1.000000000000000000, 0.8660254037844387076, 1.000000000000000000, 0.8660254037844387076, 1.000000000000000000 ) ) 
 REPRESENTATION_ITEM ( '' )  );
#6202 = ORIENTED_EDGE ( 'NONE', *, *, #6045, .T. ) ;
#6203 = DIRECTION ( 'NONE',  ( -0.000000000000000000, -1.224646799147353207E-16, 1.000000000000000000 ) ) ;
#6204 = CARTESIAN_POINT ( 'NONE',  ( -0.6785254037844485886, -1.175240473580866807, -4.229166666666664298 ) ) ;
#6205 = CIRCLE ( 'NONE', #115, 1.500000000000000000 ) ;
#6206 = FACE_OUTER_BOUND ( 'NONE', #3735, .T. ) ;
#6207 = VERTEX_POINT ( 'NONE', #5216 ) ;
#6208 = CARTESIAN_POINT ( 'NONE',  ( 0.1826575322082374386, 1.499946631447520717, 7.406250000000000888 ) ) ;
#6209 = TOROIDAL_SURFACE ( 'NONE', #6613, 2.287307525620819071, 0.6875000000000004441 ) ;
#6210 = VERTEX_POINT ( 'NONE', #3294 ) ;
#6211 = CARTESIAN_POINT ( 'NONE',  ( -0.6785254037844480335, 1.175240473580836165, 5.104166666666667851 ) ) ;
#6212 = CARTESIAN_POINT ( 'NONE',  ( -1.732050807568896511, -1.544238528352040669E-14, 1.937500000000001554 ) ) ;
#6213 = CARTESIAN_POINT ( 'NONE',  ( 0.2078487863861620544, 1.576622122564781403, 7.967077405468494966 ) ) ;
#6214 = CARTESIAN_POINT ( 'NONE',  ( -0.6785254037844485886, -1.175240473580867695, 3.770833333333335702 ) ) ;
#6215 = DIRECTION ( 'NONE',  ( -0.9238795325112889589, -0.3826834323650843417, 0.000000000000000000 ) ) ;
#6216 = DIRECTION ( 'NONE',  ( 0.000000000000000000, -1.000000000000000000, 0.000000000000000000 ) ) ;
#6217 = AXIS2_PLACEMENT_3D ( 'NONE', #3282, #856, #2041 ) ;
#6218 = CIRCLE ( 'NONE', #7415, 1.531318301494582590 ) ;
#6219 = CARTESIAN_POINT ( 'NONE',  ( -1.357050807568896511, -1.456982443912791876E-14, -5.374999999999997335 ) ) ;
#6220 = CARTESIAN_POINT ( 'NONE',  ( 0.000000000000000000, 1.175240473580837941, -8.437499999999996447 ) ) ;
#6221 = CARTESIAN_POINT ( 'NONE',  ( -1.523339158636660029, 0.1528188066165061254, 7.406250000000000888 ) ) ;
#6222 = PRODUCT_DEFINITION ( 'UNKNOWN', '', #6789, #336 ) ;
#6223 = CARTESIAN_POINT ( 'NONE',  ( -0.8816504037844485886, 1.527063293868265781, 3.307291666666671404 ) ) ;
#6224 = CARTESIAN_POINT ( 'NONE',  ( -1.017788105676672439, 0.5876202367904113100, -4.354166666666664298 ) ) ;
#6225 = AXIS2_PLACEMENT_3D ( 'NONE', #2793, #4828, #316 ) ;
#6226 = CARTESIAN_POINT ( 'NONE',  ( 1.017788105676672883, 0.5876202367904099777, -0.08333333333333109438 ) ) ;
#6227 = VERTEX_POINT ( 'NONE', #823 ) ;
#6228 = CARTESIAN_POINT ( 'NONE',  ( 1.357050807568896511, -1.585896133651570452E-14, 2.437500000000001776 ) ) ;
#6229 = CARTESIAN_POINT ( 'NONE',  ( 1.017788105676672883, 0.5876202367904092005, 5.916666666666668739 ) ) ;
#6230 = CARTESIAN_POINT ( 'NONE',  ( -0.4314072894756710297, -0.5883555573418859375, 8.191913363870522602 ) ) ;
#6231 = CARTESIAN_POINT ( 'NONE',  ( 1.017788105676672883, 0.5876202367904096446, 1.916666666666668961 ) ) ;
#6232 = CARTESIAN_POINT ( 'NONE',  ( 1.484567452862549430, 0.1866037099812795919, 7.406250000000000888 ) ) ;
#6233 = CARTESIAN_POINT ( 'NONE',  ( 1.017788105676672883, 0.5876202367904095336, 3.416666666666669183 ) ) ;
#6234 = PLANE ( 'NONE',  #7950 ) ;
#6235 = ORIENTED_EDGE ( 'NONE', *, *, #4713, .F. ) ;
#6236 = CARTESIAN_POINT ( 'NONE',  ( 1.763300807568897621, -1.589723154898906083E-14, 2.140625000000004441 ) ) ;
#6237 = CARTESIAN_POINT ( 'NONE',  ( -1.017788105676672439, 0.5876202367904108659, -0.4166666666666641317 ) ) ;
#6238 = CARTESIAN_POINT ( 'NONE',  ( 1.299038105676671773, -0.7500000000000245359, 2.145833333333334814 ) ) ;
#6239 = CARTESIAN_POINT ( 'NONE',  ( 0.6785254037844490327, 1.175240473580837053, -4.541666666666664298 ) ) ;
#6240 = CARTESIAN_POINT ( 'NONE',  ( -1.836970198721050149E-16, -1.500000000000031974, -1.499999999999996447 ) ) ;
#6241 = CARTESIAN_POINT ( 'NONE',  ( 0.000000000000000000, 1.527063293868266225, -3.703124999999999112 ) ) ;
#6242 = EDGE_CURVE ( 'NONE', #324, #7151, #7172, .T. ) ;
#6243 = EDGE_CURVE ( 'NONE', #6366, #3895, #3072, .T. ) ;
#6244 = EDGE_CURVE ( 'NONE', #4834, #2449, #4824, .T. ) ;
#6245 = ORIENTED_EDGE ( 'NONE', *, *, #825, .T. ) ;
#6246 = CARTESIAN_POINT ( 'NONE',  ( -0.6785254037844485886, -1.175240473580867251, -1.229166666666664298 ) ) ;
#6247 = CARTESIAN_POINT ( 'NONE',  ( 1.732050807568896511, -1.539971878683544772E-14, -1.874999999999996225 ) ) ;
#6248 = CARTESIAN_POINT ( 'NONE',  ( 0.6785254037844478114, -1.175240473580867029, -6.645833333333330373 ) ) ;
#6249 = CARTESIAN_POINT ( 'NONE',  ( 0.000000000000000000, -7.438283133705603770E-16, 8.250000000000000000 ) ) ;
#6250 = VERTEX_POINT ( 'NONE', #5429 ) ;
#6251 =( BOUNDED_CURVE ( )  B_SPLINE_CURVE ( 2, ( #4597, #7853, #4556, #791, #129, #2641, #7141 ),
 .UNSPECIFIED., .F., .F. ) 
 B_SPLINE_CURVE_WITH_KNOTS ( ( 3, 2, 2, 3 ),
 ( 0.5416666666666667407, 0.5555555555555556912, 0.5694444444444444198, 0.5833333333333333703 ),
 .UNSPECIFIED. ) 
 CURVE ( )  GEOMETRIC_REPRESENTATION_ITEM ( )  RATIONAL_B_SPLINE_CURVE ( ( 0.9999999999999988898, 0.8660254037844397068, 1.000000000000000000, 0.8660254037844385966, 1.000000000000000000, 0.8660254037844385966, 1.000000000000000000 ) ) 
 REPRESENTATION_ITEM ( '' )  );
#6252 = CARTESIAN_POINT ( 'NONE',  ( 0.3338013282662256054, 1.293082643740488535, 5.129866709609462561 ) ) ;
#6253 = ORIENTED_EDGE ( 'NONE', *, *, #321, .T. ) ;
#6254 = CARTESIAN_POINT ( 'NONE',  ( -1.357050807568896511, -1.610828698055678063E-14, 7.187500000000002665 ) ) ;
#6255 = CARTESIAN_POINT ( 'NONE',  ( 0.5631462490855106973, 1.038180288643460125, 8.198051900844818718 ) ) ;
#6256 = FACE_OUTER_BOUND ( 'NONE', #5944, .T. ) ;
#6257 = CARTESIAN_POINT ( 'NONE',  ( -1.017788105676672439, 0.5876202367904100887, 7.145833333333335702 ) ) ;
#6258 = CARTESIAN_POINT ( 'NONE',  ( -1.017788105676672439, 0.5876202367904115320, -5.416666666666663410 ) ) ;
#6259 = CARTESIAN_POINT ( 'NONE',  ( 1.322475605676672661, -0.7635316469341560941, -3.901041666666662078 ) ) ;
#6260 = CARTESIAN_POINT ( 'NONE',  ( -1.212660653210742456, -0.7453164392736875143, 5.368102637616795292 ) ) ;
#6261 = CARTESIAN_POINT ( 'NONE',  ( -1.763300807568897621, -1.555719592094047562E-14, 2.890625000000004441 ) ) ;
#6262 = FACE_OUTER_BOUND ( 'NONE', #6742, .T. ) ;
#6263 = CARTESIAN_POINT ( 'NONE',  ( -1.017788105676672439, -0.5876202367904412860, 0.1666666666666691277 ) ) ;
#6264 = VERTEX_POINT ( 'NONE', #5972 ) ;
#6265 = CARTESIAN_POINT ( 'NONE',  ( 0.2622035415152629279, -1.036004162901805303, 8.124444084471207361 ) ) ;
#6266 = CARTESIAN_POINT ( 'NONE',  ( 0.6785254037844478114, -1.175240473580868583, 8.291666666666669627 ) ) ;
#6267 = CARTESIAN_POINT ( 'NONE',  ( 0.000000000000000000, 1.175240473580836609, 2.062500000000002665 ) ) ;
#6268 = CARTESIAN_POINT ( 'NONE',  ( -1.439254484199210086E-16, -1.175240473580867695, 1.250000000000001998 ) ) ;
#6269 = CARTESIAN_POINT ( 'NONE',  ( 0.000000000000000000, 1.500000000000001332, -1.249999999999996447 ) ) ;
#6270 = LINE ( 'NONE', #15, #4340 ) ;
#6271 = ORIENTED_EDGE ( 'NONE', *, *, #608, .T. ) ;
#6272 = CARTESIAN_POINT ( 'NONE',  ( 1.322475605676673771, 0.7635316469341241197, 0.6822916666666708485 ) ) ;
#6273 = CARTESIAN_POINT ( 'NONE',  ( -0.6785254037844480335, 1.175240473580837053, -0.4583333333333309834 ) ) ;
#6274 = AXIS2_PLACEMENT_3D ( 'NONE', #2650, #96, #676 ) ;
#6275 = CARTESIAN_POINT ( 'NONE',  ( 0.8660254037844397068, -1.500000000000046629, 2.104166666666667407 ) ) ;
#6276 = CARTESIAN_POINT ( 'NONE',  ( -0.6785254037844485886, -1.175240473580866807, -4.291666666666664298 ) ) ;
#6277 = CARTESIAN_POINT ( 'NONE',  ( -0.8816504037844491437, -1.527063293868295757, -3.994791666666665630 ) ) ;
#6278 = EDGE_LOOP ( 'NONE', ( #7668, #2717, #6031, #6299 ) ) ;
#6279 = CARTESIAN_POINT ( 'NONE',  ( 1.017788105676671995, -0.5876202367904418411, -1.604166666666664076 ) ) ;
#6280 = CARTESIAN_POINT ( 'NONE',  ( -1.299038105676672217, 0.7499999999999934497, -1.666666666666663188 ) ) ;
#6281 = CARTESIAN_POINT ( 'NONE',  ( 0.6785254037844478114, -1.175240473580867029, -6.145833333333330373 ) ) ;
#6282 = EDGE_CURVE ( 'NONE', #4677, #2553, #4172, .T. ) ;
#6283 = CARTESIAN_POINT ( 'NONE',  ( -0.2324325179827277932, 1.565698917497980736, 7.969794681949658788 ) ) ;
#6284 = EDGE_LOOP ( 'NONE', ( #700, #180, #5758, #2257 ) ) ;
#6285 = CARTESIAN_POINT ( 'NONE',  ( 0.000000000000000000, 1.351151883724551084, 3.164062500000003553 ) ) ;
#6286 = ORIENTED_EDGE ( 'NONE', *, *, #610, .T. ) ;
#6287 = CARTESIAN_POINT ( 'NONE',  ( -1.017788105676672439, -0.5876202367904419521, 6.229166666666669627 ) ) ;
#6288 = DIRECTION ( 'NONE',  ( -0.9945218953682732899, -6.199384313380862630E-17, -0.1045284632676536929 ) ) ;
#6289 = CARTESIAN_POINT ( 'NONE',  ( -1.017788105676672439, -0.5876202367904421742, 7.729166666666668739 ) ) ;
#6290 = CARTESIAN_POINT ( 'NONE',  ( 0.5818846813168250254, -0.2410245267385796308, 8.250000000000000000 ) ) ;
#6291 = ADVANCED_FACE ( 'NONE', ( #7300 ), #407, .T. ) ;
#6292 = CARTESIAN_POINT ( 'NONE',  ( 0.6785254037844478114, -1.175240473580867251, -4.208333333333330373 ) ) ;
#6293 = VERTEX_POINT ( 'NONE', #1598 ) ;
#6294 = CARTESIAN_POINT ( 'NONE',  ( -1.017788105676672439, -0.5876202367904401758, -8.270833333333330373 ) ) ;
#6295 = CARTESIAN_POINT ( 'NONE',  ( -1.572391632816121154, 0.2219105846160901174, 7.967918235608000721 ) ) ;
#6296 = CARTESIAN_POINT ( 'NONE',  ( -1.763300807568897621, -1.586335762072731349E-14, 5.390625000000003553 ) ) ;
#6297 = DIRECTION ( 'NONE',  ( 0.000000000000000000, -1.000000000000000000, 0.000000000000000000 ) ) ;
#6298 = CARTESIAN_POINT ( 'NONE',  ( 1.017788105676671995, -0.5876202367904417301, -2.166666666666663854 ) ) ;
#6299 = ORIENTED_EDGE ( 'NONE', *, *, #2527, .F. ) ;
#6300 = CARTESIAN_POINT ( 'NONE',  ( 0.8660254037844470343, 1.500000000000003775, 2.208333333333337034 ) ) ;
#6301 = CARTESIAN_POINT ( 'NONE',  ( -1.357050807568896067, -1.456982443912791876E-14, -5.374999999999998224 ) ) ;
#6302 = CARTESIAN_POINT ( 'NONE',  ( -0.6785254037844485886, -1.175240473580867695, 6.208333333333333925 ) ) ;
#6303 = CARTESIAN_POINT ( 'NONE',  ( -0.6785254037844480335, 1.175240473580836831, 0.6041666666666690721 ) ) ;
#6304 = CARTESIAN_POINT ( 'NONE',  ( -1.357050807568896511, -1.548830953848843237E-14, 2.125000000000003109 ) ) ;
#6305 = CARTESIAN_POINT ( 'NONE',  ( -1.020989215107068748, -0.1867183014945883179, 7.406250000000000888 ) ) ;
#6306 = CARTESIAN_POINT ( 'NONE',  ( -0.8660254037844480335, 1.500000000000001554, -0.2083333333333297621 ) ) ;
#6307 = ORIENTED_EDGE ( 'NONE', *, *, #7114, .T. ) ;
#6308 = CARTESIAN_POINT ( 'NONE',  ( -1.017788105676672439, 0.5876202367904106438, 2.583333333333335702 ) ) ;
#6309 = CARTESIAN_POINT ( 'NONE',  ( 0.000000000000000000, 1.527063293868265559, 3.265625000000004441 ) ) ;
#6310 = CARTESIAN_POINT ( 'NONE',  ( 1.017788105676671995, -0.5876202367904420631, 0.3333333333333356463 ) ) ;
#6311 = CARTESIAN_POINT ( 'NONE',  ( 1.357050807568896511, -1.646363069359471405E-14, 7.375000000000002665 ) ) ;
#6312 = CARTESIAN_POINT ( 'NONE',  ( 1.299038105676672883, 0.7499999999999915623, 2.229166666666667851 ) ) ;
#6313 = CARTESIAN_POINT ( 'NONE',  ( -1.836970198721050149E-16, -1.500000000000032641, 5.062500000000000888 ) ) ;
#6314 = CYLINDRICAL_SURFACE ( 'NONE', #4224, 1.500000000000000888 ) ;
#6315 = CARTESIAN_POINT ( 'NONE',  ( 1.763300807568897621, -1.510503815079061232E-14, -4.328124999999999112 ) ) ;
#6316 = CARTESIAN_POINT ( 'NONE',  ( -0.6785254037844480335, 1.175240473580837497, -2.958333333333331261 ) ) ;
#6317 = EDGE_LOOP ( 'NONE', ( #3880, #4393, #6527, #6503 ) ) ;
#6318 = CARTESIAN_POINT ( 'NONE',  ( 1.017788105676672883, 0.5876202367904103108, -2.520833333333330817 ) ) ;
#6319 = DIRECTION ( 'NONE',  ( -0.000000000000000000, -1.224646799147353207E-16, 1.000000000000000000 ) ) ;
#6320 = CARTESIAN_POINT ( 'NONE',  ( 0.6785254037844490327, 1.175240473580837275, -5.979166666666664298 ) ) ;
#6321 = CARTESIAN_POINT ( 'NONE',  ( -0.1594493746698323611, -1.181896170962323023, 4.736445059768580990 ) ) ;
#6322 = ORIENTED_EDGE ( 'NONE', *, *, #1904, .T. ) ;
#6323 = DIRECTION ( 'NONE',  ( 0.000000000000000000, -1.000000000000000000, 0.000000000000000000 ) ) ;
#6324 = EDGE_CURVE ( 'NONE', #4877, #3916, #6355, .T. ) ;
#6325 = VERTEX_POINT ( 'NONE', #2802 ) ;
#6326 = CARTESIAN_POINT ( 'NONE',  ( -1.439254484199210086E-16, -1.175240473580868139, 5.312500000000001776 ) ) ;
#6327 = DIRECTION ( 'NONE',  ( 0.000000000000000000, -1.000000000000000000, 0.000000000000000000 ) ) ;
#6328 = AXIS2_PLACEMENT_3D ( 'NONE', #1890, #1274, #7100 ) ;
#6329 = CARTESIAN_POINT ( 'NONE',  ( -1.439254484199210086E-16, -1.175240473580868139, 6.312500000000001776 ) ) ;
#6330 = CARTESIAN_POINT ( 'NONE',  ( 0.000000000000000000, 1.527063293868264893, 8.296875000000000000 ) ) ;
#6331 = CARTESIAN_POINT ( 'NONE',  ( -1.322475605676673105, 0.7635316469341266732, -8.619791666666666075 ) ) ;
#6332 = EDGE_LOOP ( 'NONE', ( #2262, #3872, #6172, #6589 ) ) ;
#6333 = CARTESIAN_POINT ( 'NONE',  ( 0.000000000000000000, 1.175240473580837719, -6.937499999999997335 ) ) ;
#6334 = CARTESIAN_POINT ( 'NONE',  ( 0.000000000000000000, -7.438283133705603770E-16, 8.250000000000000000 ) ) ;
#6335 = VECTOR ( 'NONE', #7239, 1000.000000000000000 ) ;
#6336 = AXIS2_PLACEMENT_3D ( 'NONE', #2423, #1220, #3788 ) ;
#6337 = ADVANCED_FACE ( 'NONE', ( #1020 ), #2135, .T. ) ;
#6338 = ADVANCED_FACE ( 'NONE', ( #985 ), #7636, .T. ) ;
#6339 = ORIENTED_EDGE ( 'NONE', *, *, #5887, .F. ) ;
#6340 = CARTESIAN_POINT ( 'NONE',  ( -1.763300807568897621, -1.567966060085521077E-14, 3.890625000000004441 ) ) ;
#6341 = CARTESIAN_POINT ( 'NONE',  ( -1.017788105676672439, -0.5876202367904408419, -2.770833333333330817 ) ) ;
#6342 = CARTESIAN_POINT ( 'NONE',  ( 0.6785254037844490327, 1.175240473580836387, 0.4583333333333357018 ) ) ;
#6343 = ORIENTED_EDGE ( 'NONE', *, *, #1621, .T. ) ;
#6344 = DIRECTION ( 'NONE',  ( -0.000000000000000000, -1.224646799147353207E-16, 1.000000000000000000 ) ) ;
#6345 = CARTESIAN_POINT ( 'NONE',  ( -0.6785254037844485886, -1.175240473580866807, -5.291666666666663410 ) ) ;
#6346 = CARTESIAN_POINT ( 'NONE',  ( 1.357050807568896511, -1.652486303355207847E-14, 7.875000000000001776 ) ) ;
#6347 = AXIS2_PLACEMENT_3D ( 'NONE', #6420, #4543, #5793 ) ;
#6348 = AXIS2_PLACEMENT_3D ( 'NONE', #144, #1417, #7823 ) ;
#6349 = CARTESIAN_POINT ( 'NONE',  ( 0.5818846813168250254, 0.2410245267385783818, 8.250000000000000000 ) ) ;
#6350 = CARTESIAN_POINT ( 'NONE',  ( -1.763300807568897621, -1.488746720265676226E-14, -2.578124999999999556 ) ) ;
#6351 = CARTESIAN_POINT ( 'NONE',  ( 0.8660254037844489217, 1.500000000000000000, 5.270833333333334814 ) ) ;
#6352 = CARTESIAN_POINT ( 'NONE',  ( -1.322475605676673105, -0.7635316469341546508, -7.067708333333328596 ) ) ;
#6353 = CARTESIAN_POINT ( 'NONE',  ( 0.9453114802360869096, -0.1941710946047859598, 7.406250000000001776 ) ) ;
#6354 = DATE_AND_TIME ( #6741, #2536 ) ;
#6355 = CIRCLE ( 'NONE', #2774, 1.531318301494582590 ) ;
#6356 = CARTESIAN_POINT ( 'NONE',  ( 1.550969061094563894, 0.1780109122479169026, 7.690090594014555414 ) ) ;
#6357 = ORIENTED_EDGE ( 'NONE', *, *, #3228, .T. ) ;
#6358 = CARTESIAN_POINT ( 'NONE',  ( 1.017788105676671995, -0.5876202367904417301, -2.104166666666663854 ) ) ;
#6359 = CARTESIAN_POINT ( 'NONE',  ( -1.357050807568896511, -1.536584485857369722E-14, 1.125000000000002665 ) ) ;
#6360 = DIRECTION ( 'NONE',  ( -0.000000000000000000, -1.224646799147353207E-16, 1.000000000000000000 ) ) ;
#6361 = CARTESIAN_POINT ( 'NONE',  ( 0.000000000000000000, 1.500000000000001998, -2.687499999999998668 ) ) ;
#6362 = CARTESIAN_POINT ( 'NONE',  ( 0.09184794024502775101, -1.363722447762052870, -8.073777552237963562 ) ) ;
#6363 = DIRECTION ( 'NONE',  ( -0.000000000000000000, -1.224646799147353207E-16, 1.000000000000000000 ) ) ;
#6364 = CARTESIAN_POINT ( 'NONE',  ( 0.000000000000000000, 1.500000000000001332, -1.687499999999998668 ) ) ;
#6365 = CARTESIAN_POINT ( 'NONE',  ( 0.6785254037844490327, 1.175240473580836831, -2.541666666666664742 ) ) ;
#6366 = VERTEX_POINT ( 'NONE', #8066 ) ;
#6367 = CARTESIAN_POINT ( 'NONE',  ( 0.6785254037844490327, 1.175240473580836387, -1.479166666666664076 ) ) ;
#6368 = LINE ( 'NONE', #8073, #5159 ) ;
#6369 = CARTESIAN_POINT ( 'NONE',  ( 0.6785254037844490327, 1.175240473580836831, -2.979166666666663410 ) ) ;
#6370 = CARTESIAN_POINT ( 'NONE',  ( 0.2467405608427224173, 1.538281606095238008, 7.978816423804656388 ) ) ;
#6371 = CARTESIAN_POINT ( 'NONE',  ( -8.017743469581665388E-12, -1.218713188295135641, 4.837598983542213738 ) ) ;
#6372 = VERTEX_POINT ( 'NONE', #7449 ) ;
#6373 = DIRECTION ( 'NONE',  ( 0.02078751127481433952, -0.1045058763748859115, 0.9943069954385901354 ) ) ;
#6374 = CYLINDRICAL_SURFACE ( 'NONE', #7690, 1.500000000000000888 ) ;
#6375 = CARTESIAN_POINT ( 'NONE',  ( -0.6785254037844480335, 1.175240473580835721, 7.604166666666668739 ) ) ;
#6376 = CARTESIAN_POINT ( 'NONE',  ( -1.299038105676672217, -0.7500000000000228706, -3.583333333333329929 ) ) ;
#6377 = CARTESIAN_POINT ( 'NONE',  ( -1.870113174931204576E-16, -1.527063293868295535, -8.453124999999998224 ) ) ;
#6378 = VERTEX_POINT ( 'NONE', #1127 ) ;
#6379 = CARTESIAN_POINT ( 'NONE',  ( -1.017788105676672439, 0.5876202367904116430, -6.354166666666664298 ) ) ;
#6380 = CARTESIAN_POINT ( 'NONE',  ( 0.000000000000000000, 1.276838905222572624E-15, -8.250000000000000000 ) ) ;
#6381 =( BOUNDED_CURVE ( )  B_SPLINE_CURVE ( 2, ( #4566, #225, #4651, #181, #6688, #1456, #4696, #7777, #2736, #7276, #924, #963, #5327, #5280, #2822, #2241, #3441, #348, #5368, #4784, #1003, #2155, #3985, #5991, #7818, #307, #5946, #7233, #6565, #5240, #7319, #7192, #5859, #1579, #4151, #5408, #7944, #4068, #2113, #1497, #264, #1536, #6646, #6526, #2781, #5904, #2862, #3480, #844, #1617, #884, #2694, #2068, #4735, #4027, #7863, #4113, #6604, #4606, #7149, #7905, #3398, #2199, #6033, #3357, #1040, #1076, #1694, #2315, #3519, #5560, #6725, #3558, #3047, #2938, #8091, #2281, #5449, #2352, #8017, #3592, #6765, #7984, #4853, #7359, #5597, #8051, #4303, #1659, #462, #6110, #542, #6841, #4191, #6224, #6148, #6071, #8127, #2392, #5483, #2971, #4817, #7473, #425, #4263, #4931, #4342, #5518, #7435, #7395, #4229, #4890, #3630, #1768, #498, #388, #1732, #6804, #6183, #1150, #3670, #1113, #3009, #2429, #4970, #7509, #1802, #6883, #2903, #6922, #1930, #1230, #6341, #1271, #8166, #3215, #7588, #7549, #6429, #5137, #4381 ),
 .UNSPECIFIED., .F., .F. ) 
 B_SPLINE_CURVE_WITH_KNOTS ( ( 3, 2, 2, 2, 2, 2, 2, 2, 2, 2, 2, 2, 2, 2, 2, 2, 2, 2, 2, 2, 2, 2, 2, 2, 2, 2, 2, 2, 2, 2, 2, 2, 2, 2, 2, 2, 2, 2, 2, 2, 2, 2, 2, 2, 2, 2, 2, 2, 2, 2, 2, 2, 2, 2, 2, 2, 2, 2, 2, 2, 2, 2, 2, 2, 2, 2, 2, 2, 2, 2, 3 ),
 ( 0.03143032912943471285, 0.04166666666666666435, 0.05555555555555555247, 0.06944444444444444753, 0.08333333333333332871, 0.09722222222222220989, 0.1111111111111111049, 0.1250000000000000000, 0.1388888888888888951, 0.1527777777777777901, 0.1666666666666666574, 0.1805555555555555525, 0.1944444444444444475, 0.2083333333333333426, 0.2222222222222222099, 0.2361111111111111049, 0.2500000000000000000, 0.2638888888888888951, 0.2777777777777777901, 0.2916666666666666852, 0.3055555555555555802, 0.3194444444444444198, 0.3333333333333333148, 0.3472222222222222099, 0.3611111111111111049, 0.3750000000000000000, 0.3888888888888888951, 0.4027777777777777901, 0.4166666666666666852, 0.4305555555555555802, 0.4444444444444444198, 0.4583333333333333148, 0.4722222222222222099, 0.4861111111111111049, 0.5000000000000000000, 0.5138888888888888395, 0.5277777777777777901, 0.5416666666666666297, 0.5555555555555555802, 0.5694444444444444198, 0.5833333333333333703, 0.5972222222222222099, 0.6111111111111111605, 0.6250000000000000000, 0.6388888888888888395, 0.6527777777777777901, 0.6666666666666666297, 0.6805555555555555802, 0.6944444444444444198, 0.7083333333333333703, 0.7222222222222222099, 0.7361111111111111605, 0.7500000000000000000, 0.7638888888888888395, 0.7777777777777777901, 0.7916666666666666297, 0.8055555555555555802, 0.8194444444444444198, 0.8333333333333333703, 0.8472222222222222099, 0.8611111111111111605, 0.8750000000000000000, 0.8888888888888888395, 0.9027777777777777901, 0.9166666666666666297, 0.9305555555555555802, 0.9444444444444444198, 0.9583333333333333703, 0.9722222222222222099, 0.9861111111111111605, 1.000000000000000000 ),
 .UNSPECIFIED. ) 
 CURVE ( )  GEOMETRIC_REPRESENTATION_ITEM ( )  RATIONAL_B_SPLINE_CURVE ( ( 0.9480652107226188452, 0.9012585384440672254, 1.000000000000000000, 0.8660254037844387076, 1.000000000000000000, 0.8660254037844387076, 1.000000000000000000, 0.8660254037844387076, 1.000000000000000000, 0.8660254037844387076, 1.000000000000000000, 0.8660254037844387076, 1.000000000000000000, 0.8660254037844387076, 1.000000000000000000, 0.8660254037844387076, 1.000000000000000000, 0.8660254037844387076, 1.000000000000000000, 0.8660254037844387076, 1.000000000000000000, 0.8660254037844387076, 1.000000000000000000, 0.8660254037844387076, 1.000000000000000000, 0.8660254037844387076, 1.000000000000000000, 0.8660254037844387076, 1.000000000000000000, 0.8660254037844387076, 1.000000000000000000, 0.8660254037844387076, 1.000000000000000000, 0.8660254037844387076, 1.000000000000000000, 0.8660254037844387076, 1.000000000000000000, 0.8660254037844387076, 1.000000000000000000, 0.8660254037844387076, 1.000000000000000000, 0.8660254037844387076, 1.000000000000000000, 0.8660254037844387076, 1.000000000000000000, 0.8660254037844387076, 1.000000000000000000, 0.8660254037844387076, 1.000000000000000000, 0.8660254037844387076, 1.000000000000000000, 0.8660254037844387076, 1.000000000000000000, 0.8660254037844387076, 1.000000000000000000, 0.8660254037844387076, 1.000000000000000000, 0.8660254037844387076, 1.000000000000000000, 0.8660254037844387076, 1.000000000000000000, 0.8660254037844387076, 1.000000000000000000, 0.8660254037844387076, 1.000000000000000000, 0.8660254037844387076, 1.000000000000000000, 0.8660254037844387076, 1.000000000000000000, 0.8660254037844387076, 1.000000000000000000, 0.8660254037844387076, 1.000000000000000000, 0.8660254037844387076, 1.000000000000000000, 0.8660254037844387076, 1.000000000000000000, 0.8660254037844387076, 1.000000000000000000, 0.8660254037844387076, 1.000000000000000000, 0.8660254037844387076, 1.000000000000000000, 0.8660254037844387076, 1.000000000000000000, 0.8660254037844387076, 1.000000000000000000, 0.8660254037844387076, 1.000000000000000000, 0.8660254037844387076, 1.000000000000000000, 0.8660254037844387076, 1.000000000000000000, 0.8660254037844387076, 1.000000000000000000, 0.8660254037844387076, 1.000000000000000000, 0.8660254037844387076, 1.000000000000000000, 0.8660254037844387076, 1.000000000000000000, 0.8660254037844387076, 1.000000000000000000, 0.8660254037844387076, 1.000000000000000000, 0.8660254037844387076, 1.000000000000000000, 0.8660254037844387076, 1.000000000000000000, 0.8660254037844387076, 1.000000000000000000, 0.8660254037844387076, 1.000000000000000000, 0.8660254037844387076, 1.000000000000000000, 0.8660254037844387076, 1.000000000000000000, 0.8660254037844387076, 1.000000000000000000, 0.8660254037844387076, 1.000000000000000000, 0.8660254037844387076, 1.000000000000000000, 0.8660254037844387076, 1.000000000000000000, 0.8660254037844387076, 1.000000000000000000, 0.8660254037844387076, 1.000000000000000000, 0.8660254037844387076, 1.000000000000000000, 0.8660254037844387076, 1.000000000000000000, 0.8660254037844387076, 1.000000000000000000, 0.8660254037844387076, 1.000000000000000000, 0.8660254037844387076, 1.000000000000000000, 0.8660254037844387076, 1.000000000000000000 ) ) 
 REPRESENTATION_ITEM ( '' )  );
#6382 = VERTEX_POINT ( 'NONE', #6199 ) ;
#6383 = CARTESIAN_POINT ( 'NONE',  ( 0.8816504037844482555, -1.527063293868297977, 7.557291666666670515 ) ) ;
#6384 = DIRECTION ( 'NONE',  ( -0.000000000000000000, 2.449293598294706414E-16, -1.000000000000000000 ) ) ;
#6385 = CARTESIAN_POINT ( 'NONE',  ( 1.017788105676672883, 0.5876202367904096446, 2.416666666666669183 ) ) ;
#6386 = CARTESIAN_POINT ( 'NONE',  ( 1.480908766186230352, -0.1867183014945914266, 7.406250000000000888 ) ) ;
#6387 = ORIENTED_EDGE ( 'NONE', *, *, #1865, .F. ) ;
#6388 = CARTESIAN_POINT ( 'NONE',  ( 1.299038105676672883, 0.7499999999999916733, 2.166666666666670515 ) ) ;
#6389 = CARTESIAN_POINT ( 'NONE',  ( 1.017788105676672883, 0.5876202367904106438, -5.583333333333330373 ) ) ;
#6390 = CARTESIAN_POINT ( 'NONE',  ( -1.322475605676673105, 0.7635316469341250079, 3.880208333333333481 ) ) ;
#6391 = EDGE_CURVE ( 'NONE', #6647, #3371, #808, .T. ) ;
#6393 = EDGE_CURVE ( 'NONE', #4505, #5352, #1288, .T. ) ;
#6392 = B_SPLINE_CURVE_WITH_KNOTS ( 'NONE', 3,
 ( #7180, #911, #7933, #6059 ),
 .UNSPECIFIED., .F., .F.,
 ( 4, 4 ),
 ( 0.000000000000000000, 0.0001154157762592072418 ),
 .UNSPECIFIED. ) ;
#6395 = ADVANCED_FACE ( 'NONE', ( #5823 ), #5864, .T. ) ;
#6394 = CARTESIAN_POINT ( 'NONE',  ( 1.017788105676671995, -0.5876202367904422852, 2.333333333333335702 ) ) ;
#6396 = CARTESIAN_POINT ( 'NONE',  ( -1.836970198721050149E-16, -1.500000000000032419, 4.500000000000003553 ) ) ;
#6397 = CARTESIAN_POINT ( 'NONE',  ( -0.8224771000300888923, -0.9259088218476967391, 4.690653855718746712 ) ) ;
#6398 = CARTESIAN_POINT ( 'NONE',  ( -1.515488654394540946, -0.1701009219599393107, 7.406250000000000888 ) ) ;
#6399 = LOCAL_TIME ( 3, 17, 21.00000000000000000, #4392 ) ;
#6400 = VERTEX_POINT ( 'NONE', #5778 ) ;
#6401 = CARTESIAN_POINT ( 'NONE',  ( 1.017788105676671995, -0.5876202367904422852, 2.333333333333335702 ) ) ;
#6402 = ORIENTED_EDGE ( 'NONE', *, *, #3684, .T. ) ;
#6403 = CARTESIAN_POINT ( 'NONE',  ( 0.6785254037844478114, -1.175240473580867695, -1.645833333333330595 ) ) ;
#6404 = CARTESIAN_POINT ( 'NONE',  ( 1.357050807568896511, -1.579007495406366758E-14, 1.875000000000002665 ) ) ;
#6405 = CARTESIAN_POINT ( 'NONE',  ( 1.357050807568896067, -1.456542815491631610E-14, -8.124999999999996447 ) ) ;
#6406 = CARTESIAN_POINT ( 'NONE',  ( -1.299038105676672217, 0.7499999999999925615, 5.333333333333336590 ) ) ;
#6407 = DIRECTION ( 'NONE',  ( 0.000000000000000000, -1.000000000000000000, 0.000000000000000000 ) ) ;
#6408 = DIRECTION ( 'NONE',  ( -0.000000000000000000, -1.224646799147353207E-16, 1.000000000000000000 ) ) ;
#6409 = CARTESIAN_POINT ( 'NONE',  ( -1.299038105676672217, 0.7499999999999932276, -0.6041666666666654084 ) ) ;
#6410 = ORIENTED_EDGE ( 'NONE', *, *, #5385, .F. ) ;
#6411 = VECTOR ( 'NONE', #7512, 1000.000000000000000 ) ;
#6412 = CARTESIAN_POINT ( 'NONE',  ( 1.322475605676673771, 0.7635316469341245638, -2.317708333333328596 ) ) ;
#6413 = CARTESIAN_POINT ( 'NONE',  ( 0.6785254037844478114, -1.175240473580867695, -1.645833333333330595 ) ) ;
#6414 = CARTESIAN_POINT ( 'NONE',  ( -0.9279710683664126325, -0.2990896682797091199, 8.265361283549927052 ) ) ;
#6415 = CARTESIAN_POINT ( 'NONE',  ( -1.357050807568896511, -1.482240784145206158E-14, -3.312499999999996447 ) ) ;
#6416 = LINE ( 'NONE', #732, #1505 ) ;
#6417 = CARTESIAN_POINT ( 'NONE',  ( -0.1735972396126585493, 1.512083700825214594, 7.406250000000000888 ) ) ;
#6418 = ORIENTED_EDGE ( 'NONE', *, *, #5336, .T. ) ;
#6419 = CARTESIAN_POINT ( 'NONE',  ( 0.8454866920095237548, -1.239012612379261746, 5.610428147091795381 ) ) ;
#6420 = CARTESIAN_POINT ( 'NONE',  ( 0.000000000000000000, -7.438283133705603770E-16, 8.250000000000000000 ) ) ;
#6421 = CARTESIAN_POINT ( 'NONE',  ( -1.357050807568896511, -1.592458996068468107E-14, 5.687500000000001776 ) ) ;
#6422 = CARTESIAN_POINT ( 'NONE',  ( 0.1470339074214123687, -1.523879528098137204, 7.402807630290148211 ) ) ;
#6423 = CARTESIAN_POINT ( 'NONE',  ( 0.6785254037844478114, -1.175240473580867473, -2.708333333333330817 ) ) ;
#6424 = ORIENTED_EDGE ( 'NONE', *, *, #1015, .T. ) ;
#6425 = CARTESIAN_POINT ( 'NONE',  ( 0.6785254037844490327, 1.175240473580837275, -5.979166666666664298 ) ) ;
#6426 = FACE_OUTER_BOUND ( 'NONE', #2709, .T. ) ;
#6427 = VERTEX_POINT ( 'NONE', #5742 ) ;
#6428 = CARTESIAN_POINT ( 'NONE',  ( -0.8816504037844491437, -1.527063293868297311, 7.473958333333336590 ) ) ;
#6429 = CARTESIAN_POINT ( 'NONE',  ( 1.017788105676672883, 0.5876202367904101997, -2.520833333333330817 ) ) ;
#6430 = CARTESIAN_POINT ( 'NONE',  ( -1.357050807568896067, -1.554954187844579994E-14, 2.625000000000002665 ) ) ;
#6431 = CARTESIAN_POINT ( 'NONE',  ( -1.836970198721050149E-16, -1.500000000000031752, -3.499999999999996003 ) ) ;
#6432 = CARTESIAN_POINT ( 'NONE',  ( -1.836970198721050149E-16, -1.500000000000032196, 2.000000000000003997 ) ) ;
#6433 = CARTESIAN_POINT ( 'NONE',  ( 1.017788105676671995, -0.5876202367904413970, -5.166666666666664298 ) ) ;
#6434 = CARTESIAN_POINT ( 'NONE',  ( 1.763300807568897621, -1.602352325015113224E-14, 3.171875000000000000 ) ) ;
#6435 = CARTESIAN_POINT ( 'NONE',  ( 0.000000000000000000, 1.175240473580836609, 2.500000000000002220 ) ) ;
#6436 =( BOUNDED_CURVE ( )  B_SPLINE_CURVE ( 2, ( #2611, #1901, #3361, #6405, #4440, #4528, #7073, #2698, #6983, #7154, #2740, #5287, #7824, #2117, #4655, #229, #7101, #2643, #3261, #4385, #624, #5190, #3177, #8170, #7730, #7061, #1891, #49, #3889, #2560, #793, #2471, #5768, #7688, #2603, #3758, #2021, #5727, #7553, #5100, #749, #4558, #5010, #3133, #4517, #1275, #8, #5808, #6926, #1847, #7017, #4429, #3801, #7642, #90, #1982, #1234, #2514, #7592, #3848, #1935, #3306, #5683, #1364, #6389, #131, #3220, #1406, #6970, #6301, #5054, #6345, #6475, #4472, #6433, #3930, #668, #1322, #707, #5142, #1496, #640, #7659, #2533, #7862, #3397, #3153, #5326, #5745, #2490, #2154, #4026, #4445, #2578, #6564, #5116, #3440, #5030, #224, #2112, #5279, #883, #5945, #263, #7571, #2780, #1249, #4695, #1864, #5703, #1951, #6988, #4404, #685, #7232, #1535, #1341, #3822, #3775, #3864, #4067, #4650, #6944, #5072, #1909, #6525, #4488, #6316, #7191, #3194, #25, #6603, #923, #7616, #5990, #2735, #1293, #6365, #67 ),
 .UNSPECIFIED., .F., .F. ) 
 B_SPLINE_CURVE_WITH_KNOTS ( ( 3, 2, 2, 2, 2, 2, 2, 2, 2, 2, 2, 2, 2, 2, 2, 2, 2, 2, 2, 2, 2, 2, 2, 2, 2, 2, 2, 2, 2, 2, 2, 2, 2, 2, 2, 2, 2, 2, 2, 2, 2, 2, 2, 2, 2, 2, 2, 2, 2, 2, 2, 2, 2, 2, 2, 2, 2, 2, 2, 2, 2, 2, 2, 2, 2, 2, 2, 2, 2, 3 ),
 ( 0.04166666666666674762, 0.05555555555555563574, 0.06944444444444453080, 0.08333333333333341197, 0.09722222222222229315, 0.1111111111111111882, 0.1250000000000000833, 0.1388888888888889783, 0.1527777777777778734, 0.1666666666666667407, 0.1805555555555556357, 0.1944444444444445030, 0.2083333333333334259, 0.2222222222222222654, 0.2361111111111111605, 0.2500000000000000555, 0.2638888888888889506, 0.2777777777777778456, 0.2916666666666667407, 0.3055555555555555802, 0.3194444444444444753, 0.3333333333333333703, 0.3472222222222222099, 0.3611111111111111049, 0.3750000000000000555, 0.3888888888888888951, 0.4027777777777777901, 0.4166666666666667407, 0.4305555555555555802, 0.4444444444444444198, 0.4583333333333333148, 0.4722222222222222099, 0.4861111111111111049, 0.5000000000000000000, 0.5138888888888888395, 0.5277777777777777901, 0.5416666666666666297, 0.5555555555555555802, 0.5694444444444444198, 0.5833333333333333703, 0.5972222222222223209, 0.6111111111111112715, 0.6250000000000001110, 0.6388888888888888395, 0.6527777777777777901, 0.6666666666666666297, 0.6805555555555555802, 0.6944444444444445308, 0.7083333333333334814, 0.7222222222222223209, 0.7361111111111111605, 0.7500000000000000000, 0.7638888888888888395, 0.7777777777777777901, 0.7916666666666667407, 0.8055555555555556912, 0.8194444444444444198, 0.8333333333333333703, 0.8472222222222222099, 0.8611111111111111605, 0.8750000000000000000, 0.8888888888888888395, 0.9027777777777779011, 0.9166666666666666297, 0.9305555555555555802, 0.9444444444444444198, 0.9583333333333333703, 0.9722222222222222099, 0.9861111111111111605, 1.000000000000000000 ),
 .UNSPECIFIED. ) 
 CURVE ( )  GEOMETRIC_REPRESENTATION_ITEM ( )  RATIONAL_B_SPLINE_CURVE ( ( 0.9999999999999992228, 0.8660254037844394848, 1.000000000000000000, 0.8660254037844387076, 1.000000000000000000, 0.8660254037844387076, 1.000000000000000000, 0.8660254037844387076, 1.000000000000000000, 0.8660254037844387076, 1.000000000000000000, 0.8660254037844387076, 1.000000000000000000, 0.8660254037844387076, 1.000000000000000000, 0.8660254037844387076, 1.000000000000000000, 0.8660254037844387076, 1.000000000000000000, 0.8660254037844387076, 1.000000000000000000, 0.8660254037844387076, 1.000000000000000000, 0.8660254037844387076, 1.000000000000000000, 0.8660254037844387076, 1.000000000000000000, 0.8660254037844387076, 1.000000000000000000, 0.8660254037844387076, 1.000000000000000000, 0.8660254037844387076, 1.000000000000000000, 0.8660254037844387076, 1.000000000000000000, 0.8660254037844387076, 1.000000000000000000, 0.8660254037844387076, 1.000000000000000000, 0.8660254037844387076, 1.000000000000000000, 0.8660254037844387076, 1.000000000000000000, 0.8660254037844387076, 1.000000000000000000, 0.8660254037844387076, 1.000000000000000000, 0.8660254037844387076, 1.000000000000000000, 0.8660254037844387076, 1.000000000000000000, 0.8660254037844387076, 1.000000000000000000, 0.8660254037844387076, 1.000000000000000000, 0.8660254037844387076, 1.000000000000000000, 0.8660254037844387076, 1.000000000000000000, 0.8660254037844387076, 1.000000000000000000, 0.8660254037844387076, 1.000000000000000000, 0.8660254037844387076, 1.000000000000000000, 0.8660254037844387076, 1.000000000000000000, 0.8660254037844387076, 1.000000000000000000, 0.8660254037844387076, 1.000000000000000000, 0.8660254037844387076, 1.000000000000000000, 0.8660254037844387076, 1.000000000000000000, 0.8660254037844387076, 1.000000000000000000, 0.8660254037844387076, 1.000000000000000000, 0.8660254037844387076, 1.000000000000000000, 0.8660254037844387076, 1.000000000000000000, 0.8660254037844387076, 1.000000000000000000, 0.8660254037844387076, 1.000000000000000000, 0.8660254037844387076, 1.000000000000000000, 0.8660254037844387076, 1.000000000000000000, 0.8660254037844387076, 1.000000000000000000, 0.8660254037844387076, 1.000000000000000000, 0.8660254037844387076, 1.000000000000000000, 0.8660254037844387076, 1.000000000000000000, 0.8660254037844387076, 1.000000000000000000, 0.8660254037844387076, 1.000000000000000000, 0.8660254037844387076, 1.000000000000000000, 0.8660254037844387076, 1.000000000000000000, 0.8660254037844387076, 1.000000000000000000, 0.8660254037844387076, 1.000000000000000000, 0.8660254037844387076, 1.000000000000000000, 0.8660254037844387076, 1.000000000000000000, 0.8660254037844387076, 1.000000000000000000, 0.8660254037844387076, 1.000000000000000000, 0.8660254037844387076, 1.000000000000000000, 0.8660254037844387076, 1.000000000000000000, 0.8660254037844387076, 1.000000000000000000, 0.8660254037844387076, 1.000000000000000000, 0.8660254037844387076, 1.000000000000000000, 0.8660254037844387076, 1.000000000000000000, 0.8660254037844387076, 1.000000000000000000, 0.8660254037844387076, 1.000000000000000000, 0.8660254037844387076, 1.000000000000000000, 0.8660254037844387076, 1.000000000000000000 ) ) 
 REPRESENTATION_ITEM ( '' )  );
#6437 = CARTESIAN_POINT ( 'NONE',  ( -0.8660254037844440367, 1.500000000000007772, 3.291666666666670515 ) ) ;
#6438 = CARTESIAN_POINT ( 'NONE',  ( -1.870113174931204576E-16, -1.527063293868295535, -7.484374999999995559 ) ) ;
#6439 = CARTESIAN_POINT ( 'NONE',  ( -1.491192056489761608, -0.1857697912671115170, 7.406250000000000888 ) ) ;
#6440 = ORIENTED_EDGE ( 'NONE', *, *, #4359, .F. ) ;
#6441 = CARTESIAN_POINT ( 'NONE',  ( 1.299038105676671773, -0.7500000000000245359, 2.583333333333336590 ) ) ;
#6442 = EDGE_CURVE ( 'NONE', #1721, #3497, #22, .T. ) ;
#6443 = VERTEX_POINT ( 'NONE', #3943 ) ;
#6444 = CARTESIAN_POINT ( 'NONE',  ( 1.357050807568896511, -1.549156729677150223E-14, -0.5624999999999974465 ) ) ;
#6445 = DIRECTION ( 'NONE',  ( 0.000000000000000000, -1.000000000000000000, 0.000000000000000000 ) ) ;
#6446 = CARTESIAN_POINT ( 'NONE',  ( -1.357050807568896067, -1.494487252136679673E-14, -2.312499999999997335 ) ) ;
#6447 = CARTESIAN_POINT ( 'NONE',  ( -0.8660254037844448138, -1.500000000000038414, 0.4583333333333378112 ) ) ;
#6448 = CARTESIAN_POINT ( 'NONE',  ( -0.2127095426802552980, -1.575981320763158777, 7.967077405468658391 ) ) ;
#6449 = CARTESIAN_POINT ( 'NONE',  ( 0.8660254037844489217, 1.500000000000002220, -6.291666666666665186 ) ) ;
#6450 = EDGE_CURVE ( 'NONE', #6605, #4283, #7704, .T. ) ;
#6451 = ORIENTED_EDGE ( 'NONE', *, *, #6324, .F. ) ;
#6452 = DIRECTION ( 'NONE',  ( 0.000000000000000000, -1.000000000000000000, 0.000000000000000000 ) ) ;
#6453 = CARTESIAN_POINT ( 'NONE',  ( -0.6785254037844480335, 1.175240473580836831, 1.104166666666669183 ) ) ;
#6454 = CARTESIAN_POINT ( 'NONE',  ( -3.021604981090763735E-14, 1.260009172861202176, 4.951058768651630970 ) ) ;
#6455 = CARTESIAN_POINT ( 'NONE',  ( -1.439254484199210086E-16, -1.175240473580867251, -3.687499999999997335 ) ) ;
#6456 = CARTESIAN_POINT ( 'NONE',  ( -1.017788105676672439, -0.5876202367904408419, -2.833333333333330817 ) ) ;
#6457 = CARTESIAN_POINT ( 'NONE',  ( -1.299038105676672439, 0.7499999999999941158, -7.104166666666665186 ) ) ;
#6458 = ORIENTED_EDGE ( 'NONE', *, *, #3784, .F. ) ;
#6459 = CARTESIAN_POINT ( 'NONE',  ( -0.5883555573418803863, 0.4314072894756761367, 8.191913363870522602 ) ) ;
#6460 = DIRECTION ( 'NONE',  ( 0.000000000000000000, -1.000000000000000000, -1.224646799147353207E-16 ) ) ;
#6461 = CARTESIAN_POINT ( 'NONE',  ( 1.017788105676671995, -0.5876202367904422852, 2.833333333333335702 ) ) ;
#6462 = DIRECTION ( 'NONE',  ( -8.807843561199469523E-17, 1.000000000000000000, -0.000000000000000000 ) ) ;
#6463 = CARTESIAN_POINT ( 'NONE',  ( -0.8816504037844491437, -1.527063293868295091, -8.494791666666666075 ) ) ;
#6464 = EDGE_LOOP ( 'NONE', ( #4129, #6018, #6185, #6010 ) ) ;
#6465 = CARTESIAN_POINT ( 'NONE',  ( -0.6785254037844480335, 1.175240473580837497, -6.395833333333329485 ) ) ;
#6466 = CARTESIAN_POINT ( 'NONE',  ( -1.524207146240224242, 0.1474052775258875292, 7.406250000000000888 ) ) ;
#6467 = ORIENTED_EDGE ( 'NONE', *, *, #715, .T. ) ;
#6468 = AXIS2_PLACEMENT_3D ( 'NONE', #5493, #4197, #5335 ) ;
#6469 = CARTESIAN_POINT ( 'NONE',  ( 0.8816504037844494768, 1.527063293868264893, 6.223958333333337478 ) ) ;
#6470 =( BOUNDED_CURVE ( )  B_SPLINE_CURVE ( 2, ( #2947, #2404, #2328, #4862, #554, #514, #1779 ),
 .UNSPECIFIED., .F., .F. ) 
 B_SPLINE_CURVE_WITH_KNOTS ( ( 3, 2, 2, 3 ),
 ( 0.2500000000000000000, 0.2638888888888888395, 0.2777777777777777901, 0.2916666666666666297 ),
 .UNSPECIFIED. ) 
 CURVE ( )  GEOMETRIC_REPRESENTATION_ITEM ( )  RATIONAL_B_SPLINE_CURVE ( ( 1.000000000000000000, 0.8660254037844387076, 1.000000000000000000, 0.8660254037844387076, 1.000000000000000000, 0.8660254037844387076, 1.000000000000000000 ) ) 
 REPRESENTATION_ITEM ( '' )  );
#6471 = CARTESIAN_POINT ( 'NONE',  ( -0.1832609237937241620, -1.328980269858735630, -8.108519730140750781 ) ) ;
#6472 = CARTESIAN_POINT ( 'NONE',  ( -1.439254484199210086E-16, -1.175240473580867695, 1.750000000000002442 ) ) ;
#6473 = CARTESIAN_POINT ( 'NONE',  ( 0.000000000000000000, 1.500000000000001776, -4.249999999999995559 ) ) ;
#6474 = CARTESIAN_POINT ( 'NONE',  ( 0.2731436643961221433, 1.038180288643460125, 8.228532400733666208 ) ) ;
#6475 = CARTESIAN_POINT ( 'NONE',  ( -1.439254484199210086E-16, -1.175240473580867029, -5.249999999999997335 ) ) ;
#6476 = CARTESIAN_POINT ( 'NONE',  ( -1.763300807568897621, -1.568348762210254388E-14, 3.921875000000000000 ) ) ;
#6477 = CARTESIAN_POINT ( 'NONE',  ( 0.6785254037844490327, 1.175240473580835943, 2.958333333333335702 ) ) ;
#6478 = CIRCLE ( 'NONE', #8192, 1.550799999999997514 ) ;
#6479 = CARTESIAN_POINT ( 'NONE',  ( 1.299038105676672883, 0.7499999999999912292, 5.229166666666666963 ) ) ;
#6480 = CARTESIAN_POINT ( 'NONE',  ( 0.000000000000000000, 1.527063293868266891, -8.234374999999994671 ) ) ;
#6481 = CARTESIAN_POINT ( 'NONE',  ( 0.9100100306033859221, -0.2087934338140812196, 7.406250000000000888 ) ) ;
#6482 = VERTEX_POINT ( 'NONE', #186 ) ;
#6483 = CARTESIAN_POINT ( 'NONE',  ( -1.017788105676672439, -0.5876202367904415080, 2.666666666666668739 ) ) ;
#6484 = AXIS2_PLACEMENT_3D ( 'NONE', #198, #7791, #3458 ) ;
#6485 = VERTEX_POINT ( 'NONE', #7033 ) ;
#6486 = CARTESIAN_POINT ( 'NONE',  ( 1.357050807568896511, -1.543033495681413466E-14, -1.062499999999997558 ) ) ;
#6487 = CARTESIAN_POINT ( 'NONE',  ( 1.299038105676672883, 0.7499999999999912292, 4.729166666666667851 ) ) ;
#6488 = CARTESIAN_POINT ( 'NONE',  ( -1.836970198721050149E-16, -1.500000000000031974, -1.937499999999998668 ) ) ;
#6489 =( BOUNDED_CURVE ( )  B_SPLINE_CURVE ( 3, ( #3805, #3223, #6930, #1238 ),
 .UNSPECIFIED., .F., .F. ) 
 B_SPLINE_CURVE_WITH_KNOTS ( ( 4, 4 ),
 ( 2.946332657651817843, 3.336852649527771497 ),
 .UNSPECIFIED. ) 
 CURVE ( )  GEOMETRIC_REPRESENTATION_ITEM ( )  RATIONAL_B_SPLINE_CURVE ( ( 1.000000000000000000, 0.9873315052531757008, 0.9873315052531757008, 1.000000000000000000 ) ) 
 REPRESENTATION_ITEM ( '' )  );
#6490 = CARTESIAN_POINT ( 'NONE',  ( 1.703322260880060625E-13, -1.184817306270993464, 4.744470813068384807 ) ) ;
#6491 = AXIS2_PLACEMENT_3D ( 'NONE', #6875, #1305, #6327 ) ;
#6492 = CARTESIAN_POINT ( 'NONE',  ( 0.000000000000000000, -6.060555484664830395E-16, 7.124999999999999112 ) ) ;
#6493 = CARTESIAN_POINT ( 'NONE',  ( -0.8660254037844459241, 1.500000000000005107, -1.645833333333332149 ) ) ;
#6494 = CYLINDRICAL_SURFACE ( 'NONE', #7348, 0.2916000000000001924 ) ;
#6495 = CARTESIAN_POINT ( 'NONE',  ( 1.017788105676671995, -0.5876202367904421742, 1.395833333333335702 ) ) ;
#6496 = CARTESIAN_POINT ( 'NONE',  ( 1.065524436696076771, 0.6457077566402933400, 4.883773660504672876 ) ) ;
#6497 = CARTESIAN_POINT ( 'NONE',  ( -1.439254484199210086E-16, -1.175240473580866585, -7.749999999999997335 ) ) ;
#6498 = CARTESIAN_POINT ( 'NONE',  ( 0.6785254037844478114, -1.175240473580867695, -1.708333333333330817 ) ) ;
#6499 = EDGE_CURVE ( 'NONE', #1721, #6443, #6218, .T. ) ;
#6500 = EDGE_CURVE ( 'NONE', #308, #3540, #1641, .T. ) ;
#6501 = EDGE_CURVE ( 'NONE', #4677, #2666, #2477, .T. ) ;
#6502 = CARTESIAN_POINT ( 'NONE',  ( 0.000000000000000000, 1.500000000000001110, 0.3125000000000013878 ) ) ;
#6503 = ORIENTED_EDGE ( 'NONE', *, *, #3392, .F. ) ;
#6504 = CARTESIAN_POINT ( 'NONE',  ( 0.000000000000000000, -7.438283133705603770E-16, 8.250000000000000000 ) ) ;
#6505 = DIRECTION ( 'NONE',  ( -0.000000000000000000, -1.224646799147353207E-16, 1.000000000000000000 ) ) ;
#6506 = CARTESIAN_POINT ( 'NONE',  ( 0.6785254037844478114, -1.175240473580868583, 8.354166666666669627 ) ) ;
#6507 = CARTESIAN_POINT ( 'NONE',  ( 1.836970198721030920E-16, 1.500000000000000222, 8.250000000000000000 ) ) ;
#6508 = CARTESIAN_POINT ( 'NONE',  ( -1.322475605676673105, -0.7635316469341545398, -7.536458333333332149 ) ) ;
#6509 = ORIENTED_EDGE ( 'NONE', *, *, #2844, .F. ) ;
#6510 = CARTESIAN_POINT ( 'NONE',  ( 1.357050807568896511, -1.494047623715519407E-14, -5.062499999999997335 ) ) ;
#6511 = CARTESIAN_POINT ( 'NONE',  ( -1.556630036246267279, 0.2402462345495873230, 7.972636439135570185 ) ) ;
#6512 = VERTEX_POINT ( 'NONE', #6940 ) ;
#6513 = CARTESIAN_POINT ( 'NONE',  ( 0.8816504037844494768, 1.527063293868264893, 6.723958333333337478 ) ) ;
#6514 = CARTESIAN_POINT ( 'NONE',  ( 1.550969061094562784, -0.1780109122479224537, 7.690090594014555414 ) ) ;
#6515 = CARTESIAN_POINT ( 'NONE',  ( 1.017788105676671995, -0.5876202367904423962, 2.833333333333335258 ) ) ;
#6516 = DIRECTION ( 'NONE',  ( 0.000000000000000000, -0.1045284632676535819, -0.9945218953682732899 ) ) ;
#6517 = LINE ( 'NONE', #6593, #1292 ) ;
#6518 = CARTESIAN_POINT ( 'NONE',  ( 0.000000000000000000, -7.438283133705603770E-16, 8.250000000000000000 ) ) ;
#6519 = CARTESIAN_POINT ( 'NONE',  ( -1.870113174931204576E-16, -1.527063293868296867, 3.046875000000000000 ) ) ;
#6520 = CARTESIAN_POINT ( 'NONE',  ( -0.8816504037844485886, 1.527063293868266225, -1.661458333333332593 ) ) ;
#6521 = CARTESIAN_POINT ( 'NONE',  ( -1.439254484199210086E-16, -1.175240473580866585, -8.249999999999996447 ) ) ;
#6522 = FACE_OUTER_BOUND ( 'NONE', #1561, .T. ) ;
#6523 =( BOUNDED_SURFACE ( )  B_SPLINE_SURFACE ( 3, 2, ( 
 ( #7866, #270, #2784 ),
 ( #6607, #5155, #5994 ),
 ( #5330, #928, #7236 ),
 ( #4527, #7113, #5820 ) ),
 .UNSPECIFIED., .F., .F., .F. ) 
 B_SPLINE_SURFACE_WITH_KNOTS ( ( 4, 4 ),
 ( 3, 3 ),
 ( 0.001033242954321070490, 0.001619677831743904792 ),
 ( 0.000000000000000000, 1.000000000000000000 ),
 .UNSPECIFIED. ) 
 GEOMETRIC_REPRESENTATION_ITEM ( )  RATIONAL_B_SPLINE_SURFACE ( (
 ( 1.000000000000000000, 0.7553668689655785862, 1.000000000000000000),
 ( 1.000000000000000000, 0.7516316303512861063, 1.000000000000000000),
 ( 1.000000000000000000, 0.7477224903184171989, 1.000000000000000000),
 ( 1.000000000000000000, 0.7436119262774231187, 1.000000000000000000) ) ) 
 REPRESENTATION_ITEM ( '' )  SURFACE ( )  );
#6524 = VERTEX_POINT ( 'NONE', #4530 ) ;
#6525 = CARTESIAN_POINT ( 'NONE',  ( 0.6785254037844490327, 1.175240473580836831, -3.041666666666663854 ) ) ;
#6526 = CARTESIAN_POINT ( 'NONE',  ( 0.6785254037844490327, 1.175240473580837497, -6.479166666666666075 ) ) ;
#6527 = ORIENTED_EDGE ( 'NONE', *, *, #2462, .T. ) ;
#6528 = CARTESIAN_POINT ( 'NONE',  ( 1.357050807568896511, -1.573649665660097253E-14, 1.437500000000001998 ) ) ;
#6529 = CARTESIAN_POINT ( 'NONE',  ( 0.000000000000000000, 1.500000000000001332, -0.7499999999999962252 ) ) ;
#6530 = CARTESIAN_POINT ( 'NONE',  ( 0.000000000000000000, 1.175240473580835943, 8.500000000000001776 ) ) ;
#6531 = CARTESIAN_POINT ( 'NONE',  ( -1.298182735673230725, 0.05429708156162777605, 5.051474581084823612 ) ) ;
#6532 = CARTESIAN_POINT ( 'NONE',  ( 0.3682059365705828147, 0.5251542044367956130, 7.406250000000000888 ) ) ;
#6533 = CARTESIAN_POINT ( 'NONE',  ( 0.000000000000000000, -1.500000000000001554, 8.250000000000000000 ) ) ;
#6534 = CARTESIAN_POINT ( 'NONE',  ( -1.732050807568896511, -1.501375890381883367E-14, -1.562499999999999112 ) ) ;
#6535 = CARTESIAN_POINT ( 'NONE',  ( 1.732050807568896511, -1.601969622890379598E-14, 3.187500000000000888 ) ) ;
#6536 = CARTESIAN_POINT ( 'NONE',  ( 1.017788105676672883, 0.5876202367904096446, 2.479166666666669627 ) ) ;
#6537 = CARTESIAN_POINT ( 'NONE',  ( 1.189693104197120377, 0.3495516530346670647, 4.867361912123394418 ) ) ;
#6538 = CARTESIAN_POINT ( 'NONE',  ( -1.017788105676672439, 0.5876202367904114210, -4.916666666666663410 ) ) ;
#6539 = CARTESIAN_POINT ( 'NONE',  ( -1.017788105676672439, -0.5876202367904409529, -2.333333333333330817 ) ) ;
#6540 = ORIENTED_EDGE ( 'NONE', *, *, #314, .F. ) ;
#6541 = CARTESIAN_POINT ( 'NONE',  ( 0.5826306087218772189, -1.384694148928858670, 5.596615340260757243 ) ) ;
#6542 = EDGE_CURVE ( 'NONE', #2651, #2579, #761, .T. ) ;
#6543 = CARTESIAN_POINT ( 'NONE',  ( 0.000000000000000000, -7.438283133705603770E-16, 8.250000000000000000 ) ) ;
#6544 = CARTESIAN_POINT ( 'NONE',  ( -1.017788105676672439, 0.5876202367904105328, 3.583333333333335702 ) ) ;
#6545 = CARTESIAN_POINT ( 'NONE',  ( -0.8660254037844483666, 1.500000000000002220, -6.645833333333332149 ) ) ;
#6546 = CARTESIAN_POINT ( 'NONE',  ( 1.299038105676672883, 0.7499999999999915623, 3.666666666666670515 ) ) ;
#6547 = AXIS2_PLACEMENT_3D ( 'NONE', #2314, #7943, #3591 ) ;
#6548 = CARTESIAN_POINT ( 'NONE',  ( 0.000000000000000000, 1.527063293868266669, -6.203124999999998224 ) ) ;
#6549 = VERTEX_POINT ( 'NONE', #6313 ) ;
#6550 = CARTESIAN_POINT ( 'NONE',  ( -1.439254484199210086E-16, -1.175240473580867251, -3.187499999999997780 ) ) ;
#6551 = EDGE_LOOP ( 'NONE', ( #2197, #150, #8077, #8002 ) ) ;
#6552 = CARTESIAN_POINT ( 'NONE',  ( 1.322475605676672661, -0.7635316469341572043, 5.598958333333337478 ) ) ;
#6553 = CARTESIAN_POINT ( 'NONE',  ( 1.299038105676672883, 0.7499999999999918954, 0.6666666666666701824 ) ) ;
#6554 = EDGE_CURVE ( 'NONE', #5467, #3160, #7263, .T. ) ;
#6555 = CARTESIAN_POINT ( 'NONE',  ( -0.7302328368967212491, 1.236052673854839412, 5.399382606787965777 ) ) ;
#6556 = CARTESIAN_POINT ( 'NONE',  ( -1.836970198721050149E-16, -1.500000000000032196, 3.000000000000003997 ) ) ;
#6557 = CARTESIAN_POINT ( 'NONE',  ( 0.000000000000000000, -1.500000000000001554, 8.250000000000000000 ) ) ;
#6558 = DIRECTION ( 'NONE',  ( -0.000000000000000000, -1.224646799147353207E-16, 1.000000000000000000 ) ) ;
#6559 = CARTESIAN_POINT ( 'NONE',  ( -1.763300807568897621, -1.549979060223044115E-14, 2.421875000000000444 ) ) ;
#6560 = CARTESIAN_POINT ( 'NONE',  ( -1.322475605676673105, -0.7635316469341557610, 0.9635416666666671848 ) ) ;
#6561 = CARTESIAN_POINT ( 'NONE',  ( -0.8816504037844485886, 1.527063293868266447, -6.692708333333328596 ) ) ;
#6562 = CARTESIAN_POINT ( 'NONE',  ( 0.000000000000000000, -7.438283133705603770E-16, 8.250000000000000000 ) ) ;
#6563 = ORIENTED_EDGE ( 'NONE', *, *, #1571, .F. ) ;
#6564 = CARTESIAN_POINT ( 'NONE',  ( -1.017788105676672439, -0.5876202367904407309, -4.333333333333330373 ) ) ;
#6565 = CARTESIAN_POINT ( 'NONE',  ( 1.017788105676671995, -0.5876202367904411750, -7.104166666666664298 ) ) ;
#6566 = ORIENTED_EDGE ( 'NONE', *, *, #58, .T. ) ;
#6567 = CARTESIAN_POINT ( 'NONE',  ( -1.357050807568896511, -1.525103422115363460E-14, 0.1875000000000023315 ) ) ;
#6568 = CARTESIAN_POINT ( 'NONE',  ( 0.000000000000000000, -5.069910521002103108E-16, 6.316076999219322197 ) ) ;
#6569 = CARTESIAN_POINT ( 'NONE',  ( 1.017788105676671995, -0.5876202367904419521, -0.6041666666666642982 ) ) ;
#6570 = CARTESIAN_POINT ( 'NONE',  ( 0.000000000000000000, -1.500000000000001554, 8.250000000000000000 ) ) ;
#6571 = CARTESIAN_POINT ( 'NONE',  ( 0.2070875099665593355, -0.4999534751593374682, 7.406250000000000888 ) ) ;
#6572 = CARTESIAN_POINT ( 'NONE',  ( -0.8660254037844499209, 1.499999999999997113, 4.854166666666667851 ) ) ;
#6573 = CARTESIAN_POINT ( 'NONE',  ( 0.000000000000000000, 1.527063293868265781, 0.2656250000000045519 ) ) ;
#6574 = FACE_OUTER_BOUND ( 'NONE', #7068, .T. ) ;
#6575 = CARTESIAN_POINT ( 'NONE',  ( -0.6785254037844485886, -1.175240473580867473, 1.270833333333335480 ) ) ;
#6576 = CARTESIAN_POINT ( 'NONE',  ( 0.000000000000000000, 2.911062155725037570, 7.214831068342490994 ) ) ;
#6577 = CARTESIAN_POINT ( 'NONE',  ( -0.6785254037844480335, 1.175240473580837497, -6.958333333333329485 ) ) ;
#6578 = CARTESIAN_POINT ( 'NONE',  ( -1.017788105676672439, -0.5876202367904410639, -1.333333333333330817 ) ) ;
#6579 = CARTESIAN_POINT ( 'NONE',  ( -1.836970198721050149E-16, -1.500000000000031530, -4.999999999999996447 ) ) ;
#6580 = ORIENTED_EDGE ( 'NONE', *, *, #6442, .F. ) ;
#6581 = DIRECTION ( 'NONE',  ( 9.237055564881303679E-14, -1.000000000000000000, 0.000000000000000000 ) ) ;
#6582 = CARTESIAN_POINT ( 'NONE',  ( 1.357050807568896511, -1.609623665385050860E-14, 4.375000000000001776 ) ) ;
#6583 = CARTESIAN_POINT ( 'NONE',  ( -0.6785254037844485886, -1.175240473580866585, -7.229166666666663410 ) ) ;
#6584 = CARTESIAN_POINT ( 'NONE',  ( 0.000000000000000000, 1.527063293868265559, 1.796875000000000666 ) ) ;
#6585 = CARTESIAN_POINT ( 'NONE',  ( -1.322475605676673105, -0.7635316469341546508, -6.536458333333332149 ) ) ;
#6586 = ORIENTED_EDGE ( 'NONE', *, *, #2128, .T. ) ;
#6587 = CARTESIAN_POINT ( 'NONE',  ( 0.6785254037844490327, 1.175240473580837053, -4.979166666666663410 ) ) ;
#6588 = PRODUCT ( '92000A124_Passivated 18-8 Stainless Steel Pan Head Phillips Screws', '92000A124_Passivated 18-8 Stainless Steel Pan Head Phillips Screws', '', ( #439 ) ) ;
#6589 = ORIENTED_EDGE ( 'NONE', *, *, #2976, .F. ) ;
#6590 = CARTESIAN_POINT ( 'NONE',  ( -0.6785254037844480335, 1.175240473580836165, 4.604166666666668739 ) ) ;
#6591 = CARTESIAN_POINT ( 'NONE',  ( -1.516811814775605338, -0.2267098366437927115, 7.786744040493384311 ) ) ;
#6592 = CARTESIAN_POINT ( 'NONE',  ( 0.1867183014945839048, -1.020989215107070081, 7.406250000000000888 ) ) ;
#6593 = CARTESIAN_POINT ( 'NONE',  ( 0.000000000000000000, -1.500000000000001554, 8.250000000000000000 ) ) ;
#6594 = CARTESIAN_POINT ( 'NONE',  ( -1.836970198721050395E-16, -1.500000000000031530, -4.437500000000000000 ) ) ;
#6595 = CARTESIAN_POINT ( 'NONE',  ( 1.322475605676673771, 0.7635316469341232315, 7.213541666666666963 ) ) ;
#6596 = CARTESIAN_POINT ( 'NONE',  ( 0.8816504037844482555, -1.527063293868296867, -0.9114583333333327042 ) ) ;
#6597 = CARTESIAN_POINT ( 'NONE',  ( 0.000000000000000000, 1.175240473580837719, -7.499999999999997335 ) ) ;
#6598 = EDGE_CURVE ( 'NONE', #8197, #2960, #1688, .T. ) ;
#6599 = EDGE_CURVE ( 'NONE', #2055, #1328, #2580, .T. ) ;
#6600 = CARTESIAN_POINT ( 'NONE',  ( 0.000000000000000000, 1.527063293868266447, -4.734374999999995559 ) ) ;
#6601 = CARTESIAN_POINT ( 'NONE',  ( 0.2267097614933554772, 1.516811748361101664, 7.786743325484763112 ) ) ;
#6602 = VERTEX_POINT ( 'NONE', #2827 ) ;
#6603 = CARTESIAN_POINT ( 'NONE',  ( -0.6785254037844485886, -1.175240473580867029, -2.791666666666664298 ) ) ;
#6604 = CARTESIAN_POINT ( 'NONE',  ( -0.6785254037844480335, 1.175240473580837719, -5.895833333333331261 ) ) ;
#6605 = VERTEX_POINT ( 'NONE', #5333 ) ;
#6606 = CARTESIAN_POINT ( 'NONE',  ( -0.6785254037844480335, 1.175240473580836387, 2.104166666666669183 ) ) ;
#6607 = CARTESIAN_POINT ( 'NONE',  ( -0.2270432773634110113, -1.517185021815170121, 7.789916517023739218 ) ) ;
#6608 = CARTESIAN_POINT ( 'NONE',  ( 1.017788105676672883, 0.5876202367904098667, 0.4791666666666689611 ) ) ;
#6609 = CARTESIAN_POINT ( 'NONE',  ( -0.7026901318165348354, -0.7026901318165371668, 8.203144106708492700 ) ) ;
#6610 = CIRCLE ( 'NONE', #1562, 2.963999999999997748 ) ;
#6611 = CARTESIAN_POINT ( 'NONE',  ( 0.2468476514111886122, -1.539609450051896644, 7.978342549502075443 ) ) ;
#6612 = CARTESIAN_POINT ( 'NONE',  ( 1.578130571963835660, 0.2096185566943395695, 7.983514249959532627 ) ) ;
#6613 = AXIS2_PLACEMENT_3D ( 'NONE', #2288, #4859, #7401 ) ;
#6614 = CARTESIAN_POINT ( 'NONE',  ( -1.870113174931204576E-16, -1.527063293868296423, -0.9843749999999954481 ) ) ;
#6615 = CARTESIAN_POINT ( 'NONE',  ( -0.1879607210212063395, -1.559594178744796444, 7.782412223762259273 ) ) ;
#6616 = CARTESIAN_POINT ( 'NONE',  ( -1.017788105676672439, -0.5876202367904413970, 1.729166666666668739 ) ) ;
#6617 = CARTESIAN_POINT ( 'NONE',  ( 0.000000000000000000, 1.175240473580836387, 4.062500000000001776 ) ) ;
#6618 = CARTESIAN_POINT ( 'NONE',  ( -0.6785254037844480335, 1.175240473580837497, -7.458333333333330373 ) ) ;
#6619 = AXIS2_PLACEMENT_3D ( 'NONE', #7580, #533, #1876 ) ;
#6620 = VECTOR ( 'NONE', #4884, 1000.000000000000000 ) ;
#6621 = CARTESIAN_POINT ( 'NONE',  ( 1.017788105676671995, -0.5876202367904417301, -2.166666666666663854 ) ) ;
#6622 = CARTESIAN_POINT ( 'NONE',  ( 0.2066061694804669779, -1.498883546685036539, 7.595470424235175599 ) ) ;
#6623 = VECTOR ( 'NONE', #8120, 1000.000000000000000 ) ;
#6624 = ORIENTED_EDGE ( 'NONE', *, *, #5174, .F. ) ;
#6625 = FACE_OUTER_BOUND ( 'NONE', #6284, .T. ) ;
#6626 = CARTESIAN_POINT ( 'NONE',  ( -0.6785254037844485886, -1.175240473580867695, 4.708333333333334814 ) ) ;
#6627 = CARTESIAN_POINT ( 'NONE',  ( 1.017788105676671995, -0.5876202367904410639, -7.604166666666663410 ) ) ;
#6628 = CARTESIAN_POINT ( 'NONE',  ( 0.8816504037844482555, -1.527063293868297533, 2.088541666666667407 ) ) ;
#6629 = CARTESIAN_POINT ( 'NONE',  ( -1.322475605676673105, -0.7635316469341548729, -5.536458333333332149 ) ) ;
#6630 = ORIENTED_EDGE ( 'NONE', *, *, #1109, .F. ) ;
#6631 = CARTESIAN_POINT ( 'NONE',  ( -0.6785254037844480335, 1.175240473580837275, -4.895833333333330373 ) ) ;
#6632 = ORIENTED_EDGE ( 'NONE', *, *, #7166, .T. ) ;
#6633 = CARTESIAN_POINT ( 'NONE',  ( 0.6785254037844490327, 1.175240473580835721, 3.520833333333335258 ) ) ;
#6634 = CARTESIAN_POINT ( 'NONE',  ( -0.8660254037844499209, 1.499999999999997335, 2.291666666666670960 ) ) ;
#6635 = DIRECTION ( 'NONE',  ( -0.000000000000000000, -1.224646799147353207E-16, 1.000000000000000000 ) ) ;
#6636 = DIRECTION ( 'NONE',  ( -4.188538737677001009E-17, -0.3420201433256696011, 0.9396926207859082059 ) ) ;
#6637 = CARTESIAN_POINT ( 'NONE',  ( 0.000000000000000000, 1.500000000000002220, -7.187499999999998224 ) ) ;
#6638 = ORIENTED_EDGE ( 'NONE', *, *, #7976, .T. ) ;
#6639 = CARTESIAN_POINT ( 'NONE',  ( -1.322475605676673105, -0.7635316469341564272, 6.963541666666666075 ) ) ;
#6640 = CARTESIAN_POINT ( 'NONE',  ( -1.870113174931204576E-16, -1.527063293868296645, 1.046875000000000000 ) ) ;
#6641 = CARTESIAN_POINT ( 'NONE',  ( -1.836970198721050149E-16, -1.500000000000032196, 2.000000000000003997 ) ) ;
#6642 = CARTESIAN_POINT ( 'NONE',  ( 1.763300807568897621, -1.510121112954328237E-14, -4.359374999999995559 ) ) ;
#6643 = CARTESIAN_POINT ( 'NONE',  ( -0.1867183014945855146, -0.9827792013656211356, 7.406250000000001776 ) ) ;
#6644 = EDGE_LOOP ( 'NONE', ( #3252, #5905, #1551, #7010 ) ) ;
#6645 = DIRECTION ( 'NONE',  ( -0.000000000000000000, -1.224646799147353207E-16, 1.000000000000000000 ) ) ;
#6646 = CARTESIAN_POINT ( 'NONE',  ( 1.017788105676672883, 0.5876202367904106438, -6.520833333333330373 ) ) ;
#6647 = VERTEX_POINT ( 'NONE', #6653 ) ;
#6648 = CARTESIAN_POINT ( 'NONE',  ( -1.017788105676672439, -0.5876202367904412860, 0.2291666666666691832 ) ) ;
#6649 = CARTESIAN_POINT ( 'NONE',  ( 1.017788105676671995, -0.5876202367904425072, 3.833333333333335258 ) ) ;
#6650 = EDGE_CURVE ( 'NONE', #2953, #4679, #4073, .T. ) ;
#6651 = EDGE_CURVE ( 'NONE', #5544, #1534, #2530, .T. ) ;
#6652 = CARTESIAN_POINT ( 'NONE',  ( 0.6785254037844490327, 1.175240473580836387, -0.9791666666666641872 ) ) ;
#6653 = CARTESIAN_POINT ( 'NONE',  ( -1.836970198721050149E-16, -1.500000000000031974, -0.4999999999999963363 ) ) ;
#6654 = CARTESIAN_POINT ( 'NONE',  ( 0.2078487863861430696, -1.576622122564785400, 7.967077405468494966 ) ) ;
#6655 = CARTESIAN_POINT ( 'NONE',  ( -0.8660254037844488106, -1.500000000000031974, 3.958333333333337034 ) ) ;
#6656 =( BOUNDED_CURVE ( )  B_SPLINE_CURVE ( 2, ( #1371, #675, #5237, #3935, #4478, #7024, #3266 ),
 .UNSPECIFIED., .F., .F. ) 
 B_SPLINE_CURVE_WITH_KNOTS ( ( 3, 2, 2, 3 ),
 ( 0.7083333333333332593, 0.7222222222222222099, 0.7361111111111111605, 0.7500000000000000000 ),
 .UNSPECIFIED. ) 
 CURVE ( )  GEOMETRIC_REPRESENTATION_ITEM ( )  RATIONAL_B_SPLINE_CURVE ( ( 1.000000000000000000, 0.8660254037844387076, 1.000000000000000000, 0.8660254037844387076, 1.000000000000000000, 0.8660254037844387076, 1.000000000000000000 ) ) 
 REPRESENTATION_ITEM ( '' )  );
#6657 = CARTESIAN_POINT ( 'NONE',  ( 0.8816504037844494768, 1.527063293868265781, -1.776041666666662744 ) ) ;
#6658 = CARTESIAN_POINT ( 'NONE',  ( -1.836970198721050395E-16, -1.500000000000031308, -6.437499999999999112 ) ) ;
#6659 = CARTESIAN_POINT ( 'NONE',  ( -1.017788105676672439, -0.5876202367904408419, -2.833333333333330817 ) ) ;
#6660 = ADVANCED_FACE ( 'NONE', ( #4613 ), #2077, .T. ) ;
#6661 = CARTESIAN_POINT ( 'NONE',  ( 1.363484188061474978, 0.2098409426617805773, 5.271442638939374703 ) ) ;
#6662 = CARTESIAN_POINT ( 'NONE',  ( -0.6785254037844485886, -1.175240473580866807, -5.291666666666663410 ) ) ;
#6663 = CARTESIAN_POINT ( 'NONE',  ( 0.6785254037844478114, -1.175240473580867695, 2.291666666666669627 ) ) ;
#6664 = CARTESIAN_POINT ( 'NONE',  ( -1.489937016748773990, 0.1966617905630209384, 7.500855978943536506 ) ) ;
#6665 = CC_DESIGN_APPROVAL ( #4750, ( #5865 ) ) ;
#6666 = VERTEX_POINT ( 'NONE', #8046 ) ;
#6667 = CARTESIAN_POINT ( 'NONE',  ( -0.5670171206495941973, 1.038950252870101121, 8.234880783661079562 ) ) ;
#6668 = CARTESIAN_POINT ( 'NONE',  ( -1.439254484199210086E-16, -1.175240473580868139, 6.250000000000001776 ) ) ;
#6669 = CARTESIAN_POINT ( 'NONE',  ( 0.6785254037844490327, 1.175240473580837275, -7.979166666666663410 ) ) ;
#6670 = ADVANCED_FACE ( 'NONE', ( #1105 ), #7783, .T. ) ;
#6671 = ORIENTED_EDGE ( 'NONE', *, *, #220, .T. ) ;
#6672 = CARTESIAN_POINT ( 'NONE',  ( -1.357050807568896511, -1.463871082157995885E-14, -4.812499999999998224 ) ) ;
#6673 = ORIENTED_EDGE ( 'NONE', *, *, #6501, .T. ) ;
#6674 = CARTESIAN_POINT ( 'NONE',  ( 1.017788105676671995, -0.5876202367904425072, 3.895833333333335258 ) ) ;
#6675 = CARTESIAN_POINT ( 'NONE',  ( -1.299038105676672217, -0.7500000000000226485, -5.583333333333330373 ) ) ;
#6676 = CARTESIAN_POINT ( 'NONE',  ( 0.000000000000000000, 1.175240473580836609, 3.000000000000002220 ) ) ;
#6677 = AXIS2_PLACEMENT_3D ( 'NONE', #1182, #4332, #6452 ) ;
#6678 = DIRECTION ( 'NONE',  ( 7.007674618073069674E-16, 0.9945218953682734009, 0.1045284632676539566 ) ) ;
#6679 = CARTESIAN_POINT ( 'NONE',  ( 1.575981320763141014, -0.2127095426802492473, 7.967077405468494966 ) ) ;
#6680 = CARTESIAN_POINT ( 'NONE',  ( -1.299038105676672217, 0.7499999999999926725, 4.395833333333333925 ) ) ;
#6681 = CARTESIAN_POINT ( 'NONE',  ( 0.000000000000000000, 1.527063293868265115, 5.796875000000000000 ) ) ;
#6682 = CARTESIAN_POINT ( 'NONE',  ( -0.8816504037844485886, 1.527063293868266003, 0.3385416666666671293 ) ) ;
#6683 = DIRECTION ( 'NONE',  ( -1.000000000000000000, 0.000000000000000000, 0.000000000000000000 ) ) ;
#6684 = CARTESIAN_POINT ( 'NONE',  ( -1.322475605676673105, -0.7635316469341548729, -5.567708333333328596 ) ) ;
#6685 = CARTESIAN_POINT ( 'NONE',  ( 1.299038105676671773, -0.7500000000000240918, -1.354166666666665408 ) ) ;
#6686 = ORIENTED_EDGE ( 'NONE', *, *, #219, .T. ) ;
#6687 = DIRECTION ( 'NONE',  ( 0.02078751127481433952, -0.1045058763748858977, 0.9943069954385902465 ) ) ;
#6688 = CARTESIAN_POINT ( 'NONE',  ( 1.017788105676671995, -0.5876202367904409529, -8.104166666666664298 ) ) ;
#6689 = ORIENTED_EDGE ( 'NONE', *, *, #7460, .T. ) ;
#6690 = CARTESIAN_POINT ( 'NONE',  ( 1.357050807568896511, -1.579772899655833695E-14, 1.937500000000002665 ) ) ;
#6691 = CARTESIAN_POINT ( 'NONE',  ( -1.439254484199210086E-16, -1.175240473580868139, 5.750000000000001776 ) ) ;
#6692 = CARTESIAN_POINT ( 'NONE',  ( -1.017788105676672439, 0.5876202367904109769, -1.354166666666664076 ) ) ;
#6693 = CARTESIAN_POINT ( 'NONE',  ( -0.2078487863861321339, 1.576622122564785622, 7.967077405468494966 ) ) ;
#6694 = DIRECTION ( 'NONE',  ( 1.224646799147353207E-16, 1.224646799147340388E-16, -1.000000000000000000 ) ) ;
#6695 = EDGE_CURVE ( 'NONE', #1534, #1785, #5892, .T. ) ;
#6696 = CARTESIAN_POINT ( 'NONE',  ( -0.8816504037844491437, -1.527063293868295979, -1.526041666666661856 ) ) ;
#6697 = CARTESIAN_POINT ( 'NONE',  ( 0.000000000000000000, 1.175240473580836609, 2.500000000000002220 ) ) ;
#6698 = CARTESIAN_POINT ( 'NONE',  ( -0.6785254037844485886, -1.175240473580867251, -1.791666666666664076 ) ) ;
#6699 = CARTESIAN_POINT ( 'NONE',  ( 1.372741617550348403, 0.1188905244557277724, 5.266900452530506982 ) ) ;
#6700 = CARTESIAN_POINT ( 'NONE',  ( 1.017788105676671995, -0.5876202367904412860, -6.166666666666664298 ) ) ;
#6701 =( BOUNDED_CURVE ( )  B_SPLINE_CURVE ( 2, ( #6174, #1140, #3583, #6098, #414, #5471, #375 ),
 .UNSPECIFIED., .F., .F. ) 
 B_SPLINE_CURVE_WITH_KNOTS ( ( 3, 2, 2, 3 ),
 ( 0.5833333333333332593, 0.5972222222222220989, 0.6111111111111111605, 0.6250000000000000000 ),
 .UNSPECIFIED. ) 
 CURVE ( )  GEOMETRIC_REPRESENTATION_ITEM ( )  RATIONAL_B_SPLINE_CURVE ( ( 1.000000000000001110, 0.8660254037844375974, 1.000000000000000000, 0.8660254037844387076, 1.000000000000000000, 0.8660254037844387076, 1.000000000000000000 ) ) 
 REPRESENTATION_ITEM ( '' )  );
#6702 = ADVANCED_FACE ( 'NONE', ( #3991 ), #7238, .T. ) ;
#6703 = EDGE_CURVE ( 'NONE', #3245, #842, #6798, .T. ) ;
#6704 = CARTESIAN_POINT ( 'NONE',  ( 0.000000000000000000, 0.000000000000000000, 0.000000000000000000 ) ) ;
#6705 = ORIENTED_EDGE ( 'NONE', *, *, #6143, .F. ) ;
#6706 = CARTESIAN_POINT ( 'NONE',  ( 1.299038105676672883, 0.7499999999999920064, -0.7708333333333319271 ) ) ;
#6707 = CARTESIAN_POINT ( 'NONE',  ( 1.357050807568896511, -1.621870133376524375E-14, 5.375000000000001776 ) ) ;
#6708 = CARTESIAN_POINT ( 'NONE',  ( 0.6785254037844478114, -1.175240473580866807, -8.145833333333332149 ) ) ;
#6709 = LINE ( 'NONE', #1021, #2552 ) ;
#6710 = ORIENTED_EDGE ( 'NONE', *, *, #2576, .F. ) ;
#6711 = CARTESIAN_POINT ( 'NONE',  ( 1.245932656107035630, -0.2877651580966642531, 4.971953543842289491 ) ) ;
#6712 = EDGE_LOOP ( 'NONE', ( #5239, #39, #3439, #2301 ) ) ;
#6713 = CARTESIAN_POINT ( 'NONE',  ( -0.6785254037844480335, 1.175240473580836165, 3.604166666666668295 ) ) ;
#6714 = CARTESIAN_POINT ( 'NONE',  ( 1.516811748361101664, 0.2267097614933563932, 7.786743325484763112 ) ) ;
#6715 = CARTESIAN_POINT ( 'NONE',  ( -1.035680818414129067, -0.5767764541008461032, 4.718158681516602115 ) ) ;
#6716 = CARTESIAN_POINT ( 'NONE',  ( 1.537088995082179332, -0.2468885705421008381, 7.979230760618284179 ) ) ;
#6717 = CARTESIAN_POINT ( 'NONE',  ( 1.017788105676671995, -0.5876202367904422852, 2.895833333333335702 ) ) ;
#6718 = CARTESIAN_POINT ( 'NONE',  ( 0.8816504037844482555, -1.527063293868297755, 5.588541666666667851 ) ) ;
#6719 = CARTESIAN_POINT ( 'NONE',  ( 1.763300807568897621, -1.571736155036428806E-14, 0.6718750000000005551 ) ) ;
#6720 = CARTESIAN_POINT ( 'NONE',  ( -1.017788105676672439, -0.5876202367904403978, -6.833333333333330373 ) ) ;
#6721 = CARTESIAN_POINT ( 'NONE',  ( -1.322475605676673105, -0.7635316469341547618, -6.067708333333328596 ) ) ;
#6722 = CARTESIAN_POINT ( 'NONE',  ( 0.2866551442409739359, 0.9254976877526287504, 8.147054690030637758 ) ) ;
#6723 = EDGE_LOOP ( 'NONE', ( #1025, #7961, #4533, #3846 ) ) ;
#6724 = CARTESIAN_POINT ( 'NONE',  ( 0.000000000000000000, 1.500000000000001998, -6.749999999999996447 ) ) ;
#6725 = CARTESIAN_POINT ( 'NONE',  ( -1.357050807568896067, -1.457747848162259128E-14, -5.312499999999998224 ) ) ;
#6726 = ORIENTED_EDGE ( 'NONE', *, *, #4777, .T. ) ;
#6727 = CARTESIAN_POINT ( 'NONE',  ( 1.480908766186230352, -0.1867183014945914266, 7.406250000000000888 ) ) ;
#6728 = CARTESIAN_POINT ( 'NONE',  ( 0.000000000000000000, 1.175240473580836165, 5.500000000000002665 ) ) ;
#6729 = CARTESIAN_POINT ( 'NONE',  ( -1.439254484199210086E-16, -1.175240473580867473, -1.187499999999997335 ) ) ;
#6730 = DIRECTION ( 'NONE',  ( 0.000000000000000000, -1.000000000000000000, 0.000000000000000000 ) ) ;
#6731 = CARTESIAN_POINT ( 'NONE',  ( -0.8660254037844440367, 1.500000000000007550, 3.791666666666670071 ) ) ;
#6732 = AXIS2_PLACEMENT_3D ( 'NONE', #7035, #5744, #3320 ) ;
#6733 = CARTESIAN_POINT ( 'NONE',  ( 1.322475605676672661, -0.7635316469341563161, -1.901041666666662300 ) ) ;
#6734 =( BOUNDED_SURFACE ( )  B_SPLINE_SURFACE ( 1, 2, ( 
 ( #6697, #3406, #2166, #5960, #7915, #2208, #279, #5419, #4705, #7243, #935, #5379, #7288, #3490, #357, #7954, #3483, #4820, #4856, #8020, #391, #7279, #5486, #2825, #7947, #4787, #8055, #5452, #1662, #3522, #1583, #6769, #6649, #3561, #6074, #4232, #7908, #7322, #2318, #966, #2865, #7439, #7987, #2284, #4267, #428, #1080, #7398, #6808, #3597, #2907, #1006, #2245, #4116, #1620, #5411, #4738, #6152, #466, #2975, #6036, #5522, #3634, #7362, #2356, #4895, #1697, #1736, #1117, #4194, #6187, #5371, #6728, #2202, #351, #1043, #2941, #4154, #6691, #6113, #5055, #3091, #6229, #7593, #1806, #7513, #5565, #5728, #8095, #6302, #7018, #3674, #546, #4473, #5643, #1154, #1323, #3051, #8171, #3178, #2433, #3849, #7477, #4974, #9, #6888, #4307, #3759, #2472, #502, #586, #5011, #1892, #1772, #3013, #3802, #50, #2561, #6971, #5101, #1276, #2396, #4430, #6845, #625, #4386, #7554, #5601, #669, #6346, #7643, #8131, #4346, #1936, #1848, #3134, #4936, #1194, #3719, #6266, #6927, #1235, #5684, #2515, #3389 ),
 ( #5897, #5852, #5320, #6559, #5231, #3979, #2644, #5809, #837, #2728, #794, #3890, #5272, #7731, #5191, #3221, #5937, #5769, #6519, #4687, #1365, #6434, #2148, #3307, #7062, #7226, #750, #176, #878, #132, #1529, #5143, #2022, #217, #4559, #1983, #1449, #2687, #6390, #6476, #7770, #7809, #7689, #708, #1489, #255, #2773, #4643, #7856, #7184, #91, #2105, #4518, #3349, #2062, #4600, #3262, #2604, #4019, #7102, #1407, #3931, #7143, #380, #1651, #1069, #7429, #418, #2855, #4770, #2930, #1032, #2815, #3585, #2965, #5401, #2344, #6138, #300, #6718, #4060, #956, #6026, #455, #6681, #2895, #7312, #5360, #8011, #7899, #4810, #1610, #5475, #915, #341, #3550, #2190, #4103, #5513, #996, #3511, #8045, #4183, #2309, #4847, #4883, #7388, #4143, #2232, #3474, #4728, #7937, #6639, #5984, #1687, #4222, #6760, #7269, #6595, #3432, #6063, #1568, #5441, #6103, #7974, #2271, #7352, #5088, #1726, #2546, #3790, #1878, #3166, #4418, #1797, #6797, #3662, #4258, #3120, #6958, #1103, #6915, #3081, #5552, #6330 ) ),
 .UNSPECIFIED., .F., .F., .F. ) 
 B_SPLINE_SURFACE_WITH_KNOTS ( ( 2, 2 ),
 ( 3, 2, 2, 2, 2, 2, 2, 2, 2, 2, 2, 2, 2, 2, 2, 2, 2, 2, 2, 2, 2, 2, 2, 2, 2, 2, 2, 2, 2, 2, 2, 2, 2, 2, 2, 2, 2, 2, 2, 2, 2, 2, 2, 2, 2, 2, 2, 2, 2, 2, 2, 2, 2, 2, 2, 2, 2, 2, 2, 2, 2, 2, 2, 2, 2, 2, 2, 2, 2, 2, 2, 2, 3 ),
 ( 0.000000000000000000, 1.000000000000000000 ),
 ( 0.000000000000000000, 0.01388888888888888812, 0.02777777777777777624, 0.04166666666666666435, 0.05555555555555555247, 0.06944444444444444753, 0.08333333333333332871, 0.09722222222222222376, 0.1111111111111111049, 0.1250000000000000000, 0.1388888888888888951, 0.1527777777777777901, 0.1666666666666666574, 0.1805555555555555525, 0.1944444444444444475, 0.2083333333333333426, 0.2222222222222222099, 0.2361111111111111049, 0.2500000000000000000, 0.2638888888888888951, 0.2777777777777777901, 0.2916666666666666852, 0.3055555555555555802, 0.3194444444444444198, 0.3333333333333333148, 0.3472222222222222099, 0.3611111111111111049, 0.3750000000000000000, 0.3888888888888888951, 0.4027777777777777901, 0.4166666666666666852, 0.4305555555555555802, 0.4444444444444444198, 0.4583333333333333148, 0.4722222222222222099, 0.4861111111111111049, 0.5000000000000000000, 0.5138888888888888395, 0.5277777777777777901, 0.5416666666666666297, 0.5555555555555555802, 0.5694444444444444198, 0.5833333333333333703, 0.5972222222222222099, 0.6111111111111111605, 0.6250000000000000000, 0.6388888888888888395, 0.6527777777777777901, 0.6666666666666666297, 0.6805555555555555802, 0.6944444444444444198, 0.7083333333333333703, 0.7222222222222222099, 0.7361111111111111605, 0.7500000000000000000, 0.7638888888888888395, 0.7777777777777777901, 0.7916666666666666297, 0.8055555555555555802, 0.8194444444444444198, 0.8333333333333333703, 0.8472222222222222099, 0.8611111111111111605, 0.8750000000000000000, 0.8888888888888888395, 0.9027777777777777901, 0.9166666666666666297, 0.9305555555555555802, 0.9444444444444444198, 0.9583333333333333703, 0.9722222222222222099, 0.9861111111111111605, 1.000000000000000000 ),
 .UNSPECIFIED. ) 
 GEOMETRIC_REPRESENTATION_ITEM ( )  RATIONAL_B_SPLINE_SURFACE ( (
 ( 1.000000000000000000, 0.8660254037844387076, 1.000000000000000000, 0.8660254037844387076, 1.000000000000000000, 0.8660254037844387076, 1.000000000000000000, 0.8660254037844387076, 1.000000000000000000, 0.8660254037844387076, 1.000000000000000000, 0.8660254037844387076, 1.000000000000000000, 0.8660254037844387076, 1.000000000000000000, 0.8660254037844387076, 1.000000000000000000, 0.8660254037844387076, 1.000000000000000000, 0.8660254037844387076, 1.000000000000000000, 0.8660254037844387076, 1.000000000000000000, 0.8660254037844387076, 1.000000000000000000, 0.8660254037844387076, 1.000000000000000000, 0.8660254037844387076, 1.000000000000000000, 0.8660254037844387076, 1.000000000000000000, 0.8660254037844387076, 1.000000000000000000, 0.8660254037844387076, 1.000000000000000000, 0.8660254037844387076, 1.000000000000000000, 0.8660254037844387076, 1.000000000000000000, 0.8660254037844387076, 1.000000000000000000, 0.8660254037844387076, 1.000000000000000000, 0.8660254037844387076, 1.000000000000000000, 0.8660254037844387076, 1.000000000000000000, 0.8660254037844387076, 1.000000000000000000, 0.8660254037844387076, 1.000000000000000000, 0.8660254037844387076, 1.000000000000000000, 0.8660254037844387076, 1.000000000000000000, 0.8660254037844387076, 1.000000000000000000, 0.8660254037844387076, 1.000000000000000000, 0.8660254037844387076, 1.000000000000000000, 0.8660254037844387076, 1.000000000000000000, 0.8660254037844387076, 1.000000000000000000, 0.8660254037844387076, 1.000000000000000000, 0.8660254037844387076, 1.000000000000000000, 0.8660254037844387076, 1.000000000000000000, 0.8660254037844387076, 1.000000000000000000, 0.8660254037844387076, 1.000000000000000000, 0.8660254037844387076, 1.000000000000000000, 0.8660254037844387076, 1.000000000000000000, 0.8660254037844387076, 1.000000000000000000, 0.8660254037844387076, 1.000000000000000000, 0.8660254037844387076, 1.000000000000000000, 0.8660254037844387076, 1.000000000000000000, 0.8660254037844387076, 1.000000000000000000, 0.8660254037844387076, 1.000000000000000000, 0.8660254037844387076, 1.000000000000000000, 0.8660254037844387076, 1.000000000000000000, 0.8660254037844387076, 1.000000000000000000, 0.8660254037844387076, 1.000000000000000000, 0.8660254037844387076, 1.000000000000000000, 0.8660254037844387076, 1.000000000000000000, 0.8660254037844387076, 1.000000000000000000, 0.8660254037844387076, 1.000000000000000000, 0.8660254037844387076, 1.000000000000000000, 0.8660254037844387076, 1.000000000000000000, 0.8660254037844387076, 1.000000000000000000, 0.8660254037844387076, 1.000000000000000000, 0.8660254037844387076, 1.000000000000000000, 0.8660254037844387076, 1.000000000000000000, 0.8660254037844387076, 1.000000000000000000, 0.8660254037844387076, 1.000000000000000000, 0.8660254037844387076, 1.000000000000000000, 0.8660254037844387076, 1.000000000000000000, 0.8660254037844387076, 1.000000000000000000, 0.8660254037844387076, 1.000000000000000000, 0.8660254037844387076, 1.000000000000000000, 0.8660254037844387076, 1.000000000000000000, 0.8660254037844387076, 1.000000000000000000, 0.8660254037844387076, 1.000000000000000000, 0.8660254037844387076, 1.000000000000000000, 0.8660254037844387076, 1.000000000000000000, 0.8660254037844387076, 1.000000000000000000),
 ( 1.000000000000000000, 0.8660254037844387076, 1.000000000000000000, 0.8660254037844387076, 1.000000000000000000, 0.8660254037844387076, 1.000000000000000000, 0.8660254037844387076, 1.000000000000000000, 0.8660254037844387076, 1.000000000000000000, 0.8660254037844387076, 1.000000000000000000, 0.8660254037844387076, 1.000000000000000000, 0.8660254037844387076, 1.000000000000000000, 0.8660254037844387076, 1.000000000000000000, 0.8660254037844387076, 1.000000000000000000, 0.8660254037844387076, 1.000000000000000000, 0.8660254037844387076, 1.000000000000000000, 0.8660254037844387076, 1.000000000000000000, 0.8660254037844387076, 1.000000000000000000, 0.8660254037844387076, 1.000000000000000000, 0.8660254037844387076, 1.000000000000000000, 0.8660254037844387076, 1.000000000000000000, 0.8660254037844387076, 1.000000000000000000, 0.8660254037844387076, 1.000000000000000000, 0.8660254037844387076, 1.000000000000000000, 0.8660254037844387076, 1.000000000000000000, 0.8660254037844387076, 1.000000000000000000, 0.8660254037844387076, 1.000000000000000000, 0.8660254037844387076, 1.000000000000000000, 0.8660254037844387076, 1.000000000000000000, 0.8660254037844387076, 1.000000000000000000, 0.8660254037844387076, 1.000000000000000000, 0.8660254037844387076, 1.000000000000000000, 0.8660254037844387076, 1.000000000000000000, 0.8660254037844387076, 1.000000000000000000, 0.8660254037844387076, 1.000000000000000000, 0.8660254037844387076, 1.000000000000000000, 0.8660254037844387076, 1.000000000000000000, 0.8660254037844387076, 1.000000000000000000, 0.8660254037844387076, 1.000000000000000000, 0.8660254037844387076, 1.000000000000000000, 0.8660254037844387076, 1.000000000000000000, 0.8660254037844387076, 1.000000000000000000, 0.8660254037844387076, 1.000000000000000000, 0.8660254037844387076, 1.000000000000000000, 0.8660254037844387076, 1.000000000000000000, 0.8660254037844387076, 1.000000000000000000, 0.8660254037844387076, 1.000000000000000000, 0.8660254037844387076, 1.000000000000000000, 0.8660254037844387076, 1.000000000000000000, 0.8660254037844387076, 1.000000000000000000, 0.8660254037844387076, 1.000000000000000000, 0.8660254037844387076, 1.000000000000000000, 0.8660254037844387076, 1.000000000000000000, 0.8660254037844387076, 1.000000000000000000, 0.8660254037844387076, 1.000000000000000000, 0.8660254037844387076, 1.000000000000000000, 0.8660254037844387076, 1.000000000000000000, 0.8660254037844387076, 1.000000000000000000, 0.8660254037844387076, 1.000000000000000000, 0.8660254037844387076, 1.000000000000000000, 0.8660254037844387076, 1.000000000000000000, 0.8660254037844387076, 1.000000000000000000, 0.8660254037844387076, 1.000000000000000000, 0.8660254037844387076, 1.000000000000000000, 0.8660254037844387076, 1.000000000000000000, 0.8660254037844387076, 1.000000000000000000, 0.8660254037844387076, 1.000000000000000000, 0.8660254037844387076, 1.000000000000000000, 0.8660254037844387076, 1.000000000000000000, 0.8660254037844387076, 1.000000000000000000, 0.8660254037844387076, 1.000000000000000000, 0.8660254037844387076, 1.000000000000000000, 0.8660254037844387076, 1.000000000000000000, 0.8660254037844387076, 1.000000000000000000, 0.8660254037844387076, 1.000000000000000000, 0.8660254037844387076, 1.000000000000000000) ) ) 
 REPRESENTATION_ITEM ( '' )  SURFACE ( )  );
#6735 = CARTESIAN_POINT ( 'NONE',  ( 0.000000000000000000, 1.500000000000002220, -6.187499999999997335 ) ) ;
#6736 = CARTESIAN_POINT ( 'NONE',  ( 1.017788105676671995, -0.5876202367904417301, -2.166666666666663854 ) ) ;
#6737 = CARTESIAN_POINT ( 'NONE',  ( 0.000000000000000000, 1.500000000000001332, -1.249999999999996447 ) ) ;
#6738 = CARTESIAN_POINT ( 'NONE',  ( 1.017788105676671995, -0.5876202367904416191, -3.166666666666663854 ) ) ;
#6739 = VECTOR ( 'NONE', #1550, 999.9999999999998863 ) ;
#6740 = CONICAL_SURFACE ( 'NONE', #258, 1.187500000000003331, 0.7853981633974427279 ) ;
#6741 = CALENDAR_DATE ( 2026, 8, 1 ) ;
#6742 = EDGE_LOOP ( 'NONE', ( #6072, #6705, #1537, #3502 ) ) ;
#6743 = VECTOR ( 'NONE', #889, 1000.000000000000000 ) ;
#6744 = EDGE_CURVE ( 'NONE', #5352, #7334, #3, .T. ) ;
#6745 = CARTESIAN_POINT ( 'NONE',  ( -0.8781929652596113245, -0.7941438866653719453, -8.250000000000003553 ) ) ;
#6746 = CARTESIAN_POINT ( 'NONE',  ( -0.6785254037844480335, 1.175240473580835943, 6.541666666666668739 ) ) ;
#6747 = DIRECTION ( 'NONE',  ( 1.000000000000000000, 0.000000000000000000, 0.000000000000000000 ) ) ;
#6748 = EDGE_CURVE ( 'NONE', #961, #7799, #5377, .T. ) ;
#6749 = ADVANCED_FACE ( 'NONE', ( #274 ), #2204, .T. ) ;
#6750 = CARTESIAN_POINT ( 'NONE',  ( -1.836970198721050149E-16, -1.500000000000032196, 3.000000000000003997 ) ) ;
#6751 =( BOUNDED_CURVE ( )  B_SPLINE_CURVE ( 2, ( #1485, #5847, #910, #5267, #7765, #6634, #5354 ),
 .UNSPECIFIED., .F., .F. ) 
 B_SPLINE_CURVE_WITH_KNOTS ( ( 3, 2, 2, 3 ),
 ( 0.1249999999999999722, 0.1388888888888888118, 0.1527777777777777346, 0.1666666666666665741 ),
 .UNSPECIFIED. ) 
 CURVE ( )  GEOMETRIC_REPRESENTATION_ITEM ( )  RATIONAL_B_SPLINE_CURVE ( ( 1.000000000000000222, 0.8660254037844384856, 1.000000000000000000, 0.8660254037844387076, 1.000000000000000000, 0.8660254037844392627, 0.9999999999999994449 ) ) 
 REPRESENTATION_ITEM ( '' )  );
#6752 = ORIENTED_EDGE ( 'NONE', *, *, #1056, .F. ) ;
#6753 = VECTOR ( 'NONE', #602, 1000.000000000000000 ) ;
#6754 = CARTESIAN_POINT ( 'NONE',  ( 0.1665170719417516931, -1.223257011865837240, 4.850083036197692543 ) ) ;
#6755 = ORIENTED_EDGE ( 'NONE', *, *, #4359, .T. ) ;
#6756 = CARTESIAN_POINT ( 'NONE',  ( -0.6785254037844485886, -1.175240473580867695, 4.270833333333335702 ) ) ;
#6757 = CARTESIAN_POINT ( 'NONE',  ( 0.000000000000000000, 1.500000000000001998, -5.749999999999995559 ) ) ;
#6758 = CARTESIAN_POINT ( 'NONE',  ( -1.899182256117712578E-16, -1.550799999999998180, 5.750000000000000000 ) ) ;
#6759 = CARTESIAN_POINT ( 'NONE',  ( -1.439254484199210086E-16, -1.175240473580868139, 5.312500000000001776 ) ) ;
#6760 = CARTESIAN_POINT ( 'NONE',  ( 1.322475605676672661, -0.7635316469341574264, 7.130208333333333925 ) ) ;
#6761 = CARTESIAN_POINT ( 'NONE',  ( 1.357050807568896511, -1.499405453461788912E-14, -4.624999999999997335 ) ) ;
#6762 = CARTESIAN_POINT ( 'NONE',  ( 0.8816504037844494768, 1.527063293868266003, -3.776041666666662078 ) ) ;
#6763 = CARTESIAN_POINT ( 'NONE',  ( -0.8660254037844543618, 1.499999999999991784, -6.145833333333331261 ) ) ;
#6764 = LINE ( 'NONE', #3629, #3277 ) ;
#6765 = CARTESIAN_POINT ( 'NONE',  ( -0.6785254037844480335, 1.175240473580837497, -4.895833333333330373 ) ) ;
#6766 = CARTESIAN_POINT ( 'NONE',  ( 1.357050807568896067, -1.536144857436209456E-14, -1.624999999999997558 ) ) ;
#6767 = ORIENTED_EDGE ( 'NONE', *, *, #1963, .F. ) ;
#6768 = CARTESIAN_POINT ( 'NONE',  ( 0.3980426312550003343, -0.4531220514732911542, 7.406250000000000888 ) ) ;
#6769 = CARTESIAN_POINT ( 'NONE',  ( 0.6785254037844478114, -1.175240473580868139, 3.791666666666668739 ) ) ;
#6770 = CARTESIAN_POINT ( 'NONE',  ( 0.000000000000000000, 1.175240473580836609, 3.062500000000002665 ) ) ;
#6771 = CARTESIAN_POINT ( 'NONE',  ( 0.07566600718253987945, -1.181531097324047153, -8.249999999999996447 ) ) ;
#6772 = EDGE_CURVE ( 'NONE', #165, #2394, #7960, .T. ) ;
#6773 = CARTESIAN_POINT ( 'NONE',  ( 1.020989215107068970, 0.1867183014945865693, 7.406250000000000888 ) ) ;
#6774 = CYLINDRICAL_SURFACE ( 'NONE', #3539, 0.2915999999999999703 ) ;
#6775 = CARTESIAN_POINT ( 'NONE',  ( -1.763300807568897621, -1.531226656111100217E-14, 0.8906250000000042188 ) ) ;
#6776 = CARTESIAN_POINT ( 'NONE',  ( -0.1842696601082799701, -1.495340224802466089, 7.406250000000000888 ) ) ;
#6777 = CARTESIAN_POINT ( 'NONE',  ( -1.017788105676672439, 0.5876202367904106438, 2.645833333333336146 ) ) ;
#6778 = CARTESIAN_POINT ( 'NONE',  ( -1.836970198721050149E-16, -1.500000000000032196, 2.062500000000000888 ) ) ;
#6779 = CARTESIAN_POINT ( 'NONE',  ( -1.017788105676672439, 0.5876202367904113100, -3.916666666666663854 ) ) ;
#6780 = CARTESIAN_POINT ( 'NONE',  ( -1.322475605676673105, -0.7635316469341546508, -7.036458333333332149 ) ) ;
#6781 = B_SPLINE_CURVE_WITH_KNOTS ( 'NONE', 3,
 ( #7230, #4065, #6601, #921, #3438, #304, #5364 ),
 .UNSPECIFIED., .F., .F.,
 ( 4, 3, 4 ),
 ( 0.000000000000000000, 0.0002928193619181964106, 0.0005794830383588874586 ),
 .UNSPECIFIED. ) ;
#6782 =( BOUNDED_CURVE ( )  B_SPLINE_CURVE ( 2, ( #1946, #723, #99, #6446, #760, #5822, #2655, #4571, #7117, #6037, #5453, #7363, #4740, #967, #2826, #888, #6075, #5950, #2866, #5373, #3523, #4822, #5412, #353, #2942, #4117, #6692, #1584, #1623, #7949, #6729, #4788, #429, #1044, #2246, #6652, #3563, #311, #4031, #3484, #7323, #1663, #393, #2908, #6569, #7988, #5487, #4156, #2285, #4195, #1007, #6114, #2118, #7909, #4656, #7196, #1500, #3402, #273, #2786, #5332, #1540, #7867, #2160, #7280, #4700, #7237, #3448, #929, #4072, #6608, #5995, #2203, #6303, #2978, #5523, #3760, #4937, #467, #626, #8056, #1807, #2434, #7440, #5566, #1081, #5602, #1849, #6846, #8132, #4268, #1737, #4975, #4349, #2398, #2358, #6889, #1118, #6809, #4857, #5013, #7478, #7514, #4308, #1195, #3720, #1699, #4233, #6267, #3635, #547, #587, #3092, #6189, #8096, #3598, #5644, #4387, #8172, #503, #3015, #3135, #1773, #1156, #2473, #6153, #2319, #7556, #6928, #1236, #8022, #7399, #6770 ),
 .UNSPECIFIED., .F., .F. ) 
 B_SPLINE_CURVE_WITH_KNOTS ( ( 3, 2, 2, 2, 2, 2, 2, 2, 2, 2, 2, 2, 2, 2, 2, 2, 2, 2, 2, 2, 2, 2, 2, 2, 2, 2, 2, 2, 2, 2, 2, 2, 2, 2, 2, 2, 2, 2, 2, 2, 2, 2, 2, 2, 2, 2, 2, 2, 2, 2, 2, 2, 2, 2, 2, 2, 2, 2, 2, 2, 2, 2, 2, 2, 2, 2, 3 ),
 ( 0.08333333333333332871, 0.09722222222222222376, 0.1111111111111111049, 0.1250000000000000000, 0.1388888888888888951, 0.1527777777777777901, 0.1666666666666666574, 0.1805555555555555525, 0.1944444444444444475, 0.2083333333333333148, 0.2222222222222222099, 0.2361111111111111049, 0.2500000000000000000, 0.2638888888888888951, 0.2777777777777777901, 0.2916666666666666852, 0.3055555555555556357, 0.3194444444444444198, 0.3333333333333333148, 0.3472222222222222099, 0.3611111111111111049, 0.3750000000000000000, 0.3888888888888888951, 0.4027777777777777901, 0.4166666666666666852, 0.4305555555555556357, 0.4444444444444444198, 0.4583333333333333148, 0.4722222222222222099, 0.4861111111111111049, 0.4999999999999999445, 0.5138888888888888395, 0.5277777777777777901, 0.5416666666666666297, 0.5555555555555555802, 0.5694444444444444198, 0.5833333333333333703, 0.5972222222222222099, 0.6111111111111111605, 0.6250000000000000000, 0.6388888888888888395, 0.6527777777777777901, 0.6666666666666666297, 0.6805555555555555802, 0.6944444444444444198, 0.7083333333333333703, 0.7222222222222222099, 0.7361111111111111605, 0.7500000000000000000, 0.7638888888888888395, 0.7777777777777777901, 0.7916666666666666297, 0.8055555555555555802, 0.8194444444444445308, 0.8333333333333333703, 0.8472222222222222099, 0.8611111111111111605, 0.8750000000000000000, 0.8888888888888888395, 0.9027777777777777901, 0.9166666666666666297, 0.9305555555555555802, 0.9444444444444444198, 0.9583333333333333703, 0.9722222222222222099, 0.9861111111111111605, 1.000000000000000000 ),
 .UNSPECIFIED. ) 
 CURVE ( )  GEOMETRIC_REPRESENTATION_ITEM ( )  RATIONAL_B_SPLINE_CURVE ( ( 1.000000000000000000, 0.8660254037844387076, 1.000000000000000000, 0.8660254037844387076, 1.000000000000000000, 0.8660254037844387076, 1.000000000000000000, 0.8660254037844387076, 1.000000000000000000, 0.8660254037844387076, 1.000000000000000000, 0.8660254037844387076, 1.000000000000000000, 0.8660254037844387076, 1.000000000000000000, 0.8660254037844387076, 1.000000000000000000, 0.8660254037844387076, 1.000000000000000000, 0.8660254037844387076, 1.000000000000000000, 0.8660254037844387076, 1.000000000000000000, 0.8660254037844387076, 1.000000000000000000, 0.8660254037844387076, 1.000000000000000000, 0.8660254037844387076, 1.000000000000000000, 0.8660254037844387076, 1.000000000000000000, 0.8660254037844387076, 1.000000000000000000, 0.8660254037844387076, 1.000000000000000000, 0.8660254037844387076, 1.000000000000000000, 0.8660254037844387076, 1.000000000000000000, 0.8660254037844387076, 1.000000000000000000, 0.8660254037844387076, 1.000000000000000000, 0.8660254037844387076, 1.000000000000000000, 0.8660254037844387076, 1.000000000000000000, 0.8660254037844387076, 1.000000000000000000, 0.8660254037844387076, 1.000000000000000000, 0.8660254037844387076, 1.000000000000000000, 0.8660254037844387076, 1.000000000000000000, 0.8660254037844387076, 1.000000000000000000, 0.8660254037844387076, 1.000000000000000000, 0.8660254037844387076, 1.000000000000000000, 0.8660254037844387076, 1.000000000000000000, 0.8660254037844387076, 1.000000000000000000, 0.8660254037844387076, 1.000000000000000000, 0.8660254037844387076, 1.000000000000000000, 0.8660254037844387076, 1.000000000000000000, 0.8660254037844387076, 1.000000000000000000, 0.8660254037844387076, 1.000000000000000000, 0.8660254037844387076, 1.000000000000000000, 0.8660254037844387076, 1.000000000000000000, 0.8660254037844387076, 1.000000000000000000, 0.8660254037844387076, 1.000000000000000000, 0.8660254037844387076, 1.000000000000000000, 0.8660254037844387076, 1.000000000000000000, 0.8660254037844387076, 1.000000000000000000, 0.8660254037844387076, 1.000000000000000000, 0.8660254037844387076, 1.000000000000000000, 0.8660254037844387076, 1.000000000000000000, 0.8660254037844387076, 1.000000000000000000, 0.8660254037844387076, 1.000000000000000000, 0.8660254037844387076, 1.000000000000000000, 0.8660254037844387076, 1.000000000000000000, 0.8660254037844387076, 1.000000000000000000, 0.8660254037844387076, 1.000000000000000000, 0.8660254037844387076, 1.000000000000000000, 0.8660254037844387076, 1.000000000000000000, 0.8660254037844387076, 1.000000000000000000, 0.8660254037844387076, 1.000000000000000000, 0.8660254037844387076, 1.000000000000000000, 0.8660254037844387076, 1.000000000000000000, 0.8660254037844387076, 1.000000000000000000, 0.8660254037844387076, 1.000000000000000000, 0.8660254037844387076, 1.000000000000000000, 0.8660254037844387076, 1.000000000000000000, 0.8660254037844387076, 1.000000000000000000, 0.8660254037844387076, 1.000000000000000000, 0.8660254037844387076, 1.000000000000000000 ) ) 
 REPRESENTATION_ITEM ( '' )  );
#6783 = EDGE_LOOP ( 'NONE', ( #3898, #1055, #4626, #651 ) ) ;
#6784 = CYLINDRICAL_SURFACE ( 'NONE', #522, 1.500000000000000888 ) ;
#6785 = CARTESIAN_POINT ( 'NONE',  ( -1.357050807568896511, -1.603940059810474369E-14, 6.625000000000002665 ) ) ;
#6786 = CARTESIAN_POINT ( 'NONE',  ( -1.439254484199210086E-16, -1.175240473580866807, -6.687499999999997335 ) ) ;
#6787 = DIRECTION ( 'NONE',  ( 1.000000000000000000, 0.000000000000000000, 0.000000000000000000 ) ) ;
#6788 = EDGE_LOOP ( 'NONE', ( #3035, #3573, #3279, #7816 ) ) ;
#6789 = PRODUCT_DEFINITION_FORMATION_WITH_SPECIFIED_SOURCE ( 'ANY', '', #6588, .NOT_KNOWN. ) ;
#6790 = CARTESIAN_POINT ( 'NONE',  ( 0.1842696601082798591, 1.495340224802465423, 7.406250000000000888 ) ) ;
#6791 = EDGE_CURVE ( 'NONE', #7334, #7864, #3433, .T. ) ;
#6792 = VERTEX_POINT ( 'NONE', #7701 ) ;
#6793 = CARTESIAN_POINT ( 'NONE',  ( -1.357050807568896511, -1.580212528076994592E-14, 4.687500000000001776 ) ) ;
#6794 = CARTESIAN_POINT ( 'NONE',  ( 1.299038105676671773, -0.7500000000000247580, 4.145833333333334814 ) ) ;
#6795 = FACE_OUTER_BOUND ( 'NONE', #3355, .T. ) ;
#6796 = CARTESIAN_POINT ( 'NONE',  ( -1.017788105676672439, 0.5876202367904105328, 3.645833333333335702 ) ) ;
#6797 = CARTESIAN_POINT ( 'NONE',  ( -1.763300807568897621, -1.617334634176148447E-14, 7.921875000000000888 ) ) ;
#6798 = LINE ( 'NONE', #6570, #6743 ) ;
#6799 = CARTESIAN_POINT ( 'NONE',  ( 0.6785254037844490327, 1.175240473580837053, -4.541666666666664298 ) ) ;
#6800 = CARTESIAN_POINT ( 'NONE',  ( -1.763300807568897621, -1.482240784145206158E-14, -3.109374999999995115 ) ) ;
#6801 = CARTESIAN_POINT ( 'NONE',  ( 3.080439819171277609E-15, -1.531318301494583922, 7.406250000000000888 ) ) ;
#6802 = ADVANCED_FACE ( 'NONE', ( #2739 ), #4699, .T. ) ;
#6803 = VECTOR ( 'NONE', #4254, 1000.000000000000000 ) ;
#6804 = CARTESIAN_POINT ( 'NONE',  ( -0.6785254037844480335, 1.175240473580837497, -3.395833333333330373 ) ) ;
#6805 = CARTESIAN_POINT ( 'NONE',  ( 1.357050807568896067, -1.542268091431946213E-14, -1.124999999999997558 ) ) ;
#6806 = ORIENTED_EDGE ( 'NONE', *, *, #3998, .T. ) ;
#6807 = CARTESIAN_POINT ( 'NONE',  ( -1.439254484199210086E-16, -1.175240473580867695, 2.312500000000002220 ) ) ;
#6808 = CARTESIAN_POINT ( 'NONE',  ( 0.000000000000000000, 1.175240473580836387, 4.500000000000002665 ) ) ;
#6809 = CARTESIAN_POINT ( 'NONE',  ( -1.017788105676672439, 0.5876202367904106438, 1.645833333333335924 ) ) ;
#6810 = CARTESIAN_POINT ( 'NONE',  ( 0.6785254037844490327, 1.175240473580836165, 0.9583333333333352577 ) ) ;
#6811 = AXIS2_PLACEMENT_3D ( 'NONE', #2715, #2218, #5391 ) ;
#6812 = CARTESIAN_POINT ( 'NONE',  ( 1.482736319501099409, 0.1867183014945862918, 7.406250000000000888 ) ) ;
#6813 = CARTESIAN_POINT ( 'NONE',  ( 1.017788105676671995, -0.5876202367904423962, 3.333333333333335702 ) ) ;
#6814 = DIRECTION ( 'NONE',  ( 0.9238795325112865164, -0.3826834323650902814, 1.411565198576049047E-14 ) ) ;
#6815 = CARTESIAN_POINT ( 'NONE',  ( -0.8816504037844485886, 1.527063293868265781, 2.307291666666670960 ) ) ;
#6816 = CARTESIAN_POINT ( 'NONE',  ( 0.4314072894756710852, 0.5883555573418839391, 8.191913363870524378 ) ) ;
#6817 = CARTESIAN_POINT ( 'NONE',  ( -0.6785254037844485886, -1.175240473580867473, 1.208333333333335480 ) ) ;
#6818 = CARTESIAN_POINT ( 'NONE',  ( -1.542301010129197181, 0.1679132514440181412, 7.596344940910944921 ) ) ;
#6819 = CARTESIAN_POINT ( 'NONE',  ( -0.6785254037844485886, -1.175240473580867029, -3.291666666666663854 ) ) ;
#6820 = CARTESIAN_POINT ( 'NONE',  ( -1.836970198721050149E-16, -1.500000000000031530, -3.999999999999996447 ) ) ;
#6821 = CARTESIAN_POINT ( 'NONE',  ( -1.322475605676673105, 0.7635316469341261181, -4.619791666666666075 ) ) ;
#6822 = ORIENTED_EDGE ( 'NONE', *, *, #6068, .T. ) ;
#6823 = LINE ( 'NONE', #523, #8071 ) ;
#6824 = CARTESIAN_POINT ( 'NONE',  ( 0.6785254037844478114, -1.175240473580868139, 4.791666666666668739 ) ) ;
#6825 = CARTESIAN_POINT ( 'NONE',  ( 0.000000000000000000, 1.175240473580837497, -4.437499999999997335 ) ) ;
#6826 = CARTESIAN_POINT ( 'NONE',  ( 1.299038105676671773, -0.7500000000000247580, 4.083333333333336590 ) ) ;
#6827 = EDGE_LOOP ( 'NONE', ( #4149, #5303, #4815, #4869, #6806, #2456, #5501, #6286, #6357, #5426, #7085, #658, #882, #926, #2380, #7249 ) ) ;
#6828 =( BOUNDED_CURVE ( )  B_SPLINE_CURVE ( 2, ( #6529, #804, #3316, #184, #2697, #887, #5243 ),
 .UNSPECIFIED., .F., .T. ) 
 B_SPLINE_CURVE_WITH_KNOTS ( ( 3, 2, 2, 3 ),
 ( 0.6666666666666666297, 0.6805555555555554692, 0.6944444444444444198, 0.7083333333333332593 ),
 .UNSPECIFIED. ) 
 CURVE ( )  GEOMETRIC_REPRESENTATION_ITEM ( )  RATIONAL_B_SPLINE_CURVE ( ( 1.000000000000001110, 0.8660254037844375974, 1.000000000000000000, 0.8660254037844387076, 1.000000000000000000, 0.8660254037844387076, 1.000000000000000000 ) ) 
 REPRESENTATION_ITEM ( '' )  );
#6829 = CARTESIAN_POINT ( 'NONE',  ( 1.267665370728740859, 0.2127060503266622049, 5.013362643133668861 ) ) ;
#6830 = ORIENTED_EDGE ( 'NONE', *, *, #7213, .F. ) ;
#6831 = CARTESIAN_POINT ( 'NONE',  ( 0.000000000000000000, 1.175240473580835943, 7.062500000000001776 ) ) ;
#6832 = CARTESIAN_POINT ( 'NONE',  ( 1.836970198721030920E-16, 1.500000000000000222, 8.250000000000000000 ) ) ;
#6833 = CARTESIAN_POINT ( 'NONE',  ( -1.836970198721050149E-16, -1.500000000000031530, -4.999999999999996447 ) ) ;
#6834 = CARTESIAN_POINT ( 'NONE',  ( -1.017788105676672439, -0.5876202367904416191, 3.229166666666668739 ) ) ;
#6835 = CARTESIAN_POINT ( 'NONE',  ( -0.8660254037844480335, 1.500000000000001554, -2.645833333333332149 ) ) ;
#6836 = CARTESIAN_POINT ( 'NONE',  ( -0.8660254037844440367, 1.500000000000009104, -4.708333333333332149 ) ) ;
#6837 = CARTESIAN_POINT ( 'NONE',  ( 0.6785254037844478114, -1.175240473580867029, -6.708333333333330373 ) ) ;
#6838 = CARTESIAN_POINT ( 'NONE',  ( 1.322475605676672661, -0.7635316469341563161, -2.401041666666662522 ) ) ;
#6839 = CARTESIAN_POINT ( 'NONE',  ( -1.520383176458095509, 0.1621629660692759378, 7.406250000000000888 ) ) ;
#6840 = CARTESIAN_POINT ( 'NONE',  ( 0.8816504037844494768, 1.527063293868265115, 3.223958333333337478 ) ) ;
#6841 = CARTESIAN_POINT ( 'NONE',  ( 0.000000000000000000, 1.175240473580837497, -4.437499999999997335 ) ) ;
#6842 = CARTESIAN_POINT ( 'NONE',  ( 1.017788105676671995, -0.5876202367904419521, -0.1666666666666643537 ) ) ;
#6843 = ORIENTED_EDGE ( 'NONE', *, *, #267, .F. ) ;
#6844 = CARTESIAN_POINT ( 'NONE',  ( -0.6785254037844485886, -1.175240473580867695, 2.770833333333336146 ) ) ;
#6845 = CARTESIAN_POINT ( 'NONE',  ( -1.357050807568896511, -1.616186527801947884E-14, 7.625000000000001776 ) ) ;
#6846 = CARTESIAN_POINT ( 'NONE',  ( -1.017788105676672439, -0.5876202367904413970, 1.229166666666669183 ) ) ;
#6847 = ADVANCED_FACE ( 'NONE', ( #5949 ), #6523, .F. ) ;
#6848 = EDGE_CURVE ( 'NONE', #4214, #5350, #4761, .T. ) ;
#6850 = EDGE_CURVE ( 'NONE', #6952, #3116, #3821, .T. ) ;
#6849 = CARTESIAN_POINT ( 'NONE',  ( -1.017788105676672439, -0.5876202367904412860, 0.6666666666666691832 ) ) ;
#6851 = APPLICATION_CONTEXT ( 'configuration controlled 3d designs of mechanical parts and assemblies' ) ;
#6852 = CARTESIAN_POINT ( 'NONE',  ( -0.8789505382662475830, 1.075435499540595918, -8.060967812864825888 ) ) ;
#6853 = CARTESIAN_POINT ( 'NONE',  ( -0.1474052775258248293, 1.524207146240230681, 7.406250000000000888 ) ) ;
#6854 = DIRECTION ( 'NONE',  ( -0.000000000000000000, -1.224646799147353207E-16, 1.000000000000000000 ) ) ;
#6855 = CARTESIAN_POINT ( 'NONE',  ( -0.8816504037844491437, -1.527063293868296201, 1.473958333333337478 ) ) ;
#6856 = DIRECTION ( 'NONE',  ( -0.000000000000000000, -1.224646799147352961E-16, 1.000000000000000000 ) ) ;
#6857 = CARTESIAN_POINT ( 'NONE',  ( 0.6785254037844490327, 1.175240473580836165, 0.9583333333333352577 ) ) ;
#6858 = CARTESIAN_POINT ( 'NONE',  ( -1.555317687559937267, 0.2265721268284777712, 7.785433819121447385 ) ) ;
#6859 = CARTESIAN_POINT ( 'NONE',  ( -0.6785254037844485886, -1.175240473580866807, -4.791666666666665186 ) ) ;
#6860 = CARTESIAN_POINT ( 'NONE',  ( -1.568956015774092050, -0.2283142632704042441, 7.968834839177244334 ) ) ;
#6861 = CARTESIAN_POINT ( 'NONE',  ( 0.8816504037844482555, -1.527063293868296645, -3.411458333333332149 ) ) ;
#6862 = ORIENTED_EDGE ( 'NONE', *, *, #558, .T. ) ;
#6863 = CARTESIAN_POINT ( 'NONE',  ( -1.017788105676672439, 0.5876202367904109769, -1.354166666666664076 ) ) ;
#6864 = DIRECTION ( 'NONE',  ( 0.000000000000000000, -1.000000000000000000, -1.224646799147353207E-16 ) ) ;
#6865 = CARTESIAN_POINT ( 'NONE',  ( 0.6785254037844490327, 1.175240473580837053, -4.479166666666664298 ) ) ;
#6866 = VECTOR ( 'NONE', #6687, 999.9999999999998863 ) ;
#6867 = CARTESIAN_POINT ( 'NONE',  ( -1.299038105676672217, 0.7499999999999928946, 2.833333333333337478 ) ) ;
#6868 = VECTOR ( 'NONE', #4858, 1000.000000000000000 ) ;
#6869 = ORIENTED_EDGE ( 'NONE', *, *, #4106, .T. ) ;
#6870 = DIRECTION ( 'NONE',  ( -0.07992773943613233623, -0.07992773943613253051, -0.9935910189495774647 ) ) ;
#6871 = AXIS2_PLACEMENT_3D ( 'NONE', #1905, #6363, #7569 ) ;
#6872 = ORIENTED_EDGE ( 'NONE', *, *, #7723, .T. ) ;
#6873 = CARTESIAN_POINT ( 'NONE',  ( 1.017788105676672883, 0.5876202367904090895, 6.979166666666668739 ) ) ;
#6874 = CARTESIAN_POINT ( 'NONE',  ( -1.763300807568897621, -1.488364018140942915E-14, -2.609374999999995115 ) ) ;
#6875 = CARTESIAN_POINT ( 'NONE',  ( 0.000000000000000000, -7.438283133705603770E-16, 8.250000000000000000 ) ) ;
#6876 = CARTESIAN_POINT ( 'NONE',  ( 1.357050807568896511, -1.592019367647307525E-14, 2.937500000000002220 ) ) ;
#6877 = CARTESIAN_POINT ( 'NONE',  ( 1.299038105676671773, -0.7500000000000244249, 1.645833333333334814 ) ) ;
#6878 = AXIS2_PLACEMENT_3D ( 'NONE', #475, #6939, #7609 ) ;
#6879 = CARTESIAN_POINT ( 'NONE',  ( 1.017788105676671995, -0.5876202367904411750, -6.666666666666663410 ) ) ;
#6880 = CARTESIAN_POINT ( 'NONE',  ( -0.8816504037844491437, -1.527063293868295757, -3.526041666666661634 ) ) ;
#6881 = CARTESIAN_POINT ( 'NONE',  ( 0.8660254037844496988, -1.500000000000028200, -4.958333333333329485 ) ) ;
#6882 = CARTESIAN_POINT ( 'NONE',  ( -1.763300807568897621, -1.561842826089784320E-14, 3.390625000000003997 ) ) ;
#6883 = CARTESIAN_POINT ( 'NONE',  ( 0.6785254037844490327, 1.175240473580836831, -2.979166666666664298 ) ) ;
#6884 = AXIS2_PLACEMENT_3D ( 'NONE', #3418, #2217, #4799 ) ;
#6885 = CARTESIAN_POINT ( 'NONE',  ( 0.6785254037844490327, 1.175240473580836387, -1.041666666666664298 ) ) ;
#6886 = ORIENTED_EDGE ( 'NONE', *, *, #1810, .T. ) ;
#6887 = CARTESIAN_POINT ( 'NONE',  ( 1.508146100628092734, -0.1771724077350133042, 7.406250000000000888 ) ) ;
#6888 = CARTESIAN_POINT ( 'NONE',  ( 1.357050807568896511, -1.640239835363734647E-14, 6.875000000000000888 ) ) ;
#6889 = CARTESIAN_POINT ( 'NONE',  ( 0.000000000000000000, 1.175240473580836609, 1.562500000000002220 ) ) ;
#6890 = B_SPLINE_CURVE_WITH_KNOTS ( 'NONE', 3,
 ( #4178, #7463, #532, #6057 ),
 .UNSPECIFIED., .F., .F.,
 ( 4, 4 ),
 ( 0.000000000000000000, 0.0002264108095573639850 ),
 .UNSPECIFIED. ) ;
#6891 = CARTESIAN_POINT ( 'NONE',  ( 0.6785254037844490327, 1.175240473580835943, 1.958333333333335258 ) ) ;
#6892 = CARTESIAN_POINT ( 'NONE',  ( 1.486380696054986572, 0.1863754552030913170, 7.406250000000000888 ) ) ;
#6893 = CARTESIAN_POINT ( 'NONE',  ( 1.299038105676671773, -0.7500000000000248690, 5.583333333333337478 ) ) ;
#6894 = CARTESIAN_POINT ( 'NONE',  ( 0.000000000000000000, 1.500000000000001332, -0.7499999999999962252 ) ) ;
#6895 = APPLICATION_PROTOCOL_DEFINITION ( 'international standard', 'config_control_design', 1994, #4146 ) ;
#6896 = EDGE_CURVE ( 'NONE', #6524, #3611, #3271, .T. ) ;
#6897 = EDGE_CURVE ( 'NONE', #3696, #3497, #266, .T. ) ;
#6898 = CARTESIAN_POINT ( 'NONE',  ( 0.8816504037844482555, -1.527063293868297533, 2.557291666666671404 ) ) ;
#6899 = CARTESIAN_POINT ( 'NONE',  ( 1.357050807568896511, -1.572884261410629685E-14, 1.375000000000001998 ) ) ;
#6900 = CARTESIAN_POINT ( 'NONE',  ( 0.000000000000000000, 1.500000000000000888, 2.312500000000001332 ) ) ;
#6901 = CARTESIAN_POINT ( 'NONE',  ( -1.439254484199210086E-16, -1.175240473580867251, -3.749999999999997335 ) ) ;
#6902 = DIRECTION ( 'NONE',  ( 0.9945218953682732899, 8.759593272591338325E-17, -0.1045284632676536929 ) ) ;
#6903 = CARTESIAN_POINT ( 'NONE',  ( 1.322475605676673771, 0.7635316469341248968, -4.786458333333333037 ) ) ;
#6904 = EDGE_CURVE ( 'NONE', #6485, #5328, #228, .T. ) ;
#6905 = VERTEX_POINT ( 'NONE', #3940 ) ;
#6906 = CARTESIAN_POINT ( 'NONE',  ( -0.6785254037844485886, -1.175240473580867251, -0.7291666666666639651 ) ) ;
#6907 = CARTESIAN_POINT ( 'NONE',  ( 1.299038105676671773, -0.7500000000000239808, -1.916666666666662966 ) ) ;
#6908 = CARTESIAN_POINT ( 'NONE',  ( 1.017788105676672883, 0.5876202367904105328, -5.020833333333330373 ) ) ;
#6909 = DIRECTION ( 'NONE',  ( 1.000000000000000000, 0.000000000000000000, 0.000000000000000000 ) ) ;
#6910 = VERTEX_POINT ( 'NONE', #4071 ) ;
#6911 = VERTEX_POINT ( 'NONE', #758 ) ;
#6912 = CARTESIAN_POINT ( 'NONE',  ( -1.017788105676672439, -0.5876202367904418411, 5.229166666666668739 ) ) ;
#6913 = FACE_OUTER_BOUND ( 'NONE', #1412, .T. ) ;
#6914 = CARTESIAN_POINT ( 'NONE',  ( 0.6785254037844490327, 1.175240473580835721, 6.520833333333335702 ) ) ;
#6915 = CARTESIAN_POINT ( 'NONE',  ( 1.763300807568897621, -1.663584664972480798E-14, 8.171875000000000000 ) ) ;
#6916 = CC_DESIGN_APPROVAL ( #352, ( #6222 ) ) ;
#6917 = CARTESIAN_POINT ( 'NONE',  ( 0.6785254037844490327, 1.175240473580836831, -3.541666666666663854 ) ) ;
#6918 = ORIENTED_EDGE ( 'NONE', *, *, #3115, .F. ) ;
#6919 = CARTESIAN_POINT ( 'NONE',  ( 1.322475605676672661, -0.7635316469341562051, -2.901041666666662078 ) ) ;
#6920 = CARTESIAN_POINT ( 'NONE',  ( -1.323561157155080936, 0.4022791317349948548, 5.281629189784593059 ) ) ;
#6921 = CARTESIAN_POINT ( 'NONE',  ( 0.8816504037844494768, 1.527063293868264893, 3.723958333333337034 ) ) ;
#6922 = CARTESIAN_POINT ( 'NONE',  ( -0.6785254037844480335, 1.175240473580837497, -2.895833333333331261 ) ) ;
#6923 = CARTESIAN_POINT ( 'NONE',  ( -0.6785254037844485886, -1.175240473580867251, -1.791666666666664076 ) ) ;
#6924 = ORIENTED_EDGE ( 'NONE', *, *, #3957, .T. ) ;
#6925 = CARTESIAN_POINT ( 'NONE',  ( 1.520383176458096841, -0.1621629660692667785, 7.406250000000000888 ) ) ;
#6926 = CARTESIAN_POINT ( 'NONE',  ( -1.439254484199210086E-16, -1.175240473580866807, -6.249999999999996447 ) ) ;
#6927 = CARTESIAN_POINT ( 'NONE',  ( 1.017788105676671995, -0.5876202367904430623, 8.333333333333335702 ) ) ;
#6928 = CARTESIAN_POINT ( 'NONE',  ( 1.017788105676671995, -0.5876202367904423962, 2.895833333333335258 ) ) ;
#6929 = CARTESIAN_POINT ( 'NONE',  ( 1.017788105676671995, -0.5876202367904419521, -0.1666666666666643537 ) ) ;
#6930 = CARTESIAN_POINT ( 'NONE',  ( -0.9827792013656182490, 0.1867183014945948683, 7.406250000000001776 ) ) ;
#6931 = CARTESIAN_POINT ( 'NONE',  ( 0.000000000000000000, -1.187500000000001998, -8.250000000000000000 ) ) ;
#6932 = CARTESIAN_POINT ( 'NONE',  ( -1.836970198721050149E-16, -1.500000000000032419, 4.062500000000000888 ) ) ;
#6933 = VECTOR ( 'NONE', #3334, 1000.000000000000000 ) ;
#6934 = CALENDAR_DATE ( 2026, 8, 1 ) ;
#6935 = ORIENTED_EDGE ( 'NONE', *, *, #7420, .T. ) ;
#6936 = DIRECTION ( 'NONE',  ( -0.000000000000000000, 0.8660254037844371533, 0.5000000000000026645 ) ) ;
#6937 = CARTESIAN_POINT ( 'NONE',  ( -0.8816504037844491437, -1.527063293868296423, 1.973958333333337922 ) ) ;
#6938 = CARTESIAN_POINT ( 'NONE',  ( -1.017788105676672439, 0.5876202367904108659, 0.08333333333333586834 ) ) ;
#6939 = DIRECTION ( 'NONE',  ( 0.3805870524817664968, -0.9188184237650788289, -0.1045284632676538455 ) ) ;
#6940 = CARTESIAN_POINT ( 'NONE',  ( -1.836970198721050149E-16, -1.500000000000032196, 3.500000000000003553 ) ) ;
#6941 = EDGE_CURVE ( 'NONE', #5579, #1498, #7820, .T. ) ;
#6942 = FACE_OUTER_BOUND ( 'NONE', #3162, .T. ) ;
#6943 = CARTESIAN_POINT ( 'NONE',  ( 1.322475605676672661, -0.7635316469341559831, -4.369791666666666075 ) ) ;
#6944 = CARTESIAN_POINT ( 'NONE',  ( 1.017788105676671995, -0.5876202367904416191, -3.166666666666663854 ) ) ;
#6945 = ORIENTED_EDGE ( 'NONE', *, *, #110, .T. ) ;
#6946 = CARTESIAN_POINT ( 'NONE',  ( 1.357050807568896511, -1.524663793694202878E-14, -2.562499999999997780 ) ) ;
#6947 = CARTESIAN_POINT ( 'NONE',  ( 1.299038105676672883, 0.7499999999999921174, -1.833333333333329707 ) ) ;
#6948 = CARTESIAN_POINT ( 'NONE',  ( -1.357050807568896511, -1.451624614166522371E-14, -5.812499999999997335 ) ) ;
#6949 = CARTESIAN_POINT ( 'NONE',  ( 0.2337791285254806617, 1.564063351765476506, 7.970310088470554888 ) ) ;
#6950 = EDGE_CURVE ( 'NONE', #5036, #6210, #1104, .T. ) ;
#6951 = EDGE_CURVE ( 'NONE', #3371, #5607, #6828, .T. ) ;
#6952 = VERTEX_POINT ( 'NONE', #4610 ) ;
#6953 = CARTESIAN_POINT ( 'NONE',  ( -1.537627273944280892, -0.2062073137889639529, 7.591675565820944271 ) ) ;
#6954 = ORIENTED_EDGE ( 'NONE', *, *, #971, .F. ) ;
#6955 = CARTESIAN_POINT ( 'NONE',  ( -1.357050807568896511, -1.598582230064204864E-14, 6.187500000000002665 ) ) ;
#6956 = CARTESIAN_POINT ( 'NONE',  ( 0.000000000000000000, -7.041719095097280880E-16, 5.750000000000000000 ) ) ;
#6957 = CARTESIAN_POINT ( 'NONE',  ( -1.017788105676672439, -0.5876202367904419521, 6.229166666666669627 ) ) ;
#6958 = CARTESIAN_POINT ( 'NONE',  ( 0.8816504037844482555, -1.527063293868297977, 8.088541666666667851 ) ) ;
#6959 = CARTESIAN_POINT ( 'NONE',  ( 0.000000000000000000, 1.175240473580837275, -3.999999999999997335 ) ) ;
#6960 = ORIENTED_EDGE ( 'NONE', *, *, #6068, .F. ) ;
#6961 = CARTESIAN_POINT ( 'NONE',  ( 1.017788105676672883, 0.5876202367904105328, -5.020833333333330373 ) ) ;
#6962 = CARTESIAN_POINT ( 'NONE',  ( -0.8660254037844519193, 1.499999999999993561, 4.791666666666669627 ) ) ;
#6963 =( BOUNDED_CURVE ( )  B_SPLINE_CURVE ( 2, ( #6038, #5955, #1587, #1048, #5455, #5376, #1009 ),
 .UNSPECIFIED., .F., .F. ) 
 B_SPLINE_CURVE_WITH_KNOTS ( ( 3, 2, 2, 3 ),
 ( 0.6249999999999998890, 0.6388888888888887285, 0.6527777777777777901, 0.6666666666666667407 ),
 .UNSPECIFIED. ) 
 CURVE ( )  GEOMETRIC_REPRESENTATION_ITEM ( )  RATIONAL_B_SPLINE_CURVE ( ( 1.000000000000001110, 0.8660254037844375974, 1.000000000000000000, 0.8660254037844387076, 1.000000000000000000, 0.8660254037844387076, 1.000000000000000000 ) ) 
 REPRESENTATION_ITEM ( '' )  );
#6964 = VERTEX_POINT ( 'NONE', #847 ) ;
#6965 = CARTESIAN_POINT ( 'NONE',  ( -1.322475605676673105, -0.7635316469341559831, 3.432291666666670515 ) ) ;
#6966 = FACE_OUTER_BOUND ( 'NONE', #6317, .T. ) ;
#6967 = CARTESIAN_POINT ( 'NONE',  ( -0.6785254037844485886, -1.175240473580867695, 2.208333333333335702 ) ) ;
#6968 = ORIENTED_EDGE ( 'NONE', *, *, #3639, .F. ) ;
#6969 = CARTESIAN_POINT ( 'NONE',  ( -1.947511272928876788E-16, -1.590263637062382607, 7.967077405468494966 ) ) ;
#6970 = CARTESIAN_POINT ( 'NONE',  ( -1.017788105676672439, 0.5876202367904115320, -5.416666666666663410 ) ) ;
#6971 = CARTESIAN_POINT ( 'NONE',  ( 1.017788105676672883, 0.5876202367904089785, 7.416666666666668739 ) ) ;
#6972 = PLANE ( 'NONE',  #3692 ) ;
#6973 = CARTESIAN_POINT ( 'NONE',  ( -1.870113174931204576E-16, -1.527063293868296201, -2.953124999999999112 ) ) ;
#6974 = CARTESIAN_POINT ( 'NONE',  ( 1.299038105676671773, -0.7500000000000248690, 5.083333333333337478 ) ) ;
#6975 = CARTESIAN_POINT ( 'NONE',  ( 1.017788105676671995, -0.5876202367904425072, 4.333333333333335702 ) ) ;
#6976 = CARTESIAN_POINT ( 'NONE',  ( -0.2066980850601110309, 1.499053592390374279, 7.596344942559029256 ) ) ;
#6977 = PERSON_AND_ORGANIZATION ( #5956, #3810 ) ;
#6978 = B_SPLINE_CURVE_WITH_KNOTS ( 'NONE', 3,
 ( #313, #2829, #7912, #276 ),
 .UNSPECIFIED., .F., .F.,
 ( 4, 4 ),
 ( 0.000000000000000000, 0.0002264108095573637953 ),
 .UNSPECIFIED. ) ;
#6979 = CARTESIAN_POINT ( 'NONE',  ( 1.017788105676671995, -0.5876202367904423962, 2.833333333333335258 ) ) ;
#6980 = EDGE_LOOP ( 'NONE', ( #7551, #6689, #947, #662 ) ) ;
#6981 = CARTESIAN_POINT ( 'NONE',  ( 0.6785254037844478114, -1.175240473580867473, -2.645833333333330373 ) ) ;
#6982 = CARTESIAN_POINT ( 'NONE',  ( 1.017788105676671995, -0.5876202367904420631, 0.8333333333333357018 ) ) ;
#6983 = CARTESIAN_POINT ( 'NONE',  ( -1.017788105676672439, 0.5876202367904117541, -7.916666666666664298 ) ) ;
#6984 = CARTESIAN_POINT ( 'NONE',  ( 0.1941710946047818520, 0.9453114802360862434, 7.406250000000001776 ) ) ;
#6985 = CARTESIAN_POINT ( 'NONE',  ( 0.3716238948271262110, -1.353782970678347297, -8.036656535397412426 ) ) ;
#6986 = DIRECTION ( 'NONE',  ( -0.000000000000000000, -1.224646799147353207E-16, 1.000000000000000000 ) ) ;
#6987 = CARTESIAN_POINT ( 'NONE',  ( 0.8816504037844482555, -1.527063293868296645, -2.911458333333333037 ) ) ;
#6988 = CARTESIAN_POINT ( 'NONE',  ( 1.357050807568896067, -1.511651921453262426E-14, -3.624999999999997335 ) ) ;
#6989 = ORIENTED_EDGE ( 'NONE', *, *, #5953, .F. ) ;
#6990 = CARTESIAN_POINT ( 'NONE',  ( -1.017788105676672439, -0.5876202367904410639, -0.7708333333333308168 ) ) ;
#6991 = CARTESIAN_POINT ( 'NONE',  ( -1.732050807568896511, -1.433254912179312098E-14, -7.124999999999994671 ) ) ;
#6992 = CARTESIAN_POINT ( 'NONE',  ( -1.439254484199210086E-16, -1.175240473580867251, -2.687499999999997335 ) ) ;
#6993 = CARTESIAN_POINT ( 'NONE',  ( -0.2238015188012707213, 1.571416688645962623, 7.968174913599010090 ) ) ;
#6994 = B_SPLINE_CURVE_WITH_KNOTS ( 'NONE', 3,
 ( #5660, #4451, #6321, #4991 ),
 .UNSPECIFIED., .F., .F.,
 ( 4, 4 ),
 ( 0.000000000000000000, 0.0004766316132305776295 ),
 .UNSPECIFIED. ) ;
#6995 = ORIENTED_EDGE ( 'NONE', *, *, #220, .F. ) ;
#6996 = ADVANCED_FACE ( 'NONE', ( #3360 ), #4030, .T. ) ;
#6997 = CARTESIAN_POINT ( 'NONE',  ( -0.4999534751593373572, -0.2070875099665584196, 7.406250000000000888 ) ) ;
#6998 = CIRCLE ( 'NONE', #4474, 4.610772840853449850 ) ;
#6999 = ADVANCED_FACE ( 'NONE', ( #7489 ), #3682, .F. ) ;
#7000 = ADVANCED_FACE ( 'NONE', ( #23 ), #6314, .T. ) ;
#7001 = CYLINDRICAL_SURFACE ( 'NONE', #6619, 1.500000000000000888 ) ;
#7002 = CARTESIAN_POINT ( 'NONE',  ( 0.6785254037844490327, 1.175240473580835721, 6.020833333333334814 ) ) ;
#7003 = CARTESIAN_POINT ( 'NONE',  ( -0.8660254037844469233, -1.500000000000034417, -6.479166666666666963 ) ) ;
#7004 = CARTESIAN_POINT ( 'NONE',  ( -1.439254484199210086E-16, -1.175240473580867029, -4.249999999999997335 ) ) ;
#7005 = ORIENTED_EDGE ( 'NONE', *, *, #6197, .T. ) ;
#7006 = CARTESIAN_POINT ( 'NONE',  ( -1.439254484199210086E-16, -1.175240473580866807, -6.187499999999996447 ) ) ;
#7007 = CARTESIAN_POINT ( 'NONE',  ( -0.8660254037844486996, -1.500000000000031752, 1.520833333333334592 ) ) ;
#7008 = TOROIDAL_SURFACE ( 'NONE', #4623, 2.287307525620819071, 0.6875000000000004441 ) ;
#7009 = AXIS2_PLACEMENT_3D ( 'NONE', #1101, #6175, #4256 ) ;
#7010 = ORIENTED_EDGE ( 'NONE', *, *, #1717, .F. ) ;
#7011 = CARTESIAN_POINT ( 'NONE',  ( -1.322475605676673105, -0.7635316469341560941, 4.932291666666670515 ) ) ;
#7012 = DIRECTION ( 'NONE',  ( 0.000000000000000000, -0.9945218953682730678, -0.1045284632676558717 ) ) ;
#7013 = CARTESIAN_POINT ( 'NONE',  ( -1.357050807568896067, -1.536584485857369722E-14, 1.125000000000002665 ) ) ;
#7014 = CARTESIAN_POINT ( 'NONE',  ( 1.732050807568896511, -1.521602176696334815E-14, -3.374999999999995559 ) ) ;
#7015 = VERTEX_POINT ( 'NONE', #4399 ) ;
#7016 = FACE_OUTER_BOUND ( 'NONE', #8113, .T. ) ;
#7017 = CARTESIAN_POINT ( 'NONE',  ( 1.017788105676671995, -0.5876202367904412860, -6.166666666666664298 ) ) ;
#7018 = CARTESIAN_POINT ( 'NONE',  ( -1.439254484199210086E-16, -1.175240473580868139, 6.250000000000001776 ) ) ;
#7019 = VECTOR ( 'NONE', #2125, 1000.000000000000000 ) ;
#7020 = CARTESIAN_POINT ( 'NONE',  ( -0.8816504037844485886, 1.527063293868266447, -2.661458333333332593 ) ) ;
#7021 =( BOUNDED_CURVE ( )  B_SPLINE_CURVE ( 2, ( #1448, #7225, #2061, #2727, #3473, #5983, #6025 ),
 .UNSPECIFIED., .F., .F. ) 
 B_SPLINE_CURVE_WITH_KNOTS ( ( 3, 2, 2, 3 ),
 ( 0.9166666666666666297, 0.9305555555555555802, 0.9444444444444444198, 0.9480969957961022931 ),
 .UNSPECIFIED. ) 
 CURVE ( )  GEOMETRIC_REPRESENTATION_ITEM ( )  RATIONAL_B_SPLINE_CURVE ( ( 1.000000000000000000, 0.8660254037844387076, 1.000000000000000000, 0.8660254037844387076, 1.000000000000000000, 0.9647668653403624894, 0.9480652107226101855 ) ) 
 REPRESENTATION_ITEM ( '' )  );
#7022 = CARTESIAN_POINT ( 'NONE',  ( -1.732050807568896511, -1.561842826089784320E-14, 3.375000000000003553 ) ) ;
#7023 = CARTESIAN_POINT ( 'NONE',  ( 1.322475605676673771, 0.7635316469341250079, -6.817708333333328596 ) ) ;
#7024 = CARTESIAN_POINT ( 'NONE',  ( -0.8660254037844480335, 1.500000000000001554, -1.208333333333329707 ) ) ;
#7025 = CIRCLE ( 'NONE', #4891, 2.963999999999998192 ) ;
#7026 =( BOUNDED_SURFACE ( )  B_SPLINE_SURFACE ( 1, 2, ( 
 ( #6480, #7105, #710, #1939, #7066, #3806, #1410, #2607, #3224, #3893, #7646, #840, #5148, #5771, #7694, #137, #94, #2564, #6438, #1895, #4521, #2647, #2026, #5732, #4563, #3352, #5856, #5104, #6352, #5900, #221, #4477, #2732, #5276, #7023, #1326, #7229, #6561, #4064, #7859, #1492, #383, #1613, #3477, #260, #7188, #421, #1575, #3515, #6066, #4147, #2899, #6721, #5363, #2935, #7316, #7272, #1035, #2236, #7814, #5444, #7355, #1532, #4779, #6684, #2195, #999, #7902, #344, #2818, #4647, #4813, #4022, #5404, #6106, #2777, #5323, #3554, #5987, #881, #2151, #7980, #4731, #2277, #6600, #2109, #3394, #920, #1654, #303, #5941, #4186, #4109, #6642, #3437, #959, #4691, #7940, #6029, #2859, #8161, #5002, #3712, #7545, #6259, #8014, #4338, #6762, #539, #1145, #4300, #3588, #5636, #6880, #4378, #2348, #4260, #1840, #1764, #3044, #2464, #617, #1799, #6800, #6180, #1187, #2427, #4226, #6919, #1226, #3666, #1072, #4887, #5516, #8123, #5479, #7432, #1729, #3752, #8088, #6838, #494, #6144, #577, #459 ),
 ( #6220, #3084, #2968, #2388, #6294, #8048, #1110, #7469, #2312, #4850, #7392, #3627, #4927, #1690, #3005, #5594, #5558, #4966, #7506, #3881, #784, #3793, #5759, #7134, #1882, #2550, #5133, #4591, #3298, #1440, #166, #2593, #7678, #7761, #1311, #5046, #6333, #1974, #5181, #122, #5091, #3169, #83, #5674, #2635, #3839, #7631, #4506, #660, #6465, #6379, #1926, #699, #7052, #7006, #1267, #1356, #3123, #3210, #6425, #4463, #4422, #741, #3923, #3253, #5718, #8205, #7719, #5843, #40, #5799, #2013, #4550, #7093, #1398, #7585, #2506, #2675, #5222, #2053, #3969, #6510, #6961, #6587, #2096, #6631, #2884, #6672, #5929, #6054, #7256, #7176, #948, #4634, #2807, #5393, #6017, #5433, #3466, #3503, #4135, #1601, #332, #2263, #4175, #1643, #7966, #988, #4802, #372, #905, #5885, #2764, #3337, #2221, #7342, #829, #2847, #2182, #1482, #208, #2718, #5351, #5263, #7800, #4010, #6550, #4760, #4049, #2140, #868, #4678, #3381, #247, #5312, #7848, #7218, #7891, #1520, #7928, #7304, #3423, #5977, #292, #4720 ) ),
 .UNSPECIFIED., .F., .F., .F. ) 
 B_SPLINE_SURFACE_WITH_KNOTS ( ( 2, 2 ),
 ( 3, 2, 2, 2, 2, 2, 2, 2, 2, 2, 2, 2, 2, 2, 2, 2, 2, 2, 2, 2, 2, 2, 2, 2, 2, 2, 2, 2, 2, 2, 2, 2, 2, 2, 2, 2, 2, 2, 2, 2, 2, 2, 2, 2, 2, 2, 2, 2, 2, 2, 2, 2, 2, 2, 2, 2, 2, 2, 2, 2, 2, 2, 2, 2, 2, 2, 2, 2, 2, 2, 2, 2, 3 ),
 ( 0.000000000000000000, 1.000000000000000000 ),
 ( 0.000000000000000000, 0.01388888888888888812, 0.02777777777777777624, 0.04166666666666666435, 0.05555555555555555247, 0.06944444444444444753, 0.08333333333333332871, 0.09722222222222222376, 0.1111111111111111049, 0.1250000000000000000, 0.1388888888888888951, 0.1527777777777777901, 0.1666666666666666574, 0.1805555555555555525, 0.1944444444444444475, 0.2083333333333333426, 0.2222222222222222099, 0.2361111111111111049, 0.2500000000000000000, 0.2638888888888888951, 0.2777777777777777901, 0.2916666666666666852, 0.3055555555555555802, 0.3194444444444444198, 0.3333333333333333148, 0.3472222222222222099, 0.3611111111111111049, 0.3750000000000000000, 0.3888888888888888951, 0.4027777777777777901, 0.4166666666666666852, 0.4305555555555555802, 0.4444444444444444198, 0.4583333333333333148, 0.4722222222222222099, 0.4861111111111111049, 0.5000000000000000000, 0.5138888888888888395, 0.5277777777777777901, 0.5416666666666666297, 0.5555555555555555802, 0.5694444444444444198, 0.5833333333333333703, 0.5972222222222222099, 0.6111111111111111605, 0.6250000000000000000, 0.6388888888888888395, 0.6527777777777777901, 0.6666666666666666297, 0.6805555555555555802, 0.6944444444444444198, 0.7083333333333333703, 0.7222222222222222099, 0.7361111111111111605, 0.7500000000000000000, 0.7638888888888888395, 0.7777777777777777901, 0.7916666666666666297, 0.8055555555555555802, 0.8194444444444444198, 0.8333333333333333703, 0.8472222222222222099, 0.8611111111111111605, 0.8750000000000000000, 0.8888888888888888395, 0.9027777777777777901, 0.9166666666666666297, 0.9305555555555555802, 0.9444444444444444198, 0.9583333333333333703, 0.9722222222222222099, 0.9861111111111111605, 1.000000000000000000 ),
 .UNSPECIFIED. ) 
 GEOMETRIC_REPRESENTATION_ITEM ( )  RATIONAL_B_SPLINE_SURFACE ( (
 ( 1.000000000000000000, 0.8660254037844387076, 1.000000000000000000, 0.8660254037844387076, 1.000000000000000000, 0.8660254037844387076, 1.000000000000000000, 0.8660254037844387076, 1.000000000000000000, 0.8660254037844387076, 1.000000000000000000, 0.8660254037844387076, 1.000000000000000000, 0.8660254037844387076, 1.000000000000000000, 0.8660254037844387076, 1.000000000000000000, 0.8660254037844387076, 1.000000000000000000, 0.8660254037844387076, 1.000000000000000000, 0.8660254037844387076, 1.000000000000000000, 0.8660254037844387076, 1.000000000000000000, 0.8660254037844387076, 1.000000000000000000, 0.8660254037844387076, 1.000000000000000000, 0.8660254037844387076, 1.000000000000000000, 0.8660254037844387076, 1.000000000000000000, 0.8660254037844387076, 1.000000000000000000, 0.8660254037844387076, 1.000000000000000000, 0.8660254037844387076, 1.000000000000000000, 0.8660254037844387076, 1.000000000000000000, 0.8660254037844387076, 1.000000000000000000, 0.8660254037844387076, 1.000000000000000000, 0.8660254037844387076, 1.000000000000000000, 0.8660254037844387076, 1.000000000000000000, 0.8660254037844387076, 1.000000000000000000, 0.8660254037844387076, 1.000000000000000000, 0.8660254037844387076, 1.000000000000000000, 0.8660254037844387076, 1.000000000000000000, 0.8660254037844387076, 1.000000000000000000, 0.8660254037844387076, 1.000000000000000000, 0.8660254037844387076, 1.000000000000000000, 0.8660254037844387076, 1.000000000000000000, 0.8660254037844387076, 1.000000000000000000, 0.8660254037844387076, 1.000000000000000000, 0.8660254037844387076, 1.000000000000000000, 0.8660254037844387076, 1.000000000000000000, 0.8660254037844387076, 1.000000000000000000, 0.8660254037844387076, 1.000000000000000000, 0.8660254037844387076, 1.000000000000000000, 0.8660254037844387076, 1.000000000000000000, 0.8660254037844387076, 1.000000000000000000, 0.8660254037844387076, 1.000000000000000000, 0.8660254037844387076, 1.000000000000000000, 0.8660254037844387076, 1.000000000000000000, 0.8660254037844387076, 1.000000000000000000, 0.8660254037844387076, 1.000000000000000000, 0.8660254037844387076, 1.000000000000000000, 0.8660254037844387076, 1.000000000000000000, 0.8660254037844387076, 1.000000000000000000, 0.8660254037844387076, 1.000000000000000000, 0.8660254037844387076, 1.000000000000000000, 0.8660254037844387076, 1.000000000000000000, 0.8660254037844387076, 1.000000000000000000, 0.8660254037844387076, 1.000000000000000000, 0.8660254037844387076, 1.000000000000000000, 0.8660254037844387076, 1.000000000000000000, 0.8660254037844387076, 1.000000000000000000, 0.8660254037844387076, 1.000000000000000000, 0.8660254037844387076, 1.000000000000000000, 0.8660254037844387076, 1.000000000000000000, 0.8660254037844387076, 1.000000000000000000, 0.8660254037844387076, 1.000000000000000000, 0.8660254037844387076, 1.000000000000000000, 0.8660254037844387076, 1.000000000000000000, 0.8660254037844387076, 1.000000000000000000, 0.8660254037844387076, 1.000000000000000000, 0.8660254037844387076, 1.000000000000000000, 0.8660254037844387076, 1.000000000000000000, 0.8660254037844387076, 1.000000000000000000, 0.8660254037844387076, 1.000000000000000000, 0.8660254037844387076, 1.000000000000000000, 0.8660254037844387076, 1.000000000000000000),
 ( 1.000000000000000000, 0.8660254037844387076, 1.000000000000000000, 0.8660254037844387076, 1.000000000000000000, 0.8660254037844387076, 1.000000000000000000, 0.8660254037844387076, 1.000000000000000000, 0.8660254037844387076, 1.000000000000000000, 0.8660254037844387076, 1.000000000000000000, 0.8660254037844387076, 1.000000000000000000, 0.8660254037844387076, 1.000000000000000000, 0.8660254037844387076, 1.000000000000000000, 0.8660254037844387076, 1.000000000000000000, 0.8660254037844387076, 1.000000000000000000, 0.8660254037844387076, 1.000000000000000000, 0.8660254037844387076, 1.000000000000000000, 0.8660254037844387076, 1.000000000000000000, 0.8660254037844387076, 1.000000000000000000, 0.8660254037844387076, 1.000000000000000000, 0.8660254037844387076, 1.000000000000000000, 0.8660254037844387076, 1.000000000000000000, 0.8660254037844387076, 1.000000000000000000, 0.8660254037844387076, 1.000000000000000000, 0.8660254037844387076, 1.000000000000000000, 0.8660254037844387076, 1.000000000000000000, 0.8660254037844387076, 1.000000000000000000, 0.8660254037844387076, 1.000000000000000000, 0.8660254037844387076, 1.000000000000000000, 0.8660254037844387076, 1.000000000000000000, 0.8660254037844387076, 1.000000000000000000, 0.8660254037844387076, 1.000000000000000000, 0.8660254037844387076, 1.000000000000000000, 0.8660254037844387076, 1.000000000000000000, 0.8660254037844387076, 1.000000000000000000, 0.8660254037844387076, 1.000000000000000000, 0.8660254037844387076, 1.000000000000000000, 0.8660254037844387076, 1.000000000000000000, 0.8660254037844387076, 1.000000000000000000, 0.8660254037844387076, 1.000000000000000000, 0.8660254037844387076, 1.000000000000000000, 0.8660254037844387076, 1.000000000000000000, 0.8660254037844387076, 1.000000000000000000, 0.8660254037844387076, 1.000000000000000000, 0.8660254037844387076, 1.000000000000000000, 0.8660254037844387076, 1.000000000000000000, 0.8660254037844387076, 1.000000000000000000, 0.8660254037844387076, 1.000000000000000000, 0.8660254037844387076, 1.000000000000000000, 0.8660254037844387076, 1.000000000000000000, 0.8660254037844387076, 1.000000000000000000, 0.8660254037844387076, 1.000000000000000000, 0.8660254037844387076, 1.000000000000000000, 0.8660254037844387076, 1.000000000000000000, 0.8660254037844387076, 1.000000000000000000, 0.8660254037844387076, 1.000000000000000000, 0.8660254037844387076, 1.000000000000000000, 0.8660254037844387076, 1.000000000000000000, 0.8660254037844387076, 1.000000000000000000, 0.8660254037844387076, 1.000000000000000000, 0.8660254037844387076, 1.000000000000000000, 0.8660254037844387076, 1.000000000000000000, 0.8660254037844387076, 1.000000000000000000, 0.8660254037844387076, 1.000000000000000000, 0.8660254037844387076, 1.000000000000000000, 0.8660254037844387076, 1.000000000000000000, 0.8660254037844387076, 1.000000000000000000, 0.8660254037844387076, 1.000000000000000000, 0.8660254037844387076, 1.000000000000000000, 0.8660254037844387076, 1.000000000000000000, 0.8660254037844387076, 1.000000000000000000, 0.8660254037844387076, 1.000000000000000000, 0.8660254037844387076, 1.000000000000000000, 0.8660254037844387076, 1.000000000000000000, 0.8660254037844387076, 1.000000000000000000, 0.8660254037844387076, 1.000000000000000000) ) ) 
 REPRESENTATION_ITEM ( '' )  SURFACE ( )  );
#7027 = CARTESIAN_POINT ( 'NONE',  ( 1.836970198721030920E-16, 1.500000000000000222, 8.250000000000000000 ) ) ;
#7028 = ORIENTED_EDGE ( 'NONE', *, *, #4607, .T. ) ;
#7029 = CARTESIAN_POINT ( 'NONE',  ( -1.439254484199210086E-16, -1.175240473580867473, -1.187499999999997335 ) ) ;
#7030 = CARTESIAN_POINT ( 'NONE',  ( 0.6785254037844478114, -1.175240473580867695, 1.791666666666668739 ) ) ;
#7031 = CARTESIAN_POINT ( 'NONE',  ( -1.299038105676672217, 0.7499999999999934497, -2.104166666666665186 ) ) ;
#7032 = CARTESIAN_POINT ( 'NONE',  ( -1.299038105676672217, -0.7500000000000239808, 5.416666666666670515 ) ) ;
#7033 = CARTESIAN_POINT ( 'NONE',  ( -3.021604981090763735E-14, 1.260009172861202176, 4.951058768651630970 ) ) ;
#7034 = CARTESIAN_POINT ( 'NONE',  ( 0.000000000000000000, -7.438283133705603770E-16, 8.250000000000000000 ) ) ;
#7035 = CARTESIAN_POINT ( 'NONE',  ( 0.000000000000000000, -7.438283133705603770E-16, 8.250000000000000000 ) ) ;
#7036 = LINE ( 'NONE', #843, #3665 ) ;
#7037 = ORIENTED_EDGE ( 'NONE', *, *, #7721, .T. ) ;
#7038 = CARTESIAN_POINT ( 'NONE',  ( 1.322475605676672661, -0.7635316469341562051, -2.401041666666662078 ) ) ;
#7039 = CARTESIAN_POINT ( 'NONE',  ( 1.017788105676671995, -0.5876202367904418411, -1.104166666666664076 ) ) ;
#7040 = CYLINDRICAL_SURFACE ( 'NONE', #6217, 1.500000000000000888 ) ;
#7041 = CARTESIAN_POINT ( 'NONE',  ( 1.357050807568896511, -1.512417325702729679E-14, -3.562499999999996891 ) ) ;
#7042 = DIRECTION ( 'NONE',  ( 0.000000000000000000, 0.000000000000000000, 1.000000000000000000 ) ) ;
#7043 = CARTESIAN_POINT ( 'NONE',  ( 0.000000000000000000, -1.500000000000001554, 8.250000000000000000 ) ) ;
#7044 = ORIENTED_EDGE ( 'NONE', *, *, #2121, .F. ) ;
#7045 = CARTESIAN_POINT ( 'NONE',  ( 1.357050807568896511, -1.653251707604675099E-14, 7.937500000000001776 ) ) ;
#7046 = DIRECTION ( 'NONE',  ( -0.000000000000000000, 2.449293598294706414E-16, -1.000000000000000000 ) ) ;
#7047 = CARTESIAN_POINT ( 'NONE',  ( 0.6785254037844478114, -1.175240473580868583, 7.854166666666669627 ) ) ;
#7048 = CARTESIAN_POINT ( 'NONE',  ( -0.8660254037844455910, -1.500000000000036415, -3.541666666666662078 ) ) ;
#7049 = CARTESIAN_POINT ( 'NONE',  ( 1.357050807568896511, -1.505528687457525669E-14, -4.124999999999997335 ) ) ;
#7050 = ORIENTED_EDGE ( 'NONE', *, *, #271, .T. ) ;
#7051 = ADVANCED_FACE ( 'NONE', ( #6942 ), #4443, .T. ) ;
#7052 = CARTESIAN_POINT ( 'NONE',  ( -0.6785254037844485886, -1.175240473580866585, -6.229166666666664298 ) ) ;
#7053 = CARTESIAN_POINT ( 'NONE',  ( 0.8660254037844493658, 1.500000000000002220, -6.729166666666666963 ) ) ;
#7054 = ORIENTED_EDGE ( 'NONE', *, *, #6000, .F. ) ;
#7055 = CARTESIAN_POINT ( 'NONE',  ( -0.8816504037844485886, 1.527063293868265115, 6.307291666666670515 ) ) ;
#7056 =( BOUNDED_CURVE ( )  B_SPLINE_CURVE ( 2, ( #4140, #2342, #8083, #6023, #5511, #4922, #6136 ),
 .UNSPECIFIED., .F., .F. ) 
 B_SPLINE_CURVE_WITH_KNOTS ( ( 3, 2, 2, 3 ),
 ( 0.9583333333333332593, 0.9722222222222220989, 0.9861111111111111605, 1.000000000000000000 ),
 .UNSPECIFIED. ) 
 CURVE ( )  GEOMETRIC_REPRESENTATION_ITEM ( )  RATIONAL_B_SPLINE_CURVE ( ( 1.000000000000001110, 0.8660254037844374864, 1.000000000000000000, 0.8660254037844385966, 1.000000000000000000, 0.8660254037844385966, 1.000000000000000000 ) ) 
 REPRESENTATION_ITEM ( '' )  );
#7057 = CARTESIAN_POINT ( 'NONE',  ( 0.9254976877526288614, -0.2866551442409782102, 8.147054690030637758 ) ) ;
#7058 = CARTESIAN_POINT ( 'NONE',  ( 1.357050807568896067, -1.579007495406366758E-14, 1.875000000000002442 ) ) ;
#7059 = CARTESIAN_POINT ( 'NONE',  ( -0.1867183014945853758, -1.480908766186231906, 7.406250000000000888 ) ) ;
#7060 = CARTESIAN_POINT ( 'NONE',  ( -1.576622122564783401, -0.2078487863861495089, 7.967077405468494966 ) ) ;
#7061 = CARTESIAN_POINT ( 'NONE',  ( 0.6785254037844478114, -1.175240473580867029, -7.208333333333330373 ) ) ;
#7062 = CARTESIAN_POINT ( 'NONE',  ( 0.000000000000000000, 1.527063293868265337, 3.296875000000000444 ) ) ;
#7063 = CARTESIAN_POINT ( 'NONE',  ( -1.439254484199210086E-16, -1.175240473580867695, 2.750000000000002665 ) ) ;
#7064 = DIRECTION ( 'NONE',  ( -0.000000000000000000, -1.224646799147353207E-16, 1.000000000000000000 ) ) ;
#7065 = ADVANCED_FACE ( 'NONE', ( #3026 ), #598, .T. ) ;
#7066 = CARTESIAN_POINT ( 'NONE',  ( -1.322475605676673105, -0.7635316469341545398, -8.067708333333328596 ) ) ;
#7067 = CYLINDRICAL_SURFACE ( 'NONE', #7526, 1.500000000000000888 ) ;
#7068 = EDGE_LOOP ( 'NONE', ( #2991, #1600, #1331, #5989, #239, #7945, #5282, #1023, #7882, #802, #7190, #3209, #2885, #7305, #8168, #7092, #6630, #175, #1644, #6410 ) ) ;
#7069 = CARTESIAN_POINT ( 'NONE',  ( -1.017788105676672439, -0.5876202367904415080, 2.166666666666669183 ) ) ;
#7070 = VERTEX_POINT ( 'NONE', #6240 ) ;
#7071 = CARTESIAN_POINT ( 'NONE',  ( -0.6785254037844480335, 1.175240473580837053, -0.8958333333333309279 ) ) ;
#7072 = CARTESIAN_POINT ( 'NONE',  ( 0.000000000000000000, 1.550799999999996848, 5.750000000000000000 ) ) ;
#7073 = CARTESIAN_POINT ( 'NONE',  ( 0.000000000000000000, 1.175240473580837941, -7.999999999999996447 ) ) ;
#7074 = CARTESIAN_POINT ( 'NONE',  ( -0.6529281036284263484, 1.095939823664614066, 4.986441820693438665 ) ) ;
#7075 = CARTESIAN_POINT ( 'NONE',  ( -1.299038105676672217, 0.7499999999999934497, -0.6666666666666629659 ) ) ;
#7076 = CARTESIAN_POINT ( 'NONE',  ( -0.2219105846160805973, -1.572391632816121598, 7.967918235608000721 ) ) ;
#7077 = ORIENTED_EDGE ( 'NONE', *, *, #1621, .F. ) ;
#7078 = VECTOR ( 'NONE', #127, 1000.000000000000000 ) ;
#7079 = CARTESIAN_POINT ( 'NONE',  ( 0.8660254037844489217, 1.500000000000000666, 0.2083333333333370341 ) ) ;
#7080 = CARTESIAN_POINT ( 'NONE',  ( 1.357050807568896511, -1.579772899655833695E-14, 1.937500000000002665 ) ) ;
#7081 = CARTESIAN_POINT ( 'NONE',  ( 0.6897924910368926632, -1.161656999348722019, 5.192929063142595503 ) ) ;
#7082 = CARTESIAN_POINT ( 'NONE',  ( 0.000000000000000000, 1.175240473580837941, -7.999999999999996447 ) ) ;
#7083 = CARTESIAN_POINT ( 'NONE',  ( -0.4314072894756658672, 0.5883555573418879359, 8.191913363870524378 ) ) ;
#7084 = CARTESIAN_POINT ( 'NONE',  ( 0.2622035415152629279, -1.036004162901805303, 8.124444084471207361 ) ) ;
#7085 = ORIENTED_EDGE ( 'NONE', *, *, #2730, .T. ) ;
#7086 = CARTESIAN_POINT ( 'NONE',  ( -0.4612122490825817378, 0.5181173504688786347, 8.198166147663304315 ) ) ;
#7087 = B_SPLINE_CURVE_WITH_KNOTS ( 'NONE', 3,
 ( #702, #5804, #4513, #7057 ),
 .UNSPECIFIED., .F., .F.,
 ( 4, 4 ),
 ( 0.000000000000000000, 0.0001154157762592072283 ),
 .UNSPECIFIED. ) ;
#7088 = CARTESIAN_POINT ( 'NONE',  ( -0.1326959224940235382, -0.05496445076863301638, 3.624131139626886711 ) ) ;
#7089 = CARTESIAN_POINT ( 'NONE',  ( 1.017788105676672883, 0.5876202367904094226, 3.916666666666669183 ) ) ;
#7090 = CARTESIAN_POINT ( 'NONE',  ( 0.1474052775258354875, -1.524207146240230903, 7.406250000000000888 ) ) ;
#7091 = CARTESIAN_POINT ( 'NONE',  ( -0.6785254037844480335, 1.175240473580837275, -3.458333333333330373 ) ) ;
#7092 = ORIENTED_EDGE ( 'NONE', *, *, #510, .F. ) ;
#7093 = CARTESIAN_POINT ( 'NONE',  ( -0.6785254037844480335, 1.175240473580837275, -5.395833333333330373 ) ) ;
#7094 = CARTESIAN_POINT ( 'NONE',  ( -1.836970198721050149E-16, -1.500000000000031974, 1.000000000000003775 ) ) ;
#7095 = ORIENTED_EDGE ( 'NONE', *, *, #6850, .T. ) ;
#7096 = CARTESIAN_POINT ( 'NONE',  ( -1.322475605676673105, -0.7635316469341565382, 7.932291666666670515 ) ) ;
#7097 = CARTESIAN_POINT ( 'NONE',  ( -5.227693047139472931E-14, 1.341506350946114479, -8.095993649053886188 ) ) ;
#7098 = CARTESIAN_POINT ( 'NONE',  ( -0.6785254037844480335, 1.175240473580836387, 1.541666666666669405 ) ) ;
#7099 = DIRECTION ( 'NONE',  ( -0.000000000000000000, -1.224646799147353207E-16, 1.000000000000000000 ) ) ;
#7100 = DIRECTION ( 'NONE',  ( 0.000000000000000000, -1.000000000000000000, 0.000000000000000000 ) ) ;
#7101 = CARTESIAN_POINT ( 'NONE',  ( 1.017788105676672883, 0.5876202367904107549, -7.583333333333330373 ) ) ;
#7102 = CARTESIAN_POINT ( 'NONE',  ( 0.8816504037844494768, 1.527063293868264893, 4.755208333333333037 ) ) ;
#7103 = CARTESIAN_POINT ( 'NONE',  ( 0.8816504037844482555, -1.527063293868296645, -2.911458333333333037 ) ) ;
#7104 = CARTESIAN_POINT ( 'NONE',  ( 1.299038105676671773, -0.7500000000000247580, 4.583333333333336590 ) ) ;
#7105 = CARTESIAN_POINT ( 'NONE',  ( -0.8816504037844485886, 1.527063293868266669, -8.192708333333326820 ) ) ;
#7106 = FACE_OUTER_BOUND ( 'NONE', #1558, .T. ) ;
#7107 =( BOUNDED_CURVE ( )  B_SPLINE_CURVE ( 2, ( #4280, #4949, #4985, #3820, #518, #4320, #2487 ),
 .UNSPECIFIED., .F., .F. ) 
 B_SPLINE_CURVE_WITH_KNOTS ( ( 3, 2, 2, 3 ),
 ( 0.1666666666666667962, 0.1805555555555557190, 0.1944444444444446696, 0.2083333333333335924 ),
 .UNSPECIFIED. ) 
 CURVE ( )  GEOMETRIC_REPRESENTATION_ITEM ( )  RATIONAL_B_SPLINE_CURVE ( ( 0.9999999999999986677, 0.8660254037844399289, 1.000000000000000000, 0.8660254037844385966, 1.000000000000000000, 0.8660254037844361541, 1.000000000000002442 ) ) 
 REPRESENTATION_ITEM ( '' )  );
#7108 = VERTEX_POINT ( 'NONE', #6820 ) ;
#7109 = CARTESIAN_POINT ( 'NONE',  ( -1.357050807568896511, -1.548830953848843237E-14, 2.125000000000003109 ) ) ;
#7110 = EDGE_CURVE ( 'NONE', #3339, #1171, #3691, .T. ) ;
#7111 = ORIENTED_EDGE ( 'NONE', *, *, #3495, .T. ) ;
#7112 = CARTESIAN_POINT ( 'NONE',  ( -1.357050807568896511, -1.506733720128153187E-14, -1.312499999999997335 ) ) ;
#7113 = CARTESIAN_POINT ( 'NONE',  ( -0.1859679960768858553, -1.519732609479226504, 7.399111320804030889 ) ) ;
#7114 = EDGE_CURVE ( 'NONE', #1269, #6482, #1703, .T. ) ;
#7115 = EDGE_CURVE ( 'NONE', #3414, #4733, #7107, .T. ) ;
#7116 = CARTESIAN_POINT ( 'NONE',  ( 1.017788105676672883, 0.5876202367904089785, 7.416666666666668739 ) ) ;
#7117 = CARTESIAN_POINT ( 'NONE',  ( 1.017788105676671995, -0.5876202367904417301, -2.104166666666663854 ) ) ;
#7118 = CARTESIAN_POINT ( 'NONE',  ( 0.000000000000000000, -7.438283133705603770E-16, 8.250000000000000000 ) ) ;
#7119 = CARTESIAN_POINT ( 'NONE',  ( -0.2461404650521782367, -1.543116970613432670, 7.977136521887540965 ) ) ;
#7120 = LINE ( 'NONE', #3951, #1753 ) ;
#7121 = CARTESIAN_POINT ( 'NONE',  ( -0.6785254037844485886, -1.175240473580867695, 2.270833333333335702 ) ) ;
#7122 = CARTESIAN_POINT ( 'NONE',  ( 1.222047191635202479, 0.1909659827596669190, 4.858512674901726669 ) ) ;
#7123 = CARTESIAN_POINT ( 'NONE',  ( 1.357050807568896511, -1.524663793694202878E-14, -2.562499999999997335 ) ) ;
#7124 = CARTESIAN_POINT ( 'NONE',  ( -1.017788105676672439, -0.5876202367904410639, -0.8333333333333309279 ) ) ;
#7125 = CARTESIAN_POINT ( 'NONE',  ( -1.525790193410405227, 0.2368691645223859055, 7.883403588540149443 ) ) ;
#7126 = VERTEX_POINT ( 'NONE', #2447 ) ;
#7127 = CARTESIAN_POINT ( 'NONE',  ( -1.480908766186231240, -0.1867183014945880404, 7.406250000000000888 ) ) ;
#7128 = CARTESIAN_POINT ( 'NONE',  ( -0.1474052775258726244, -1.524207146240226907, 7.406250000000000888 ) ) ;
#7129 = CARTESIAN_POINT ( 'NONE',  ( -0.6785254037844485886, -1.175240473580867695, 3.708333333333335258 ) ) ;
#7130 = CARTESIAN_POINT ( 'NONE',  ( 0.1843326785565881643, -1.495966003080825280, 7.406250000000000888 ) ) ;
#7131 = CARTESIAN_POINT ( 'NONE',  ( 1.763300807568897621, -1.583982623027902321E-14, 1.671875000000000888 ) ) ;
#7132 = CARTESIAN_POINT ( 'NONE',  ( -1.763300807568897621, -1.427514380308308652E-14, -7.578124999999999112 ) ) ;
#7133 = ORIENTED_EDGE ( 'NONE', *, *, #5446, .F. ) ;
#7134 = CARTESIAN_POINT ( 'NONE',  ( 0.6785254037844490327, 1.175240473580837275, -7.479166666666663410 ) ) ;
#7135 = CARTESIAN_POINT ( 'NONE',  ( -1.576622122564780515, 0.2078487863861622209, 7.967077405468494966 ) ) ;
#7136 = ORIENTED_EDGE ( 'NONE', *, *, #1209, .T. ) ;
#7137 = VECTOR ( 'NONE', #4732, 1000.000000000000114 ) ;
#7138 = CARTESIAN_POINT ( 'NONE',  ( -1.322475605676673105, -0.7635316469341563161, 6.432291666666671404 ) ) ;
#7139 = CARTESIAN_POINT ( 'NONE',  ( 5.260655403889586299E-13, -1.352123412263509961, -8.085376587736492482 ) ) ;
#7140 = CARTESIAN_POINT ( 'NONE',  ( -0.6785254037844485886, -1.175240473580867695, 2.708333333333336146 ) ) ;
#7141 = CARTESIAN_POINT ( 'NONE',  ( 0.000000000000000000, 1.500000000000001998, -5.187499999999998224 ) ) ;
#7142 = DIRECTION ( 'NONE',  ( -0.000000000000000000, -1.224646799147353207E-16, 1.000000000000000000 ) ) ;
#7143 = CARTESIAN_POINT ( 'NONE',  ( -1.322475605676673105, 0.7635316469341248968, 4.880208333333333925 ) ) ;
#7144 = CARTESIAN_POINT ( 'NONE',  ( -0.8816504037844491437, -1.527063293868295979, -1.994791666666665853 ) ) ;
#7145 = CARTESIAN_POINT ( 'NONE',  ( -0.6785254037844485886, -1.175240473580866585, -7.291666666666663410 ) ) ;
#7146 = LINE ( 'NONE', #7774, #4086 ) ;
#7147 = CARTESIAN_POINT ( 'NONE',  ( 0.000000000000000000, -1.500000000000001554, 8.250000000000000000 ) ) ;
#7148 = ORIENTED_EDGE ( 'NONE', *, *, #6324, .T. ) ;
#7149 = CARTESIAN_POINT ( 'NONE',  ( -1.357050807568896067, -1.451624614166522371E-14, -5.812499999999997335 ) ) ;
#7150 = VECTOR ( 'NONE', #2085, 1000.000000000000000 ) ;
#7151 = VERTEX_POINT ( 'NONE', #638 ) ;
#7152 = CARTESIAN_POINT ( 'NONE',  ( 1.017788105676671995, -0.5876202367904418411, -1.604166666666664076 ) ) ;
#7153 = CARTESIAN_POINT ( 'NONE',  ( 0.000000000000000000, 1.301042606982605321E-15, 7.967077405468494966 ) ) ;
#7154 = CARTESIAN_POINT ( 'NONE',  ( -1.357050807568896067, -1.426366273934108089E-14, -7.874999999999996447 ) ) ;
#7155 = CARTESIAN_POINT ( 'NONE',  ( 0.1867183014945853758, 1.020989215107069192, 7.406250000000000888 ) ) ;
#7156 = CARTESIAN_POINT ( 'NONE',  ( 1.299038105676672883, 0.7499999999999920064, -0.2708333333333323711 ) ) ;
#7157 = CIRCLE ( 'NONE', #8202, 1.590263637062382607 ) ;
#7158 = CARTESIAN_POINT ( 'NONE',  ( 0.6683182741641706670, -1.316324406687453319, 5.517698181930328793 ) ) ;
#7159 = CARTESIAN_POINT ( 'NONE',  ( -0.8660254037844486996, -1.500000000000031752, -0.4791666666666652974 ) ) ;
#7160 = EDGE_CURVE ( 'NONE', #6264, #1602, #4776, .T. ) ;
#7161 = CARTESIAN_POINT ( 'NONE',  ( -0.8816504037844491437, -1.527063293868295757, -2.526041666666661634 ) ) ;
#7162 = CARTESIAN_POINT ( 'NONE',  ( 0.6785254037844478114, -1.175240473580867695, 2.354166666666669183 ) ) ;
#7163 = CARTESIAN_POINT ( 'NONE',  ( 0.1601622194861552217, -1.187751500998470933, 4.752532446826457146 ) ) ;
#7164 = CARTESIAN_POINT ( 'NONE',  ( -1.017788105676672439, -0.5876202367904407309, -3.770833333333330817 ) ) ;
#7165 = CARTESIAN_POINT ( 'NONE',  ( 1.017788105676672883, 0.5876202367904103108, -2.583333333333330817 ) ) ;
#7166 = EDGE_CURVE ( 'NONE', #5661, #1618, #786, .T. ) ;
#7167 = CARTESIAN_POINT ( 'NONE',  ( 0.000000000000000000, 1.500000000000001998, -5.687499999999998224 ) ) ;
#7168 = ORIENTED_EDGE ( 'NONE', *, *, #2516, .F. ) ;
#7169 = CARTESIAN_POINT ( 'NONE',  ( 0.6785254037844478114, -1.175240473580868583, 7.354166666666669627 ) ) ;
#7170 = CARTESIAN_POINT ( 'NONE',  ( -0.7140157985588636569, -0.9459789655805663777, -8.250000000000000000 ) ) ;
#7171 = CARTESIAN_POINT ( 'NONE',  ( 1.017788105676672883, 0.5876202367904096446, 2.916666666666669183 ) ) ;
#7172 = LINE ( 'NONE', #2759, #139 ) ;
#7173 = LINE ( 'NONE', #244, #2683 ) ;
#7174 = CARTESIAN_POINT ( 'NONE',  ( -1.322475605676673105, 0.7635316469341264511, -7.119791666666666075 ) ) ;
#7175 = ORIENTED_EDGE ( 'NONE', *, *, #7831, .F. ) ;
#7176 = CARTESIAN_POINT ( 'NONE',  ( 0.6785254037844478114, -1.175240473580867251, -4.645833333333330373 ) ) ;
#7177 = VERTEX_POINT ( 'NONE', #3733 ) ;
#7178 = CARTESIAN_POINT ( 'NONE',  ( -0.8816504037844485886, 1.527063293868264893, 7.807291666666670515 ) ) ;
#7179 = CARTESIAN_POINT ( 'NONE',  ( 0.2622035415152645377, 1.036004162901804415, 8.124444084471209138 ) ) ;
#7180 = CARTESIAN_POINT ( 'NONE',  ( -1.036004162901802639, 0.2622035415152743076, 8.124444084471209138 ) ) ;
#7181 = CARTESIAN_POINT ( 'NONE',  ( -0.1474052775258726244, -1.524207146240226907, 7.406250000000000888 ) ) ;
#7182 = CARTESIAN_POINT ( 'NONE',  ( 0.000000000000000000, -7.438283133705603770E-16, 8.250000000000000000 ) ) ;
#7183 = ORIENTED_EDGE ( 'NONE', *, *, #1264, .F. ) ;
#7184 = CARTESIAN_POINT ( 'NONE',  ( -0.8816504037844485886, 1.527063293868265337, 4.338541666666666963 ) ) ;
#7185 = CARTESIAN_POINT ( 'NONE',  ( -0.8816504037844485886, 1.527063293868266225, -0.6614583333333329263 ) ) ;
#7186 = B_SPLINE_CURVE_WITH_KNOTS ( 'NONE', 3,
 ( #2551, #2507, #7632, #4464, #5047, #618, #2014, #3299, #3170, #5092, #1927, #3124, #742, #7679, #5844, #1975, #5760, #3924 ),
 .UNSPECIFIED., .F., .F.,
 ( 4, 2, 2, 2, 2, 2, 2, 2, 4 ),
 ( 0.000000000000000000, 0.0004800149881356164782, 0.0009600299762712329564, 0.001440044964406849001, 0.001920059952542464612, 0.002400074940678080439, 0.002880089928813696701, 0.003360104916949312528, 0.003840119905084928356 ),
 .UNSPECIFIED. ) ;
#7187 = DIRECTION ( 'NONE',  ( -0.000000000000000000, -1.224646799147353207E-16, 1.000000000000000000 ) ) ;
#7188 = CARTESIAN_POINT ( 'NONE',  ( 1.763300807568897621, -1.485628176971380892E-14, -6.359374999999994671 ) ) ;
#7189 = CARTESIAN_POINT ( 'NONE',  ( 1.299038105676672883, 0.7499999999999921174, -2.270833333333331705 ) ) ;
#7190 = ORIENTED_EDGE ( 'NONE', *, *, #6950, .T. ) ;
#7191 = CARTESIAN_POINT ( 'NONE',  ( -1.017788105676672439, 0.5876202367904111989, -2.916666666666663854 ) ) ;
#7192 = CARTESIAN_POINT ( 'NONE',  ( 0.6785254037844490327, 1.175240473580837497, -6.979166666666664298 ) ) ;
#7193 = ORIENTED_EDGE ( 'NONE', *, *, #5630, .T. ) ;
#7194 = CARTESIAN_POINT ( 'NONE',  ( -0.6785254037844485886, -1.175240473580867695, 1.770833333333336146 ) ) ;
#7195 = DIRECTION ( 'NONE',  ( -0.000000000000000000, -0.000000000000000000, -1.000000000000000000 ) ) ;
#7196 = CARTESIAN_POINT ( 'NONE',  ( 0.6785254037844478114, -1.175240473580867695, -0.1458333333333307058 ) ) ;
#7197 = CARTESIAN_POINT ( 'NONE',  ( -1.836970198721050149E-16, -1.500000000000032641, 5.562500000000000000 ) ) ;
#7198 = CARTESIAN_POINT ( 'NONE',  ( -0.8660254037844488106, -1.500000000000031308, -2.041666666666662522 ) ) ;
#7199 = CARTESIAN_POINT ( 'NONE',  ( -0.5883555573418803863, 0.4314072894756761367, 8.191913363870522602 ) ) ;
#7200 = CARTESIAN_POINT ( 'NONE',  ( 0.8816504037844482555, -1.527063293868296867, -0.9427083333333288184 ) ) ;
#7201 = CARTESIAN_POINT ( 'NONE',  ( 1.732050807568896955, -1.485628176971381207E-14, -6.312500000000000000 ) ) ;
#7202 = CARTESIAN_POINT ( 'NONE',  ( -1.017788105676672439, 0.5876202367904108659, 0.1458333333333359239 ) ) ;
#7203 = CARTESIAN_POINT ( 'NONE',  ( -1.836970198721050149E-16, -1.500000000000031752, -1.999999999999996669 ) ) ;
#7204 = CARTESIAN_POINT ( 'NONE',  ( 1.017788105676672883, 0.5876202367904106438, -5.583333333333330373 ) ) ;
#7205 = EDGE_CURVE ( 'NONE', #1171, #75, #7374, .T. ) ;
#7206 = CARTESIAN_POINT ( 'NONE',  ( -0.6785254037844485886, -1.175240473580867029, -2.291666666666663854 ) ) ;
#7207 = CARTESIAN_POINT ( 'NONE',  ( -1.836970198721050395E-16, -1.500000000000031530, -5.437499999999999112 ) ) ;
#7208 = ORIENTED_EDGE ( 'NONE', *, *, #7922, .F. ) ;
#7209 = DIRECTION ( 'NONE',  ( 0.000000000000000000, 0.000000000000000000, 1.000000000000000000 ) ) ;
#7210 = FACE_OUTER_BOUND ( 'NONE', #5140, .T. ) ;
#7211 = CARTESIAN_POINT ( 'NONE',  ( -1.357050807568896511, -1.573323889831790582E-14, 4.125000000000001776 ) ) ;
#7212 = CARTESIAN_POINT ( 'NONE',  ( 0.6785254037844490327, 1.175240473580837275, -7.479166666666663410 ) ) ;
#7213 = EDGE_CURVE ( 'NONE', #165, #75, #5779, .T. ) ;
#7214 = ADVANCED_FACE ( 'NONE', ( #2657 ), #4531, .T. ) ;
#7215 = DIRECTION ( 'NONE',  ( 0.000000000000000000, -1.000000000000000000, 0.000000000000000000 ) ) ;
#7216 = CARTESIAN_POINT ( 'NONE',  ( 0.000000000000000000, 1.527063293868266447, -5.703124999999999112 ) ) ;
#7217 = VERTEX_POINT ( 'NONE', #1421 ) ;
#7218 = CARTESIAN_POINT ( 'NONE',  ( -1.017788105676672439, -0.5876202367904408419, -2.770833333333330817 ) ) ;
#7219 = ORIENTED_EDGE ( 'NONE', *, *, #4161, .F. ) ;
#7220 = CARTESIAN_POINT ( 'NONE',  ( -0.8816504037844485886, 1.527063293868265115, 5.807291666666670515 ) ) ;
#7221 = FACE_OUTER_BOUND ( 'NONE', #544, .T. ) ;
#7222 = CARTESIAN_POINT ( 'NONE',  ( -7.891887417399452545E-14, 1.410392906041637806, 5.364234679818165930 ) ) ;
#7223 = CARTESIAN_POINT ( 'NONE',  ( -0.1867183014945853758, -1.480908766186231906, 7.406250000000000888 ) ) ;
#7224 = CARTESIAN_POINT ( 'NONE',  ( -1.299038105676672217, -0.7500000000000229816, -3.083333333333329485 ) ) ;
#7225 = CARTESIAN_POINT ( 'NONE',  ( 0.8660254037844489217, 1.500000000000002220, -7.791666666666662522 ) ) ;
#7226 = CARTESIAN_POINT ( 'NONE',  ( -0.8816504037844485886, 1.527063293868265337, 3.338541666666666963 ) ) ;
#7227 = CARTESIAN_POINT ( 'NONE',  ( -1.322475605676673105, 0.7635316469341254519, 0.3802083333333339810 ) ) ;
#7228 = CARTESIAN_POINT ( 'NONE',  ( -1.357050807568896511, -1.420243039938371489E-14, -8.374999999999996447 ) ) ;
#7229 = CARTESIAN_POINT ( 'NONE',  ( 0.000000000000000000, 1.527063293868266669, -6.734374999999995559 ) ) ;
#7230 = CARTESIAN_POINT ( 'NONE',  ( 0.2470292989821757101, 1.534691860997135837, 7.980070810694637196 ) ) ;
#7231 = ORIENTED_EDGE ( 'NONE', *, *, #2418, .T. ) ;
#7232 = CARTESIAN_POINT ( 'NONE',  ( 0.000000000000000000, 1.175240473580837275, -3.499999999999996891 ) ) ;
#7233 = CARTESIAN_POINT ( 'NONE',  ( 0.6785254037844478114, -1.175240473580867029, -7.145833333333331261 ) ) ;
#7234 = ORIENTED_EDGE ( 'NONE', *, *, #2525, .T. ) ;
#7235 = CARTESIAN_POINT ( 'NONE',  ( -0.6785254037844485886, -1.175240473580867473, 1.270833333333335480 ) ) ;
#7236 = CARTESIAN_POINT ( 'NONE',  ( -0.1679132514439932999, -1.542301010129200511, 7.596344940910944921 ) ) ;
#7237 = CARTESIAN_POINT ( 'NONE',  ( -1.439254484199210086E-16, -1.175240473580867695, 0.3125000000000024425 ) ) ;
#7238 = PLANE ( 'NONE',  #5965 ) ;
#7239 = DIRECTION ( 'NONE',  ( 0.9238795325112864054, 0.3826834323650907810, -0.000000000000000000 ) ) ;
#7240 = CARTESIAN_POINT ( 'NONE',  ( 0.000000000000000000, 1.500000000000000888, 3.750000000000003553 ) ) ;
#7241 =( BOUNDED_CURVE ( )  B_SPLINE_CURVE ( 2, ( #5780, #2658, #102, #5162, #7706, #1995, #5825 ),
 .UNSPECIFIED., .F., .F. ) 
 B_SPLINE_CURVE_WITH_KNOTS ( ( 3, 2, 2, 3 ),
 ( 0.9166666666666666297, 0.9305555555555555802, 0.9444444444444443088, 0.9583333333333332593 ),
 .UNSPECIFIED. ) 
 CURVE ( )  GEOMETRIC_REPRESENTATION_ITEM ( )  RATIONAL_B_SPLINE_CURVE ( ( 1.000000000000000000, 0.8660254037844387076, 1.000000000000000000, 0.8660254037844387076, 1.000000000000000000, 0.8660254037844398178, 0.9999999999999988898 ) ) 
 REPRESENTATION_ITEM ( '' )  );
#7242 = CARTESIAN_POINT ( 'NONE',  ( -0.8816504037844491437, -1.527063293868295757, -2.026041666666662078 ) ) ;
#7243 = CARTESIAN_POINT ( 'NONE',  ( 1.357050807568896511, -1.591253963397840588E-14, 2.875000000000002220 ) ) ;
#7244 = CARTESIAN_POINT ( 'NONE',  ( -1.357050807568896511, -1.531226656111100217E-14, 0.6875000000000023315 ) ) ;
#7245 = CARTESIAN_POINT ( 'NONE',  ( 1.017788105676671995, -0.5876202367904425072, 3.895833333333335258 ) ) ;
#7246 = CARTESIAN_POINT ( 'NONE',  ( 0.6785254037844490327, 1.175240473580837275, -6.541666666666664298 ) ) ;
#7247 = CARTESIAN_POINT ( 'NONE',  ( 0.6785254037844478114, -1.175240473580867473, -2.708333333333330817 ) ) ;
#7248 = CARTESIAN_POINT ( 'NONE',  ( 0.2470292989821720464, -1.534691860997138058, 7.980070810694635419 ) ) ;
#7249 = ORIENTED_EDGE ( 'NONE', *, *, #3902, .F. ) ;
#7250 = DIRECTION ( 'NONE',  ( -0.000000000000000000, -1.224646799147353207E-16, 1.000000000000000000 ) ) ;
#7251 = CARTESIAN_POINT ( 'NONE',  ( 0.6785254037844490327, 1.175240473580835721, 4.458333333333334814 ) ) ;
#7252 = CARTESIAN_POINT ( 'NONE',  ( 1.357050807568896511, -1.469554687732572377E-14, -7.062499999999997335 ) ) ;
#7253 = CARTESIAN_POINT ( 'NONE',  ( -1.763300807568897621, -1.549979060223043800E-14, 2.421875000000000444 ) ) ;
#7254 = CARTESIAN_POINT ( 'NONE',  ( -1.322475605676673105, 0.7635316469341263401, -5.619791666666665186 ) ) ;
#7255 = EDGE_LOOP ( 'NONE', ( #262, #1152, #6686, #1804 ) ) ;
#7256 = CARTESIAN_POINT ( 'NONE',  ( -1.439254484199210086E-16, -1.175240473580867029, -4.687499999999997335 ) ) ;
#7257 = EDGE_CURVE ( 'NONE', #4987, #2626, #2785, .T. ) ;
#7258 = EDGE_CURVE ( 'NONE', #3908, #6549, #4574, .T. ) ;
#7259 = ADVANCED_FACE ( 'NONE', ( #2573 ), #1383, .T. ) ;
#7260 = EDGE_CURVE ( 'NONE', #1790, #6952, #5293, .T. ) ;
#7261 = ORIENTED_EDGE ( 'NONE', *, *, #5782, .T. ) ;
#7262 = CARTESIAN_POINT ( 'NONE',  ( -1.322475605676673105, -0.7635316469341565382, 8.432291666666671404 ) ) ;
#7263 = B_SPLINE_CURVE_WITH_KNOTS ( 'NONE', 3,
 ( #3274, #637, #2656, #3149, #1903, #4442, #6985, #3817, #6362, #682 ),
 .UNSPECIFIED., .F., .F.,
 ( 4, 2, 2, 2, 4 ),
 ( 1.979710415918402763E-16, 0.0002803807501192398305, 0.0005607615002382816856, 0.0008411422503573237576, 0.001121523000476365830 ),
 .UNSPECIFIED. ) ;
#7264 = PLANE ( 'NONE',  #4157 ) ;
#7265 = CARTESIAN_POINT ( 'NONE',  ( 1.836970198721030920E-16, 1.500000000000000222, 8.250000000000000000 ) ) ;
#7266 = DIRECTION ( 'NONE',  ( 1.034226902831782837E-14, 0.9945218953682735119, -0.1045284632676535957 ) ) ;
#7267 = CARTESIAN_POINT ( 'NONE',  ( -0.8660254037844469233, 1.500000000000003553, -3.208333333333329485 ) ) ;
#7268 = ORIENTED_EDGE ( 'NONE', *, *, #1208, .T. ) ;
#7269 = CARTESIAN_POINT ( 'NONE',  ( 1.763300807568897621, -1.651338196981006968E-14, 7.171875000000000000 ) ) ;
#7270 = CARTESIAN_POINT ( 'NONE',  ( 0.8816504037844482555, -1.527063293868297311, -0.4114583333333326487 ) ) ;
#7271 = CARTESIAN_POINT ( 'NONE',  ( 1.017788105676672883, 0.5876202367904106438, -7.083333333333330373 ) ) ;
#7272 = CARTESIAN_POINT ( 'NONE',  ( 1.322475605676672661, -0.7635316469341558721, -5.901041666666662522 ) ) ;
#7273 = FACE_OUTER_BOUND ( 'NONE', #2372, .T. ) ;
#7274 = ORIENTED_EDGE ( 'NONE', *, *, #2462, .F. ) ;
#7275 = CYLINDRICAL_SURFACE ( 'NONE', #5423, 1.500000000000000888 ) ;
#7276 = CARTESIAN_POINT ( 'NONE',  ( -0.6785254037844480335, 1.175240473580837941, -7.895833333333331261 ) ) ;
#7277 = ORIENTED_EDGE ( 'NONE', *, *, #159, .F. ) ;
#7278 = CARTESIAN_POINT ( 'NONE',  ( -1.439254484199210086E-16, -1.175240473580867695, 0.3125000000000024425 ) ) ;
#7279 = CARTESIAN_POINT ( 'NONE',  ( 1.357050807568896511, -1.597377197393577346E-14, 3.375000000000001776 ) ) ;
#7280 = CARTESIAN_POINT ( 'NONE',  ( -1.017788105676672439, -0.5876202367904412860, 0.2291666666666691832 ) ) ;
#7281 = CARTESIAN_POINT ( 'NONE',  ( 0.000000000000000000, 1.500000000000000444, 5.312500000000000888 ) ) ;
#7282 = VECTOR ( 'NONE', #4598, 1000.000000000000000 ) ;
#7283 = CARTESIAN_POINT ( 'NONE',  ( 0.2392183543293052717, -1.558176212289527962, 7.972137828681204574 ) ) ;
#7284 = CARTESIAN_POINT ( 'NONE',  ( -1.732050807568896511, -1.567966060085521077E-14, 3.875000000000003553 ) ) ;
#7285 = VECTOR ( 'NONE', #1083, 1000.000000000000000 ) ;
#7286 = CARTESIAN_POINT ( 'NONE',  ( -0.8816504037844491437, -1.527063293868296201, -0.02604166666666206387 ) ) ;
#7287 = EDGE_CURVE ( 'NONE', #5469, #308, #2272, .T. ) ;
#7288 = CARTESIAN_POINT ( 'NONE',  ( 0.000000000000000000, 1.175240473580836609, 3.000000000000002220 ) ) ;
#7289 = CARTESIAN_POINT ( 'NONE',  ( -1.357050807568896511, -1.493721847887212420E-14, -2.374999999999997335 ) ) ;
#7290 = CARTESIAN_POINT ( 'NONE',  ( 1.299038105676672883, 0.7499999999999920064, -1.333333333333329929 ) ) ;
#7291 = CARTESIAN_POINT ( 'NONE',  ( -1.439254484199210086E-16, -1.175240473580866807, -7.249999999999997335 ) ) ;
#7292 = AXIS2_PLACEMENT_3D ( 'NONE', #1459, #5284, #1539 ) ;
#7293 = CARTESIAN_POINT ( 'NONE',  ( 0.000000000000000000, 1.175240473580837275, -2.999999999999997335 ) ) ;
#7294 =( BOUNDED_CURVE ( )  B_SPLINE_CURVE ( 2, ( #298, #7854, #7224, #1527, #1447, #7267, #4058 ),
 .UNSPECIFIED., .F., .F. ) 
 B_SPLINE_CURVE_WITH_KNOTS ( ( 3, 2, 2, 3 ),
 ( 0.1250000000000000555, 0.1388888888888888951, 0.1527777777777778179, 0.1666666666666666574 ),
 .UNSPECIFIED. ) 
 CURVE ( )  GEOMETRIC_REPRESENTATION_ITEM ( )  RATIONAL_B_SPLINE_CURVE ( ( 0.9999999999999994449, 0.8660254037844392627, 1.000000000000000000, 0.8660254037844387076, 1.000000000000000000, 0.8660254037844384856, 1.000000000000000222 ) ) 
 REPRESENTATION_ITEM ( '' )  );
#7295 = CARTESIAN_POINT ( 'NONE',  ( -1.480580224328584826, -0.1863564938587323194, 7.402807630290148211 ) ) ;
#7296 = AXIS2_PLACEMENT_3D ( 'NONE', #6290, #37, #2503 ) ;
#7297 = ORIENTED_EDGE ( 'NONE', *, *, #1513, .F. ) ;
#7298 = CARTESIAN_POINT ( 'NONE',  ( -1.836970198721050149E-16, -1.500000000000031974, -0.9374999999999988898 ) ) ;
#7299 = CARTESIAN_POINT ( 'NONE',  ( -1.017788105676672439, 0.5876202367904103108, 5.583333333333335702 ) ) ;
#7300 = FACE_OUTER_BOUND ( 'NONE', #7494, .T. ) ;
#7301 = B_SPLINE_CURVE_WITH_KNOTS ( 'NONE', 3,
 ( #1486, #4682, #4179, #6021, #6714, #2851, #1028 ),
 .UNSPECIFIED., .F., .F.,
 ( 4, 3, 4 ),
 ( 8.711650476514994481E-19, 0.0002866636736917460961, 0.0005794830328019670834 ),
 .UNSPECIFIED. ) ;
#7302 = CARTESIAN_POINT ( 'NONE',  ( 1.836970198721030920E-16, 1.500000000000000222, 8.250000000000000000 ) ) ;
#7303 = ORIENTED_EDGE ( 'NONE', *, *, #7504, .F. ) ;
#7304 = CARTESIAN_POINT ( 'NONE',  ( 1.017788105676671995, -0.5876202367904417301, -2.604166666666664298 ) ) ;
#7305 = ORIENTED_EDGE ( 'NONE', *, *, #6744, .T. ) ;
#7306 = CARTESIAN_POINT ( 'NONE',  ( 1.017788105676672883, 0.5876202367904095336, 3.479166666666669183 ) ) ;
#7307 = CARTESIAN_POINT ( 'NONE',  ( 0.8660254037844475894, -1.500000000000032863, 4.104166666666667851 ) ) ;
#7308 = CARTESIAN_POINT ( 'NONE',  ( -1.299257611150426373, -0.6716618004677018527, 5.499222908123915232 ) ) ;
#7309 = CARTESIAN_POINT ( 'NONE',  ( -1.299038105676672217, -0.7500000000000236478, 3.479166666666667851 ) ) ;
#7310 = DIRECTION ( 'NONE',  ( -0.000000000000000000, -1.224646799147353207E-16, 1.000000000000000000 ) ) ;
#7311 = CARTESIAN_POINT ( 'NONE',  ( -1.836970198721050395E-16, -1.500000000000031530, -5.937499999999998224 ) ) ;
#7312 = CARTESIAN_POINT ( 'NONE',  ( -1.322475605676673105, 0.7635316469341247858, 5.880208333333333925 ) ) ;
#7314 = EDGE_CURVE ( 'NONE', #6905, #1041, #328, .T. ) ;
#7313 = CARTESIAN_POINT ( 'NONE',  ( -1.322475605676673105, -0.7635316469341555390, -0.5364583333333328152 ) ) ;
#7315 = CARTESIAN_POINT ( 'NONE',  ( 0.8660254037844470343, 1.500000000000003775, 1.208333333333336590 ) ) ;
#7316 = CARTESIAN_POINT ( 'NONE',  ( 0.8816504037844482555, -1.527063293868296201, -5.942708333333328596 ) ) ;
#7317 = CARTESIAN_POINT ( 'NONE',  ( 1.732050807568896511, -1.546860516928748150E-14, -1.312499999999998890 ) ) ;
#7318 = ORIENTED_EDGE ( 'NONE', *, *, #4119, .T. ) ;
#7319 = CARTESIAN_POINT ( 'NONE',  ( 1.017788105676672883, 0.5876202367904106438, -7.020833333333330373 ) ) ;
#7320 = ORIENTED_EDGE ( 'NONE', *, *, #5529, .F. ) ;
#7321 = CARTESIAN_POINT ( 'NONE',  ( 0.000000000000000000, 1.175240473580836609, 1.562500000000002220 ) ) ;
#7322 = CARTESIAN_POINT ( 'NONE',  ( -0.6785254037844480335, 1.175240473580836165, 4.041666666666668739 ) ) ;
#7323 = CARTESIAN_POINT ( 'NONE',  ( -1.017788105676672439, -0.5876202367904410639, -0.7708333333333308168 ) ) ;
#7324 = EDGE_CURVE ( 'NONE', #3245, #5469, #581, .T. ) ;
#7325 = LINE ( 'NONE', #8136, #2623 ) ;
#7326 = CARTESIAN_POINT ( 'NONE',  ( 1.537627281424830628, 0.2062073222500188652, 7.591675646323827742 ) ) ;
#7327 = CARTESIAN_POINT ( 'NONE',  ( 0.8816504037844494768, 1.527063293868265781, -0.7760416666666622998 ) ) ;
#7328 =( BOUNDED_CURVE ( )  B_SPLINE_CURVE ( 2, ( #4964, #7502, #6877, #1185, #3709, #5634, #8157 ),
 .UNSPECIFIED., .F., .F. ) 
 B_SPLINE_CURVE_WITH_KNOTS ( ( 3, 2, 2, 3 ),
 ( 0.7916666666666666297, 0.8055555555555555802, 0.8194444444444443088, 0.8333333333333332593 ),
 .UNSPECIFIED. ) 
 CURVE ( )  GEOMETRIC_REPRESENTATION_ITEM ( )  RATIONAL_B_SPLINE_CURVE ( ( 1.000000000000000000, 0.8660254037844387076, 1.000000000000000000, 0.8660254037844387076, 1.000000000000000000, 0.8660254037844398178, 0.9999999999999988898 ) ) 
 REPRESENTATION_ITEM ( '' )  );
#7329 = CARTESIAN_POINT ( 'NONE',  ( -0.1474052775258726244, -1.524207146240226907, 7.406250000000000888 ) ) ;
#7330 = CARTESIAN_POINT ( 'NONE',  ( -1.017788105676672439, 0.5876202367904110879, -2.416666666666664298 ) ) ;
#7331 = CARTESIAN_POINT ( 'NONE',  ( 0.08963583535739559627, 1.409013405744528047, 5.360444533901702613 ) ) ;
#7332 = CARTESIAN_POINT ( 'NONE',  ( 1.017788105676672883, 0.5876202367904106438, -6.583333333333330373 ) ) ;
#7333 = APPLICATION_PROTOCOL_DEFINITION ( 'international standard', 'config_control_design', 1994, #6851 ) ;
#7334 = VERTEX_POINT ( 'NONE', #7869 ) ;
#7335 = LINE ( 'NONE', #2992, #1450 ) ;
#7336 = CARTESIAN_POINT ( 'NONE',  ( -1.017788105676672439, -0.5876202367904419521, 6.166666666666669627 ) ) ;
#7337 = CARTESIAN_POINT ( 'NONE',  ( -1.836970198721050395E-16, -1.500000000000031308, -6.437499999999999112 ) ) ;
#7338 = CARTESIAN_POINT ( 'NONE',  ( 1.568956015774091606, 0.2283142632704023567, 7.968834839177244334 ) ) ;
#7339 =( BOUNDED_CURVE ( )  B_SPLINE_CURVE ( 2, ( #4743, #6655, #1665, #7284, #4121, #6731, #7240 ),
 .UNSPECIFIED., .F., .F. ) 
 B_SPLINE_CURVE_WITH_KNOTS ( ( 3, 2, 2, 3 ),
 ( 0.7916666666666666297, 0.8055555555555555802, 0.8194444444444445308, 0.8333333333333334814 ),
 .UNSPECIFIED. ) 
 CURVE ( )  GEOMETRIC_REPRESENTATION_ITEM ( )  RATIONAL_B_SPLINE_CURVE ( ( 1.000000000000000000, 0.8660254037844387076, 1.000000000000000000, 0.8660254037844387076, 1.000000000000000000, 0.8660254037844375974, 1.000000000000001110 ) ) 
 REPRESENTATION_ITEM ( '' )  );
#7340 = VECTOR ( 'NONE', #6936, 1000.000000000000000 ) ;
#7341 = VERTEX_POINT ( 'NONE', #6076 ) ;
#7342 = CARTESIAN_POINT ( 'NONE',  ( 0.6785254037844478114, -1.175240473580867473, -3.645833333333330817 ) ) ;
#7343 = CC_DESIGN_PERSON_AND_ORGANIZATION_ASSIGNMENT ( #2440, #1674, ( #6789 ) ) ;
#7344 = ORIENTED_EDGE ( 'NONE', *, *, #2890, .F. ) ;
#7345 = CARTESIAN_POINT ( 'NONE',  ( -0.6785254037844485886, -1.175240473580867695, 3.270833333333335258 ) ) ;
#7346 = DIRECTION ( 'NONE',  ( 1.000000000000000000, -1.224646799147353207E-16, -1.499759782661857608E-32 ) ) ;
#7347 = CARTESIAN_POINT ( 'NONE',  ( 0.000000000000000000, 2.070106209874711453E-15, 7.967077405468494966 ) ) ;
#7348 = AXIS2_PLACEMENT_3D ( 'NONE', #6255, #3280, #1425 ) ;
#7349 = DIRECTION ( 'NONE',  ( 0.000000000000000000, -0.1045284632676539566, 0.9945218953682734009 ) ) ;
#7350 = CARTESIAN_POINT ( 'NONE',  ( 1.543116970613428007, -0.2461404650521856752, 7.977136521887542742 ) ) ;
#7351 = CARTESIAN_POINT ( 'NONE',  ( 1.357050807568896511, -1.616512303630254555E-14, 4.937500000000002665 ) ) ;
#7352 = CARTESIAN_POINT ( 'NONE',  ( -1.870113174931204576E-16, -1.527063293868297533, 7.546875000000000000 ) ) ;
#7353 = CARTESIAN_POINT ( 'NONE',  ( -0.8816504037844491437, -1.527063293868296201, -0.4947916666666659635 ) ) ;
#7354 = CARTESIAN_POINT ( 'NONE',  ( 0.000000000000000000, 1.175240473580837497, -4.999999999999997335 ) ) ;
#7355 = CARTESIAN_POINT ( 'NONE',  ( -0.8816504037844485886, 1.527063293868266447, -5.692708333333328596 ) ) ;
#7356 = CARTESIAN_POINT ( 'NONE',  ( 0.2622035415152645377, 1.036004162901804415, 8.124444084471209138 ) ) ;
#7357 = ORIENTED_EDGE ( 'NONE', *, *, #5781, .T. ) ;
#7358 = CARTESIAN_POINT ( 'NONE',  ( 1.299038105676673105, 0.7499999999999927836, -5.770833333333332149 ) ) ;
#7359 = CARTESIAN_POINT ( 'NONE',  ( -1.017788105676672439, -0.5876202367904406199, -4.770833333333330373 ) ) ;
#7360 = EDGE_LOOP ( 'NONE', ( #5694, #6, #97, #5921 ) ) ;
#7361 = CARTESIAN_POINT ( 'NONE',  ( 0.3682059365705816489, -0.5251542044367986106, 7.406250000000000888 ) ) ;
#7362 = CARTESIAN_POINT ( 'NONE',  ( -1.357050807568896511, -1.585570357823264097E-14, 5.125000000000002665 ) ) ;
#7363 = CARTESIAN_POINT ( 'NONE',  ( 0.6785254037844490327, 1.175240473580836387, -1.979166666666664298 ) ) ;
#7364 = CARTESIAN_POINT ( 'NONE',  ( 0.8660254037844489217, 1.500000000000000222, 1.270833333333334592 ) ) ;
#7365 = EDGE_CURVE ( 'NONE', #845, #2823, #4158, .T. ) ;
#7366 = EDGE_CURVE ( 'NONE', #2316, #2579, #1426, .T. ) ;
#7367 = ADVANCED_FACE ( 'NONE', ( #3565 ), #7008, .T. ) ;
#7368 = CARTESIAN_POINT ( 'NONE',  ( -1.870113174931204576E-16, -1.527063293868296423, -1.484374999999995559 ) ) ;
#7369 = CARTESIAN_POINT ( 'NONE',  ( -0.1678132330522639215, -1.542129073831901120, 7.595469040531621197 ) ) ;
#7370 = CARTESIAN_POINT ( 'NONE',  ( -1.439254484199210086E-16, -1.175240473580867473, -1.249999999999997335 ) ) ;
#7371 = CARTESIAN_POINT ( 'NONE',  ( -1.017788105676672439, 0.5876202367904105328, 3.645833333333335702 ) ) ;
#7372 = CARTESIAN_POINT ( 'NONE',  ( 0.6785254037844490327, 1.175240473580837053, -5.041666666666663410 ) ) ;
#7373 = PERSON_AND_ORGANIZATION ( #5956, #3810 ) ;
#7374 =( BOUNDED_CURVE ( )  B_SPLINE_CURVE ( 2, ( #3106, #763, #5824, #7785, #1949, #3192, #3992 ),
 .UNSPECIFIED., .F., .F. ) 
 B_SPLINE_CURVE_WITH_KNOTS ( ( 3, 2, 2, 3 ),
 ( 0.6666666666666666297, 0.6805555555555554692, 0.6944444444444443088, 0.7083333333333331483 ),
 .UNSPECIFIED. ) 
 CURVE ( )  GEOMETRIC_REPRESENTATION_ITEM ( )  RATIONAL_B_SPLINE_CURVE ( ( 1.000000000000000000, 0.8660254037844385966, 1.000000000000000000, 0.8660254037844385966, 1.000000000000000000, 0.8660254037844407060, 0.9999999999999978906 ) ) 
 REPRESENTATION_ITEM ( '' )  );
#7375 = EDGE_LOOP ( 'NONE', ( #4111, #284, #3399, #33 ) ) ;
#7376 = DIRECTION ( 'NONE',  ( 1.000000000000000000, 0.000000000000000000, 0.000000000000000000 ) ) ;
#7377 = CARTESIAN_POINT ( 'NONE',  ( 0.000000000000000000, 1.175240473580836165, 5.500000000000002665 ) ) ;
#7378 = CARTESIAN_POINT ( 'NONE',  ( 2.913201571979834782E-15, -1.039822679593414693E-15, 7.406250000000000888 ) ) ;
#7379 = CARTESIAN_POINT ( 'NONE',  ( 1.575889484126562712, 0.2134061629271529481, 7.967077405468494966 ) ) ;
#7380 = ORIENTED_EDGE ( 'NONE', *, *, #1766, .F. ) ;
#7381 = CARTESIAN_POINT ( 'NONE',  ( 1.015933780865777791, 0.8295679534976235781, 5.063694075969490171 ) ) ;
#7382 = ORIENTED_EDGE ( 'NONE', *, *, #3029, .F. ) ;
#7383 = CARTESIAN_POINT ( 'NONE',  ( 1.763300807568897621, -1.669325196843483930E-14, 8.640625000000003553 ) ) ;
#7384 = CARTESIAN_POINT ( 'NONE',  ( 1.732050807568896511, -1.571353452911695496E-14, 0.6875000000000012212 ) ) ;
#7385 = CARTESIAN_POINT ( 'NONE',  ( -1.017788105676672439, -0.5876202367904408419, -2.770833333333330817 ) ) ;
#7386 = DIRECTION ( 'NONE',  ( -0.000000000000000000, -1.224646799147353207E-16, 1.000000000000000000 ) ) ;
#7387 = CARTESIAN_POINT ( 'NONE',  ( 0.6785254037844490327, 1.175240473580835721, 5.020833333333335702 ) ) ;
#7388 = CARTESIAN_POINT ( 'NONE',  ( 1.322475605676673771, 0.7635316469341233425, 6.713541666666666963 ) ) ;
#7389 = ADVANCED_FACE ( 'NONE', ( #2909 ), #5954, .T. ) ;
#7390 = CARTESIAN_POINT ( 'NONE',  ( 0.8816504037844482555, -1.527063293868297533, 1.588541666666667185 ) ) ;
#7391 = CARTESIAN_POINT ( 'NONE',  ( 1.017788105676671995, -0.5876202367904412860, -5.666666666666663410 ) ) ;
#7392 = CARTESIAN_POINT ( 'NONE',  ( 1.017788105676672883, 0.5876202367904108659, -8.020833333333330373 ) ) ;
#7393 = CARTESIAN_POINT ( 'NONE',  ( 0.000000000000000000, 1.500000000000002220, -6.187499999999997335 ) ) ;
#7394 = CARTESIAN_POINT ( 'NONE',  ( 0.000000000000000000, 1.500000000000001998, -5.187499999999998224 ) ) ;
#7395 = CARTESIAN_POINT ( 'NONE',  ( -0.6785254037844485886, -1.175240473580867029, -3.729166666666663410 ) ) ;
#7396 = ORIENTED_EDGE ( 'NONE', *, *, #3580, .F. ) ;
#7397 = CARTESIAN_POINT ( 'NONE',  ( 1.017788105676672883, 0.5876202367904096446, 2.479166666666669627 ) ) ;
#7398 = CARTESIAN_POINT ( 'NONE',  ( 0.6785254037844490327, 1.175240473580835721, 4.458333333333334814 ) ) ;
#7399 = CARTESIAN_POINT ( 'NONE',  ( 0.6785254037844490327, 1.175240473580836165, 3.020833333333335258 ) ) ;
#7400 = CARTESIAN_POINT ( 'NONE',  ( -1.439254484199210086E-16, -1.175240473580866585, -8.249999999999996447 ) ) ;
#7401 = DIRECTION ( 'NONE',  ( 0.000000000000000000, -1.000000000000000000, -1.224646799147353207E-16 ) ) ;
#7402 = CARTESIAN_POINT ( 'NONE',  ( -1.299038105676672217, 0.7499999999999926725, 3.895833333333334370 ) ) ;
#7403 = VECTOR ( 'NONE', #7064, 1000.000000000000000 ) ;
#7404 = CARTESIAN_POINT ( 'NONE',  ( -1.763300807568897621, -1.549596358098310489E-14, 2.390625000000004885 ) ) ;
#7405 = CARTESIAN_POINT ( 'NONE',  ( 1.542301010129200955, -0.1679132514439894974, 7.596344940910952914 ) ) ;
#7406 = CARTESIAN_POINT ( 'NONE',  ( -1.357050807568896511, -1.555719592094047247E-14, 2.687500000000002220 ) ) ;
#7407 = CARTESIAN_POINT ( 'NONE',  ( -0.6785254037844480335, 1.175240473580836387, 3.604166666666668739 ) ) ;
#7408 = CARTESIAN_POINT ( 'NONE',  ( 0.6785254037844478114, -1.175240473580867473, -2.708333333333330817 ) ) ;
#7409 = ADVANCED_FACE ( 'NONE', ( #4789 ), #4120, .T. ) ;
#7410 =( GEOMETRIC_REPRESENTATION_CONTEXT ( 3 ) GLOBAL_UNCERTAINTY_ASSIGNED_CONTEXT ( ( #6058 ) ) GLOBAL_UNIT_ASSIGNED_CONTEXT ( ( #2129, #4084, #403 ) ) REPRESENTATION_CONTEXT ( 'NONE', 'WORKASPACE' ) );
#7411 = CARTESIAN_POINT ( 'NONE',  ( 0.8816504037844494768, 1.527063293868266225, -5.244791666666666075 ) ) ;
#7412 = AXIS2_PLACEMENT_3D ( 'NONE', #4457, #7540, #573 ) ;
#7413 = ORIENTED_EDGE ( 'NONE', *, *, #3537, .F. ) ;
#7414 = VECTOR ( 'NONE', #77, 1000.000000000000000 ) ;
#7415 = AXIS2_PLACEMENT_3D ( 'NONE', #2613, #7742, #2529 ) ;
#7416 = CARTESIAN_POINT ( 'NONE',  ( 1.732050807568896511, -1.552983750924485223E-14, -0.8124999999999987788 ) ) ;
#7417 = CARTESIAN_POINT ( 'NONE',  ( -0.6785254037844485886, -1.175240473580867695, 5.708333333333335702 ) ) ;
#7418 = CARTESIAN_POINT ( 'NONE',  ( 0.6785254037844478114, -1.175240473580867251, -5.145833333333330373 ) ) ;
#7419 = CARTESIAN_POINT ( 'NONE',  ( -1.732050807568896955, -1.476882954398936968E-14, -3.562499999999999112 ) ) ;
#7420 = EDGE_CURVE ( 'NONE', #1734, #7341, #2979, .T. ) ;
#7421 = EDGE_LOOP ( 'NONE', ( #716, #7193, #5084, #483 ) ) ;
#7422 = TOROIDAL_SURFACE ( 'NONE', #3295, 2.816358005589995717, 0.1499999999999996891 ) ;
#7423 = CARTESIAN_POINT ( 'NONE',  ( 1.940544093403480646E-16, 0.2754000000000019766, 8.250000000000000000 ) ) ;
#7424 = ORIENTED_EDGE ( 'NONE', *, *, #4051, .T. ) ;
#7425 = CARTESIAN_POINT ( 'NONE',  ( -1.017788105676672439, -0.5876202367904419521, 5.729166666666668739 ) ) ;
#7426 = CARTESIAN_POINT ( 'NONE',  ( -1.576622122564780515, 0.2078487863861622209, 7.967077405468494966 ) ) ;
#7427 = CARTESIAN_POINT ( 'NONE',  ( 0.5917109473128504549, -0.4347626794466414313, 8.233624606597341966 ) ) ;
#7428 = CARTESIAN_POINT ( 'NONE',  ( 0.6785254037844478114, -1.175240473580868361, 5.354166666666667851 ) ) ;
#7429 = CARTESIAN_POINT ( 'NONE',  ( -1.870113174931204576E-16, -1.527063293868297311, 5.046875000000000000 ) ) ;
#7430 = DIRECTION ( 'NONE',  ( 0.000000000000000000, -1.000000000000000000, 0.000000000000000000 ) ) ;
#7431 = CARTESIAN_POINT ( 'NONE',  ( 1.017788105676671995, -0.5876202367904413970, -4.666666666666664298 ) ) ;
#7432 = CARTESIAN_POINT ( 'NONE',  ( -1.322475605676673105, -0.7635316469341552059, -2.567708333333329040 ) ) ;
#7433 = CARTESIAN_POINT ( 'NONE',  ( 1.384228370650332546E-11, -1.449114434572393195, 5.470621205103177509 ) ) ;
#7434 = DIRECTION ( 'NONE',  ( -0.000000000000000000, -1.224646799147353207E-16, 1.000000000000000000 ) ) ;
#7435 = CARTESIAN_POINT ( 'NONE',  ( -1.017788105676672439, -0.5876202367904407309, -3.770833333333330817 ) ) ;
#7436 = CARTESIAN_POINT ( 'NONE',  ( -1.017788105676672439, -0.5876202367904409529, -1.833333333333330817 ) ) ;
#7437 = ORIENTED_EDGE ( 'NONE', *, *, #1640, .T. ) ;
#7438 = DIRECTION ( 'NONE',  ( -0.000000000000000000, -1.224646799147353207E-16, 1.000000000000000000 ) ) ;
#7439 = CARTESIAN_POINT ( 'NONE',  ( -0.6785254037844485886, -1.175240473580867695, 4.208333333333335702 ) ) ;
#7440 = CARTESIAN_POINT ( 'NONE',  ( 0.6785254037844490327, 1.175240473580836387, 1.020833333333335480 ) ) ;
#7441 = CARTESIAN_POINT ( 'NONE',  ( 0.6785254037844490327, 1.175240473580836165, -0.04166666666666424962 ) ) ;
#7442 = CARTESIAN_POINT ( 'NONE',  ( 1.508695708151067905, 0.1770761412636858712, 7.406250000000000888 ) ) ;
#7443 = CARTESIAN_POINT ( 'NONE',  ( 1.476889365292449741, -0.2622933523483245155, 5.610428147091764295 ) ) ;
#7444 = DIRECTION ( 'NONE',  ( 0.3805870524817674405, 0.9188184237650786068, -0.1045284632676537206 ) ) ;
#7445 = CARTESIAN_POINT ( 'NONE',  ( -0.8816504037844485886, 1.527063293868266003, 1.307291666666670960 ) ) ;
#7446 = CARTESIAN_POINT ( 'NONE',  ( 1.523879528077757284, -0.1470339073983258360, 7.402807630076059908 ) ) ;
#7447 = CARTESIAN_POINT ( 'NONE',  ( 1.017788105676672883, 0.5876202367904101997, -2.083333333333330817 ) ) ;
#7448 = CARTESIAN_POINT ( 'NONE',  ( -1.578130571919392766, 0.2096185566421905067, 7.983514249475047286 ) ) ;
#7449 = CARTESIAN_POINT ( 'NONE',  ( -0.4635201020745616241, -1.079971891169102083, 4.718158681502365503 ) ) ;
#7450 = DIRECTION ( 'NONE',  ( 0.000000000000000000, -1.000000000000000000, 0.000000000000000000 ) ) ;
#7451 = CARTESIAN_POINT ( 'NONE',  ( -1.322475605676673105, -0.7635316469341550949, -3.036458333333333037 ) ) ;
#7452 = ORIENTED_EDGE ( 'NONE', *, *, #6391, .F. ) ;
#7453 = CARTESIAN_POINT ( 'NONE',  ( 0.000000000000000000, -1.500000000000001554, 8.250000000000000000 ) ) ;
#7454 = CARTESIAN_POINT ( 'NONE',  ( -1.017788105676672439, -0.5876202367904418411, 5.166666666666668739 ) ) ;
#7455 = CARTESIAN_POINT ( 'NONE',  ( 0.6785254037844478114, -1.175240473580867251, -4.645833333333330373 ) ) ;
#7456 = CARTESIAN_POINT ( 'NONE',  ( 0.8660254037844475894, -1.500000000000032863, 4.041666666666669627 ) ) ;
#7457 = EDGE_LOOP ( 'NONE', ( #2337, #2220, #168, #7028, #600 ) ) ;
#7458 = CARTESIAN_POINT ( 'NONE',  ( 0.6392854367586824349, 1.161698726394632786, 5.103588374202758793 ) ) ;
#7459 = EDGE_LOOP ( 'NONE', ( #8070, #6235, #3202, #5031 ) ) ;
#7460 = EDGE_CURVE ( 'NONE', #7921, #2378, #2162, .T. ) ;
#7461 = CARTESIAN_POINT ( 'NONE',  ( 0.000000000000000000, 1.175240473580836165, 5.562500000000002665 ) ) ;
#7462 = ADVANCED_FACE ( 'NONE', ( #2321 ), #6209, .T. ) ;
#7463 = CARTESIAN_POINT ( 'NONE',  ( 0.5181179941836172587, -0.4612119759279518227, 8.198166090358178337 ) ) ;
#7464 = EDGE_CURVE ( 'NONE', #3057, #3611, #4702, .T. ) ;
#7465 = DIRECTION ( 'NONE',  ( 0.07992773943613235010, -0.07992773943613271093, 0.9935910189495773537 ) ) ;
#7466 = CARTESIAN_POINT ( 'NONE',  ( 0.6785254037844478114, -1.175240473580868139, 4.354166666666669627 ) ) ;
#7467 = DIRECTION ( 'NONE',  ( -0.000000000000000000, -1.224646799147353207E-16, 1.000000000000000000 ) ) ;
#7468 = CARTESIAN_POINT ( 'NONE',  ( 1.357050807568896511, -1.487158985470315397E-14, -5.624999999999997335 ) ) ;
#7469 = CARTESIAN_POINT ( 'NONE',  ( 0.6785254037844478114, -1.175240473580866807, -8.145833333333332149 ) ) ;
#7470 = CARTESIAN_POINT ( 'NONE',  ( -1.511934972212398476, 0.1741350313372312386, 7.406250000000000888 ) ) ;
#7471 = AXIS2_PLACEMENT_3D ( 'NONE', #4557, #5009, #748 ) ;
#7472 = CARTESIAN_POINT ( 'NONE',  ( 1.322475605676672661, -0.7635316469341570933, 4.098958333333337478 ) ) ;
#7473 = CARTESIAN_POINT ( 'NONE',  ( 1.017788105676672883, 0.5876202367904104218, -4.020833333333330373 ) ) ;
#7474 = CARTESIAN_POINT ( 'NONE',  ( -1.439254484199210086E-16, -1.175240473580867473, -1.749999999999997335 ) ) ;
#7475 = EDGE_LOOP ( 'NONE', ( #8149, #5265, #3443, #6960 ) ) ;
#7476 = LINE ( 'NONE', #1116, #6411 ) ;
#7477 = CARTESIAN_POINT ( 'NONE',  ( -1.439254484199210086E-16, -1.175240473580868139, 6.750000000000001776 ) ) ;
#7478 = CARTESIAN_POINT ( 'NONE',  ( -0.6785254037844485886, -1.175240473580867695, 1.770833333333336146 ) ) ;
#7479 = B_SPLINE_CURVE_WITH_KNOTS ( 'NONE', 3,
 ( #7356, #4187, #4692, #6722 ),
 .UNSPECIFIED., .F., .F.,
 ( 4, 4 ),
 ( 0.000000000000000000, 0.0001154157762592069979 ),
 .UNSPECIFIED. ) ;
#7480 = CARTESIAN_POINT ( 'NONE',  ( -1.017788105676672439, -0.5876202367904411750, -0.3333333333333308723 ) ) ;
#7481 = LINE ( 'NONE', #1775, #4083 ) ;
#7482 = LINE ( 'NONE', #1776, #7285 ) ;
#7483 = FACE_OUTER_BOUND ( 'NONE', #6464, .T. ) ;
#7484 = CARTESIAN_POINT ( 'NONE',  ( 0.8816504037844482555, -1.527063293868297533, 3.057291666666670960 ) ) ;
#7485 = CARTESIAN_POINT ( 'NONE',  ( 1.537627275276118199, -0.2062073152951626187, 7.591675580152611680 ) ) ;
#7486 = CARTESIAN_POINT ( 'NONE',  ( -0.6785254037844485886, -1.175240473580867473, 0.7083333333333355908 ) ) ;
#7487 = CARTESIAN_POINT ( 'NONE',  ( -0.6785254037844480335, 1.175240473580836387, 4.604166666666668739 ) ) ;
#7488 = CARTESIAN_POINT ( 'NONE',  ( 0.6785254037844490327, 1.175240473580836831, -4.041666666666664298 ) ) ;
#7489 = FACE_OUTER_BOUND ( 'NONE', #5406, .T. ) ;
#7490 = CARTESIAN_POINT ( 'NONE',  ( 1.322475605676672661, -0.7635316469341562051, -2.869791666666666519 ) ) ;
#7491 = ORIENTED_EDGE ( 'NONE', *, *, #3852, .F. ) ;
#7492 = CARTESIAN_POINT ( 'NONE',  ( -0.6785254037844485886, -1.175240473580866807, -5.229166666666662522 ) ) ;
#7493 = CARTESIAN_POINT ( 'NONE',  ( 0.000000000000000000, 1.500000000000000888, 1.812500000000001332 ) ) ;
#7494 = EDGE_LOOP ( 'NONE', ( #2939, #605, #754, #7050 ) ) ;
#7495 = DIRECTION ( 'NONE',  ( -0.000000000000000000, -0.8660254037844371533, 0.5000000000000026645 ) ) ;
#7496 = EDGE_LOOP ( 'NONE', ( #3883, #2095, #1393, #2279 ) ) ;
#7497 =( BOUNDED_CURVE ( )  B_SPLINE_CURVE ( 3, ( #5814, #6353, #3185, #2565 ),
 .UNSPECIFIED., .F., .F. ) 
 B_SPLINE_CURVE_WITH_KNOTS ( ( 4, 4 ),
 ( 2.946332657651817399, 3.336852649527770609 ),
 .UNSPECIFIED. ) 
 CURVE ( )  GEOMETRIC_REPRESENTATION_ITEM ( )  RATIONAL_B_SPLINE_CURVE ( ( 1.000000000000000000, 0.9873315052531759228, 0.9873315052531759228, 1.000000000000000000 ) ) 
 REPRESENTATION_ITEM ( '' )  );
#7498 = CARTESIAN_POINT ( 'NONE',  ( -1.017788105676672439, 0.5876202367904103108, 5.145833333333335702 ) ) ;
#7499 = CARTESIAN_POINT ( 'NONE',  ( 1.836970198721030920E-16, 1.500000000000000222, 8.250000000000000000 ) ) ;
#7500 = CARTESIAN_POINT ( 'NONE',  ( 0.1576114703713199228, -1.533209955833165328, 7.500855647255597169 ) ) ;
#7501 = CARTESIAN_POINT ( 'NONE',  ( 0.000000000000000000, 1.175240473580836387, 4.062500000000001776 ) ) ;
#7502 = CARTESIAN_POINT ( 'NONE',  ( 0.8660254037844475894, -1.500000000000032863, 1.604166666666667629 ) ) ;
#7503 = CARTESIAN_POINT ( 'NONE',  ( -1.439254484199210086E-16, -1.175240473580866807, -6.749999999999997335 ) ) ;
#7504 = EDGE_CURVE ( 'NONE', #4214, #7604, #5372, .T. ) ;
#7505 = EDGE_CURVE ( 'NONE', #349, #6227, #7325, .T. ) ;
#7506 = CARTESIAN_POINT ( 'NONE',  ( -1.439254484199210086E-16, -1.175240473580866585, -7.687499999999997335 ) ) ;
#7507 = CARTESIAN_POINT ( 'NONE',  ( -1.118765173933573553, 0.8100421976491419818, 5.250367431557781295 ) ) ;
#7508 = CARTESIAN_POINT ( 'NONE',  ( -1.870113174931204576E-16, -1.527063293868296867, 3.515625000000003997 ) ) ;
#7509 = CARTESIAN_POINT ( 'NONE',  ( 1.357050807568896067, -1.518540559698466436E-14, -3.062499999999997335 ) ) ;
#7510 = CARTESIAN_POINT ( 'NONE',  ( -1.017788105676672439, 0.5876202367904109769, -0.9166666666666641872 ) ) ;
#7511 = ORIENTED_EDGE ( 'NONE', *, *, #1314, .T. ) ;
#7512 = DIRECTION ( 'NONE',  ( -0.000000000000000000, -1.224646799147353207E-16, 1.000000000000000000 ) ) ;
#7513 = CARTESIAN_POINT ( 'NONE',  ( -0.6785254037844480335, 1.175240473580835943, 6.041666666666669627 ) ) ;
#7514 = CARTESIAN_POINT ( 'NONE',  ( -1.439254484199210086E-16, -1.175240473580867695, 1.812500000000002442 ) ) ;
#7515 = CARTESIAN_POINT ( 'NONE',  ( -0.6785254037844480335, 1.175240473580836831, 1.041666666666668961 ) ) ;
#7516 = CARTESIAN_POINT ( 'NONE',  ( -1.351933826690947527, 0.3966775507653523825, -8.031646050497908362 ) ) ;
#7517 = EDGE_CURVE ( 'NONE', #2960, #4096, #4390, .T. ) ;
#7518 = CARTESIAN_POINT ( 'NONE',  ( 0.9100100306033857001, 0.2087934338140780555, 7.406250000000000888 ) ) ;
#7519 = CARTESIAN_POINT ( 'NONE',  ( 1.299038105676672883, 0.7499999999999924505, -4.333333333333329485 ) ) ;
#7520 = CARTESIAN_POINT ( 'NONE',  ( 1.763300807568897621, -1.577476686907432253E-14, 1.140625000000004441 ) ) ;
#7521 = CARTESIAN_POINT ( 'NONE',  ( -1.017788105676672439, 0.5876202367904107549, 0.5833333333333359239 ) ) ;
#7522 = DIRECTION ( 'NONE',  ( 1.000000000000000000, 0.000000000000000000, 0.000000000000000000 ) ) ;
#7523 = CARTESIAN_POINT ( 'NONE',  ( 0.000000000000000000, 1.175240473580837275, -3.999999999999997335 ) ) ;
#7524 = CARTESIAN_POINT ( 'NONE',  ( -1.553796817639130801, -0.2419763615505498289, 7.973557129246367836 ) ) ;
#7525 = CARTESIAN_POINT ( 'NONE',  ( 0.000000000000000000, 1.527063293868266447, -5.203124999999999112 ) ) ;
#7526 = AXIS2_PLACEMENT_3D ( 'NONE', #5733, #5105, #841 ) ;
#7527 = EDGE_CURVE ( 'NONE', #6512, #7015, #7482, .T. ) ;
#7528 = ORIENTED_EDGE ( 'NONE', *, *, #7260, .T. ) ;
#7529 = CARTESIAN_POINT ( 'NONE',  ( -0.6785254037844480335, 1.175240473580837053, -1.895833333333330817 ) ) ;
#7530 = CARTESIAN_POINT ( 'NONE',  ( -6.378809645658479823E-16, -0.1867183014945863473, 7.406250000000000888 ) ) ;
#7531 = CARTESIAN_POINT ( 'NONE',  ( 1.017788105676671995, -0.5876202367904415080, -4.104166666666664298 ) ) ;
#7532 = AXIS2_PLACEMENT_3D ( 'NONE', #7855, #6558, #995 ) ;
#7533 = DIRECTION ( 'NONE',  ( 0.000000000000000000, 0.000000000000000000, 1.000000000000000000 ) ) ;
#7534 = CIRCLE ( 'NONE', #4616, 4.606075864237158868 ) ;
#7535 = VERTEX_POINT ( 'NONE', #6269 ) ;
#7536 = CARTESIAN_POINT ( 'NONE',  ( 0.1867183014945853203, 1.485788006136501194, 7.406250000000000888 ) ) ;
#7537 = VECTOR ( 'NONE', #5912, 1000.000000000000000 ) ;
#7538 = ORIENTED_EDGE ( 'NONE', *, *, #5073, .F. ) ;
#7539 = CARTESIAN_POINT ( 'NONE',  ( -1.357050807568896511, -1.604705464059941621E-14, 6.687500000000003553 ) ) ;
#7540 = DIRECTION ( 'NONE',  ( 3.397559750819368501E-15, 0.9945218953682734009, 0.1045284632676538317 ) ) ;
#7541 = CARTESIAN_POINT ( 'NONE',  ( 0.000000000000000000, 1.175240473580835943, 7.062500000000001776 ) ) ;
#7542 = CARTESIAN_POINT ( 'NONE',  ( 0.000000000000000000, -1.500000000000001554, 8.250000000000000000 ) ) ;
#7543 = AXIS2_PLACEMENT_3D ( 'NONE', #6667, #983, #3498 ) ;
#7544 = CARTESIAN_POINT ( 'NONE',  ( 1.017788105676671995, -0.5876202367904417301, -2.666666666666664298 ) ) ;
#7545 = CARTESIAN_POINT ( 'NONE',  ( 0.8816504037844482555, -1.527063293868296423, -3.942708333333328596 ) ) ;
#7546 = LINE ( 'NONE', #2313, #5668 ) ;
#7547 =( BOUNDED_CURVE ( )  B_SPLINE_CURVE ( 2, ( #7647, #4604, #1940, #2521, #5149, #3353, #7599 ),
 .UNSPECIFIED., .F., .F. ) 
 B_SPLINE_CURVE_WITH_KNOTS ( ( 3, 2, 2, 3 ),
 ( 0.3750000000000000000, 0.3888888888888888395, 0.4027777777777777346, 0.4166666666666665741 ),
 .UNSPECIFIED. ) 
 CURVE ( )  GEOMETRIC_REPRESENTATION_ITEM ( )  RATIONAL_B_SPLINE_CURVE ( ( 1.000000000000000000, 0.8660254037844387076, 1.000000000000000000, 0.8660254037844387076, 1.000000000000000000, 0.8660254037844392627, 0.9999999999999994449 ) ) 
 REPRESENTATION_ITEM ( '' )  );
#7548 = CARTESIAN_POINT ( 'NONE',  ( 1.763300807568897621, -1.620339324877589870E-14, 4.640625000000003553 ) ) ;
#7549 = CARTESIAN_POINT ( 'NONE',  ( 1.357050807568896067, -1.524663793694203194E-14, -2.562499999999996447 ) ) ;
#7550 = CARTESIAN_POINT ( 'NONE',  ( -1.357050807568896067, -1.499845081882949177E-14, -1.874999999999997558 ) ) ;
#7551 = ORIENTED_EDGE ( 'NONE', *, *, #4106, .F. ) ;
#7552 = CYLINDRICAL_SURFACE ( 'NONE', #6328, 1.500000000000000888 ) ;
#7553 = CARTESIAN_POINT ( 'NONE',  ( 1.017788105676671995, -0.5876202367904411750, -6.666666666666663410 ) ) ;
#7554 = CARTESIAN_POINT ( 'NONE',  ( -1.439254484199210086E-16, -1.175240473580868361, 7.750000000000001776 ) ) ;
#7555 = EDGE_CURVE ( 'NONE', #6325, #3314, #3105, .T. ) ;
#7556 = CARTESIAN_POINT ( 'NONE',  ( 0.6785254037844478114, -1.175240473580867695, 2.854166666666668739 ) ) ;
#7557 = CARTESIAN_POINT ( 'NONE',  ( 0.6785254037844478114, -1.175240473580867695, 1.291666666666669183 ) ) ;
#7558 = CARTESIAN_POINT ( 'NONE',  ( 0.000000000000000000, 1.500000000000001110, 1.250000000000003997 ) ) ;
#7559 = CARTESIAN_POINT ( 'NONE',  ( 0.05496445076863283596, 0.1326959224940222337, 3.624131139626886711 ) ) ;
#7560 = PERSON_AND_ORGANIZATION_ROLE ( 'creator' ) ;
#7561 = ORIENTED_EDGE ( 'NONE', *, *, #7366, .T. ) ;
#7562 = CARTESIAN_POINT ( 'NONE',  ( 0.000000000000000000, 1.500000000000000888, 2.750000000000003109 ) ) ;
#7563 = CARTESIAN_POINT ( 'NONE',  ( -1.870113174931204576E-16, -1.527063293868296867, 3.015625000000004441 ) ) ;
#7564 = EDGE_CURVE ( 'NONE', #3160, #2609, #2438, .T. ) ;
#7565 = CARTESIAN_POINT ( 'NONE',  ( -0.6785254037844485886, -1.175240473580867695, 1.708333333333336146 ) ) ;
#7566 = EDGE_CURVE ( 'NONE', #6905, #3517, #3966, .T. ) ;
#7567 = CARTESIAN_POINT ( 'NONE',  ( 0.000000000000000000, 2.070106209874711453E-15, 7.406250000000000888 ) ) ;
#7568 = CARTESIAN_POINT ( 'NONE',  ( 0.6785254037844490327, 1.175240473580836831, -3.541666666666663854 ) ) ;
#7569 = DIRECTION ( 'NONE',  ( 0.000000000000000000, -1.000000000000000000, 0.000000000000000000 ) ) ;
#7570 = CARTESIAN_POINT ( 'NONE',  ( 1.763300807568897621, -1.522750283070535062E-14, -3.328124999999999556 ) ) ;
#7571 = CARTESIAN_POINT ( 'NONE',  ( -1.017788105676672439, 0.5876202367904113100, -3.916666666666663854 ) ) ;
#7572 = VERTEX_POINT ( 'NONE', #1852 ) ;
#7573 = CARTESIAN_POINT ( 'NONE',  ( 0.6785254037844478114, -1.175240473580867695, -0.6458333333333307058 ) ) ;
#7574 = CARTESIAN_POINT ( 'NONE',  ( -1.017788105676672439, -0.5876202367904403978, -6.270833333333330373 ) ) ;
#7575 = CARTESIAN_POINT ( 'NONE',  ( 0.2127095426802551870, 1.575981320763157889, 7.967077405468658391 ) ) ;
#7576 = ORIENTED_EDGE ( 'NONE', *, *, #871, .F. ) ;
#7577 = CARTESIAN_POINT ( 'NONE',  ( -0.1867183014945715813, 1.480908766186232794, 7.406250000000000888 ) ) ;
#7578 = EDGE_LOOP ( 'NONE', ( #7724, #2806, #5171, #386 ) ) ;
#7579 = CARTESIAN_POINT ( 'NONE',  ( -1.017788105676672439, 0.5876202367904101997, 6.145833333333335702 ) ) ;
#7580 = CARTESIAN_POINT ( 'NONE',  ( 0.000000000000000000, -7.438283133705603770E-16, 8.250000000000000000 ) ) ;
#7581 = CARTESIAN_POINT ( 'NONE',  ( 0.6785254037844478114, -1.175240473580868583, 7.354166666666669627 ) ) ;
#7582 = DIRECTION ( 'NONE',  ( -0.000000000000000000, -1.224646799147352961E-16, 1.000000000000000000 ) ) ;
#7583 = CARTESIAN_POINT ( 'NONE',  ( 0.6785254037844478114, -1.175240473580867473, -3.208333333333329929 ) ) ;
#7584 = ORIENTED_EDGE ( 'NONE', *, *, #1808, .F. ) ;
#7585 = CARTESIAN_POINT ( 'NONE',  ( -1.357050807568896511, -1.457747848162259128E-14, -5.312499999999998224 ) ) ;
#7586 = EDGE_LOOP ( 'NONE', ( #4934, #8038, #3074, #2737 ) ) ;
#7587 = CARTESIAN_POINT ( 'NONE',  ( -0.8816504037844485886, 1.527063293868265337, 3.807291666666670515 ) ) ;
#7588 = CARTESIAN_POINT ( 'NONE',  ( 1.017788105676671995, -0.5876202367904417301, -2.604166666666664298 ) ) ;
#7589 = CARTESIAN_POINT ( 'NONE',  ( 1.017788105676671995, -0.5876202367904419521, -0.6666666666666644092 ) ) ;
#7590 = ORIENTED_EDGE ( 'NONE', *, *, #411, .T. ) ;
#7591 = CARTESIAN_POINT ( 'NONE',  ( -1.836970198721050149E-16, -1.500000000000031308, -6.999999999999995559 ) ) ;
#7592 = CARTESIAN_POINT ( 'NONE',  ( -1.017788105676672439, -0.5876202367904405088, -5.833333333333331261 ) ) ;
#7593 = CARTESIAN_POINT ( 'NONE',  ( 0.6785254037844490327, 1.175240473580835721, 5.958333333333335702 ) ) ;
#7594 = FACE_OUTER_BOUND ( 'NONE', #1933, .T. ) ;
#7595 = CARTESIAN_POINT ( 'NONE',  ( -1.322475605676673105, -0.7635316469341553169, -2.036458333333333037 ) ) ;
#7596 =( BOUNDED_CURVE ( )  B_SPLINE_CURVE ( 2, ( #2519, #3851, #2689, #2606, #6974, #7597, #7693 ),
 .UNSPECIFIED., .F., .F. ) 
 B_SPLINE_CURVE_WITH_KNOTS ( ( 3, 2, 2, 3 ),
 ( 0.5833333333333332593, 0.5972222222222222099, 0.6111111111111111605, 0.6250000000000000000 ),
 .UNSPECIFIED. ) 
 CURVE ( )  GEOMETRIC_REPRESENTATION_ITEM ( )  RATIONAL_B_SPLINE_CURVE ( ( 1.000000000000000000, 0.8660254037844387076, 1.000000000000000000, 0.8660254037844387076, 1.000000000000000000, 0.8660254037844387076, 1.000000000000000000 ) ) 
 REPRESENTATION_ITEM ( '' )  );
#7597 = CARTESIAN_POINT ( 'NONE',  ( 0.8660254037844475894, -1.500000000000032863, 5.041666666666669627 ) ) ;
#7598 = CARTESIAN_POINT ( 'NONE',  ( -1.836970198721050149E-16, -1.500000000000032641, 5.500000000000004441 ) ) ;
#7599 = CARTESIAN_POINT ( 'NONE',  ( 0.000000000000000000, 1.500000000000001110, 0.7500000000000038858 ) ) ;
#7600 = VECTOR ( 'NONE', #2355, 1000.000000000000114 ) ;
#7601 = APPROVAL_DATE_TIME ( #1240, #4750 ) ;
#7602 = ORIENTED_EDGE ( 'NONE', *, *, #7110, .F. ) ;
#7603 = CARTESIAN_POINT ( 'NONE',  ( 0.000000000000000000, 1.175240473580836609, 2.500000000000002220 ) ) ;
#7604 = VERTEX_POINT ( 'NONE', #6853 ) ;
#7605 = CARTESIAN_POINT ( 'NONE',  ( -0.6785254037844485886, -1.175240473580867251, -1.729166666666664076 ) ) ;
#7606 = CARTESIAN_POINT ( 'NONE',  ( -0.6785254037844480335, 1.175240473580836831, 0.5416666666666689611 ) ) ;
#7607 = DIRECTION ( 'NONE',  ( -1.000000000000000000, 0.000000000000000000, -0.000000000000000000 ) ) ;
#7608 = VECTOR ( 'NONE', #4190, 999.9999999999998863 ) ;
#7609 = DIRECTION ( 'NONE',  ( -0.9238795325112852952, -0.3826834323650932235, 2.474944314836672613E-14 ) ) ;
#7610 = DIRECTION ( 'NONE',  ( -0.000000000000000000, -1.224646799147353207E-16, 1.000000000000000000 ) ) ;
#7611 = DIRECTION ( 'NONE',  ( 0.000000000000000000, -1.000000000000000000, 0.000000000000000000 ) ) ;
#7612 = CARTESIAN_POINT ( 'NONE',  ( -0.8816504037844491437, -1.527063293868295757, -4.994791666666666963 ) ) ;
#7613 = ADVANCED_FACE ( 'NONE', ( #3723 ), #4754, .T. ) ;
#7614 = ADVANCED_FACE ( 'NONE', ( #2479 ), #4941, .T. ) ;
#7615 = EDGE_CURVE ( 'NONE', #677, #371, #2137, .T. ) ;
#7616 = CARTESIAN_POINT ( 'NONE',  ( 0.6785254037844478114, -1.175240473580867473, -2.708333333333330817 ) ) ;
#7617 = EDGE_LOOP ( 'NONE', ( #7802, #4053, #2303, #5709 ) ) ;
#7618 = CARTESIAN_POINT ( 'NONE',  ( -0.6785254037844485886, -1.175240473580867029, -2.229166666666664298 ) ) ;
#7619 = DIRECTION ( 'NONE',  ( -0.000000000000000000, -1.224646799147353207E-16, 1.000000000000000000 ) ) ;
#7620 = CARTESIAN_POINT ( 'NONE',  ( -0.6785254037844485886, -1.175240473580866585, -7.791666666666663410 ) ) ;
#7621 = FACE_OUTER_BOUND ( 'NONE', #1161, .T. ) ;
#7622 = VERTEX_POINT ( 'NONE', #3763 ) ;
#7623 = CARTESIAN_POINT ( 'NONE',  ( 0.8660254037844455910, -1.500000000000035305, -2.958333333333329485 ) ) ;
#7624 = VERTEX_POINT ( 'NONE', #8176 ) ;
#7625 = CARTESIAN_POINT ( 'NONE',  ( -1.017788105676672439, 0.5876202367904099777, 8.145833333333333925 ) ) ;
#7626 = CARTESIAN_POINT ( 'NONE',  ( 0.2069258640381780312, 1.313941397461984549E-15, 3.660975943842972313 ) ) ;
#7627 = CARTESIAN_POINT ( 'NONE',  ( 1.017788105676672883, 0.5876202367904089785, 7.479166666666668739 ) ) ;
#7628 = CARTESIAN_POINT ( 'NONE',  ( -0.8660254037844488106, -1.500000000000030864, -6.541666666666662522 ) ) ;
#7629 = CARTESIAN_POINT ( 'NONE',  ( -0.6785254037844480335, 1.175240473580837275, -2.958333333333330817 ) ) ;
#7630 = VERTEX_POINT ( 'NONE', #8058 ) ;
#7631 = CARTESIAN_POINT ( 'NONE',  ( 1.017788105676672883, 0.5876202367904106438, -6.520833333333330373 ) ) ;
#7632 = CARTESIAN_POINT ( 'NONE',  ( 0.4324447417623251133, -1.131948005017553660, -8.236452763202800398 ) ) ;
#7633 = ORIENTED_EDGE ( 'NONE', *, *, #6791, .F. ) ;
#7634 = CARTESIAN_POINT ( 'NONE',  ( -1.322475605676673105, -0.7635316469341560941, 4.432291666666671404 ) ) ;
#7635 = EDGE_CURVE ( 'NONE', #6910, #6372, #195, .T. ) ;
#7636 =( BOUNDED_SURFACE ( )  B_SPLINE_SURFACE ( 1, 2, ( 
 ( #3535, #2299, #1638, #1678, #4210, #2842, #443, #6708, #4132, #1059, #3576, #6669, #2880, #1555, #4716, #7963, #6129, #7925, #5347, #5307, #6627, #4089, #4674, #7212, #1516, #2260, #4045, #287, #7887, #6583, #3500, #2176, #901, #7252, #6050, #944, #3462, #6013, #327, #5388, #367, #1133, #6786, #6248, #5581, #1254, #3033, #8109, #1829, #2412, #5541, #8147, #7574, #565, #5659, #6281, #3738, #2452, #4408, #6320, #3779, #5034, #3111, #6948, #8190, #4954, #8036, #4912, #5504, #4367, #2495, #2956, #4990, #4326, #1094, #1870, #2335, #7492, #4872, #7418, #1715, #481, #6908, #4247, #1214, #3614, #6167, #8075, #603, #2994, #2375, #7455, #1788, #1751, #4286, #6865, #6825, #3653, #3068, #524, #1175, #6204, #3699, #5620, #7531, #2621, #5210, #4579, #5831, #644, #3198, #3283, #7164, #5252, #6455, #5168, #7789, #7041, #2538, #1297, #7711, #2663, #154, #6415, #689, #2042, #2583, #7749, #1346, #5121, #107, #6369, #3954, #3869, #7664, #731, #2001, #4494, #6992, #5872, #1389, #7123, #3240, #1957, #1913 ),
 ( #5788, #5707, #196, #29, #772, #1469, #3826, #5749, #4622, #4538, #72, #3997, #7082, #3912, #3324, #1429, #3158, #7620, #6497, #814, #2706, #4449, #2083, #5078, #4832, #6618, #3456, #5298, #2254, #2126, #7291, #1548, #7957, #3368, #282, #3493, #4664, #6577, #2915, #938, #6008, #7995, #4126, #4795, #2873, #2294, #7332, #7246, #4708, #5963, #7838, #2796, #895, #236, #1631, #4167, #6700, #2749, #857, #6043, #4081, #5341, #319, #4039, #1014, #2833, #7875, #5381, #7918, #2169, #7204, #3529, #1592, #5421, #2211, #4748, #1510, #6662, #6084, #978, #360, #402, #5461, #7372, #3409, #1671, #6538, #5919, #4319, #6859, #6122, #438, #1782, #2988, #4948, #6239, #1167, #3608, #1746, #5498, #3690, #6276, #1821, #4906, #2368, #4278, #2951, #7488, #7523, #3648, #6779, #557, #597, #3062, #6901, #4361, #4984, #5613, #5653, #7568, #5026, #3104, #1205, #8183, #3730, #6819, #1054, #6162, #6738, #8141, #2486, #4203, #2446, #5575, #8030, #3571, #2331, #517, #4865, #7408, #1708, #4242, #1089, #476, #5534 ) ),
 .UNSPECIFIED., .F., .F., .F. ) 
 B_SPLINE_SURFACE_WITH_KNOTS ( ( 2, 2 ),
 ( 3, 2, 2, 2, 2, 2, 2, 2, 2, 2, 2, 2, 2, 2, 2, 2, 2, 2, 2, 2, 2, 2, 2, 2, 2, 2, 2, 2, 2, 2, 2, 2, 2, 2, 2, 2, 2, 2, 2, 2, 2, 2, 2, 2, 2, 2, 2, 2, 2, 2, 2, 2, 2, 2, 2, 2, 2, 2, 2, 2, 2, 2, 2, 2, 2, 2, 2, 2, 2, 2, 2, 2, 3 ),
 ( 0.000000000000000000, 1.000000000000000000 ),
 ( 0.000000000000000000, 0.01388888888888888812, 0.02777777777777777624, 0.04166666666666666435, 0.05555555555555555247, 0.06944444444444444753, 0.08333333333333332871, 0.09722222222222222376, 0.1111111111111111049, 0.1250000000000000000, 0.1388888888888888951, 0.1527777777777777901, 0.1666666666666666574, 0.1805555555555555525, 0.1944444444444444475, 0.2083333333333333426, 0.2222222222222222099, 0.2361111111111111049, 0.2500000000000000000, 0.2638888888888888951, 0.2777777777777777901, 0.2916666666666666852, 0.3055555555555555802, 0.3194444444444444198, 0.3333333333333333148, 0.3472222222222222099, 0.3611111111111111049, 0.3750000000000000000, 0.3888888888888888951, 0.4027777777777777901, 0.4166666666666666852, 0.4305555555555555802, 0.4444444444444444198, 0.4583333333333333148, 0.4722222222222222099, 0.4861111111111111049, 0.5000000000000000000, 0.5138888888888888395, 0.5277777777777777901, 0.5416666666666666297, 0.5555555555555555802, 0.5694444444444444198, 0.5833333333333333703, 0.5972222222222222099, 0.6111111111111111605, 0.6250000000000000000, 0.6388888888888888395, 0.6527777777777777901, 0.6666666666666666297, 0.6805555555555555802, 0.6944444444444444198, 0.7083333333333333703, 0.7222222222222222099, 0.7361111111111111605, 0.7500000000000000000, 0.7638888888888888395, 0.7777777777777777901, 0.7916666666666666297, 0.8055555555555555802, 0.8194444444444444198, 0.8333333333333333703, 0.8472222222222222099, 0.8611111111111111605, 0.8750000000000000000, 0.8888888888888888395, 0.9027777777777777901, 0.9166666666666666297, 0.9305555555555555802, 0.9444444444444444198, 0.9583333333333333703, 0.9722222222222222099, 0.9861111111111111605, 1.000000000000000000 ),
 .UNSPECIFIED. ) 
 GEOMETRIC_REPRESENTATION_ITEM ( )  RATIONAL_B_SPLINE_SURFACE ( (
 ( 1.000000000000000000, 0.8660254037844387076, 1.000000000000000000, 0.8660254037844387076, 1.000000000000000000, 0.8660254037844387076, 1.000000000000000000, 0.8660254037844387076, 1.000000000000000000, 0.8660254037844387076, 1.000000000000000000, 0.8660254037844387076, 1.000000000000000000, 0.8660254037844387076, 1.000000000000000000, 0.8660254037844387076, 1.000000000000000000, 0.8660254037844387076, 1.000000000000000000, 0.8660254037844387076, 1.000000000000000000, 0.8660254037844387076, 1.000000000000000000, 0.8660254037844387076, 1.000000000000000000, 0.8660254037844387076, 1.000000000000000000, 0.8660254037844387076, 1.000000000000000000, 0.8660254037844387076, 1.000000000000000000, 0.8660254037844387076, 1.000000000000000000, 0.8660254037844387076, 1.000000000000000000, 0.8660254037844387076, 1.000000000000000000, 0.8660254037844387076, 1.000000000000000000, 0.8660254037844387076, 1.000000000000000000, 0.8660254037844387076, 1.000000000000000000, 0.8660254037844387076, 1.000000000000000000, 0.8660254037844387076, 1.000000000000000000, 0.8660254037844387076, 1.000000000000000000, 0.8660254037844387076, 1.000000000000000000, 0.8660254037844387076, 1.000000000000000000, 0.8660254037844387076, 1.000000000000000000, 0.8660254037844387076, 1.000000000000000000, 0.8660254037844387076, 1.000000000000000000, 0.8660254037844387076, 1.000000000000000000, 0.8660254037844387076, 1.000000000000000000, 0.8660254037844387076, 1.000000000000000000, 0.8660254037844387076, 1.000000000000000000, 0.8660254037844387076, 1.000000000000000000, 0.8660254037844387076, 1.000000000000000000, 0.8660254037844387076, 1.000000000000000000, 0.8660254037844387076, 1.000000000000000000, 0.8660254037844387076, 1.000000000000000000, 0.8660254037844387076, 1.000000000000000000, 0.8660254037844387076, 1.000000000000000000, 0.8660254037844387076, 1.000000000000000000, 0.8660254037844387076, 1.000000000000000000, 0.8660254037844387076, 1.000000000000000000, 0.8660254037844387076, 1.000000000000000000, 0.8660254037844387076, 1.000000000000000000, 0.8660254037844387076, 1.000000000000000000, 0.8660254037844387076, 1.000000000000000000, 0.8660254037844387076, 1.000000000000000000, 0.8660254037844387076, 1.000000000000000000, 0.8660254037844387076, 1.000000000000000000, 0.8660254037844387076, 1.000000000000000000, 0.8660254037844387076, 1.000000000000000000, 0.8660254037844387076, 1.000000000000000000, 0.8660254037844387076, 1.000000000000000000, 0.8660254037844387076, 1.000000000000000000, 0.8660254037844387076, 1.000000000000000000, 0.8660254037844387076, 1.000000000000000000, 0.8660254037844387076, 1.000000000000000000, 0.8660254037844387076, 1.000000000000000000, 0.8660254037844387076, 1.000000000000000000, 0.8660254037844387076, 1.000000000000000000, 0.8660254037844387076, 1.000000000000000000, 0.8660254037844387076, 1.000000000000000000, 0.8660254037844387076, 1.000000000000000000, 0.8660254037844387076, 1.000000000000000000, 0.8660254037844387076, 1.000000000000000000, 0.8660254037844387076, 1.000000000000000000, 0.8660254037844387076, 1.000000000000000000, 0.8660254037844387076, 1.000000000000000000, 0.8660254037844387076, 1.000000000000000000, 0.8660254037844387076, 1.000000000000000000, 0.8660254037844387076, 1.000000000000000000),
 ( 1.000000000000000000, 0.8660254037844387076, 1.000000000000000000, 0.8660254037844387076, 1.000000000000000000, 0.8660254037844387076, 1.000000000000000000, 0.8660254037844387076, 1.000000000000000000, 0.8660254037844387076, 1.000000000000000000, 0.8660254037844387076, 1.000000000000000000, 0.8660254037844387076, 1.000000000000000000, 0.8660254037844387076, 1.000000000000000000, 0.8660254037844387076, 1.000000000000000000, 0.8660254037844387076, 1.000000000000000000, 0.8660254037844387076, 1.000000000000000000, 0.8660254037844387076, 1.000000000000000000, 0.8660254037844387076, 1.000000000000000000, 0.8660254037844387076, 1.000000000000000000, 0.8660254037844387076, 1.000000000000000000, 0.8660254037844387076, 1.000000000000000000, 0.8660254037844387076, 1.000000000000000000, 0.8660254037844387076, 1.000000000000000000, 0.8660254037844387076, 1.000000000000000000, 0.8660254037844387076, 1.000000000000000000, 0.8660254037844387076, 1.000000000000000000, 0.8660254037844387076, 1.000000000000000000, 0.8660254037844387076, 1.000000000000000000, 0.8660254037844387076, 1.000000000000000000, 0.8660254037844387076, 1.000000000000000000, 0.8660254037844387076, 1.000000000000000000, 0.8660254037844387076, 1.000000000000000000, 0.8660254037844387076, 1.000000000000000000, 0.8660254037844387076, 1.000000000000000000, 0.8660254037844387076, 1.000000000000000000, 0.8660254037844387076, 1.000000000000000000, 0.8660254037844387076, 1.000000000000000000, 0.8660254037844387076, 1.000000000000000000, 0.8660254037844387076, 1.000000000000000000, 0.8660254037844387076, 1.000000000000000000, 0.8660254037844387076, 1.000000000000000000, 0.8660254037844387076, 1.000000000000000000, 0.8660254037844387076, 1.000000000000000000, 0.8660254037844387076, 1.000000000000000000, 0.8660254037844387076, 1.000000000000000000, 0.8660254037844387076, 1.000000000000000000, 0.8660254037844387076, 1.000000000000000000, 0.8660254037844387076, 1.000000000000000000, 0.8660254037844387076, 1.000000000000000000, 0.8660254037844387076, 1.000000000000000000, 0.8660254037844387076, 1.000000000000000000, 0.8660254037844387076, 1.000000000000000000, 0.8660254037844387076, 1.000000000000000000, 0.8660254037844387076, 1.000000000000000000, 0.8660254037844387076, 1.000000000000000000, 0.8660254037844387076, 1.000000000000000000, 0.8660254037844387076, 1.000000000000000000, 0.8660254037844387076, 1.000000000000000000, 0.8660254037844387076, 1.000000000000000000, 0.8660254037844387076, 1.000000000000000000, 0.8660254037844387076, 1.000000000000000000, 0.8660254037844387076, 1.000000000000000000, 0.8660254037844387076, 1.000000000000000000, 0.8660254037844387076, 1.000000000000000000, 0.8660254037844387076, 1.000000000000000000, 0.8660254037844387076, 1.000000000000000000, 0.8660254037844387076, 1.000000000000000000, 0.8660254037844387076, 1.000000000000000000, 0.8660254037844387076, 1.000000000000000000, 0.8660254037844387076, 1.000000000000000000, 0.8660254037844387076, 1.000000000000000000, 0.8660254037844387076, 1.000000000000000000, 0.8660254037844387076, 1.000000000000000000, 0.8660254037844387076, 1.000000000000000000, 0.8660254037844387076, 1.000000000000000000, 0.8660254037844387076, 1.000000000000000000, 0.8660254037844387076, 1.000000000000000000) ) ) 
 REPRESENTATION_ITEM ( '' )  SURFACE ( )  );
#7637 = CARTESIAN_POINT ( 'NONE',  ( -0.8660254037844564712, -1.500000000000017319, 1.020833333333333481 ) ) ;
#7638 = CARTESIAN_POINT ( 'NONE',  ( 0.000000000000000000, 1.175240473580836609, 2.500000000000002220 ) ) ;
#7639 = CARTESIAN_POINT ( 'NONE',  ( 0.000000000000000000, 1.500000000000001554, -3.249999999999996003 ) ) ;
#7640 = ORIENTED_EDGE ( 'NONE', *, *, #1382, .T. ) ;
#7641 = CYLINDRICAL_SURFACE ( 'NONE', #3606, 1.500000000000000888 ) ;
#7642 = CARTESIAN_POINT ( 'NONE',  ( 0.6785254037844490327, 1.175240473580837497, -6.041666666666664298 ) ) ;
#7643 = CARTESIAN_POINT ( 'NONE',  ( 1.017788105676672883, 0.5876202367904089785, 7.916666666666668739 ) ) ;
#7644 = CARTESIAN_POINT ( 'NONE',  ( 1.322475605676673771, 0.7635316469341244527, -2.286458333333332593 ) ) ;
#7645 = CARTESIAN_POINT ( 'NONE',  ( -1.836970198721050149E-16, -1.500000000000032641, 5.062500000000000888 ) ) ;
#7646 = CARTESIAN_POINT ( 'NONE',  ( 1.322475605676673771, 0.7635316469341252299, -7.817708333333329485 ) ) ;
#7647 = CARTESIAN_POINT ( 'NONE',  ( -1.836970198721050149E-16, -1.500000000000031974, 1.000000000000003775 ) ) ;
#7648 = ORIENTED_EDGE ( 'NONE', *, *, #4312, .T. ) ;
#7649 = CARTESIAN_POINT ( 'NONE',  ( 0.6785254037844478114, -1.175240473580867695, 2.791666666666668739 ) ) ;
#7650 = B_SPLINE_CURVE_WITH_KNOTS ( 'NONE', 3,
 ( #7329, #4036, #7369, #1051, #6615, #6119, #435 ),
 .UNSPECIFIED., .F., .F.,
 ( 4, 3, 4 ),
 ( 3.426131402137982032E-16, 0.0002867374893064199965, 0.0005665053673953732638 ),
 .UNSPECIFIED. ) ;
#7651 = ORIENTED_EDGE ( 'NONE', *, *, #7160, .T. ) ;
#7652 = CARTESIAN_POINT ( 'NONE',  ( 1.017788105676672883, 0.5876202367904100887, -1.520833333333330817 ) ) ;
#7653 = CARTESIAN_POINT ( 'NONE',  ( -0.6785254037844485886, -1.175240473580867251, -0.7916666666666639651 ) ) ;
#7654 = CARTESIAN_POINT ( 'NONE',  ( -1.017788105676672439, 0.5876202367904099777, 7.583333333333334814 ) ) ;
#7655 = DIRECTION ( 'NONE',  ( -0.000000000000000000, -1.224646799147353207E-16, 1.000000000000000000 ) ) ;
#7656 = CARTESIAN_POINT ( 'NONE',  ( 0.4531220514732886007, 0.3980426312550011114, 7.406250000000000888 ) ) ;
#7657 = CARTESIAN_POINT ( 'NONE',  ( 1.299038105676671773, -0.7500000000000239808, -2.416666666666663410 ) ) ;
#7658 = CARTESIAN_POINT ( 'NONE',  ( 1.732050807568896511, -1.515478942700597742E-14, -3.874999999999996447 ) ) ;
#7659 = CARTESIAN_POINT ( 'NONE',  ( -1.017788105676672439, -0.5876202367904406199, -4.833333333333330373 ) ) ;
#7660 = ORIENTED_EDGE ( 'NONE', *, *, #5529, .T. ) ;
#7661 = CARTESIAN_POINT ( 'NONE',  ( -1.732050807568896511, -1.427131678183575657E-14, -7.624999999999997335 ) ) ;
#7662 = CARTESIAN_POINT ( 'NONE',  ( -0.6785254037844480335, 1.175240473580837053, -0.8958333333333309279 ) ) ;
#7663 = FACE_OUTER_BOUND ( 'NONE', #6788, .T. ) ;
#7664 = CARTESIAN_POINT ( 'NONE',  ( -1.017788105676672439, 0.5876202367904111989, -2.854166666666663854 ) ) ;
#7665 = EDGE_CURVE ( 'NONE', #2960, #4371, #7146, .T. ) ;
#7666 = LINE ( 'NONE', #8191, #1868 ) ;
#7667 = CARTESIAN_POINT ( 'NONE',  ( -0.1800167148843389298, 1.504658928399268181, 7.406250000000000888 ) ) ;
#7668 = ORIENTED_EDGE ( 'NONE', *, *, #6951, .F. ) ;
#7669 = CARTESIAN_POINT ( 'NONE',  ( -0.1941710946047739417, 0.9453114802360871316, 7.406250000000000888 ) ) ;
#7670 = AXIS2_PLACEMENT_3D ( 'NONE', #4769, #1609, #4142 ) ;
#7671 = CARTESIAN_POINT ( 'NONE',  ( -1.299038105676672217, 0.7499999999999926725, 4.333333333333336590 ) ) ;
#7672 = AXIS2_PLACEMENT_3D ( 'NONE', #2910, #6694, #1543 ) ;
#7673 = CARTESIAN_POINT ( 'NONE',  ( -1.439254484199210086E-16, -1.175240473580868361, 7.812500000000001776 ) ) ;
#7674 = CARTESIAN_POINT ( 'NONE',  ( -1.299038105676672217, 0.7499999999999936717, -3.666666666666662522 ) ) ;
#7675 = ADVANCED_FACE ( 'NONE', ( #6522 ), #7026, .T. ) ;
#7676 = CARTESIAN_POINT ( 'NONE',  ( 1.017788105676672883, 0.5876202367904101997, -2.583333333333330817 ) ) ;
#7677 = EDGE_LOOP ( 'NONE', ( #1657, #4134, #3131 ) ) ;
#7678 = CARTESIAN_POINT ( 'NONE',  ( 1.017788105676671995, -0.5876202367904411750, -7.104166666666664298 ) ) ;
#7679 = CARTESIAN_POINT ( 'NONE',  ( 0.7514860884942128338, 1.086057543036664574, -8.126721909193689086 ) ) ;
#7680 = AXIS2_PLACEMENT_3D ( 'NONE', #2997, #1024, #5623 ) ;
#7681 = ORIENTED_EDGE ( 'NONE', *, *, #7527, .T. ) ;
#7682 = CARTESIAN_POINT ( 'NONE',  ( 1.763300807568897621, -1.650955494856273657E-14, 7.140625000000003553 ) ) ;
#7683 = LINE ( 'NONE', #1190, #5075 ) ;
#7684 = CARTESIAN_POINT ( 'NONE',  ( 1.017788105676671995, -0.5876202367904420631, 0.8333333333333357018 ) ) ;
#7685 = CARTESIAN_POINT ( 'NONE',  ( -0.8660254037844424824, -1.500000000000042188, 1.958333333333337700 ) ) ;
#7686 = ORIENTED_EDGE ( 'NONE', *, *, #2888, .T. ) ;
#7687 = CARTESIAN_POINT ( 'NONE',  ( 1.732050807568896511, -1.472616304730440756E-14, -7.374999999999996447 ) ) ;
#7688 = CARTESIAN_POINT ( 'NONE',  ( -1.357050807568896067, -1.438612741925581603E-14, -6.874999999999997335 ) ) ;
#7689 = CARTESIAN_POINT ( 'NONE',  ( -1.870113174931204576E-16, -1.527063293868297089, 4.046875000000000000 ) ) ;
#7690 = AXIS2_PLACEMENT_3D ( 'NONE', #3833, #5632, #1183 ) ;
#7691 = AXIS2_PLACEMENT_3D ( 'NONE', #6139, #3663, #6216 ) ;
#7692 = CARTESIAN_POINT ( 'NONE',  ( 1.322475605676672661, -0.7635316469341564272, -1.869791666666666075 ) ) ;
#7693 = CARTESIAN_POINT ( 'NONE',  ( -1.836970198721050149E-16, -1.500000000000032419, 5.000000000000003553 ) ) ;
#7694 = CARTESIAN_POINT ( 'NONE',  ( -1.322475605676673105, 0.7635316469341264511, -7.651041666666661634 ) ) ;
#7695 = CARTESIAN_POINT ( 'NONE',  ( -1.524207146240229349, -0.1474052775258416492, 7.406250000000000888 ) ) ;
#7696 =( BOUNDED_CURVE ( )  B_SPLINE_CURVE ( 2, ( #41, #5800, #3794, #661, #4592, #7053, #3882 ),
 .UNSPECIFIED., .F., .F. ) 
 B_SPLINE_CURVE_WITH_KNOTS ( ( 3, 2, 2, 3 ),
 ( 0.2916666666666666852, 0.3055555555555555802, 0.3194444444444444198, 0.3333333333333333148 ),
 .UNSPECIFIED. ) 
 CURVE ( )  GEOMETRIC_REPRESENTATION_ITEM ( )  RATIONAL_B_SPLINE_CURVE ( ( 1.000000000000000000, 0.8660254037844385966, 1.000000000000000000, 0.8660254037844385966, 1.000000000000000000, 0.8660254037844385966, 1.000000000000000000 ) ) 
 REPRESENTATION_ITEM ( '' )  );
#7697 = CIRCLE ( 'NONE', #5561, 1.590263637062382163 ) ;
#7698 = CARTESIAN_POINT ( 'NONE',  ( 0.6785254037844478114, -1.175240473580867695, 2.291666666666669627 ) ) ;
#7699 = VERTEX_POINT ( 'NONE', #1559 ) ;
#7700 = CARTESIAN_POINT ( 'NONE',  ( -1.017788105676672439, 0.5876202367904111989, -2.854166666666664298 ) ) ;
#7701 = CARTESIAN_POINT ( 'NONE',  ( -0.9254976877526291945, -0.2866551442409769335, 8.147054690030637758 ) ) ;
#7702 = CARTESIAN_POINT ( 'NONE',  ( 0.6785254037844478114, -1.175240473580868583, 8.291666666666669627 ) ) ;
#7703 = CARTESIAN_POINT ( 'NONE',  ( 0.000000000000000000, 1.500000000000000888, 5.250000000000004441 ) ) ;
#7704 = LINE ( 'NONE', #1420, #5161 ) ;
#7705 = CARTESIAN_POINT ( 'NONE',  ( 0.000000000000000000, 1.500000000000001998, -2.249999999999995559 ) ) ;
#7706 = CARTESIAN_POINT ( 'NONE',  ( -1.299038105676672217, -0.7500000000000235367, 2.479166666666667851 ) ) ;
#7707 = ORIENTED_EDGE ( 'NONE', *, *, #3532, .T. ) ;
#7708 = CARTESIAN_POINT ( 'NONE',  ( 0.000000000000000000, 1.527063293868266225, -2.234374999999995559 ) ) ;
#7709 = CARTESIAN_POINT ( 'NONE',  ( 0.6785254037844490327, 1.175240473580836165, 0.5208333333333358128 ) ) ;
#7710 = DIRECTION ( 'NONE',  ( 0.000000000000000000, -0.9967800569107646558, 0.08018427617041258559 ) ) ;
#7711 = CARTESIAN_POINT ( 'NONE',  ( 0.000000000000000000, 1.175240473580837275, -3.437499999999996891 ) ) ;
#7712 = EDGE_LOOP ( 'NONE', ( #1400, #363, #373, #3297 ) ) ;
#7713 = CARTESIAN_POINT ( 'NONE',  ( 0.000000000000000000, 1.175240473580835943, 8.062500000000001776 ) ) ;
#7714 = CARTESIAN_POINT ( 'NONE',  ( -0.8509634971245931823, -0.8392950801631688940, 4.756727833724148979 ) ) ;
#7715 = CARTESIAN_POINT ( 'NONE',  ( -1.357050807568896511, -1.616951932051415136E-14, 7.687500000000002665 ) ) ;
#7716 = CARTESIAN_POINT ( 'NONE',  ( 0.2473912189711460208, -1.535008919663077398, 7.983514249373001803 ) ) ;
#7717 = CARTESIAN_POINT ( 'NONE',  ( 0.000000000000000000, 1.175240473580837275, -3.499999999999996891 ) ) ;
#7718 = ORIENTED_EDGE ( 'NONE', *, *, #8021, .F. ) ;
#7719 = CARTESIAN_POINT ( 'NONE',  ( 0.6785254037844478114, -1.175240473580867251, -5.645833333333331261 ) ) ;
#7720 = CARTESIAN_POINT ( 'NONE',  ( 0.2410245267385773826, -0.5818846813168270238, 8.250000000000000000 ) ) ;
#7721 = EDGE_CURVE ( 'NONE', #7217, #6264, #2897, .T. ) ;
#7722 = EDGE_CURVE ( 'NONE', #2055, #6910, #8039, .T. ) ;
#7723 = EDGE_CURVE ( 'NONE', #3116, #2231, #2755, .T. ) ;
#7724 = ORIENTED_EDGE ( 'NONE', *, *, #7287, .F. ) ;
#7725 = CARTESIAN_POINT ( 'NONE',  ( -1.322475605676673105, 0.7635316469341248968, 5.848958333333338366 ) ) ;
#7726 = CARTESIAN_POINT ( 'NONE',  ( 0.000000000000000000, 1.500000000000001998, -5.749999999999995559 ) ) ;
#7727 = CARTESIAN_POINT ( 'NONE',  ( -1.439254484199210086E-16, -1.175240473580867695, 0.7500000000000024425 ) ) ;
#7728 = FACE_OUTER_BOUND ( 'NONE', #5052, .T. ) ;
#7729 = CYLINDRICAL_SURFACE ( 'NONE', #7471, 1.500000000000000888 ) ;
#7730 = CARTESIAN_POINT ( 'NONE',  ( -1.439254484199210086E-16, -1.175240473580866807, -7.249999999999997335 ) ) ;
#7731 = CARTESIAN_POINT ( 'NONE',  ( -0.8816504037844485886, 1.527063293868265781, 2.838541666666666963 ) ) ;
#7732 = CARTESIAN_POINT ( 'NONE',  ( -0.8816504037844485886, 1.527063293868266447, -3.161458333333332593 ) ) ;
#7733 = CARTESIAN_POINT ( 'NONE',  ( 1.732050807568896511, -1.626462558873326628E-14, 5.187500000000000888 ) ) ;
#7734 = CARTESIAN_POINT ( 'NONE',  ( 0.000000000000000000, 1.175240473580836387, 4.000000000000001776 ) ) ;
#7735 = CARTESIAN_POINT ( 'NONE',  ( -0.2470295586577015701, 1.572796539073743283, 7.980073281342370706 ) ) ;
#7736 = ORIENTED_EDGE ( 'NONE', *, *, #3590, .T. ) ;
#7737 = CARTESIAN_POINT ( 'NONE',  ( -1.836970198721050149E-16, -1.500000000000032196, 2.500000000000003553 ) ) ;
#7738 = VERTEX_POINT ( 'NONE', #447 ) ;
#7739 = CARTESIAN_POINT ( 'NONE',  ( -1.017788105676672439, -0.5876202367904409529, -1.770833333333330817 ) ) ;
#7740 = CARTESIAN_POINT ( 'NONE',  ( 1.732050807568896511, -1.620339324877589870E-14, 4.687500000000002665 ) ) ;
#7741 = CARTESIAN_POINT ( 'NONE',  ( -0.6785254037844480335, 1.175240473580835721, 7.541666666666669627 ) ) ;
#7742 = DIRECTION ( 'NONE',  ( 0.000000000000000000, 0.000000000000000000, 1.000000000000000000 ) ) ;
#7743 = CARTESIAN_POINT ( 'NONE',  ( -0.2303456307747359100, -1.567404313149283412, 7.969288913115502915 ) ) ;
#7744 = CARTESIAN_POINT ( 'NONE',  ( -1.836970198721050149E-16, -1.500000000000031974, -1.937499999999998668 ) ) ;
#7745 = VERTEX_POINT ( 'NONE', #4250 ) ;
#7746 = CIRCLE ( 'NONE', #2949, 4.608510497053426747 ) ;
#7747 = CARTESIAN_POINT ( 'NONE',  ( -0.6785254037844480335, 1.175240473580836831, 0.6041666666666690721 ) ) ;
#7748 = CARTESIAN_POINT ( 'NONE',  ( 0.9103173063386292840, -1.005003984341489298, 5.206631879329555623 ) ) ;
#7749 = CARTESIAN_POINT ( 'NONE',  ( 0.6785254037844478114, -1.175240473580867473, -3.145833333333330373 ) ) ;
#7750 = CARTESIAN_POINT ( 'NONE',  ( 0.6785254037844490327, 1.175240473580836387, -1.541666666666664298 ) ) ;
#7751 = B_SPLINE_CURVE_WITH_KNOTS ( 'NONE', 3,
 ( #1594, #2044, #6622, #859, #2752, #940, #7248 ),
 .UNSPECIFIED., .F., .F.,
 ( 4, 3, 4 ),
 ( 8.711650476514994481E-19, 0.0002866647567030773734, 0.0005794830328004789075 ),
 .UNSPECIFIED. ) ;
#7752 = CARTESIAN_POINT ( 'NONE',  ( -1.732050807568896955, -1.434020316428779351E-14, -7.062500000000000888 ) ) ;
#7753 = ORIENTED_EDGE ( 'NONE', *, *, #4205, .F. ) ;
#7754 = CARTESIAN_POINT ( 'NONE',  ( -0.6785254037844485886, -1.175240473580868139, 8.270833333333335702 ) ) ;
#7755 = CARTESIAN_POINT ( 'NONE',  ( 1.732050807568896511, -1.608092856886116040E-14, 3.687500000000001332 ) ) ;
#7756 = CARTESIAN_POINT ( 'NONE',  ( -1.017788105676672439, 0.5876202367904106438, 2.583333333333335702 ) ) ;
#7757 = CARTESIAN_POINT ( 'NONE',  ( 0.1866037099812753175, -1.484567452862550763, 7.406250000000000888 ) ) ;
#7758 = CARTESIAN_POINT ( 'NONE',  ( 1.732050807568896511, -1.607327452636649103E-14, 3.625000000000003553 ) ) ;
#7759 = CARTESIAN_POINT ( 'NONE',  ( 1.763300807568897621, -1.479887645100377761E-14, -6.828124999999999112 ) ) ;
#7760 = ORIENTED_EDGE ( 'NONE', *, *, #3125, .T. ) ;
#7761 = CARTESIAN_POINT ( 'NONE',  ( 1.357050807568896511, -1.469554687732572377E-14, -7.062499999999997335 ) ) ;
#7762 = CARTESIAN_POINT ( 'NONE',  ( 0.000000000000000000, 1.500000000000000888, 4.750000000000004441 ) ) ;
#7763 = ORIENTED_EDGE ( 'NONE', *, *, #4419, .F. ) ;
#7764 = CARTESIAN_POINT ( 'NONE',  ( -1.763300807568897621, -1.598582230064204864E-14, 6.390625000000004441 ) ) ;
#7765 = CARTESIAN_POINT ( 'NONE',  ( -1.299038105676672217, 0.7499999999999928946, 2.333333333333337034 ) ) ;
#7766 = CARTESIAN_POINT ( 'NONE',  ( -1.017788105676672439, -0.5876202367904415080, 2.166666666666669183 ) ) ;
#7767 = CARTESIAN_POINT ( 'NONE',  ( -0.1528188066164913317, -1.523339158636662694, 7.406250000000000888 ) ) ;
#7768 = LINE ( 'NONE', #4726, #1431 ) ;
#7769 = CARTESIAN_POINT ( 'NONE',  ( -1.899182256117712578E-16, -1.550799999999998180, 5.750000000000000000 ) ) ;
#7770 = CARTESIAN_POINT ( 'NONE',  ( -1.322475605676673105, -0.7635316469341560941, 3.963541666666667407 ) ) ;
#7772 = ADVANCED_FACE ( 'NONE', ( #8003 ), #3143, .T. ) ;
#7771 = CARTESIAN_POINT ( 'NONE',  ( 1.763300807568897621, -1.541119985057745335E-14, -1.828124999999999334 ) ) ;
#7773 = LINE ( 'NONE', #3892, #3412 ) ;
#7774 = CARTESIAN_POINT ( 'NONE',  ( 0.4999534751593349702, 0.2070875099665615560, 7.406250000000000888 ) ) ;
#7775 = CARTESIAN_POINT ( 'NONE',  ( -0.1470339073983053524, 1.523879528077759282, 7.402807630076059908 ) ) ;
#7776 = ORIENTED_EDGE ( 'NONE', *, *, #272, .F. ) ;
#7777 = CARTESIAN_POINT ( 'NONE',  ( 0.6785254037844490327, 1.175240473580837497, -7.979166666666664298 ) ) ;
#7778 = EDGE_LOOP ( 'NONE', ( #3745, #2469, #2499, #7927 ) ) ;
#7779 = CARTESIAN_POINT ( 'NONE',  ( -0.6785254037844485886, -1.175240473580867251, -0.7291666666666639651 ) ) ;
#7780 = CARTESIAN_POINT ( 'NONE',  ( -0.5818846813168234711, 0.2410245267385816570, 8.250000000000000000 ) ) ;
#7781 = CARTESIAN_POINT ( 'NONE',  ( -1.836970198721050149E-16, -1.500000000000031530, -4.499999999999996447 ) ) ;
#7782 = CARTESIAN_POINT ( 'NONE',  ( 0.1867183014945855979, 0.9827792013656191372, 7.406250000000001776 ) ) ;
#7783 = CYLINDRICAL_SURFACE ( 'NONE', #3424, 0.2915999999999999703 ) ;
#7784 = ADVANCED_FACE ( 'NONE', ( #1791 ), #4329, .T. ) ;
#7785 = CARTESIAN_POINT ( 'NONE',  ( -1.732050807568896955, -1.464636486407463138E-14, -4.562499999999999112 ) ) ;
#7786 = CARTESIAN_POINT ( 'NONE',  ( -0.8816504037844485886, 1.527063293868266447, -2.692708333333329040 ) ) ;
#7787 = CARTESIAN_POINT ( 'NONE',  ( 0.6785254037844490327, 1.175240473580836165, 1.020833333333335480 ) ) ;
#7788 = CARTESIAN_POINT ( 'NONE',  ( 0.7540073917954208671, -0.9484141107713802699, 4.789175619502153758 ) ) ;
#7789 = CARTESIAN_POINT ( 'NONE',  ( 1.017788105676671995, -0.5876202367904415080, -3.604166666666663410 ) ) ;
#7790 = CARTESIAN_POINT ( 'NONE',  ( -1.439254484199210086E-16, -1.175240473580867473, -0.7499999999999976685 ) ) ;
#7791 = DIRECTION ( 'NONE',  ( -0.000000000000000000, -1.224646799147352961E-16, 1.000000000000000000 ) ) ;
#7792 = ORIENTED_EDGE ( 'NONE', *, *, #1573, .F. ) ;
#7793 = CARTESIAN_POINT ( 'NONE',  ( -1.017788105676672439, -0.5876202367904421742, 7.729166666666668739 ) ) ;
#7794 = FACE_OUTER_BOUND ( 'NONE', #4818, .T. ) ;
#7795 = CARTESIAN_POINT ( 'NONE',  ( 1.017788105676671995, -0.5876202367904425072, 4.333333333333335702 ) ) ;
#7796 = CARTESIAN_POINT ( 'NONE',  ( 0.2470295586469826443, -1.572796539064575283, 7.980073281240282590 ) ) ;
#7797 = LINE ( 'NONE', #7302, #722 ) ;
#7798 = CARTESIAN_POINT ( 'NONE',  ( -0.8816504037844491437, -1.527063293868295757, -5.494791666666665186 ) ) ;
#7799 = VERTEX_POINT ( 'NONE', #1720 ) ;
#7800 = CARTESIAN_POINT ( 'NONE',  ( -1.017788105676672439, -0.5876202367904408419, -3.270833333333330373 ) ) ;
#7801 = CARTESIAN_POINT ( 'NONE',  ( -1.564063351765471177, 0.2337791285254982587, 7.970310088470556664 ) ) ;
#7802 = ORIENTED_EDGE ( 'NONE', *, *, #1756, .F. ) ;
#7803 = CARTESIAN_POINT ( 'NONE',  ( -1.870113174931204576E-16, -1.527063293868297311, 7.015625000000003553 ) ) ;
#7804 = DIRECTION ( 'NONE',  ( 0.9945218953682734009, 6.199384313380862630E-17, 0.1045284632676537068 ) ) ;
#7805 = CARTESIAN_POINT ( 'NONE',  ( 1.017788105676672883, 0.5876202367904095336, 2.916666666666669183 ) ) ;
#7806 = DIRECTION ( 'NONE',  ( 0.000000000000000000, -1.000000000000000000, 0.000000000000000000 ) ) ;
#7807 = DIRECTION ( 'NONE',  ( -0.000000000000000000, -0.000000000000000000, 1.000000000000000000 ) ) ;
#7808 = CARTESIAN_POINT ( 'NONE',  ( -1.017788105676672439, -0.5876202367904415080, 2.729166666666668739 ) ) ;
#7809 = CARTESIAN_POINT ( 'NONE',  ( -0.8816504037844491437, -1.527063293868296645, 4.005208333333333925 ) ) ;
#7810 = CARTESIAN_POINT ( 'NONE',  ( 0.8816504037844482555, -1.527063293868297311, 0.5885416666666672958 ) ) ;
#7811 = CIRCLE ( 'NONE', #2234, 2.287307525620819071 ) ;
#7812 = VECTOR ( 'NONE', #3471, 1000.000000000000114 ) ;
#7813 = DIRECTION ( 'NONE',  ( 0.000000000000000000, 0.000000000000000000, 1.000000000000000000 ) ) ;
#7814 = CARTESIAN_POINT ( 'NONE',  ( 0.8816504037844494768, 1.527063293868266447, -5.776041666666662522 ) ) ;
#7815 = CARTESIAN_POINT ( 'NONE',  ( 0.2866551442409739359, 0.9254976877526287504, 8.147054690030637758 ) ) ;
#7816 = ORIENTED_EDGE ( 'NONE', *, *, #219, .F. ) ;
#7817 = CARTESIAN_POINT ( 'NONE',  ( 1.038180288643460347, -0.2731436643961267507, 8.228532400733666208 ) ) ;
#7818 = CARTESIAN_POINT ( 'NONE',  ( -1.017788105676672439, -0.5876202367904402868, -7.270833333333330373 ) ) ;
#7819 = EDGE_CURVE ( 'NONE', #5205, #8197, #1179, .T. ) ;
#7820 = CIRCLE ( 'NONE', #1302, 2.963999999999998192 ) ;
#7821 = VERTEX_POINT ( 'NONE', #529 ) ;
#7822 = CARTESIAN_POINT ( 'NONE',  ( 0.000000000000000000, 1.175240473580836831, 0.5625000000000026645 ) ) ;
#7823 = DIRECTION ( 'NONE',  ( 0.000000000000000000, 0.000000000000000000, 1.000000000000000000 ) ) ;
#7824 = CARTESIAN_POINT ( 'NONE',  ( -1.439254484199210086E-16, -1.175240473580866585, -7.749999999999997335 ) ) ;
#7825 = CARTESIAN_POINT ( 'NONE',  ( -0.1692246437881942123, 1.262924384873282957, 4.959068247828258613 ) ) ;
#7826 = CARTESIAN_POINT ( 'NONE',  ( -1.299038105676672217, -0.7500000000000233147, -0.02083333333333211093 ) ) ;
#7827 = CONICAL_SURFACE ( 'NONE', #5693, 1.187500000000003331, 0.7853981633974427279 ) ;
#7828 = CARTESIAN_POINT ( 'NONE',  ( -1.836970198721050149E-16, -1.500000000000031752, -2.499999999999996003 ) ) ;
#7829 = CARTESIAN_POINT ( 'NONE',  ( 2.913201571979834782E-15, -1.039822679593414693E-15, 7.406250000000000888 ) ) ;
#7830 =( BOUNDED_CURVE ( )  B_SPLINE_CURVE ( 2, ( #623, #5141, #5850, #7687, #5189, #2020, #174 ),
 .UNSPECIFIED., .F., .F. ) 
 B_SPLINE_CURVE_WITH_KNOTS ( ( 3, 2, 2, 3 ),
 ( 0.8333333333333332593, 0.8472222222222220989, 0.8611111111111111605, 0.8750000000000000000 ),
 .UNSPECIFIED. ) 
 CURVE ( )  GEOMETRIC_REPRESENTATION_ITEM ( )  RATIONAL_B_SPLINE_CURVE ( ( 1.000000000000001110, 0.8660254037844375974, 1.000000000000000000, 0.8660254037844387076, 1.000000000000000000, 0.8660254037844387076, 1.000000000000000000 ) ) 
 REPRESENTATION_ITEM ( '' )  );
#7831 = EDGE_CURVE ( 'NONE', #7151, #8053, #5973, .T. ) ;
#7832 = EDGE_CURVE ( 'NONE', #5328, #7929, #2194, .T. ) ;
#7833 = CARTESIAN_POINT ( 'NONE',  ( 1.322475605676673771, 0.7635316469341242307, 0.1822916666666708763 ) ) ;
#7834 = CARTESIAN_POINT ( 'NONE',  ( 0.8660254037844431485, 1.500000000000012657, -6.229166666666663410 ) ) ;
#7835 = MANIFOLD_SOLID_BREP ( 'Boss-Extrude1', #2347 ) ;
#7836 = CARTESIAN_POINT ( 'NONE',  ( 1.017788105676672883, 0.5876202367904098667, 0.4791666666666689611 ) ) ;
#7837 = CARTESIAN_POINT ( 'NONE',  ( 0.000000000000000000, 1.590263637062383051, 7.967077405468494966 ) ) ;
#7838 = CARTESIAN_POINT ( 'NONE',  ( -1.017788105676672439, 0.5876202367904116430, -6.416666666666664298 ) ) ;
#7839 = CARTESIAN_POINT ( 'NONE',  ( -0.6785254037844480335, 1.175240473580837053, -0.4583333333333309834 ) ) ;
#7840 = CARTESIAN_POINT ( 'NONE',  ( -0.3980426312550016110, -0.4531220514732899329, 7.406250000000000888 ) ) ;
#7841 = ORIENTED_EDGE ( 'NONE', *, *, #1369, .F. ) ;
#7842 = CARTESIAN_POINT ( 'NONE',  ( 0.000000000000000000, 1.500000000000001776, -3.187499999999998668 ) ) ;
#7843 = CARTESIAN_POINT ( 'NONE',  ( -1.357050807568896511, -1.579447123827527339E-14, 4.625000000000001776 ) ) ;
#7844 = DIRECTION ( 'NONE',  ( -0.000000000000000000, -1.224646799147353207E-16, 1.000000000000000000 ) ) ;
#7845 = CARTESIAN_POINT ( 'NONE',  ( 1.299038105676671773, -0.7500000000000246470, 3.583333333333336590 ) ) ;
#7846 = CARTESIAN_POINT ( 'NONE',  ( 1.322475605676673771, 0.7635316469341252299, -7.786458333333333037 ) ) ;
#7847 = EDGE_LOOP ( 'NONE', ( #7906, #3938, #4249, #2264 ) ) ;
#7848 = CARTESIAN_POINT ( 'NONE',  ( -1.357050807568896511, -1.488364018140942915E-14, -2.812499999999997335 ) ) ;
#7849 = ORIENTED_EDGE ( 'NONE', *, *, #1313, .F. ) ;
#7850 = CARTESIAN_POINT ( 'NONE',  ( -1.870113174931204576E-16, -1.527063293868297311, 6.515625000000004441 ) ) ;
#7851 = CARTESIAN_POINT ( 'NONE',  ( -0.3627101312449336756, -1.263907367903843282, -8.135236518129620009 ) ) ;
#7852 = CARTESIAN_POINT ( 'NONE',  ( -0.3790024250213424040, -1.442739020426466512, 5.554705962232225680 ) ) ;
#7853 = CARTESIAN_POINT ( 'NONE',  ( 0.8660254037844519193, -1.500000000000025091, -5.395833333333331261 ) ) ;
#7854 = CARTESIAN_POINT ( 'NONE',  ( -0.8660254037844506980, -1.500000000000027756, -3.041666666666662966 ) ) ;
#7855 = CARTESIAN_POINT ( 'NONE',  ( 0.000000000000000000, -7.438283133705603770E-16, 8.250000000000000000 ) ) ;
#7856 = CARTESIAN_POINT ( 'NONE',  ( 0.000000000000000000, 1.527063293868265337, 4.296875000000000000 ) ) ;
#7857 = CARTESIAN_POINT ( 'NONE',  ( -0.8816504037844491437, -1.527063293868296201, 1.005208333333333703 ) ) ;
#7858 = CARTESIAN_POINT ( 'NONE',  ( 1.017788105676671995, -0.5876202367904410639, -7.666666666666663410 ) ) ;
#7859 = CARTESIAN_POINT ( 'NONE',  ( -1.763300807568897621, -1.439378146175048856E-14, -6.609374999999995559 ) ) ;
#7860 = CARTESIAN_POINT ( 'NONE',  ( 0.8660254037844442587, 1.500000000000010658, -7.729166666666666075 ) ) ;
#7861 = ORIENTED_EDGE ( 'NONE', *, *, #762, .T. ) ;
#7862 = CARTESIAN_POINT ( 'NONE',  ( -1.439254484199210086E-16, -1.175240473580867029, -4.749999999999997335 ) ) ;
#7863 = CARTESIAN_POINT ( 'NONE',  ( 0.6785254037844490327, 1.175240473580837497, -5.979166666666664298 ) ) ;
#7864 = VERTEX_POINT ( 'NONE', #4957 ) ;
#7865 = CARTESIAN_POINT ( 'NONE',  ( 0.6785254037844490327, 1.175240473580836165, 0.02083333333333580936 ) ) ;
#7866 = CARTESIAN_POINT ( 'NONE',  ( -0.2473912189818748553, -1.535008919672470773, 7.983514249475047286 ) ) ;
#7867 = CARTESIAN_POINT ( 'NONE',  ( -1.017788105676672439, 0.5876202367904108659, 0.1458333333333359239 ) ) ;
#7868 = DIRECTION ( 'NONE',  ( -0.3805870524817673850, -0.9188184237650784958, 0.1045284632676537068 ) ) ;
#7869 = CARTESIAN_POINT ( 'NONE',  ( -1.836970198721050149E-16, -1.500000000000032641, 5.562500000000000000 ) ) ;
#7870 = CARTESIAN_POINT ( 'NONE',  ( 0.000000000000000000, 1.500000000000000888, 2.250000000000003997 ) ) ;
#7871 = CARTESIAN_POINT ( 'NONE',  ( -1.763300807568897621, -1.525103422115363460E-14, 0.3906250000000042744 ) ) ;
#7872 = CARTESIAN_POINT ( 'NONE',  ( 0.2066980920887496742, 1.499053598773149698, 7.596345009431927586 ) ) ;
#7873 = CARTESIAN_POINT ( 'NONE',  ( -1.017788105676672439, 0.5876202367904106438, 1.645833333333335924 ) ) ;
#7874 = CARTESIAN_POINT ( 'NONE',  ( 0.000000000000000000, 1.500000000000001332, -0.2499999999999961697 ) ) ;
#7875 = CARTESIAN_POINT ( 'NONE',  ( -1.439254484199210086E-16, -1.175240473580867029, -5.749999999999997335 ) ) ;
#7876 = CARTESIAN_POINT ( 'NONE',  ( 0.6785254037844490327, 1.175240473580836387, -1.041666666666664298 ) ) ;
#7877 = ADVANCED_FACE ( 'NONE', ( #3579 ), #5012, .F. ) ;
#7878 = EDGE_CURVE ( 'NONE', #4523, #5036, #5710, .T. ) ;
#7879 =( BOUNDED_CURVE ( )  B_SPLINE_CURVE ( 2, ( #3977, #5229, #6024, #5399, #2230, #2685, #6637 ),
 .UNSPECIFIED., .F., .F. ) 
 B_SPLINE_CURVE_WITH_KNOTS ( ( 3, 2, 2, 3 ),
 ( 0.2083333333333335924, 0.2222222222222224042, 0.2361111111111112160, 0.2500000000000000555 ),
 .UNSPECIFIED. ) 
 CURVE ( )  GEOMETRIC_REPRESENTATION_ITEM ( )  RATIONAL_B_SPLINE_CURVE ( ( 0.9999999999999975575, 0.8660254037844410391, 1.000000000000000000, 0.8660254037844385966, 1.000000000000000000, 0.8660254037844380415, 1.000000000000000444 ) ) 
 REPRESENTATION_ITEM ( '' )  );
#7880 = CARTESIAN_POINT ( 'NONE',  ( 0.000000000000000000, -4.376666135837220136E-16, 5.750000000000000000 ) ) ;
#7881 = CIRCLE ( 'NONE', #4276, 1.590263637062382607 ) ;
#7882 = ORIENTED_EDGE ( 'NONE', *, *, #1766, .T. ) ;
#7883 =( BOUNDED_CURVE ( )  B_SPLINE_CURVE ( 3, ( #2585, #2541, #649, #5663 ),
 .UNSPECIFIED., .F., .F. ) 
 B_SPLINE_CURVE_WITH_KNOTS ( ( 4, 4 ),
 ( 2.946332657651817843, 3.336852649527767944 ),
 .UNSPECIFIED. ) 
 CURVE ( )  GEOMETRIC_REPRESENTATION_ITEM ( )  RATIONAL_B_SPLINE_CURVE ( ( 1.000000000000000000, 0.9873315052531760339, 0.9873315052531760339, 1.000000000000000000 ) ) 
 REPRESENTATION_ITEM ( '' )  );
#7884 = CARTESIAN_POINT ( 'NONE',  ( -0.4531220514732847149, 0.3980426312550053858, 7.406250000000000888 ) ) ;
#7885 = B_SPLINE_CURVE_WITH_KNOTS ( 'NONE', 3,
 ( #2819, #4023, #5405, #7941 ),
 .UNSPECIFIED., .F., .F.,
 ( 4, 4 ),
 ( 0.000000000000000000, 0.0001154157762592058188 ),
 .UNSPECIFIED. ) ;
#7886 = CARTESIAN_POINT ( 'NONE',  ( -1.017788105676672439, -0.5876202367904417301, 4.166666666666669627 ) ) ;
#7887 = CARTESIAN_POINT ( 'NONE',  ( -1.017788105676672439, -0.5876202367904402868, -7.270833333333330373 ) ) ;
#7888 = CONICAL_SURFACE ( 'NONE', #4411, 1.619999999999997220, 0.1047197551196600018 ) ;
#7889 = CARTESIAN_POINT ( 'NONE',  ( 1.763300807568897621, -1.486010879096114518E-14, -6.328124999999999112 ) ) ;
#7890 = EDGE_LOOP ( 'NONE', ( #989, #4605, #5617 ) ) ;
#7891 = CARTESIAN_POINT ( 'NONE',  ( -0.6785254037844485886, -1.175240473580867029, -2.729166666666663410 ) ) ;
#7892 = EDGE_LOOP ( 'NONE', ( #2996, #1038, #6164, #8018 ) ) ;
#7893 = CARTESIAN_POINT ( 'NONE',  ( 0.000000000000000000, 1.527063293868264893, 8.765625000000003553 ) ) ;
#7894 = CYLINDRICAL_SURFACE ( 'NONE', #2414, 1.500000000000000888 ) ;
#7895 = CARTESIAN_POINT ( 'NONE',  ( -0.3802971054018233210, 1.377556521815254786, 5.381214482109723640 ) ) ;
#7896 = CARTESIAN_POINT ( 'NONE',  ( -1.524207146240224242, 0.1474052775258875292, 7.406250000000000888 ) ) ;
#7897 = LINE ( 'NONE', #7935, #2882 ) ;
#7898 = DIRECTION ( 'NONE',  ( -0.000000000000000000, -1.224646799147353207E-16, 1.000000000000000000 ) ) ;
#7899 = CARTESIAN_POINT ( 'NONE',  ( -0.8816504037844491437, -1.527063293868296867, 6.005208333333332149 ) ) ;
#7900 = CARTESIAN_POINT ( 'NONE',  ( -0.8816504037844491437, -1.527063293868296201, 0.5052083333333335924 ) ) ;
#7901 = CARTESIAN_POINT ( 'NONE',  ( 0.6785254037844490327, 1.175240473580837275, -7.541666666666664298 ) ) ;
#7902 = CARTESIAN_POINT ( 'NONE',  ( 0.8816504037844482555, -1.527063293868296423, -5.442708333333329485 ) ) ;
#7903 = ORIENTED_EDGE ( 'NONE', *, *, #6941, .T. ) ;
#7904 = CARTESIAN_POINT ( 'NONE',  ( 0.000000000000000000, 1.500000000000001998, -5.687499999999998224 ) ) ;
#7905 = CARTESIAN_POINT ( 'NONE',  ( -1.017788105676672439, -0.5876202367904405088, -5.770833333333331261 ) ) ;
#7906 = ORIENTED_EDGE ( 'NONE', *, *, #3945, .F. ) ;
#7907 = CARTESIAN_POINT ( 'NONE',  ( -1.357050807568896511, -1.549596358098310489E-14, 2.187500000000002665 ) ) ;
#7908 = CARTESIAN_POINT ( 'NONE',  ( 0.000000000000000000, 1.175240473580836387, 4.000000000000001776 ) ) ;
#7909 = CARTESIAN_POINT ( 'NONE',  ( -0.6785254037844485886, -1.175240473580867473, -0.2291666666666639651 ) ) ;
#7910 = CARTESIAN_POINT ( 'NONE',  ( -0.8660254037844524744, -1.500000000000025091, 5.520833333333332149 ) ) ;
#7911 = CARTESIAN_POINT ( 'NONE',  ( 0.2358143114672162921, -1.561949897604145043, 7.970962413964580939 ) ) ;
#7912 = CARTESIAN_POINT ( 'NONE',  ( 0.5181173504688747489, 0.4612122490825861787, 8.198166147663304315 ) ) ;
#7913 = CARTESIAN_POINT ( 'NONE',  ( -1.870113174931204576E-16, -1.527063293868296423, -0.4843749999999956701 ) ) ;
#7914 =( BOUNDED_CURVE ( )  B_SPLINE_CURVE ( 2, ( #2812, #5849, #747, #3346, #1566, #3259, #6556 ),
 .UNSPECIFIED., .F., .F. ) 
 B_SPLINE_CURVE_WITH_KNOTS ( ( 3, 2, 2, 3 ),
 ( 0.000000000000000000, 0.01388888888888882046, 0.02777777777777774848, 0.04166666666666656721 ),
 .UNSPECIFIED. ) 
 CURVE ( )  GEOMETRIC_REPRESENTATION_ITEM ( )  RATIONAL_B_SPLINE_CURVE ( ( 1.000000000000000000, 0.8660254037844387076, 1.000000000000000000, 0.8660254037844387076, 1.000000000000000000, 0.8660254037844392627, 0.9999999999999994449 ) ) 
 REPRESENTATION_ITEM ( '' )  );
#7915 = CARTESIAN_POINT ( 'NONE',  ( -1.017788105676672439, -0.5876202367904415080, 2.666666666666668739 ) ) ;
#7916 = CARTESIAN_POINT ( 'NONE',  ( 0.6785254037844490327, 1.175240473580835943, 2.520833333333335702 ) ) ;
#7917 = CARTESIAN_POINT ( 'NONE',  ( -1.017788105676672439, 0.5876202367904104218, 4.145833333333335702 ) ) ;
#7918 = CARTESIAN_POINT ( 'NONE',  ( 1.017788105676671995, -0.5876202367904412860, -5.666666666666663410 ) ) ;
#7919 = CARTESIAN_POINT ( 'NONE',  ( 1.357050807568896511, -1.548391325427682971E-14, -0.6249999999999975575 ) ) ;
#7920 = CARTESIAN_POINT ( 'NONE',  ( -0.5251542044367961681, -0.3682059365705845910, 7.406250000000000888 ) ) ;
#7921 = VERTEX_POINT ( 'NONE', #776 ) ;
#7922 = EDGE_CURVE ( 'NONE', #3540, #349, #1815, .T. ) ;
#7923 = CARTESIAN_POINT ( 'NONE',  ( -0.1867183014945854036, -1.020989215107071191, 7.406250000000000888 ) ) ;
#7924 = CARTESIAN_POINT ( 'NONE',  ( -1.439254484199210086E-16, -1.175240473580867695, 3.250000000000002220 ) ) ;
#7925 = CARTESIAN_POINT ( 'NONE',  ( -0.6785254037844485886, -1.175240473580866585, -7.729166666666664298 ) ) ;
#7926 = CARTESIAN_POINT ( 'NONE',  ( -1.870113174931204576E-16, -1.527063293868296867, 2.046875000000000000 ) ) ;
#7927 = ORIENTED_EDGE ( 'NONE', *, *, #8163, .F. ) ;
#7928 = CARTESIAN_POINT ( 'NONE',  ( 0.6785254037844478114, -1.175240473580867473, -2.645833333333330373 ) ) ;
#7929 = VERTEX_POINT ( 'NONE', #6371 ) ;
#7930 = CARTESIAN_POINT ( 'NONE',  ( 0.000000000000000000, 1.175240473580836387, 4.062500000000001776 ) ) ;
#7931 = LINE ( 'NONE', #2681, #3073 ) ;
#7932 = EDGE_CURVE ( 'NONE', #5860, #6400, #1392, .T. ) ;
#7933 = CARTESIAN_POINT ( 'NONE',  ( -0.9609782536090876182, 0.2712414087855176681, 8.140750377164774676 ) ) ;
#7934 = LINE ( 'NONE', #2852, #2757 ) ;
#7935 = CARTESIAN_POINT ( 'NONE',  ( 1.836970198721030920E-16, 1.500000000000000222, 8.250000000000000000 ) ) ;
#7936 = DIRECTION ( 'NONE',  ( 0.000000000000000000, 0.000000000000000000, -1.000000000000000000 ) ) ;
#7937 = CARTESIAN_POINT ( 'NONE',  ( -1.763300807568897621, -1.605088166184674932E-14, 6.921875000000000000 ) ) ;
#7938 = CARTESIAN_POINT ( 'NONE',  ( 0.8816504037844494768, 1.527063293868265781, -1.244791666666666297 ) ) ;
#7939 = CARTESIAN_POINT ( 'NONE',  ( -0.6785254037844480335, 1.175240473580837497, -7.458333333333330373 ) ) ;
#7940 = CARTESIAN_POINT ( 'NONE',  ( -0.8816504037844485886, 1.527063293868266447, -4.192708333333328596 ) ) ;
#7941 = CARTESIAN_POINT ( 'NONE',  ( -1.036004162901803749, -0.2622035415152676463, 8.124444084471209138 ) ) ;
#7942 = ORIENTED_EDGE ( 'NONE', *, *, #4347, .T. ) ;
#7943 = DIRECTION ( 'NONE',  ( -0.000000000000000000, -1.224646799147353207E-16, 1.000000000000000000 ) ) ;
#7944 = CARTESIAN_POINT ( 'NONE',  ( -1.017788105676672439, -0.5876202367904403978, -6.770833333333330373 ) ) ;
#7945 = ORIENTED_EDGE ( 'NONE', *, *, #4509, .T. ) ;
#7946 = CARTESIAN_POINT ( 'NONE',  ( -1.017788105676672439, -0.5876202367904412860, 0.7291666666666691832 ) ) ;
#7947 = CARTESIAN_POINT ( 'NONE',  ( 0.000000000000000000, 1.175240473580836387, 3.500000000000002220 ) ) ;
#7948 = VECTOR ( 'NONE', #7434, 1000.000000000000000 ) ;
#7949 = CARTESIAN_POINT ( 'NONE',  ( -0.6785254037844485886, -1.175240473580867251, -1.229166666666664298 ) ) ;
#7950 = AXIS2_PLACEMENT_3D ( 'NONE', #3724, #4901, #4237 ) ;
#7951 = CARTESIAN_POINT ( 'NONE',  ( -0.1474052775258248293, 1.524207146240230681, 7.406250000000000888 ) ) ;
#7952 = CARTESIAN_POINT ( 'NONE',  ( 1.299038105676672883, 0.7499999999999920064, -1.770833333333332149 ) ) ;
#7953 = CARTESIAN_POINT ( 'NONE',  ( -1.322475605676673105, -0.7635316469341553169, -1.567708333333329040 ) ) ;
#7954 = CARTESIAN_POINT ( 'NONE',  ( -1.357050807568896511, -1.561077421840317067E-14, 3.125000000000002220 ) ) ;
#7955 = CARTESIAN_POINT ( 'NONE',  ( 1.357050807568896511, -1.530021623440472699E-14, -2.124999999999997335 ) ) ;
#7956 = CARTESIAN_POINT ( 'NONE',  ( 1.327848052603344264, 0.3856422801747295681, 5.280192216712864095 ) ) ;
#7957 = CARTESIAN_POINT ( 'NONE',  ( 1.017788105676671995, -0.5876202367904411750, -7.166666666666664298 ) ) ;
#7958 = CIRCLE ( 'NONE', #5432, 1.531318301494580369 ) ;
#7959 = CARTESIAN_POINT ( 'NONE',  ( 1.017788105676671995, -0.5876202367904420631, 0.8333333333333357018 ) ) ;
#7960 =( BOUNDED_CURVE ( )  B_SPLINE_CURVE ( 2, ( #1762, #537, #4294, #5554, #2386, #6836, #8086 ),
 .UNSPECIFIED., .F., .F. ) 
 B_SPLINE_CURVE_WITH_KNOTS ( ( 3, 2, 2, 3 ),
 ( 0.3750000000000000000, 0.3888888888888888951, 0.4027777777777778456, 0.4166666666666667407 ),
 .UNSPECIFIED. ) 
 CURVE ( )  GEOMETRIC_REPRESENTATION_ITEM ( )  RATIONAL_B_SPLINE_CURVE ( ( 1.000000000000000000, 0.8660254037844387076, 1.000000000000000000, 0.8660254037844387076, 1.000000000000000000, 0.8660254037844375974, 1.000000000000001110 ) ) 
 REPRESENTATION_ITEM ( '' )  );
#7961 = ORIENTED_EDGE ( 'NONE', *, *, #4562, .F. ) ;
#7962 = CARTESIAN_POINT ( 'NONE',  ( -1.357050807568896511, -1.585570357823264097E-14, 5.125000000000002665 ) ) ;
#7963 = CARTESIAN_POINT ( 'NONE',  ( -1.357050807568896511, -1.427131678183575341E-14, -7.812499999999997335 ) ) ;
#7964 = CARTESIAN_POINT ( 'NONE',  ( -0.2470292989821613050, 1.534691860997137836, 7.980070810694635419 ) ) ;
#7965 = VERTEX_POINT ( 'NONE', #3915 ) ;
#7966 = CARTESIAN_POINT ( 'NONE',  ( 1.017788105676672883, 0.5876202367904104218, -4.020833333333330373 ) ) ;
#7967 = EDGE_LOOP ( 'NONE', ( #6918, #4114, #6339, #1216 ) ) ;
#7968 = CARTESIAN_POINT ( 'NONE',  ( -1.870113174931204576E-16, -1.527063293868297533, 8.515625000000003553 ) ) ;
#7969 = CARTESIAN_POINT ( 'NONE',  ( -1.732050807568896511, -1.451624614166522686E-14, -5.624999999999996447 ) ) ;
#7970 = CARTESIAN_POINT ( 'NONE',  ( 0.000000000000000000, 1.500000000000001998, -5.749999999999995559 ) ) ;
#7971 = DIRECTION ( 'NONE',  ( -0.000000000000000000, -1.224646799147353207E-16, 1.000000000000000000 ) ) ;
#7972 = CARTESIAN_POINT ( 'NONE',  ( 1.552342565972939070, -0.2424234256958988643, 7.974050065620840400 ) ) ;
#7973 = CARTESIAN_POINT ( 'NONE',  ( 1.357050807568896511, -1.610389069634517797E-14, 4.437500000000001776 ) ) ;
#7974 = CARTESIAN_POINT ( 'NONE',  ( -1.322475605676673105, -0.7635316469341565382, 7.463541666666666963 ) ) ;
#7975 = CARTESIAN_POINT ( 'NONE',  ( 1.763300807568897621, -1.565612921040692364E-14, 0.1718750000000005829 ) ) ;
#7976 = EDGE_CURVE ( 'NONE', #3632, #6605, #3243, .T. ) ;
#7977 = SPHERICAL_SURFACE ( 'NONE', #3007, 4.610772840853449850 ) ;
#7978 = EDGE_CURVE ( 'NONE', #6666, #2015, #1345, .T. ) ;
#7979 = EDGE_CURVE ( 'NONE', #7604, #845, #3971, .T. ) ;
#7980 = CARTESIAN_POINT ( 'NONE',  ( 1.763300807568897621, -1.503997878958591164E-14, -4.859374999999996447 ) ) ;
#7981 = CARTESIAN_POINT ( 'NONE',  ( -1.299038105676672217, -0.7500000000000230926, -1.020833333333332149 ) ) ;
#7982 = VERTEX_POINT ( 'NONE', #156 ) ;
#7983 = CARTESIAN_POINT ( 'NONE',  ( -1.299038105676672439, 0.7499999999999938938, -5.104166666666665186 ) ) ;
#7984 = CARTESIAN_POINT ( 'NONE',  ( -1.017788105676672439, 0.5876202367904114210, -4.854166666666663410 ) ) ;
#7985 = ORIENTED_EDGE ( 'NONE', *, *, #2837, .F. ) ;
#7986 = CARTESIAN_POINT ( 'NONE',  ( 1.017788105676672883, 0.5876202367904099777, -0.02083333333333103887 ) ) ;
#7987 = CARTESIAN_POINT ( 'NONE',  ( -1.439254484199210086E-16, -1.175240473580867917, 4.250000000000001776 ) ) ;
#7988 = CARTESIAN_POINT ( 'NONE',  ( 1.357050807568896067, -1.549156729677150223E-14, -0.5624999999999974465 ) ) ;
#7989 = CARTESIAN_POINT ( 'NONE',  ( -0.1979066122514367976, 1.568143934809864914, 7.874741344396805509 ) ) ;
#7990 = CARTESIAN_POINT ( 'NONE',  ( 1.535008919717075315, 0.2473912190327973437, 7.983514249959532627 ) ) ;
#7991 = CARTESIAN_POINT ( 'NONE',  ( 1.763300807568897621, -1.540737282933011708E-14, -1.859374999999995559 ) ) ;
#7992 = CARTESIAN_POINT ( 'NONE',  ( 0.1863564937324994897, 1.480580224213948082, 7.402807629089148911 ) ) ;
#7993 = CARTESIAN_POINT ( 'NONE',  ( -0.6785254037844480335, 1.175240473580837275, -2.958333333333330373 ) ) ;
#7994 = CARTESIAN_POINT ( 'NONE',  ( 0.000000000000000000, 1.175240473580836387, 3.562500000000002220 ) ) ;
#7995 = CARTESIAN_POINT ( 'NONE',  ( -0.6785254037844485886, -1.175240473580866585, -6.791666666666664298 ) ) ;
#7996 = ORIENTED_EDGE ( 'NONE', *, *, #4299, .F. ) ;
#7997 = FACE_OUTER_BOUND ( 'NONE', #1695, .T. ) ;
#7998 = CARTESIAN_POINT ( 'NONE',  ( -0.6785254037844485886, -1.175240473580867695, 5.208333333333335702 ) ) ;
#7999 = DIRECTION ( 'NONE',  ( -0.02078751127481363176, 0.1045058763748857728, 0.9943069954385901354 ) ) ;
#8000 = CARTESIAN_POINT ( 'NONE',  ( 1.561949897604143489, 0.2358143114672205665, 7.970962413964582716 ) ) ;
#8001 = CIRCLE ( 'NONE', #3485, 1.590263637062380164 ) ;
#8002 = ORIENTED_EDGE ( 'NONE', *, *, #6695, .F. ) ;
#8003 = FACE_OUTER_BOUND ( 'NONE', #2011, .T. ) ;
#8004 = VERTEX_POINT ( 'NONE', #7084 ) ;
#8005 = CARTESIAN_POINT ( 'NONE',  ( -1.017788105676672439, 0.5876202367904105328, 3.645833333333335702 ) ) ;
#8006 = CARTESIAN_POINT ( 'NONE',  ( 0.000000000000000000, 1.500000000000000888, 4.312500000000000888 ) ) ;
#8007 = CARTESIAN_POINT ( 'NONE',  ( -1.357050807568896511, -1.500610486132416430E-14, -1.812499999999998002 ) ) ;
#8008 = VECTOR ( 'NONE', #2413, 999.9999999999998863 ) ;
#8009 = LINE ( 'NONE', #6758, #5424 ) ;
#8010 = CARTESIAN_POINT ( 'NONE',  ( 1.357050807568896511, -1.604265835638781355E-14, 3.937500000000001776 ) ) ;
#8011 = CARTESIAN_POINT ( 'NONE',  ( -1.322475605676673105, -0.7635316469341563161, 5.963541666666666963 ) ) ;
#8012 = CARTESIAN_POINT ( 'NONE',  ( -0.8816504037844491437, -1.527063293868296423, 1.505208333333333925 ) ) ;
#8013 = CARTESIAN_POINT ( 'NONE',  ( -1.357050807568896511, -1.438612741925581603E-14, -6.874999999999998224 ) ) ;
#8014 = CARTESIAN_POINT ( 'NONE',  ( 1.763300807568897621, -1.516244346950064994E-14, -3.859374999999996003 ) ) ;
#8015 = CARTESIAN_POINT ( 'NONE',  ( -1.504338258009479068, 0.1802249924001187165, 7.406250000000000888 ) ) ;
#8016 = CARTESIAN_POINT ( 'NONE',  ( 1.299038105676671773, -0.7500000000000234257, -6.916666666666663410 ) ) ;
#8017 = CARTESIAN_POINT ( 'NONE',  ( 0.6785254037844490327, 1.175240473580837053, -4.979166666666663410 ) ) ;
#8018 = ORIENTED_EDGE ( 'NONE', *, *, #4562, .T. ) ;
#8019 = CARTESIAN_POINT ( 'NONE',  ( -1.017788105676672439, 0.5876202367904106438, 2.645833333333336146 ) ) ;
#8020 = CARTESIAN_POINT ( 'NONE',  ( 0.6785254037844478114, -1.175240473580867695, 3.291666666666669183 ) ) ;
#8021 = EDGE_CURVE ( 'NONE', #1241, #1, #7883, .T. ) ;
#8022 = CARTESIAN_POINT ( 'NONE',  ( 1.017788105676672883, 0.5876202367904095336, 2.979166666666669183 ) ) ;
#8023 = CARTESIAN_POINT ( 'NONE',  ( -0.7123315144900463913, -1.304633664717730790, -7.962618001310360683 ) ) ;
#8024 = CARTESIAN_POINT ( 'NONE',  ( 0.2238015188012832946, -1.571416688645961957, 7.968174913599010090 ) ) ;
#8025 = CARTESIAN_POINT ( 'NONE',  ( -0.05496445076863208656, 0.1326959224940233717, 3.624131139626886711 ) ) ;
#8026 = CARTESIAN_POINT ( 'NONE',  ( -0.8816504037844485886, 1.527063293868266003, 0.8072916666666709595 ) ) ;
#8027 = CARTESIAN_POINT ( 'NONE',  ( 1.017788105676671995, -0.5876202367904418411, -1.666666666666664076 ) ) ;
#8028 = ADVANCED_FACE ( 'NONE', ( #74 ), #6083, .F. ) ;
#8029 = CARTESIAN_POINT ( 'NONE',  ( 1.299038105676672883, 0.7499999999999920064, -0.3333333333333293735 ) ) ;
#8030 = CARTESIAN_POINT ( 'NONE',  ( -1.017788105676672439, 0.5876202367904111989, -2.916666666666663854 ) ) ;
#8031 = CARTESIAN_POINT ( 'NONE',  ( 1.322475605676672661, -0.7635316469341555390, -7.869791666666665186 ) ) ;
#8032 = APPROVAL_ROLE ( '' ) ;
#8033 = ORIENTED_EDGE ( 'NONE', *, *, #3901, .T. ) ;
#8034 = FACE_OUTER_BOUND ( 'NONE', #7496, .T. ) ;
#8035 = CARTESIAN_POINT ( 'NONE',  ( -1.017788105676672439, 0.5876202367904100887, 7.083333333333335702 ) ) ;
#8036 = CARTESIAN_POINT ( 'NONE',  ( -1.439254484199210086E-16, -1.175240473580867029, -5.687499999999997335 ) ) ;
#8037 = CARTESIAN_POINT ( 'NONE',  ( -0.1966617905629925445, 1.489937016748777987, 7.500855978943536506 ) ) ;
#8038 = ORIENTED_EDGE ( 'NONE', *, *, #4508, .T. ) ;
#8039 = LINE ( 'NONE', #1137, #5676 ) ;
#8040 = VERTEX_POINT ( 'NONE', #5425 ) ;
#8041 = CARTESIAN_POINT ( 'NONE',  ( 0.6785254037844490327, 1.175240473580835721, 4.520833333333335702 ) ) ;
#8042 = DIRECTION ( 'NONE',  ( 0.9188184237650771635, -0.3805870524817706602, -0.1045284632676538455 ) ) ;
#8043 = CARTESIAN_POINT ( 'NONE',  ( 0.000000000000000000, 1.500000000000001332, -0.6874999999999986677 ) ) ;
#8044 = CARTESIAN_POINT ( 'NONE',  ( 1.017788105676672883, 0.5876202367904093116, 4.979166666666668739 ) ) ;
#8045 = CARTESIAN_POINT ( 'NONE',  ( -0.8816504037844491437, -1.527063293868296867, 6.505208333333333925 ) ) ;
#8046 = CARTESIAN_POINT ( 'NONE',  ( 0.000000000000000000, 1.500000000000002220, -7.187499999999998224 ) ) ;
#8047 = CARTESIAN_POINT ( 'NONE',  ( -0.6785254037844485886, -1.175240473580866807, -4.791666666666665186 ) ) ;
#8048 = CARTESIAN_POINT ( 'NONE',  ( -0.6785254037844485886, -1.175240473580866585, -8.229166666666664298 ) ) ;
#8049 = CARTESIAN_POINT ( 'NONE',  ( -0.9234006816096638204, 1.004724358462450562, 5.229914344986578811 ) ) ;
#8050 = CARTESIAN_POINT ( 'NONE',  ( 0.000000000000000000, 1.527063293868265559, 2.765625000000003997 ) ) ;
#8051 = CARTESIAN_POINT ( 'NONE',  ( -1.439254484199210086E-16, -1.175240473580867029, -4.687499999999997335 ) ) ;
#8052 = CARTESIAN_POINT ( 'NONE',  ( -1.017788105676672439, 0.5876202367904109769, -1.416666666666664076 ) ) ;
#8053 = VERTEX_POINT ( 'NONE', #2875 ) ;
#8054 = DIRECTION ( 'NONE',  ( 1.224646799147353207E-16, 1.000000000000000000, 0.000000000000000000 ) ) ;
#8055 = CARTESIAN_POINT ( 'NONE',  ( -1.017788105676672439, 0.5876202367904105328, 3.583333333333335702 ) ) ;
#8056 = CARTESIAN_POINT ( 'NONE',  ( 1.017788105676671995, -0.5876202367904420631, 0.8958333333333357018 ) ) ;
#8057 = CARTESIAN_POINT ( 'NONE',  ( -1.420490431240681417, -0.2494841088402509066, -8.007495894722197249 ) ) ;
#8058 = CARTESIAN_POINT ( 'NONE',  ( 0.000000000000000000, 1.500000000000001998, -5.187499999999998224 ) ) ;
#8059 = CARTESIAN_POINT ( 'NONE',  ( -1.836970198721050149E-16, -1.500000000000031974, 3.665958595716611867E-15 ) ) ;
#8060 = CIRCLE ( 'NONE', #1560, 4.606075864237157980 ) ;
#8061 = TOROIDAL_SURFACE ( 'NONE', #117, 2.816358005589995717, 0.1499999999999996891 ) ;
#8062 = CARTESIAN_POINT ( 'NONE',  ( 1.322475605676672661, -0.7635316469341568713, 2.598958333333337478 ) ) ;
#8063 = CARTESIAN_POINT ( 'NONE',  ( -0.1741350313372163894, -1.511934972212401140, 7.406250000000000888 ) ) ;
#8064 = CARTESIAN_POINT ( 'NONE',  ( 1.017788105676672883, 0.5876202367904100887, -1.083333333333330817 ) ) ;
#8065 = FACE_OUTER_BOUND ( 'NONE', #7847, .T. ) ;
#8066 = CARTESIAN_POINT ( 'NONE',  ( 0.1474052775258354875, -1.524207146240230903, 7.406250000000000888 ) ) ;
#8067 = CARTESIAN_POINT ( 'NONE',  ( -1.534691860997135837, -0.2470292989821782637, 7.980070810694635419 ) ) ;
#8068 = EDGE_CURVE ( 'NONE', #3895, #1734, #7751, .T. ) ;
#8069 = EDGE_CURVE ( 'NONE', #1115, #1328, #4000, .T. ) ;
#8070 = ORIENTED_EDGE ( 'NONE', *, *, #5343, .F. ) ;
#8071 = VECTOR ( 'NONE', #5658, 1000.000000000000000 ) ;
#8072 = VECTOR ( 'NONE', #2116, 1000.000000000000114 ) ;
#8073 = CARTESIAN_POINT ( 'NONE',  ( 1.836970198721030920E-16, 1.500000000000000222, 8.250000000000000000 ) ) ;
#8074 = CARTESIAN_POINT ( 'NONE',  ( -1.017788105676672439, 0.5876202367904103108, 5.083333333333335702 ) ) ;
#8075 = CARTESIAN_POINT ( 'NONE',  ( -1.357050807568896511, -1.463871082157995885E-14, -4.812499999999998224 ) ) ;
#8076 = DIRECTION ( 'NONE',  ( 0.000000000000000000, 0.000000000000000000, 1.000000000000000000 ) ) ;
#8077 = ORIENTED_EDGE ( 'NONE', *, *, #6003, .T. ) ;
#8078 = CARTESIAN_POINT ( 'NONE',  ( 0.1575495245399214927, 1.522273161123903762, 7.406250000000000888 ) ) ;
#8079 = ORIENTED_EDGE ( 'NONE', *, *, #7258, .F. ) ;
#8080 =( BOUNDED_SURFACE ( )  B_SPLINE_SURFACE ( 1, 2, ( 
 ( #880, #958, #259, #7228, #3981, #3351, #6521, #3436, #3391, #6028, #4775, #1491, #6065, #5899, #839, #998, #3513, #1531, #2731, #343, #7858, #5403, #4063, #7901, #6597, #7939, #382, #2235, #919, #7145, #4108, #5443, #4602, #1452, #7271, #5986, #1572, #538, #1144, #8013, #6720, #4297, #7503, #6837, #6879, #4965, #3711, #3553, #1107, #1034, #4886, #4337, #3043, #458, #3664, #2311, #4849, #1071, #4812, #3083, #6105, #420, #4185, #576, #2967, #5557, #5592, #1728, #7391, #7468, #1186, #8087, #1798, #2387, #6258, #6219, #5635, #2932, #1653, #3587, #4926, #2276, #2426, #2346, #7354, #6141, #4259, #5478, #5515, #8047, #1689, #4225, #7431, #6761, #8122, #6799, #1763, #3626, #6179, #493, #3004, #1224, #7004, #6292, #120, #7049, #2633, #2548, #6959, #5179, #615, #2010, #3121, #3921, #3167, #8159, #1354, #5001, #5131, #6917, #7717, #7091, #697, #3750, #5671, #8203, #4548, #7583, #3836, #3250, #1265, #1309, #1838, #7629, #2504, #3879, #5044, #3208, #5716, #6423, #7544, #1880, #7676, #4420, #3791 ),
 ( #1396, #4376, #6331, #1972, #739, #6463, #6377, #657, #38, #5089, #1924, #4461, #5797, #782, #5757, #81, #3296, #2461, #2591, #4504, #8031, #1518, #7846, #6015, #3420, #5927, #2138, #7132, #6508, #4243, #3378, #2180, #827, #5499, #4008, #5841, #5883, #1090, #7174, #2094, #6780, #2845, #3967, #1557, #5349, #7759, #2051, #245, #1710, #4047, #205, #5219, #6585, #5975, #164, #2761, #3335, #7889, #903, #290, #6548, #2805, #2716, #5261, #5310, #4676, #4718, #1438, #2673, #946, #330, #2332, #7216, #4589, #7254, #4091, #6629, #7798, #3464, #4632, #1480, #866, #4866, #7411, #7525, #3650, #2990, #4363, #1207, #7612, #1170, #1748, #5655, #1824, #6903, #1784, #3734, #6200, #6821, #3694, #560, #2488, #4908, #6163, #6943, #6315, #3152, #3064, #1906, #4986, #1863, #8143, #4281, #6277, #520, #2448, #1129, #3774, #5028, #639, #6241, #2409, #5702, #3027, #24, #5578, #4444, #6861, #3609, #7570, #477, #599, #2371, #2532, #5071, #3107, #7451, #8106, #4950, #6987, #7490, #8185, #1248, #4321, #4400 ) ),
 .UNSPECIFIED., .F., .F., .F. ) 
 B_SPLINE_SURFACE_WITH_KNOTS ( ( 2, 2 ),
 ( 3, 2, 2, 2, 2, 2, 2, 2, 2, 2, 2, 2, 2, 2, 2, 2, 2, 2, 2, 2, 2, 2, 2, 2, 2, 2, 2, 2, 2, 2, 2, 2, 2, 2, 2, 2, 2, 2, 2, 2, 2, 2, 2, 2, 2, 2, 2, 2, 2, 2, 2, 2, 2, 2, 2, 2, 2, 2, 2, 2, 2, 2, 2, 2, 2, 2, 2, 2, 2, 2, 2, 2, 3 ),
 ( 0.000000000000000000, 1.000000000000000000 ),
 ( 0.000000000000000000, 0.01388888888888888812, 0.02777777777777777624, 0.04166666666666666435, 0.05555555555555555247, 0.06944444444444444753, 0.08333333333333332871, 0.09722222222222222376, 0.1111111111111111049, 0.1250000000000000000, 0.1388888888888888951, 0.1527777777777777901, 0.1666666666666666574, 0.1805555555555555525, 0.1944444444444444475, 0.2083333333333333426, 0.2222222222222222099, 0.2361111111111111049, 0.2500000000000000000, 0.2638888888888888951, 0.2777777777777777901, 0.2916666666666666852, 0.3055555555555555802, 0.3194444444444444198, 0.3333333333333333148, 0.3472222222222222099, 0.3611111111111111049, 0.3750000000000000000, 0.3888888888888888951, 0.4027777777777777901, 0.4166666666666666852, 0.4305555555555555802, 0.4444444444444444198, 0.4583333333333333148, 0.4722222222222222099, 0.4861111111111111049, 0.5000000000000000000, 0.5138888888888888395, 0.5277777777777777901, 0.5416666666666666297, 0.5555555555555555802, 0.5694444444444444198, 0.5833333333333333703, 0.5972222222222222099, 0.6111111111111111605, 0.6250000000000000000, 0.6388888888888888395, 0.6527777777777777901, 0.6666666666666666297, 0.6805555555555555802, 0.6944444444444444198, 0.7083333333333333703, 0.7222222222222222099, 0.7361111111111111605, 0.7500000000000000000, 0.7638888888888888395, 0.7777777777777777901, 0.7916666666666666297, 0.8055555555555555802, 0.8194444444444444198, 0.8333333333333333703, 0.8472222222222222099, 0.8611111111111111605, 0.8750000000000000000, 0.8888888888888888395, 0.9027777777777777901, 0.9166666666666666297, 0.9305555555555555802, 0.9444444444444444198, 0.9583333333333333703, 0.9722222222222222099, 0.9861111111111111605, 1.000000000000000000 ),
 .UNSPECIFIED. ) 
 GEOMETRIC_REPRESENTATION_ITEM ( )  RATIONAL_B_SPLINE_SURFACE ( (
 ( 1.000000000000000000, 0.8660254037844387076, 1.000000000000000000, 0.8660254037844387076, 1.000000000000000000, 0.8660254037844387076, 1.000000000000000000, 0.8660254037844387076, 1.000000000000000000, 0.8660254037844387076, 1.000000000000000000, 0.8660254037844387076, 1.000000000000000000, 0.8660254037844387076, 1.000000000000000000, 0.8660254037844387076, 1.000000000000000000, 0.8660254037844387076, 1.000000000000000000, 0.8660254037844387076, 1.000000000000000000, 0.8660254037844387076, 1.000000000000000000, 0.8660254037844387076, 1.000000000000000000, 0.8660254037844387076, 1.000000000000000000, 0.8660254037844387076, 1.000000000000000000, 0.8660254037844387076, 1.000000000000000000, 0.8660254037844387076, 1.000000000000000000, 0.8660254037844387076, 1.000000000000000000, 0.8660254037844387076, 1.000000000000000000, 0.8660254037844387076, 1.000000000000000000, 0.8660254037844387076, 1.000000000000000000, 0.8660254037844387076, 1.000000000000000000, 0.8660254037844387076, 1.000000000000000000, 0.8660254037844387076, 1.000000000000000000, 0.8660254037844387076, 1.000000000000000000, 0.8660254037844387076, 1.000000000000000000, 0.8660254037844387076, 1.000000000000000000, 0.8660254037844387076, 1.000000000000000000, 0.8660254037844387076, 1.000000000000000000, 0.8660254037844387076, 1.000000000000000000, 0.8660254037844387076, 1.000000000000000000, 0.8660254037844387076, 1.000000000000000000, 0.8660254037844387076, 1.000000000000000000, 0.8660254037844387076, 1.000000000000000000, 0.8660254037844387076, 1.000000000000000000, 0.8660254037844387076, 1.000000000000000000, 0.8660254037844387076, 1.000000000000000000, 0.8660254037844387076, 1.000000000000000000, 0.8660254037844387076, 1.000000000000000000, 0.8660254037844387076, 1.000000000000000000, 0.8660254037844387076, 1.000000000000000000, 0.8660254037844387076, 1.000000000000000000, 0.8660254037844387076, 1.000000000000000000, 0.8660254037844387076, 1.000000000000000000, 0.8660254037844387076, 1.000000000000000000, 0.8660254037844387076, 1.000000000000000000, 0.8660254037844387076, 1.000000000000000000, 0.8660254037844387076, 1.000000000000000000, 0.8660254037844387076, 1.000000000000000000, 0.8660254037844387076, 1.000000000000000000, 0.8660254037844387076, 1.000000000000000000, 0.8660254037844387076, 1.000000000000000000, 0.8660254037844387076, 1.000000000000000000, 0.8660254037844387076, 1.000000000000000000, 0.8660254037844387076, 1.000000000000000000, 0.8660254037844387076, 1.000000000000000000, 0.8660254037844387076, 1.000000000000000000, 0.8660254037844387076, 1.000000000000000000, 0.8660254037844387076, 1.000000000000000000, 0.8660254037844387076, 1.000000000000000000, 0.8660254037844387076, 1.000000000000000000, 0.8660254037844387076, 1.000000000000000000, 0.8660254037844387076, 1.000000000000000000, 0.8660254037844387076, 1.000000000000000000, 0.8660254037844387076, 1.000000000000000000, 0.8660254037844387076, 1.000000000000000000, 0.8660254037844387076, 1.000000000000000000, 0.8660254037844387076, 1.000000000000000000, 0.8660254037844387076, 1.000000000000000000, 0.8660254037844387076, 1.000000000000000000, 0.8660254037844387076, 1.000000000000000000, 0.8660254037844387076, 1.000000000000000000, 0.8660254037844387076, 1.000000000000000000),
 ( 1.000000000000000000, 0.8660254037844387076, 1.000000000000000000, 0.8660254037844387076, 1.000000000000000000, 0.8660254037844387076, 1.000000000000000000, 0.8660254037844387076, 1.000000000000000000, 0.8660254037844387076, 1.000000000000000000, 0.8660254037844387076, 1.000000000000000000, 0.8660254037844387076, 1.000000000000000000, 0.8660254037844387076, 1.000000000000000000, 0.8660254037844387076, 1.000000000000000000, 0.8660254037844387076, 1.000000000000000000, 0.8660254037844387076, 1.000000000000000000, 0.8660254037844387076, 1.000000000000000000, 0.8660254037844387076, 1.000000000000000000, 0.8660254037844387076, 1.000000000000000000, 0.8660254037844387076, 1.000000000000000000, 0.8660254037844387076, 1.000000000000000000, 0.8660254037844387076, 1.000000000000000000, 0.8660254037844387076, 1.000000000000000000, 0.8660254037844387076, 1.000000000000000000, 0.8660254037844387076, 1.000000000000000000, 0.8660254037844387076, 1.000000000000000000, 0.8660254037844387076, 1.000000000000000000, 0.8660254037844387076, 1.000000000000000000, 0.8660254037844387076, 1.000000000000000000, 0.8660254037844387076, 1.000000000000000000, 0.8660254037844387076, 1.000000000000000000, 0.8660254037844387076, 1.000000000000000000, 0.8660254037844387076, 1.000000000000000000, 0.8660254037844387076, 1.000000000000000000, 0.8660254037844387076, 1.000000000000000000, 0.8660254037844387076, 1.000000000000000000, 0.8660254037844387076, 1.000000000000000000, 0.8660254037844387076, 1.000000000000000000, 0.8660254037844387076, 1.000000000000000000, 0.8660254037844387076, 1.000000000000000000, 0.8660254037844387076, 1.000000000000000000, 0.8660254037844387076, 1.000000000000000000, 0.8660254037844387076, 1.000000000000000000, 0.8660254037844387076, 1.000000000000000000, 0.8660254037844387076, 1.000000000000000000, 0.8660254037844387076, 1.000000000000000000, 0.8660254037844387076, 1.000000000000000000, 0.8660254037844387076, 1.000000000000000000, 0.8660254037844387076, 1.000000000000000000, 0.8660254037844387076, 1.000000000000000000, 0.8660254037844387076, 1.000000000000000000, 0.8660254037844387076, 1.000000000000000000, 0.8660254037844387076, 1.000000000000000000, 0.8660254037844387076, 1.000000000000000000, 0.8660254037844387076, 1.000000000000000000, 0.8660254037844387076, 1.000000000000000000, 0.8660254037844387076, 1.000000000000000000, 0.8660254037844387076, 1.000000000000000000, 0.8660254037844387076, 1.000000000000000000, 0.8660254037844387076, 1.000000000000000000, 0.8660254037844387076, 1.000000000000000000, 0.8660254037844387076, 1.000000000000000000, 0.8660254037844387076, 1.000000000000000000, 0.8660254037844387076, 1.000000000000000000, 0.8660254037844387076, 1.000000000000000000, 0.8660254037844387076, 1.000000000000000000, 0.8660254037844387076, 1.000000000000000000, 0.8660254037844387076, 1.000000000000000000, 0.8660254037844387076, 1.000000000000000000, 0.8660254037844387076, 1.000000000000000000, 0.8660254037844387076, 1.000000000000000000, 0.8660254037844387076, 1.000000000000000000, 0.8660254037844387076, 1.000000000000000000, 0.8660254037844387076, 1.000000000000000000, 0.8660254037844387076, 1.000000000000000000, 0.8660254037844387076, 1.000000000000000000, 0.8660254037844387076, 1.000000000000000000) ) ) 
 REPRESENTATION_ITEM ( '' )  SURFACE ( )  );
#8081 = CARTESIAN_POINT ( 'NONE',  ( 1.017788105676671995, -0.5876202367904426183, 4.895833333333335702 ) ) ;
#8082 = CARTESIAN_POINT ( 'NONE',  ( 1.299038105676672883, 0.7499999999999913403, 4.229166666666667851 ) ) ;
#8083 = CARTESIAN_POINT ( 'NONE',  ( 1.299038105676671995, -0.7500000000000239808, -2.854166666666666075 ) ) ;
#8084 = CARTESIAN_POINT ( 'NONE',  ( -1.357050807568896511, -1.561842826089784320E-14, 3.187500000000002220 ) ) ;
#8085 = CARTESIAN_POINT ( 'NONE',  ( 0.000000000000000000, 1.500000000000001998, -2.687499999999998668 ) ) ;
#8086 = CARTESIAN_POINT ( 'NONE',  ( 0.000000000000000000, 1.500000000000001776, -4.749999999999996447 ) ) ;
#8087 = CARTESIAN_POINT ( 'NONE',  ( 0.6785254037844490327, 1.175240473580837053, -5.541666666666662522 ) ) ;
#8088 = CARTESIAN_POINT ( 'NONE',  ( 0.8816504037844482555, -1.527063293868296645, -2.442708333333329040 ) ) ;
#8089 = CARTESIAN_POINT ( 'NONE',  ( -1.108026380998668348, -0.9003037612533228984, 5.379959962280953079 ) ) ;
#8090 = CARTESIAN_POINT ( 'NONE',  ( -1.322475605676673105, 0.7635316469341250079, 4.348958333333337478 ) ) ;
#8091 = CARTESIAN_POINT ( 'NONE',  ( 0.6785254037844478114, -1.175240473580867251, -5.145833333333330373 ) ) ;
#8092 = CARTESIAN_POINT ( 'NONE',  ( 0.6785254037844490327, 1.175240473580836387, -1.541666666666664298 ) ) ;
#8093 = ORIENTED_EDGE ( 'NONE', *, *, #5203, .T. ) ;
#8094 = CARTESIAN_POINT ( 'NONE',  ( -1.017788105676672439, -0.5876202367904415080, 2.729166666666668739 ) ) ;
#8095 = CARTESIAN_POINT ( 'NONE',  ( -1.017788105676672439, -0.5876202367904419521, 6.166666666666669627 ) ) ;
#8096 = CARTESIAN_POINT ( 'NONE',  ( -1.439254484199210086E-16, -1.175240473580867695, 2.312500000000002220 ) ) ;
#8097 = CARTESIAN_POINT ( 'NONE',  ( 0.6785254037844478114, -1.175240473580867695, 0.7916666666666691832 ) ) ;
#8098 = CARTESIAN_POINT ( 'NONE',  ( -0.1876307243844597961, -1.494276865695358447, -7.943223134304584043 ) ) ;
#8099 = CARTESIAN_POINT ( 'NONE',  ( -1.017788105676672439, -0.5876202367904416191, 3.666666666666668739 ) ) ;
#8100 = CARTESIAN_POINT ( 'NONE',  ( 1.763300807568897621, -1.571353452911695811E-14, 0.6406250000000044409 ) ) ;
#8101 = CARTESIAN_POINT ( 'NONE',  ( 1.516811748361100110, -0.2267097614933617222, 7.786743325484763112 ) ) ;
#8102 = CARTESIAN_POINT ( 'NONE',  ( -1.017788105676672439, -0.5876202367904412860, 0.6666666666666691832 ) ) ;
#8103 = CARTESIAN_POINT ( 'NONE',  ( -1.732050807568896955, -1.483006188394673410E-14, -3.062499999999999112 ) ) ;
#8104 = CARTESIAN_POINT ( 'NONE',  ( -1.836970198721050149E-16, -1.500000000000031974, -0.4999999999999963363 ) ) ;
#8105 = CARTESIAN_POINT ( 'NONE',  ( -1.565698917497977405, -0.2324325179827464727, 7.969794681949657011 ) ) ;
#8106 = CARTESIAN_POINT ( 'NONE',  ( -0.8816504037844491437, -1.527063293868295757, -2.994791666666665630 ) ) ;
#8107 = ORIENTED_EDGE ( 'NONE', *, *, #3125, .F. ) ;
#8108 = LINE ( 'NONE', #7453, #133 ) ;
#8109 = CARTESIAN_POINT ( 'NONE',  ( 0.6785254037844490327, 1.175240473580837275, -6.479166666666666075 ) ) ;
#8110 = EDGE_CURVE ( 'NONE', #6382, #607, #7811, .T. ) ;
#8111 = EDGE_CURVE ( 'NONE', #3255, #6911, #5383, .T. ) ;
#8112 = CARTESIAN_POINT ( 'NONE',  ( -0.2731436643961221433, -1.038180288643462346, 8.228532400733666208 ) ) ;
#8113 = EDGE_LOOP ( 'NONE', ( #4919, #1962, #4085, #1397 ) ) ;
#8114 = CARTESIAN_POINT ( 'NONE',  ( 0.9658286437813360381, -0.7999600571131318949, 4.927163377195915572 ) ) ;
#8115 = VERTEX_POINT ( 'NONE', #6579 ) ;
#8116 = CARTESIAN_POINT ( 'NONE',  ( -1.017788105676672439, 0.5876202367904104218, 4.645833333333334814 ) ) ;
#8117 = CARTESIAN_POINT ( 'NONE',  ( -1.836970198721050149E-16, -1.500000000000032196, 2.062500000000000888 ) ) ;
#8118 = CARTESIAN_POINT ( 'NONE',  ( 0.1979066507483031034, -1.568143967638053748, 7.874741701929066195 ) ) ;
#8119 = CARTESIAN_POINT ( 'NONE',  ( -1.357050807568896511, -1.586335762072731349E-14, 5.187500000000000888 ) ) ;
#8120 = DIRECTION ( 'NONE',  ( -0.000000000000000000, -1.224646799147353207E-16, 1.000000000000000000 ) ) ;
#8121 = EDGE_CURVE ( 'NONE', #3379, #7821, #2191, .T. ) ;
#8122 = CARTESIAN_POINT ( 'NONE',  ( 1.017788105676672883, 0.5876202367904105328, -4.583333333333330373 ) ) ;
#8123 = CARTESIAN_POINT ( 'NONE',  ( -1.322475605676673105, 0.7635316469341258960, -2.651041666666661634 ) ) ;
#8124 = DIRECTION ( 'NONE',  ( 0.07992773943613232235, 0.07992773943613276644, -0.9935910189495773537 ) ) ;
#8125 =( BOUNDED_CURVE ( )  B_SPLINE_CURVE ( 2, ( #3137, #3933, #797, #1325, #5688, #752, #5103 ),
 .UNSPECIFIED., .F., .F. ) 
 B_SPLINE_CURVE_WITH_KNOTS ( ( 3, 2, 2, 3 ),
 ( 0.7083333333333331483, 0.7222222222222220989, 0.7361111111111110494, 0.7500000000000000000 ),
 .UNSPECIFIED. ) 
 CURVE ( )  GEOMETRIC_REPRESENTATION_ITEM ( )  RATIONAL_B_SPLINE_CURVE ( ( 1.000000000000002220, 0.8660254037844364872, 1.000000000000000000, 0.8660254037844385966, 1.000000000000000000, 0.8660254037844385966, 1.000000000000000000 ) ) 
 REPRESENTATION_ITEM ( '' )  );
#8126 = CARTESIAN_POINT ( 'NONE',  ( -1.763300807568897621, -1.580212528076994592E-14, 4.890625000000004441 ) ) ;
#8127 = CARTESIAN_POINT ( 'NONE',  ( -0.6785254037844485886, -1.175240473580866807, -4.229166666666664298 ) ) ;
#8128 = CARTESIAN_POINT ( 'NONE',  ( -0.6785254037844480335, 1.175240473580836831, 0.04166666666666901664 ) ) ;
#8129 = ORIENTED_EDGE ( 'NONE', *, *, #7878, .F. ) ;
#8130 = CARTESIAN_POINT ( 'NONE',  ( 1.850071471688088023E-15, 0.2753999999999990345, 8.250000000000000000 ) ) ;
#8131 = CARTESIAN_POINT ( 'NONE',  ( 0.6785254037844490327, 1.175240473580835721, 7.958333333333334814 ) ) ;
#8132 = CARTESIAN_POINT ( 'NONE',  ( -0.6785254037844485886, -1.175240473580867473, 1.270833333333335924 ) ) ;
#8133 = CARTESIAN_POINT ( 'NONE',  ( -1.357050807568896511, -1.530461251861632965E-14, 0.6250000000000023315 ) ) ;
#8134 = CARTESIAN_POINT ( 'NONE',  ( -5.227693047139472931E-14, 1.341506350946114479, -8.095993649053886188 ) ) ;
#8135 = EDGE_CURVE ( 'NONE', #3122, #2905, #2668, .T. ) ;
#8136 = CARTESIAN_POINT ( 'NONE',  ( 0.000000000000000000, -1.500000000000001554, 8.250000000000000000 ) ) ;
#8137 = CARTESIAN_POINT ( 'NONE',  ( -1.836970198721050149E-16, -1.500000000000031530, -4.499999999999996447 ) ) ;
#8138 = ORIENTED_EDGE ( 'NONE', *, *, #6598, .T. ) ;
#8139 = CARTESIAN_POINT ( 'NONE',  ( 0.8816504037844482555, -1.527063293868297311, 1.557291666666671182 ) ) ;
#8140 = CARTESIAN_POINT ( 'NONE',  ( -0.6785254037844480335, 1.175240473580836831, 0.04166666666666901664 ) ) ;
#8141 = CARTESIAN_POINT ( 'NONE',  ( 1.357050807568896511, -1.517775155448999184E-14, -3.124999999999997780 ) ) ;
#8142 = CARTESIAN_POINT ( 'NONE',  ( -1.576622122564783401, -0.2078487863861495089, 7.967077405468494966 ) ) ;
#8143 = CARTESIAN_POINT ( 'NONE',  ( -1.763300807568897621, -1.470377018278465954E-14, -4.078124999999999112 ) ) ;
#8144 = ORIENTED_EDGE ( 'NONE', *, *, #762, .F. ) ;
#8145 = CARTESIAN_POINT ( 'NONE',  ( 0.000000000000000000, 1.175240473580837275, -2.437499999999997335 ) ) ;
#8146 = CARTESIAN_POINT ( 'NONE',  ( 0.5883555573418843831, 0.4314072894756709187, 8.191913363870522602 ) ) ;
#8147 = CARTESIAN_POINT ( 'NONE',  ( -1.357050807568896511, -1.445501380170785613E-14, -6.312499999999997335 ) ) ;
#8148 = CARTESIAN_POINT ( 'NONE',  ( -0.2457639344234841539, 1.544577949440512965, 7.976637958131969519 ) ) ;
#8149 = ORIENTED_EDGE ( 'NONE', *, *, #1640, .F. ) ;
#8150 = DIRECTION ( 'NONE',  ( -7.007674618073068688E-16, -0.9945218953682732899, -0.1045284632676539427 ) ) ;
#8151 = EDGE_CURVE ( 'NONE', #1785, #949, #3244, .T. ) ;
#8152 = ORIENTED_EDGE ( 'NONE', *, *, #1967, .T. ) ;
#8153 = CARTESIAN_POINT ( 'NONE',  ( 1.017788105676672883, 0.5876202367904092005, 5.979166666666668739 ) ) ;
#8154 = CARTESIAN_POINT ( 'NONE',  ( 3.449043816798811158E-16, 2.816358005589994828, 7.098507708920578807 ) ) ;
#8155 = CARTESIAN_POINT ( 'NONE',  ( -1.732050807568896511, -1.457747848162259128E-14, -5.124999999999997335 ) ) ;
#8156 = CARTESIAN_POINT ( 'NONE',  ( -1.017788105676672439, -0.5876202367904420631, 6.729166666666668739 ) ) ;
#8157 = CARTESIAN_POINT ( 'NONE',  ( 0.000000000000000000, 1.500000000000000888, 1.812500000000001332 ) ) ;
#8158 =( BOUNDED_SURFACE ( )  B_SPLINE_SURFACE ( 3, 2, ( 
 ( #1970, #7796, #7716 ),
 ( #2008, #781, #3249 ),
 ( #4630, #163, #3964 ),
 ( #6422, #696, #5839 ) ),
 .UNSPECIFIED., .F., .F., .F. ) 
 B_SPLINE_SURFACE_WITH_KNOTS ( ( 4, 4 ),
 ( 3, 3 ),
 ( 0.001051995562049038617, 0.001638430371242069602 ),
 ( 0.000000000000000000, 1.000000000000000000 ),
 .UNSPECIFIED. ) 
 GEOMETRIC_REPRESENTATION_ITEM ( )  RATIONAL_B_SPLINE_SURFACE ( (
 ( 1.000000000000000000, 0.7553668689636094946, 1.000000000000000000),
 ( 1.000000000000000000, 0.7516316305290515754, 1.000000000000000000),
 ( 1.000000000000000000, 0.7477224900206427272, 1.000000000000000000),
 ( 1.000000000000000000, 0.7436119262819654852, 1.000000000000000000) ) ) 
 REPRESENTATION_ITEM ( '' )  SURFACE ( )  );
#8159 = CARTESIAN_POINT ( 'NONE',  ( 0.6785254037844478114, -1.175240473580867473, -3.708333333333330817 ) ) ;
#8160 = B_SPLINE_CURVE_WITH_KNOTS ( 'NONE', 3,
 ( #1608, #6679, #3509, #994, #2893, #378, #4808, #5439, #4181, #7972, #2269, #7350, #1649, #6716, #1030, #3548 ),
 .UNSPECIFIED., .F., .F.,
 ( 4, 3, 3, 3, 3, 4 ),
 ( 0.000000000000000000, 1.470844003612271182E-05, 2.939417830357420310E-05, 4.442267351837484319E-05, 5.988482598158388837E-05, 6.364891938351266442E-05 ),
 .UNSPECIFIED. ) ;
#8161 = CARTESIAN_POINT ( 'NONE',  ( -1.322475605676673105, -0.7635316469341550949, -4.067708333333328596 ) ) ;
#8162 = CARTESIAN_POINT ( 'NONE',  ( 1.299038105676671773, -0.7500000000000236478, -4.916666666666662522 ) ) ;
#8163 = EDGE_CURVE ( 'NONE', #4192, #5366, #3830, .T. ) ;
#8164 = ADVANCED_FACE ( 'NONE', ( #5874 ), #1823, .T. ) ;
#8165 = CARTESIAN_POINT ( 'NONE',  ( 1.322475605676673771, 0.7635316469341235646, 5.182291666666671404 ) ) ;
#8166 = CARTESIAN_POINT ( 'NONE',  ( -1.439254484199210086E-16, -1.175240473580867251, -2.687499999999997335 ) ) ;
#8167 = CARTESIAN_POINT ( 'NONE',  ( -0.6785254037844480335, 1.175240473580837053, -1.458333333333331039 ) ) ;
#8168 = ORIENTED_EDGE ( 'NONE', *, *, #6791, .T. ) ;
#8169 = CARTESIAN_POINT ( 'NONE',  ( -0.2866551442409738804, -0.9254976877526306378, 8.147054690030635982 ) ) ;
#8170 = CARTESIAN_POINT ( 'NONE',  ( -0.6785254037844485886, -1.175240473580866585, -7.291666666666663410 ) ) ;
#8171 = CARTESIAN_POINT ( 'NONE',  ( -1.017788105676672439, 0.5876202367904100887, 6.583333333333334814 ) ) ;
#8172 = CARTESIAN_POINT ( 'NONE',  ( 1.017788105676672883, 0.5876202367904096446, 2.479166666666669627 ) ) ;
#8173 = CARTESIAN_POINT ( 'NONE',  ( 0.000000000000000000, 1.175240473580836609, 1.500000000000002220 ) ) ;
#8174 =( BOUNDED_CURVE ( )  B_SPLINE_CURVE ( 3, ( #2046, #735, #7669, #3329 ),
 .UNSPECIFIED., .F., .F. ) 
 B_SPLINE_CURVE_WITH_KNOTS ( ( 4, 4 ),
 ( 2.946332657651819620, 3.336852649527770609 ),
 .UNSPECIFIED. ) 
 CURVE ( )  GEOMETRIC_REPRESENTATION_ITEM ( )  RATIONAL_B_SPLINE_CURVE ( ( 1.000000000000000000, 0.9873315052531760339, 0.9873315052531760339, 1.000000000000000000 ) ) 
 REPRESENTATION_ITEM ( '' )  );
#8175 = DIRECTION ( 'NONE',  ( -0.000000000000000000, -1.224646799147353207E-16, 1.000000000000000000 ) ) ;
#8176 = CARTESIAN_POINT ( 'NONE',  ( 0.000000000000000000, 1.500000000000001110, 0.8125000000000014433 ) ) ;
#8177 = CARTESIAN_POINT ( 'NONE',  ( 0.000000000000000000, 1.175240473580837275, -2.468749999999996891 ) ) ;
#8178 = DATE_TIME_ROLE ( 'classification_date' ) ;
#8179 = CARTESIAN_POINT ( 'NONE',  ( 0.000000000000000000, 1.175240473580836609, 3.000000000000002665 ) ) ;
#8180 = CARTESIAN_POINT ( 'NONE',  ( 0.8816504037844482555, -1.527063293868297311, 0.5572916666666711816 ) ) ;
#8181 = CARTESIAN_POINT ( 'NONE',  ( -1.017788105676672439, 0.5876202367904106438, 1.583333333333335924 ) ) ;
#8182 = CARTESIAN_POINT ( 'NONE',  ( 0.000000000000000000, 1.500000000000002220, -6.187499999999997335 ) ) ;
#8183 = CARTESIAN_POINT ( 'NONE',  ( -1.357050807568896511, -1.481475379895738905E-14, -3.374999999999996891 ) ) ;
#8184 = CARTESIAN_POINT ( 'NONE',  ( 1.299038105676673105, 0.7499999999999926725, -4.770833333333332149 ) ) ;
#8185 = CARTESIAN_POINT ( 'NONE',  ( 1.763300807568897621, -1.528873517066271820E-14, -2.828124999999999112 ) ) ;
#8186 = VECTOR ( 'NONE', #138, 1000.000000000000000 ) ;
#8187 = ORIENTED_EDGE ( 'NONE', *, *, #7517, .T. ) ;
#8188 = CARTESIAN_POINT ( 'NONE',  ( -1.357050807568896511, -1.494487252136679673E-14, -2.312499999999997335 ) ) ;
#8189 = CARTESIAN_POINT ( 'NONE',  ( 1.315668471661746608E-16, 0.1867183014945872910, 7.406250000000000888 ) ) ;
#8190 = CARTESIAN_POINT ( 'NONE',  ( -1.017788105676672439, -0.5876202367904405088, -5.770833333333331261 ) ) ;
#8191 = CARTESIAN_POINT ( 'NONE',  ( 0.4347626794466370459, -0.5917109473128541186, 8.233624606597341966 ) ) ;
#8192 = AXIS2_PLACEMENT_3D ( 'NONE', #6956, #2588, #694 ) ;
#8193 = ORIENTED_EDGE ( 'NONE', *, *, #7721, .F. ) ;
#8194 = B_SPLINE_CURVE_WITH_KNOTS ( 'NONE', 3,
 ( #899, #7170, #1514, #4043, #285, #1476 ),
 .UNSPECIFIED., .F., .F.,
 ( 4, 2, 4 ),
 ( 0.000000000000000000, 0.0004592835295906279162, 0.0009185670591812558324 ),
 .UNSPECIFIED. ) ;
#8195 = CARTESIAN_POINT ( 'NONE',  ( -1.560372603634416100, -0.1887742641982068648, 7.789916524429046696 ) ) ;
#8196 = VECTOR ( 'NONE', #2361, 1000.000000000000000 ) ;
#8197 = VERTEX_POINT ( 'NONE', #5967 ) ;
#8198 = CARTESIAN_POINT ( 'NONE',  ( -1.357050807568896511, -1.592458996068468107E-14, 5.687500000000001776 ) ) ;
#8199 = CARTESIAN_POINT ( 'NONE',  ( 0.1576114318128891134, 1.533209921821044652, 7.500855289840673734 ) ) ;
#8200 = CARTESIAN_POINT ( 'NONE',  ( 0.6785254037844478114, -1.175240473580868361, 6.854166666666669627 ) ) ;
#8201 = PLANE ( 'NONE',  #7296 ) ;
#8202 = AXIS2_PLACEMENT_3D ( 'NONE', #4585, #7046, #6581 ) ;
#8203 = CARTESIAN_POINT ( 'NONE',  ( -0.6785254037844485886, -1.175240473580867029, -3.291666666666663854 ) ) ;
#8204 = ORIENTED_EDGE ( 'NONE', *, *, #6950, .F. ) ;
#8205 = CARTESIAN_POINT ( 'NONE',  ( -1.439254484199210086E-16, -1.175240473580867029, -5.687499999999997335 ) ) ;
#8206 = CARTESIAN_POINT ( 'NONE',  ( -1.575981320763139681, 0.2127095426802582123, 7.967077405468494966 ) ) ;
ENDSEC;
END-ISO-10303-21;
