ISO-10303-21;
HEADER;
FILE_DESCRIPTION (( 'STEP AP203' ),
    '1' );
FILE_NAME ('92010A120_Passivated 18-8 Stainless Steel Phillips Flat Head Screw.STEP',
    '2026-01-07T22:43:28',
    ( 'McMaster Carr Supply' ),
    ( 'McMaster Carr Supply' ),
    'SwSTEP 2.0',
    'SolidWorks 2024',
    '' );
FILE_SCHEMA (( 'CONFIG_CONTROL_DESIGN' ));
ENDSEC;

DATA;
#1 =( BOUNDED_CURVE ( )  B_SPLINE_CURVE ( 2, ( #4381, #185, #2642, #1604, #910, #1293, #3594 ),
 .UNSPECIFIED., .F., .F. ) 
 B_SPLINE_CURVE_WITH_KNOTS ( ( 3, 2, 2, 3 ),
 ( 0.8250000000000000666, 0.8333333333333334814, 0.8416666666666667851, 0.8500000000000000888 ),
 .UNSPECIFIED. ) 
 CURVE ( )  GEOMETRIC_REPRESENTATION_ITEM ( )  RATIONAL_B_SPLINE_CURVE ( ( 0.9999999999999982236, 0.8660254037844404840, 1.000000000000000000, 0.8660254037844387076, 1.000000000000000000, 0.8660254037844369313, 1.000000000000001776 ) ) 
 REPRESENTATION_ITEM ( '' )  );
#2 = VERTEX_POINT ( 'NONE', #1011 ) ;
#3 = ORIENTED_EDGE ( 'NONE', *, *, #3720, .F. ) ;
#4 = CARTESIAN_POINT ( 'NONE',  ( -1.017788105676658450, 0.5876202367904155288, -7.454166666666666607 ) ) ;
#5 = CARTESIAN_POINT ( 'NONE',  ( -1.017788105676658672, -0.5876202367904206358, -3.933333333333334014 ) ) ;
#6 = CARTESIAN_POINT ( 'NONE',  ( 0.000000000000000000, 1.500000000000000222, -1.287500000000000977 ) ) ;
#7 = CARTESIAN_POINT ( 'NONE',  ( -0.8660254037844475894, -1.499999999999993561, -3.141666666666666607 ) ) ;
#8 = VERTEX_POINT ( 'NONE', #3629 ) ;
#9 = CARTESIAN_POINT ( 'NONE',  ( 0.000000000000000000, 1.175240473580833722, -2.037500000000000089 ) ) ;
#10 = LINE ( 'NONE', #4077, #2566 ) ;
#11 = CARTESIAN_POINT ( 'NONE',  ( 1.763300807568879858, -3.006633943393169801E-15, 0.07187499999999902300 ) ) ;
#12 = ORIENTED_EDGE ( 'NONE', *, *, #2365, .F. ) ;
#13 = CARTESIAN_POINT ( 'NONE',  ( -1.836970198721033385E-16, -1.500000000000005551, -5.037500000000001421 ) ) ;
#14 = CARTESIAN_POINT ( 'NONE',  ( -0.8111205463046241571, -0.2794000000000002593, 1.650000000000000355 ) ) ;
#15 = DIRECTION ( 'NONE',  ( -0.000000000000000000, 4.984837574645996626E-17, -1.000000000000000000 ) ) ;
#16 = CARTESIAN_POINT ( 'NONE',  ( -1.017788105676658450, 0.5876202367904155288, -3.954166666666666607 ) ) ;
#17 = DIRECTION ( 'NONE',  ( 0.000000000000000000, -1.153251463704931673E-32, 1.000000000000000000 ) ) ;
#18 = PRODUCT_DEFINITION_SHAPE ( 'NONE', 'NONE',  #4369 ) ;
#19 = CARTESIAN_POINT ( 'NONE',  ( -0.6785254037844389297, 1.175240473580833944, -0.05833333333333386161 ) ) ;
#20 = EDGE_CURVE ( 'NONE', #1697, #3320, #2568, .T. ) ;
#21 = CARTESIAN_POINT ( 'NONE',  ( 1.763300807568879858, -3.006633943393169801E-15, -3.928125000000000533 ) ) ;
#22 = CARTESIAN_POINT ( 'NONE',  ( 0.8816504037844408170, 1.527063293868263116, -2.376041666666667052 ) ) ;
#23 = ORIENTED_EDGE ( 'NONE', *, *, #797, .F. ) ;
#24 = VERTEX_POINT ( 'NONE', #4288 ) ;
#25 = CARTESIAN_POINT ( 'NONE',  ( 1.017788105676658228, -0.5876202367904214130, -7.704166666666666607 ) ) ;
#26 = CARTESIAN_POINT ( 'NONE',  ( -1.357050807568878303, -2.599625443516216173E-15, -2.975000000000000533 ) ) ;
#27 =( BOUNDED_CURVE ( )  B_SPLINE_CURVE ( 3, ( #4436, #3767, #1734, #671 ),
 .UNSPECIFIED., .F., .F. ) 
 B_SPLINE_CURVE_WITH_KNOTS ( ( 4, 4 ),
 ( 4.881819945452527065, 4.917528446445841972 ),
 .UNSPECIFIED. ) 
 CURVE ( )  GEOMETRIC_REPRESENTATION_ITEM ( )  RATIONAL_B_SPLINE_CURVE ( ( 1.000000000000000000, 0.9998937447357327812, 0.9998937447357327812, 1.000000000000000000 ) ) 
 REPRESENTATION_ITEM ( '' )  );
#28 = CARTESIAN_POINT ( 'NONE',  ( -1.836970198721033385E-16, -1.500000000000005551, -2.537500000000000977 ) ) ;
#29 = CARTESIAN_POINT ( 'NONE',  ( 1.732050807568880746, -3.000893411522166591E-15, -4.412500000000000533 ) ) ;
#30 = ORIENTED_EDGE ( 'NONE', *, *, #4021, .T. ) ;
#31 = CARTESIAN_POINT ( 'NONE',  ( 0.6785254037844397068, 1.175240473580833056, -3.079166666666666607 ) ) ;
#32 = DIRECTION ( 'NONE',  ( -0.9238795325112870716, 0.3826834323650893377, 0.000000000000000000 ) ) ;
#33 = APPROVAL_ROLE ( '' ) ;
#34 = DIRECTION ( 'NONE',  ( 0.08715574274765836016, 0.000000000000000000, -0.9961946980917455452 ) ) ;
#35 = CARTESIAN_POINT ( 'NONE',  ( 1.322475605676659560, -0.7635316469341363321, 0.5302083333333321713 ) ) ;
#36 = ORIENTED_EDGE ( 'NONE', *, *, #3884, .T. ) ;
#37 = CARTESIAN_POINT ( 'NONE',  ( -0.2634155365840974983, 1.346166921035994779, 1.467296747124819056 ) ) ;
#38 = LINE ( 'NONE', #1035, #1591 ) ;
#39 = LINE ( 'NONE', #4261, #123 ) ;
#40 = CARTESIAN_POINT ( 'NONE',  ( 0.000000000000000000, 1.175240473580833722, -0.5374999999999997558 ) ) ;
#41 = CARTESIAN_POINT ( 'NONE',  ( -0.6785254037844394848, -1.175240473580838829, -0.3916666666666668850 ) ) ;
#42 = CARTESIAN_POINT ( 'NONE',  ( 1.017788105676658228, -0.5876202367904214130, -0.2666666666666667740 ) ) ;
#43 = CARTESIAN_POINT ( 'NONE',  ( -0.8816504037844403729, -1.527063293868268001, -5.594791666666666607 ) ) ;
#44 = CARTESIAN_POINT ( 'NONE',  ( 1.322475605676659560, -0.7635316469341363321, -2.001041666666666607 ) ) ;
#45 = AXIS2_PLACEMENT_3D ( 'NONE', #3201, #1878, #2506 ) ;
#46 = VERTEX_POINT ( 'NONE', #3972 ) ;
#47 = CARTESIAN_POINT ( 'NONE',  ( 1.017788105676658228, -0.5876202367904214130, -5.704166666666666607 ) ) ;
#48 = CARTESIAN_POINT ( 'NONE',  ( 0.000000000000000000, 1.175240473580833722, -2.100000000000000089 ) ) ;
#49 = LINE ( 'NONE', #1430, #2058 ) ;
#50 = CARTESIAN_POINT ( 'NONE',  ( -1.299038105676660448, -0.7500000000000037748, -6.120833333333334458 ) ) ;
#51 = EDGE_CURVE ( 'NONE', #2622, #1964, #3829, .T. ) ;
#52 = ORIENTED_EDGE ( 'NONE', *, *, #355, .T. ) ;
#53 = CARTESIAN_POINT ( 'NONE',  ( -1.017788105676658450, 0.5876202367904155288, -0.9541666666666664964 ) ) ;
#54 = B_SPLINE_CURVE_WITH_KNOTS ( 'NONE', 3,
 ( #2878, #2835, #711, #376, #1456, #1752, #3142, #56, #2151, #1413, #1118, #2106, #2484, #2509, #3872, #3893, #438, #3486, #1817, #4189, #756, #3551 ),
 .UNSPECIFIED., .F., .F.,
 ( 4, 2, 2, 2, 2, 2, 2, 2, 2, 2, 4 ),
 ( 0.001899844841572805726, 0.002161053380903656292, 0.002422261920234506857, 0.002944678998896207555, 0.003467096077557908253, 0.003989513156219609384, 0.004511930234881310516, 0.004773138774212161081, 0.005034347313543010780, 0.005556764392204711911, 0.006079181470866413042 ),
 .UNSPECIFIED. ) ;
#55 = CARTESIAN_POINT ( 'NONE',  ( 1.055432829461472322, 0.6574198067034927595, -8.216972917757500383 ) ) ;
#56 = CARTESIAN_POINT ( 'NONE',  ( 1.073428559434394414, -0.7591434409566102381, 0.1530865230793454490 ) ) ;
#57 =( BOUNDED_CURVE ( )  B_SPLINE_CURVE ( 2, ( #4212, #4190, #2485, #1799, #1861, #3487, #3166 ),
 .UNSPECIFIED., .F., .F. ) 
 B_SPLINE_CURVE_WITH_KNOTS ( ( 3, 2, 2, 3 ),
 ( 0.4250000000000000444, 0.4333333333333333481, 0.4416666666666667074, 0.4500000000000000111 ),
 .UNSPECIFIED. ) 
 CURVE ( )  GEOMETRIC_REPRESENTATION_ITEM ( )  RATIONAL_B_SPLINE_CURVE ( ( 1.000000000000000000, 0.8660254037844387076, 1.000000000000000000, 0.8660254037844387076, 1.000000000000000000, 0.8660254037844378194, 1.000000000000000888 ) ) 
 REPRESENTATION_ITEM ( '' )  );
#58 = DIRECTION ( 'NONE',  ( 1.000000000000000000, 0.000000000000000000, 0.000000000000000000 ) ) ;
#59 = VERTEX_POINT ( 'NONE', #1598 ) ;
#60 = CARTESIAN_POINT ( 'NONE',  ( -0.2793999999999861039, 1.342841092609251330, 1.650000000000000355 ) ) ;
#61 = CARTESIAN_POINT ( 'NONE',  ( -1.836970198721033385E-16, -1.500000000000005551, -3.037500000000000533 ) ) ;
#62 = CARTESIAN_POINT ( 'NONE',  ( 1.732050807568880746, -3.000893411522166591E-15, -3.912500000000000977 ) ) ;
#63 = CARTESIAN_POINT ( 'NONE',  ( -0.6785254037844394848, -1.175240473580838829, -1.329166666666666829 ) ) ;
#64 = CARTESIAN_POINT ( 'NONE',  ( 0.000000000000000000, 1.175240473580833722, -1.100000000000000311 ) ) ;
#65 = CARTESIAN_POINT ( 'NONE',  ( 1.017788105676658228, -0.5876202367904214130, -0.7666666666666672736 ) ) ;
#66 = CARTESIAN_POINT ( 'NONE',  ( -1.322475605676660004, 0.7635316469341305590, -4.719791666666667496 ) ) ;
#67 = CARTESIAN_POINT ( 'NONE',  ( 1.763300807568879858, -3.006633943393169801E-15, -0.4593749999999997002 ) ) ;
#68 = EDGE_LOOP ( 'NONE', ( #1530, #3203, #453, #3512, #114, #2148, #609, #3342, #1292, #52, #1916, #3456, #319, #1336, #4427, #1852, #929, #3078, #4023, #1268, #3941, #3022, #1186, #3768, #3993, #2373, #2432, #4294, #3445, #3659, #4091, #608, #3168, #1773, #869, #3246, #184, #2322, #3637, #1541, #2898 ) ) ;
#69 = CARTESIAN_POINT ( 'NONE',  ( 0.6785254037844397068, 1.175240473580833500, -5.079166666666666607 ) ) ;
#70 = CARTESIAN_POINT ( 'NONE',  ( 0.6785254037844387076, -1.175240473580839051, -1.808333333333333570 ) ) ;
#71 = CARTESIAN_POINT ( 'NONE',  ( -0.8816504037844403729, -1.527063293868268001, -6.626041666666666607 ) ) ;
#72 = CARTESIAN_POINT ( 'NONE',  ( 0.000000000000000000, 1.500000000000000222, -6.287500000000000533 ) ) ;
#73 = VERTEX_POINT ( 'NONE', #2974 ) ;
#74 = CARTESIAN_POINT ( 'NONE',  ( 0.000000000000000000, 1.175240473580833722, -0.5374999999999997558 ) ) ;
#75 = CARTESIAN_POINT ( 'NONE',  ( 1.299038105676660004, -0.7500000000000048850, -2.516666666666666607 ) ) ;
#76 = DIRECTION ( 'NONE',  ( -0.000000000000000000, 4.984837574645996626E-17, -1.000000000000000000 ) ) ;
#77 = EDGE_CURVE ( 'NONE', #1115, #748, #1894, .T. ) ;
#78 = DIRECTION ( 'NONE',  ( 0.000000000000000000, -0.08715574274765851281, 0.9961946980917455452 ) ) ;
#79 = VECTOR ( 'NONE', #3463, 1000.000000000000000 ) ;
#80 = EDGE_CURVE ( 'NONE', #102, #4137, #4284, .T. ) ;
#81 = ORIENTED_EDGE ( 'NONE', *, *, #4131, .T. ) ;
#82 = AXIS2_PLACEMENT_3D ( 'NONE', #693, #2466, #1756 ) ;
#83 = CARTESIAN_POINT ( 'NONE',  ( -0.6785254037844394848, -1.175240473580838829, -7.829166666666666607 ) ) ;
#84 = CARTESIAN_POINT ( 'NONE',  ( 1.836970198721030181E-16, -1.500000000000000222, -8.349999999999999645 ) ) ;
#85 = CARTESIAN_POINT ( 'NONE',  ( 0.000000000000000000, 4.814824860968089633E-32, -8.349999999999999645 ) ) ;
#86 = CARTESIAN_POINT ( 'NONE',  ( 1.357050807568878303, -2.932007029070127676E-15, -0.6624999999999999778 ) ) ;
#87 = CARTESIAN_POINT ( 'NONE',  ( -0.6049333093463831190, -1.081038962026582340, 0.07867079749744264328 ) ) ;
#88 = CARTESIAN_POINT ( 'NONE',  ( -0.6785254037844389297, 1.175240473580833944, -2.058333333333333570 ) ) ;
#89 = CARTESIAN_POINT ( 'NONE',  ( 0.8816504037844408170, 1.527063293868263116, -5.344791666666666607 ) ) ;
#90 = CARTESIAN_POINT ( 'NONE',  ( 0.8816504037844408170, 1.527063293868263116, 1.123958333333332726 ) ) ;
#91 = ORIENTED_EDGE ( 'NONE', *, *, #3268, .T. ) ;
#92 = ORIENTED_EDGE ( 'NONE', *, *, #4131, .F. ) ;
#93 = CARTESIAN_POINT ( 'NONE',  ( -1.439254484199190858E-16, -1.175240473580839051, -3.787500000000000089 ) ) ;
#94 = CARTESIAN_POINT ( 'NONE',  ( 1.357050807568878303, -2.932007029070127676E-15, -3.225000000000000533 ) ) ;
#95 = CARTESIAN_POINT ( 'NONE',  ( -1.763300807568879858, -2.574749805408535596E-15, -8.209374999999999645 ) ) ;
#96 = ORIENTED_EDGE ( 'NONE', *, *, #406, .T. ) ;
#97 = DIRECTION ( 'NONE',  ( 0.000000000000000000, -1.000000000000000000, -1.445602896647339163E-16 ) ) ;
#98 = CARTESIAN_POINT ( 'NONE',  ( 0.2734405576973209517, -1.153037315886271452, -8.279759526419159243 ) ) ;
#99 = CYLINDRICAL_SURFACE ( 'NONE', #2492, 1.500000000000000222 ) ;
#100 = CARTESIAN_POINT ( 'NONE',  ( -1.836970198721033385E-16, -1.500000000000005551, -3.037500000000000533 ) ) ;
#101 = CARTESIAN_POINT ( 'NONE',  ( -1.439254484199190858E-16, -1.175240473580839051, -6.349999999999999645 ) ) ;
#102 = VERTEX_POINT ( 'NONE', #3421 ) ;
#103 = EDGE_CURVE ( 'NONE', #541, #4316, #739, .T. ) ;
#104 = CARTESIAN_POINT ( 'NONE',  ( -1.836970198721033385E-16, -1.500000000000005551, -4.537500000000001421 ) ) ;
#105 = DIRECTION ( 'NONE',  ( -0.000000000000000000, 4.984837574645996626E-17, -1.000000000000000000 ) ) ;
#106 = DIRECTION ( 'NONE',  ( -0.000000000000000000, 4.984837574645996626E-17, -1.000000000000000000 ) ) ;
#107 = EDGE_CURVE ( 'NONE', #3097, #748, #245, .T. ) ;
#108 = CARTESIAN_POINT ( 'NONE',  ( -0.9552456080026956453, -0.7566854618682963274, 0.05832790292174874075 ) ) ;
#109 = CARTESIAN_POINT ( 'NONE',  ( 1.017788105676659116, 0.5876202367904146406, 0.3166666666666664853 ) ) ;
#110 = CARTESIAN_POINT ( 'NONE',  ( -0.8816504037844398178, 1.527063293868263338, -2.761458333333333570 ) ) ;
#111 = LOCAL_TIME ( 16, 43, 28.00000000000000000, #4076 ) ;
#112 = CARTESIAN_POINT ( 'NONE',  ( -0.6785254037844394848, -1.175240473580838829, -8.329166666666667496 ) ) ;
#113 = CARTESIAN_POINT ( 'NONE',  ( 1.017788105676658228, -0.5876202367904214130, 1.295833333333332948 ) ) ;
#114 = ORIENTED_EDGE ( 'NONE', *, *, #4217, .F. ) ;
#115 = CARTESIAN_POINT ( 'NONE',  ( -1.357050807568878303, -2.599625443516216173E-15, -5.912500000000000533 ) ) ;
#116 = CARTESIAN_POINT ( 'NONE',  ( -1.017788105676658450, 0.5876202367904155288, 0.4833333333333338921 ) ) ;
#117 = CARTESIAN_POINT ( 'NONE',  ( -1.763300807568879858, -2.574749805408535596E-15, -7.709374999999999645 ) ) ;
#118 = DIRECTION ( 'NONE',  ( -0.000000000000000000, 4.984837574645996626E-17, -1.000000000000000000 ) ) ;
#119 = EDGE_LOOP ( 'NONE', ( #1863, #3298, #204, #2171 ) ) ;
#120 = CARTESIAN_POINT ( 'NONE',  ( 1.017788105676659116, 0.5876202367904146406, -0.6208333333333343473 ) ) ;
#121 = CARTESIAN_POINT ( 'NONE',  ( -1.371600000000000374, 1.475982003772366631E-16, 1.650000000000000355 ) ) ;
#122 = CARTESIAN_POINT ( 'NONE',  ( -4.715928681911953164E-17, -0.2312812350607420520, 1.100000000000000533 ) ) ;
#123 = VECTOR ( 'NONE', #3923, 1000.000000000000114 ) ;
#124 = CARTESIAN_POINT ( 'NONE',  ( 1.357050807568877859, -2.932007029070127676E-15, -6.224999999999999645 ) ) ;
#125 = VERTEX_POINT ( 'NONE', #4215 ) ;
#126 = CARTESIAN_POINT ( 'NONE',  ( 1.357050807568877859, -2.932007029070127676E-15, -7.662499999999999645 ) ) ;
#127 = CARTESIAN_POINT ( 'NONE',  ( 1.371600000000000374, -1.475982003772366877E-16, 1.100000000000000533 ) ) ;
#128 = CARTESIAN_POINT ( 'NONE',  ( -0.9481593171721119928, -1.149922733869458202, 0.3371906508467442110 ) ) ;
#129 = CARTESIAN_POINT ( 'NONE',  ( -0.8660254037844408170, -1.500000000000005107, -4.641666666666667496 ) ) ;
#130 = CARTESIAN_POINT ( 'NONE',  ( -1.322475605676660226, -0.7635316469341354439, -2.636458333333333570 ) ) ;
#131 = VERTEX_POINT ( 'NONE', #1123 ) ;
#132 = ADVANCED_FACE ( 'NONE', ( #3792 ), #1802, .T. ) ;
#133 = CARTESIAN_POINT ( 'NONE',  ( -1.870113174931186087E-16, -1.527063293868268667, 0.4156249999999993561 ) ) ;
#134 = CARTESIAN_POINT ( 'NONE',  ( -1.439254484199190858E-16, -1.175240473580839051, -0.2874999999999995337 ) ) ;
#135 = ORIENTED_EDGE ( 'NONE', *, *, #3833, .F. ) ;
#136 = CARTESIAN_POINT ( 'NONE',  ( -1.357050807568878303, -2.599625443516216173E-15, -5.475000000000000533 ) ) ;
#137 = CARTESIAN_POINT ( 'NONE',  ( -0.6785254037844394848, -1.175240473580838829, -4.829166666666667496 ) ) ;
#138 = CARTESIAN_POINT ( 'NONE',  ( -1.322475605676660004, 0.7635316469341305590, -8.719791666666667496 ) ) ;
#139 = CARTESIAN_POINT ( 'NONE',  ( 1.763300807568879858, -3.006633943393169801E-15, -7.959374999999999645 ) ) ;
#140 = CARTESIAN_POINT ( 'NONE',  ( -0.8660254037844443697, -1.499999999999999334, -1.641666666666666163 ) ) ;
#141 = ORIENTED_EDGE ( 'NONE', *, *, #3107, .T. ) ;
#142 = CARTESIAN_POINT ( 'NONE',  ( 1.017788105676659116, 0.5876202367904146406, -0.1208333333333339032 ) ) ;
#143 = CARTESIAN_POINT ( 'NONE',  ( 0.6785254037844397068, 1.175240473580833500, -7.141666666666666607 ) ) ;
#144 = CARTESIAN_POINT ( 'NONE',  ( 0.000000000000000000, 1.500000000000000222, -6.787500000000001421 ) ) ;
#145 = CARTESIAN_POINT ( 'NONE',  ( 1.357050807568877859, -2.932007029070127676E-15, -5.724999999999999645 ) ) ;
#146 = VERTEX_POINT ( 'NONE', #420 ) ;
#147 = CARTESIAN_POINT ( 'NONE',  ( 0.000000000000000000, 1.175240473580833722, -8.037499999999999645 ) ) ;
#148 = DIRECTION ( 'NONE',  ( 0.06666269134683232289, 0.06666269134683221187, 0.9955461672694008168 ) ) ;
#149 = VECTOR ( 'NONE', #2128, 1000.000000000000227 ) ;
#150 = CARTESIAN_POINT ( 'NONE',  ( -1.836970198721033385E-16, -1.500000000000005773, -0.09999999999999896472 ) ) ;
#151 = VERTEX_POINT ( 'NONE', #3447 ) ;
#152 = CARTESIAN_POINT ( 'NONE',  ( -1.299038105676660670, -0.7500000000000037748, -4.683333333333331794 ) ) ;
#153 = CARTESIAN_POINT ( 'NONE',  ( -1.870113174931186087E-16, -1.527063293868268667, 0.9156249999999998002 ) ) ;
#154 = CARTESIAN_POINT ( 'NONE',  ( 1.017788105676658228, -0.5876202367904214130, 0.2958333333333337256 ) ) ;
#155 = EDGE_CURVE ( 'NONE', #413, #2622, #1197, .T. ) ;
#156 = ORIENTED_EDGE ( 'NONE', *, *, #2692, .F. ) ;
#157 = ADVANCED_FACE ( 'NONE', ( #4125 ), #3098, .T. ) ;
#158 = CARTESIAN_POINT ( 'NONE',  ( 1.017788105676658228, -0.5876202367904214130, -7.766666666666666607 ) ) ;
#159 = CARTESIAN_POINT ( 'NONE',  ( 0.6785254037844387076, -1.175240473580839051, -3.245833333333333570 ) ) ;
#160 = CARTESIAN_POINT ( 'NONE',  ( 0.6785254037844397068, 1.175240473580833500, 1.358333333333332726 ) ) ;
#161 = CARTESIAN_POINT ( 'NONE',  ( 1.322475605676659560, -0.7635316469341363321, -8.001041666666667496 ) ) ;
#162 = DIRECTION ( 'NONE',  ( -0.000000000000000000, 4.984837574645996626E-17, -1.000000000000000000 ) ) ;
#163 = VERTEX_POINT ( 'NONE', #14 ) ;
#164 = CARTESIAN_POINT ( 'NONE',  ( 1.371600000000000374, -1.475982003772366877E-16, 1.650000000000000355 ) ) ;
#165 =( BOUNDED_CURVE ( )  B_SPLINE_CURVE ( 3, ( #734, #2462, #3852, #1520 ),
 .UNSPECIFIED., .F., .F. ) 
 B_SPLINE_CURVE_WITH_KNOTS ( ( 4, 4 ),
 ( 4.881819945452526177, 4.917528446445841972 ),
 .UNSPECIFIED. ) 
 CURVE ( )  GEOMETRIC_REPRESENTATION_ITEM ( )  RATIONAL_B_SPLINE_CURVE ( ( 1.000000000000000000, 0.9998937447357327812, 0.9998937447357327812, 1.000000000000000000 ) ) 
 REPRESENTATION_ITEM ( '' )  );
#166 = CARTESIAN_POINT ( 'NONE',  ( 1.357050807568878303, -2.932007029070127676E-15, -6.724999999999999645 ) ) ;
#167 = CARTESIAN_POINT ( 'NONE',  ( 0.6785254037844387076, -1.175240473580839273, -4.308333333333333570 ) ) ;
#168 = CARTESIAN_POINT ( 'NONE',  ( -1.357050807568878303, -2.599625443516216173E-15, -1.912500000000000311 ) ) ;
#169 = EDGE_LOOP ( 'NONE', ( #1595, #691, #3999, #4039 ) ) ;
#170 = CARTESIAN_POINT ( 'NONE',  ( 0.000000000000000000, 1.175240473580833722, -7.037500000000000533 ) ) ;
#171 = CARTESIAN_POINT ( 'NONE',  ( 1.424824154680374217E-11, -1.447697095812668033, -8.007302904187332260 ) ) ;
#172 = CARTESIAN_POINT ( 'NONE',  ( 1.732050807568880746, -3.000893411522166591E-15, -6.975000000000001421 ) ) ;
#173 = CARTESIAN_POINT ( 'NONE',  ( 1.299038105676659782, -0.7500000000000047740, -5.954166666666666607 ) ) ;
#174 = CARTESIAN_POINT ( 'NONE',  ( 0.6785254037844387076, -1.175240473580839051, -7.745833333333333570 ) ) ;
#175 = CARTESIAN_POINT ( 'NONE',  ( 1.357050807568878303, -2.932007029070127676E-15, -0.1624999999999994504 ) ) ;
#176 = ORIENTED_EDGE ( 'NONE', *, *, #2224, .T. ) ;
#177 = CARTESIAN_POINT ( 'NONE',  ( 1.017788105676659116, 0.5876202367904146406, -6.683333333333333570 ) ) ;
#178 = CARTESIAN_POINT ( 'NONE',  ( 1.357050807568878303, -2.932007029070127676E-15, -2.662499999999999645 ) ) ;
#179 = AXIS2_PLACEMENT_3D ( 'NONE', #4317, #205, #1202 ) ;
#180 = CARTESIAN_POINT ( 'NONE',  ( -0.6785254037844389297, 1.175240473580833944, 0.4416666666666665964 ) ) ;
#181 = CARTESIAN_POINT ( 'NONE',  ( -0.8816504037844398178, 1.527063293868263338, -3.792708333333332682 ) ) ;
#182 = CARTESIAN_POINT ( 'NONE',  ( -1.351959892270762742, 0.2312812350607557632, 1.100000000000000533 ) ) ;
#183 = ORIENTED_EDGE ( 'NONE', *, *, #2920, .F. ) ;
#184 = ORIENTED_EDGE ( 'NONE', *, *, #3910, .T. ) ;
#185 = CARTESIAN_POINT ( 'NONE',  ( -0.8660254037844475894, -1.499999999999993561, -6.641666666666667496 ) ) ;
#186 = CARTESIAN_POINT ( 'NONE',  ( 0.000000000000000000, 1.175240473580833722, -6.599999999999999645 ) ) ;
#187 = ADVANCED_FACE ( 'NONE', ( #2817 ), #3815, .T. ) ;
#188 = CARTESIAN_POINT ( 'NONE',  ( -1.439254484199190858E-16, -1.175240473580839051, -4.850000000000000533 ) ) ;
#189 = CARTESIAN_POINT ( 'NONE',  ( -1.439254484199190858E-16, -1.175240473580839051, -0.7874999999999999778 ) ) ;
#190 = ORIENTED_EDGE ( 'NONE', *, *, #3784, .F. ) ;
#191 = CARTESIAN_POINT ( 'NONE',  ( 1.017788105676659116, 0.5876202367904146406, -5.620833333333333570 ) ) ;
#192 = LINE ( 'NONE', #1566, #584 ) ;
#193 =( NAMED_UNIT ( * ) SI_UNIT ( $, .STERADIAN. ) SOLID_ANGLE_UNIT ( ) );
#194 = DIRECTION ( 'NONE',  ( 0.000000000000000000, 1.000000000000000000, 0.000000000000000000 ) ) ;
#195 = VECTOR ( 'NONE', #1889, 1000.000000000000000 ) ;
#196 = CARTESIAN_POINT ( 'NONE',  ( -1.732050807568880746, -2.576663316032202149E-15, -3.724999999999999645 ) ) ;
#197 =( BOUNDED_CURVE ( )  B_SPLINE_CURVE ( 2, ( #2928, #129, #152, #4283, #2866, #1464, #1505 ),
 .UNSPECIFIED., .F., .F. ) 
 B_SPLINE_CURVE_WITH_KNOTS ( ( 3, 2, 2, 3 ),
 ( 0.6250000000000000000, 0.6333333333333333037, 0.6416666666666666075, 0.6500000000000000222 ),
 .UNSPECIFIED. ) 
 CURVE ( )  GEOMETRIC_REPRESENTATION_ITEM ( )  RATIONAL_B_SPLINE_CURVE ( ( 1.000000000000000000, 0.8660254037844387076, 1.000000000000000000, 0.8660254037844387076, 1.000000000000000000, 0.8660254037844387076, 1.000000000000000000 ) ) 
 REPRESENTATION_ITEM ( '' )  );
#198 = CARTESIAN_POINT ( 'NONE',  ( 0.000000000000000000, 1.175240473580833722, -7.037500000000000533 ) ) ;
#199 = CARTESIAN_POINT ( 'NONE',  ( 0.000000000000000000, 1.175240473580833722, -2.600000000000000089 ) ) ;
#200 = CARTESIAN_POINT ( 'NONE',  ( -1.357050807568878303, -2.599625443516216173E-15, -7.474999999999999645 ) ) ;
#201 = CARTESIAN_POINT ( 'NONE',  ( 0.6785254037844387076, -1.175240473580839051, -0.8083333333333335702 ) ) ;
#202 = CARTESIAN_POINT ( 'NONE',  ( 1.763300807568879858, -3.006633943393169801E-15, -4.459374999999999645 ) ) ;
#203 = CARTESIAN_POINT ( 'NONE',  ( 0.6785254037844397068, 1.175240473580833056, -8.141666666666667496 ) ) ;
#204 = ORIENTED_EDGE ( 'NONE', *, *, #908, .T. ) ;
#205 = DIRECTION ( 'NONE',  ( -0.000000000000000000, 4.984837574645996626E-17, -1.000000000000000000 ) ) ;
#206 = CARTESIAN_POINT ( 'NONE',  ( -1.357050807568878303, -2.599625443516216173E-15, -7.974999999999998757 ) ) ;
#207 = CARTESIAN_POINT ( 'NONE',  ( -1.483028994996383076, -0.2250000000000439426, 0.3500000000000013656 ) ) ;
#208 = CARTESIAN_POINT ( 'NONE',  ( 0.000000000000000000, 1.475982003772366631E-16, 1.650000000000000355 ) ) ;
#209 = EDGE_LOOP ( 'NONE', ( #3468, #2641, #156, #2213 ) ) ;
#210 = CARTESIAN_POINT ( 'NONE',  ( 1.017788105676658228, -0.5876202367904214130, -5.704166666666666607 ) ) ;
#211 = CARTESIAN_POINT ( 'NONE',  ( -0.4429405967977642633, 1.232117346705840166, -8.148773035599507608 ) ) ;
#212 = EDGE_CURVE ( 'NONE', #4181, #234, #359, .T. ) ;
#213 = CARTESIAN_POINT ( 'NONE',  ( 0.000000000000000000, 1.475982003772366631E-16, 1.100000000000000533 ) ) ;
#214 = EDGE_CURVE ( 'NONE', #349, #1697, #3508, .T. ) ;
#215 = CARTESIAN_POINT ( 'NONE',  ( -0.8660254037844401509, 1.500000000000000222, -1.745833333333334014 ) ) ;
#216 = CARTESIAN_POINT ( 'NONE',  ( -0.8816504037844403729, -1.527063293868268001, -1.594791666666667052 ) ) ;
#217 = CARTESIAN_POINT ( 'NONE',  ( 0.000000000000000000, 1.500000000000000222, -8.349999999999999645 ) ) ;
#218 = LINE ( 'NONE', #4346, #1772 ) ;
#219 = VERTEX_POINT ( 'NONE', #737 ) ;
#220 = VECTOR ( 'NONE', #3029, 1000.000000000000000 ) ;
#221 = CARTESIAN_POINT ( 'NONE',  ( -0.6785254037844394848, -1.175240473580838829, -6.829166666666665719 ) ) ;
#222 = CARTESIAN_POINT ( 'NONE',  ( -1.017788105676658450, 0.5876202367904155288, -1.516666666666667052 ) ) ;
#223 = VERTEX_POINT ( 'NONE', #1393 ) ;
#224 = CARTESIAN_POINT ( 'NONE',  ( -1.357050807568878303, -2.599625443516216173E-15, -6.974999999999999645 ) ) ;
#225 = AXIS2_PLACEMENT_3D ( 'NONE', #1417, #1079, #2742 ) ;
#226 = CARTESIAN_POINT ( 'NONE',  ( 1.322475605676660448, 0.7635316469341292267, -6.886458333333333570 ) ) ;
#227 = CARTESIAN_POINT ( 'NONE',  ( 0.8816504037844393737, -1.527063293868269112, -4.542708333333331794 ) ) ;
#228 = CARTESIAN_POINT ( 'NONE',  ( -1.342841092609245557, 0.2794000000000138595, 1.650000000000000355 ) ) ;
#229 = EDGE_LOOP ( 'NONE', ( #2838, #520, #2832, #3210 ) ) ;
#230 = CARTESIAN_POINT ( 'NONE',  ( 0.000000000000000000, 1.500000000000000444, -5.349999999999998757 ) ) ;
#231 = CARTESIAN_POINT ( 'NONE',  ( 0.000000000000000000, 1.175240473580833722, -8.599999999999999645 ) ) ;
#232 = LINE ( 'NONE', #1925, #1341 ) ;
#233 = CARTESIAN_POINT ( 'NONE',  ( 0.000000000000000000, 1.175240473580833722, 0.4624999999999993561 ) ) ;
#234 = VERTEX_POINT ( 'NONE', #3837 ) ;
#235 = CARTESIAN_POINT ( 'NONE',  ( 1.017788105676658228, -0.5876202367904214130, -4.204166666666666607 ) ) ;
#236 = DIRECTION ( 'NONE',  ( -3.491481338843133355E-15, -1.000000000000000000, 0.000000000000000000 ) ) ;
#237 = DIRECTION ( 'NONE',  ( -2.031285913993687333E-16, -0.9961946980917455452, 0.08715574274765820750 ) ) ;
#238 = CARTESIAN_POINT ( 'NONE',  ( -0.8660254037844367092, 1.500000000000005995, -5.745833333333334458 ) ) ;
#239 = CARTESIAN_POINT ( 'NONE',  ( 1.322475605676659560, -0.7635316469341363321, -1.469791666666667052 ) ) ;
#240 = DIRECTION ( 'NONE',  ( 0.000000000000000000, -4.984837574645996626E-17, 1.000000000000000000 ) ) ;
#241 = DIRECTION ( 'NONE',  ( -0.08714264840443967930, -0.01733375049386037120, 0.9960450290638855897 ) ) ;
#242 = EDGE_CURVE ( 'NONE', #2944, #1066, #3877, .T. ) ;
#243 = CARTESIAN_POINT ( 'NONE',  ( -0.6785254037844389297, 1.175240473580833944, -5.995833333333334458 ) ) ;
#244 = CARTESIAN_POINT ( 'NONE',  ( 1.357050807568877859, -2.932007029070127676E-15, -2.225000000000000533 ) ) ;
#245 = LINE ( 'NONE', #4373, #2960 ) ;
#246 = CARTESIAN_POINT ( 'NONE',  ( 0.000000000000000000, 1.175240473580833722, -3.100000000000000533 ) ) ;
#247 = CARTESIAN_POINT ( 'NONE',  ( 0.000000000000000000, 1.527063293868263338, -6.303124999999999645 ) ) ;
#248 = CARTESIAN_POINT ( 'NONE',  ( 0.8816504037844408170, 1.527063293868263116, -3.376041666666666607 ) ) ;
#249 = CIRCLE ( 'NONE', #3343, 1.371600000000000374 ) ;
#250 = CARTESIAN_POINT ( 'NONE',  ( -1.732050807568880746, -2.576663316032202149E-15, -6.224999999999997868 ) ) ;
#251 = ORIENTED_EDGE ( 'NONE', *, *, #961, .F. ) ;
#252 = ORIENTED_EDGE ( 'NONE', *, *, #3294, .T. ) ;
#253 = CYLINDRICAL_SURFACE ( 'NONE', #179, 1.500000000000000222 ) ;
#254 = CARTESIAN_POINT ( 'NONE',  ( -0.6785254037844389297, 1.175240473580833944, -6.058333333333333570 ) ) ;
#255 = DIRECTION ( 'NONE',  ( -1.067834852614832266E-14, -1.000000000000000000, -5.766257318524659734E-33 ) ) ;
#256 = CARTESIAN_POINT ( 'NONE',  ( -0.6785254037844389297, 1.175240473580833944, 1.004166666666667096 ) ) ;
#257 = ORIENTED_EDGE ( 'NONE', *, *, #4021, .F. ) ;
#258 = CARTESIAN_POINT ( 'NONE',  ( 0.6785254037844397068, 1.175240473580833056, -4.079166666666666607 ) ) ;
#259 = CARTESIAN_POINT ( 'NONE',  ( 0.8660254037844410391, 1.500000000000000000, -5.391666666666665719 ) ) ;
#260 = CARTESIAN_POINT ( 'NONE',  ( -0.6785254037844394848, -1.175240473580838829, 1.108333333333332726 ) ) ;
#261 = CARTESIAN_POINT ( 'NONE',  ( -1.763300807568879858, -2.574749805408535596E-15, -1.178125000000000533 ) ) ;
#262 = AXIS2_PLACEMENT_3D ( 'NONE', #3758, #3435, #2077 ) ;
#263 = CARTESIAN_POINT ( 'NONE',  ( 0.1991544170300798278, 0.4808012946005267296, 1.100000000000000533 ) ) ;
#264 = CARTESIAN_POINT ( 'NONE',  ( 1.017788105676659116, 0.5876202367904146406, -2.120833333333333126 ) ) ;
#265 = CARTESIAN_POINT ( 'NONE',  ( 0.000000000000000000, 1.175240473580833722, -5.537499999999999645 ) ) ;
#266 = AXIS2_PLACEMENT_3D ( 'NONE', #3324, #2605, #2650 ) ;
#267 = CARTESIAN_POINT ( 'NONE',  ( 1.017788105676658228, -0.5876202367904214130, -2.766666666666667496 ) ) ;
#268 = CARTESIAN_POINT ( 'NONE',  ( 1.017788105676659116, 0.5876202367904146406, -3.683333333333333570 ) ) ;
#269 = EDGE_CURVE ( 'NONE', #4237, #2317, #2111, .T. ) ;
#270 = CARTESIAN_POINT ( 'NONE',  ( -1.763300807568879858, -2.574749805408535596E-15, -7.678125000000000533 ) ) ;
#271 = CARTESIAN_POINT ( 'NONE',  ( -1.322475605676660226, -0.7635316469341354439, -3.167708333333333126 ) ) ;
#272 = CARTESIAN_POINT ( 'NONE',  ( 1.732050807568880746, -3.000893411522166591E-15, -5.412500000000000533 ) ) ;
#273 = VERTEX_POINT ( 'NONE', #61 ) ;
#274 = CARTESIAN_POINT ( 'NONE',  ( -0.6785254037844394848, -1.175240473580838829, -7.329166666666666607 ) ) ;
#275 = CARTESIAN_POINT ( 'NONE',  ( -0.6785254037844394848, -1.175240473580838829, -4.891666666666667496 ) ) ;
#276 = CARTESIAN_POINT ( 'NONE',  ( 0.000000000000000000, -2.799999999999999822, 1.650000000000000355 ) ) ;
#277 = DIRECTION ( 'NONE',  ( -0.000000000000000000, 4.984837574645996626E-17, -1.000000000000000000 ) ) ;
#278 = ORIENTED_EDGE ( 'NONE', *, *, #3969, .T. ) ;
#279 = CARTESIAN_POINT ( 'NONE',  ( -1.017788105676658672, -0.5876202367904206358, -2.370833333333333126 ) ) ;
#280 = DIRECTION ( 'NONE',  ( -0.3826834323650900593, 0.9238795325112866275, -0.000000000000000000 ) ) ;
#281 = PERSON_AND_ORGANIZATION ( #3214, #4146 ) ;
#282 = CARTESIAN_POINT ( 'NONE',  ( 0.2175686711582041355, 0.5252572366576291341, 1.650000000000000355 ) ) ;
#283 = CARTESIAN_POINT ( 'NONE',  ( 0.8816504037844408170, 1.527063293868263116, 1.155208333333332504 ) ) ;
#284 = CARTESIAN_POINT ( 'NONE',  ( -5.697091998752724511E-17, -0.2794000000000003703, 1.650000000000000355 ) ) ;
#285 = CARTESIAN_POINT ( 'NONE',  ( -1.732050807568880746, -2.576663316032202938E-15, -0.6625000000000001998 ) ) ;
#286 = CARTESIAN_POINT ( 'NONE',  ( -0.6785254037844394848, -1.175240473580838829, -1.329166666666666829 ) ) ;
#287 = CARTESIAN_POINT ( 'NONE',  ( -0.9767905357909688613, 1.092027725662010784, 0.3002047824027102019 ) ) ;
#288 = CARTESIAN_POINT ( 'NONE',  ( -1.017788105676658450, 0.5876202367904155288, -3.454166666666667052 ) ) ;
#289 = CARTESIAN_POINT ( 'NONE',  ( 1.017788105676659116, 0.5876202367904146406, -2.183333333333333126 ) ) ;
#290 = CARTESIAN_POINT ( 'NONE',  ( -0.6785254037844389297, 1.175240473580833944, -4.058333333333332682 ) ) ;
#291 = VECTOR ( 'NONE', #2350, 999.9999999999998863 ) ;
#292 = CARTESIAN_POINT ( 'NONE',  ( -1.763300807568879858, -2.574749805408535596E-15, -8.178124999999999645 ) ) ;
#293 = CARTESIAN_POINT ( 'NONE',  ( 1.322475605676660448, 0.7635316469341292267, -1.417708333333333348 ) ) ;
#294 = CARTESIAN_POINT ( 'NONE',  ( 0.000000000000000000, 1.500000000000000222, -6.787500000000001421 ) ) ;
#295 = EDGE_CURVE ( 'NONE', #541, #1635, #4458, .T. ) ;
#296 = EDGE_CURVE ( 'NONE', #2802, #3599, #1460, .T. ) ;
#297 = VECTOR ( 'NONE', #1438, 1000.000000000000000 ) ;
#298 = ORIENTED_EDGE ( 'NONE', *, *, #2225, .T. ) ;
#299 = CARTESIAN_POINT ( 'NONE',  ( -1.017788105676658672, -0.5876202367904206358, -6.870833333333332682 ) ) ;
#300 = CARTESIAN_POINT ( 'NONE',  ( -1.017788105676658450, 0.5876202367904155288, -5.516666666666666607 ) ) ;
#301 = CARTESIAN_POINT ( 'NONE',  ( -0.8660254037844474784, -1.499999999999993117, -2.079166666666667496 ) ) ;
#302 = CARTESIAN_POINT ( 'NONE',  ( 1.017788105676659116, 0.5876202367904146406, 1.379166666666665764 ) ) ;
#303 = ADVANCED_FACE ( 'NONE', ( #2841 ), #785, .T. ) ;
#304 = ORIENTED_EDGE ( 'NONE', *, *, #3886, .T. ) ;
#305 = CARTESIAN_POINT ( 'NONE',  ( -1.017788105676658450, 0.5876202367904155288, -1.454166666666667052 ) ) ;
#306 = LINE ( 'NONE', #3009, #2164 ) ;
#307 = CARTESIAN_POINT ( 'NONE',  ( 1.299038105676661115, 0.7499999999999976685, -1.870833333333334236 ) ) ;
#308 = CARTESIAN_POINT ( 'NONE',  ( 1.322475605676660448, 0.7635316469341292267, 0.1135416666666663049 ) ) ;
#309 = FACE_OUTER_BOUND ( 'NONE', #2239, .T. ) ;
#310 = CARTESIAN_POINT ( 'NONE',  ( -0.2473742437992074161, 1.349206843930977007, 1.283943931589618614 ) ) ;
#311 = CARTESIAN_POINT ( 'NONE',  ( 0.000000000000000000, 1.175240473580833722, -1.037500000000000311 ) ) ;
#312 = CARTESIAN_POINT ( 'NONE',  ( -1.836970198721033385E-16, -1.500000000000005773, -4.099999999999999645 ) ) ;
#313 = CARTESIAN_POINT ( 'NONE',  ( -1.357050807568878303, -2.599625443516216173E-15, -4.912499999999999645 ) ) ;
#314 = CARTESIAN_POINT ( 'NONE',  ( -0.6785254037844394848, -1.175240473580838829, -0.8916666666666674956 ) ) ;
#315 = CARTESIAN_POINT ( 'NONE',  ( 0.6785254037844387076, -1.175240473580839051, -4.808333333333332682 ) ) ;
#316 = CARTESIAN_POINT ( 'NONE',  ( 0.000000000000000000, 1.527063293868263338, -7.303125000000000533 ) ) ;
#317 = CARTESIAN_POINT ( 'NONE',  ( -1.870113174931186087E-16, -1.527063293868268667, -3.084375000000000533 ) ) ;
#318 = CARTESIAN_POINT ( 'NONE',  ( -1.439254484199190858E-16, -1.175240473580839051, -6.850000000000000533 ) ) ;
#319 = ORIENTED_EDGE ( 'NONE', *, *, #2968, .T. ) ;
#320 = CARTESIAN_POINT ( 'NONE',  ( 0.8660254037844398178, -1.500000000000005995, -4.558333333333331794 ) ) ;
#321 = CARTESIAN_POINT ( 'NONE',  ( 0.6785254037844397068, 1.175240473580833500, -6.141666666666666607 ) ) ;
#322 = CARTESIAN_POINT ( 'NONE',  ( -0.2312812350607415246, -1.351959892270765184, 1.100000000000000533 ) ) ;
#323 = CARTESIAN_POINT ( 'NONE',  ( -0.8660254037844383745, 1.500000000000003331, -6.245833333333335347 ) ) ;
#324 = ORIENTED_EDGE ( 'NONE', *, *, #3749, .T. ) ;
#325 = CARTESIAN_POINT ( 'NONE',  ( 0.6785254037844387076, -1.175240473580839273, -1.245833333333333126 ) ) ;
#326 = CARTESIAN_POINT ( 'NONE',  ( 0.8660254037844410391, 1.500000000000000000, -2.391666666666666607 ) ) ;
#327 = APPROVAL_DATE_TIME ( #4453, #559 ) ;
#328 = CARTESIAN_POINT ( 'NONE',  ( -0.8015491288551686022, 0.2312812350607501843, 1.100000000000000533 ) ) ;
#329 = LOCAL_TIME ( 16, 43, 28.00000000000000000, #375 ) ;
#330 = EDGE_CURVE ( 'NONE', #1446, #799, #38, .T. ) ;
#331 = CARTESIAN_POINT ( 'NONE',  ( 0.000000000000000000, 1.527063293868263338, 0.1968749999999991340 ) ) ;
#332 = ORIENTED_EDGE ( 'NONE', *, *, #77, .T. ) ;
#333 = FACE_OUTER_BOUND ( 'NONE', #209, .T. ) ;
#334 = CARTESIAN_POINT ( 'NONE',  ( 1.299038105676661115, 0.7499999999999977796, -1.933333333333332460 ) ) ;
#335 = LINE ( 'NONE', #3423, #1374 ) ;
#336 = VECTOR ( 'NONE', #2739, 1000.000000000000227 ) ;
#337 = CARTESIAN_POINT ( 'NONE',  ( 1.357050807568878303, -2.932007029070127676E-15, -4.162500000000000533 ) ) ;
#338 = CARTESIAN_POINT ( 'NONE',  ( -1.351959892270762742, 0.2312812350607557632, 1.100000000000000533 ) ) ;
#339 = CARTESIAN_POINT ( 'NONE',  ( -0.6785254037844389297, 1.175240473580833944, -4.558333333333333570 ) ) ;
#340 = CARTESIAN_POINT ( 'NONE',  ( 0.8816504037844408170, 1.527063293868263116, -4.844791666666667496 ) ) ;
#341 = AXIS2_PLACEMENT_3D ( 'NONE', #2949, #4343, #4281 ) ;
#342 = CARTESIAN_POINT ( 'NONE',  ( -0.8816504037844398178, 1.527063293868263338, -0.7927083333333336812 ) ) ;
#343 = ORIENTED_EDGE ( 'NONE', *, *, #408, .F. ) ;
#344 = CARTESIAN_POINT ( 'NONE',  ( 1.017788105676658228, -0.5876202367904214130, -7.204166666666666607 ) ) ;
#345 = CARTESIAN_POINT ( 'NONE',  ( -1.017788105676658672, -0.5876202367904206358, -4.433333333333333570 ) ) ;
#346 =( BOUNDED_SURFACE ( )  B_SPLINE_SURFACE ( 1, 2, ( 
 ( #231, #2900, #3915, #2619, #3316, #2597, #3937, #887, #2216, #3618, #4336, #1860, #2276, #3292, #3573, #206, #544, #2959, #1246, #4001, #911, #3229, #4297, #866, #1605, #4275, #822, #1944, #2981, #2255, #3595, #3639, #501, #3271, #4358, #143, #1271, #2919, #480, #2194, #1881, #1203, #1519, #2576, #3248, #166, #3958, #1538, #186, #1558, #2941, #4318, #1225, #2686, #1632, #1359, #4093, #3005, #2319, #321, #978, #254, #4070, #1653, #1987, #2370, #4382, #3045, #955, #3386, #1294, #4401, #2731, #3024, #300, #4047, #3732, #1024, #2296, #3364, #1316, #2662, #1699, #1001, #3703, #4424, #3434, #3069, #611, #275, #2344, #637, #2009, #1676, #3089, #2392, #3756, #1338, #2643, #1966, #345, #3781, #2709, #661, #2031, #3409, #681, #4447, #4113, #3682, #2055, #1724, #5, #4025, #931, #588, #3339, #1745, #2122, #1382, #3480, #2828, #3824, #3502, #390, #410, #2435, #3157, #4134, #94, #1811, #3111, #4205, #3199, #705, #26, #774, #1768, #2755, #3524, #1404, #430, #2805, #726, #4158, #1046, #1429, #2777, #4183, #2100, #455, #2076, #3136, #2852, #3179, #1112, #48, #1068, #1791, #1091, #3458, #3546, #2455, #70, #1138, #1449, #368, #3846, #750, #2479, #3866, #2145, #1471, #1832, #4228, #2504, #3888, #794, #2166, #2410, #3803, #1876, #3264, #1196, #1177, #2571, #1533, #201, #3931, #882, #1575, #2954, #2209, #2914, #3909, #905, #2232, #3655, #2270, #3953, #1493, #2546, #838, #1552, #2523, #4291, #3223, #861, #2251, #3613, #3633, #1898, #2894, #518, #1514, #3243, #2592, #180, #116, #536, #4332, #1241, #3590, #2614, #3287, #1918, #2936, #4313, #3996, #1220, #3975, #560, #1939, #2873, #496, #4250, #1158, #817, #2189, #160, #3567 ),
 ( #474, #1855, #138, #4269, #4353, #996, #1286, #604, #2727, #3697, #1019, #1332, #1982, #2976, #3333, #292, #1624, #3040, #947, #2387, #1646, #2703, #926, #3358, #3017, #3774, #2313, #270, #2003, #4396, #4376, #1311, #2681, #3404, #2658, #4088, #316, #1693, #4065, #973, #2637, #4109, #2338, #677, #3311, #3724, #226, #4042, #632, #1671, #1264, #3380, #1961, #4418, #2364, #3751, #654, #2025, #2998, #3063, #247, #4443, #1355, #1600, #4018, #2291, #3677, #582, #3106, #2139, #769, #4201, #404, #2800, #1466, #385, #1786, #43, #4178, #1108, #2771, #2847, #1424, #89, #2822, #4152, #426, #1807, #1085, #2473, #1764, #4222, #3860, #3175, #3429, #340, #1130, #2451, #66, #3520, #1064, #1377, #3842, #3798, #745, #2497, #3881, #2116, #2050, #4129, #1720, #700, #721, #3085, #2406, #4464, #3476, #21, #364, #2751, #2096, #3453, #3127, #1399, #1040, #2072, #2430, #1741, #3820, #3153, #3497, #1444, #4344, #3925, #2867, #3011, #3902, #1254, #595, #2627, #1488, #3304, #895, #2540, #3325, #110, #468, #940, #130, #1613, #2307, #3691, #2886, #2262, #4244, #1640, #2967, #4389, #1303, #1932, #2160, #1849, #3217, #2284, #3194, #552, #811, #3647, #2988, #4010, #4366, #919, #3560, #216, #2182, #1590, #239, #3670, #789, #1279, #1974, #3348, #1507, #261, #4033, #2651, #575, #1953, #2671, #3541, #450, #1827, #1151, #2517, #4263, #1170, #2039, #2084, #354, #1685, #2421, #3812, #1710, #1731, #3765, #378, #3096, #712, #965, #2327, #1753, #3418, #2065, #11, #308, #3372, #331, #1325, #3076, #3466, #3119, #4122, #1390, #1661, #35, #2696, #2718, #1055, #4410, #2762, #1008, #2017, #2354, #3713, #4100, #986, #2378, #3395, #1414, #283, #3053 ) ),
 .UNSPECIFIED., .F., .F., .F. ) 
 B_SPLINE_SURFACE_WITH_KNOTS ( ( 2, 2 ),
 ( 3, 2, 2, 2, 2, 2, 2, 2, 2, 2, 2, 2, 2, 2, 2, 2, 2, 2, 2, 2, 2, 2, 2, 2, 2, 2, 2, 2, 2, 2, 2, 2, 2, 2, 2, 2, 2, 2, 2, 2, 2, 2, 2, 2, 2, 2, 2, 2, 2, 2, 2, 2, 2, 2, 2, 2, 2, 2, 2, 2, 2, 2, 2, 2, 2, 2, 2, 2, 2, 2, 2, 2, 2, 2, 2, 2, 2, 2, 2, 2, 2, 2, 2, 2, 2, 2, 2, 2, 2, 2, 2, 2, 2, 2, 2, 2, 2, 2, 2, 2, 2, 2, 2, 2, 2, 2, 2, 2, 2, 2, 2, 2, 2, 2, 2, 2, 2, 2, 2, 2, 3 ),
 ( 0.000000000000000000, 1.000000000000000000 ),
 ( 0.000000000000000000, 0.008333333333333333218, 0.01666666666666666644, 0.02500000000000000139, 0.03333333333333333287, 0.04166666666666666435, 0.05000000000000000278, 0.05833333333333333426, 0.06666666666666666574, 0.07499999999999999722, 0.08333333333333332871, 0.09166666666666666019, 0.1000000000000000056, 0.1083333333333333370, 0.1166666666666666685, 0.1250000000000000000, 0.1333333333333333315, 0.1416666666666666630, 0.1499999999999999944, 0.1583333333333333259, 0.1666666666666666574, 0.1749999999999999889, 0.1833333333333333204, 0.1916666666666666796, 0.2000000000000000111, 0.2083333333333333426, 0.2166666666666666741, 0.2250000000000000056, 0.2333333333333333370, 0.2416666666666666685, 0.2500000000000000000, 0.2583333333333333592, 0.2666666666666666630, 0.2750000000000000222, 0.2833333333333333259, 0.2916666666666666852, 0.2999999999999999889, 0.3083333333333333481, 0.3166666666666666519, 0.3250000000000000111, 0.3333333333333333148, 0.3416666666666666741, 0.3499999999999999778, 0.3583333333333333370, 0.3666666666666666408, 0.3750000000000000000, 0.3833333333333333592, 0.3916666666666666630, 0.4000000000000000222, 0.4083333333333333259, 0.4166666666666666852, 0.4249999999999999889, 0.4333333333333333481, 0.4416666666666666519, 0.4500000000000000111, 0.4583333333333333148, 0.4666666666666666741, 0.4749999999999999778, 0.4833333333333333370, 0.4916666666666666408, 0.5000000000000000000, 0.5083333333333333037, 0.5166666666666667185, 0.5250000000000000222, 0.5333333333333333259, 0.5416666666666666297, 0.5500000000000000444, 0.5583333333333333481, 0.5666666666666666519, 0.5749999999999999556, 0.5833333333333333703, 0.5916666666666666741, 0.5999999999999999778, 0.6083333333333332815, 0.6166666666666666963, 0.6250000000000000000, 0.6333333333333333037, 0.6416666666666667185, 0.6500000000000000222, 0.6583333333333333259, 0.6666666666666666297, 0.6750000000000000444, 0.6833333333333333481, 0.6916666666666666519, 0.6999999999999999556, 0.7083333333333333703, 0.7166666666666666741, 0.7249999999999999778, 0.7333333333333332815, 0.7416666666666666963, 0.7500000000000000000, 0.7583333333333333037, 0.7666666666666667185, 0.7750000000000000222, 0.7833333333333333259, 0.7916666666666666297, 0.8000000000000000444, 0.8083333333333333481, 0.8166666666666666519, 0.8249999999999999556, 0.8333333333333333703, 0.8416666666666666741, 0.8499999999999999778, 0.8583333333333332815, 0.8666666666666666963, 0.8750000000000000000, 0.8833333333333333037, 0.8916666666666667185, 0.9000000000000000222, 0.9083333333333333259, 0.9166666666666666297, 0.9250000000000000444, 0.9333333333333333481, 0.9416666666666666519, 0.9499999999999999556, 0.9583333333333333703, 0.9666666666666666741, 0.9749999999999999778, 0.9833333333333332815, 0.9916666666666666963, 1.000000000000000000 ),
 .UNSPECIFIED. ) 
 GEOMETRIC_REPRESENTATION_ITEM ( )  RATIONAL_B_SPLINE_SURFACE ( (
 ( 1.000000000000000000, 0.8660254037844387076, 1.000000000000000000, 0.8660254037844387076, 1.000000000000000000, 0.8660254037844387076, 1.000000000000000000, 0.8660254037844387076, 1.000000000000000000, 0.8660254037844387076, 1.000000000000000000, 0.8660254037844387076, 1.000000000000000000, 0.8660254037844387076, 1.000000000000000000, 0.8660254037844387076, 1.000000000000000000, 0.8660254037844387076, 1.000000000000000000, 0.8660254037844387076, 1.000000000000000000, 0.8660254037844387076, 1.000000000000000000, 0.8660254037844387076, 1.000000000000000000, 0.8660254037844387076, 1.000000000000000000, 0.8660254037844387076, 1.000000000000000000, 0.8660254037844387076, 1.000000000000000000, 0.8660254037844387076, 1.000000000000000000, 0.8660254037844387076, 1.000000000000000000, 0.8660254037844387076, 1.000000000000000000, 0.8660254037844387076, 1.000000000000000000, 0.8660254037844387076, 1.000000000000000000, 0.8660254037844387076, 1.000000000000000000, 0.8660254037844387076, 1.000000000000000000, 0.8660254037844387076, 1.000000000000000000, 0.8660254037844387076, 1.000000000000000000, 0.8660254037844387076, 1.000000000000000000, 0.8660254037844387076, 1.000000000000000000, 0.8660254037844387076, 1.000000000000000000, 0.8660254037844387076, 1.000000000000000000, 0.8660254037844387076, 1.000000000000000000, 0.8660254037844387076, 1.000000000000000000, 0.8660254037844387076, 1.000000000000000000, 0.8660254037844387076, 1.000000000000000000, 0.8660254037844387076, 1.000000000000000000, 0.8660254037844387076, 1.000000000000000000, 0.8660254037844387076, 1.000000000000000000, 0.8660254037844387076, 1.000000000000000000, 0.8660254037844387076, 1.000000000000000000, 0.8660254037844387076, 1.000000000000000000, 0.8660254037844387076, 1.000000000000000000, 0.8660254037844387076, 1.000000000000000000, 0.8660254037844387076, 1.000000000000000000, 0.8660254037844387076, 1.000000000000000000, 0.8660254037844387076, 1.000000000000000000, 0.8660254037844387076, 1.000000000000000000, 0.8660254037844387076, 1.000000000000000000, 0.8660254037844387076, 1.000000000000000000, 0.8660254037844387076, 1.000000000000000000, 0.8660254037844387076, 1.000000000000000000, 0.8660254037844387076, 1.000000000000000000, 0.8660254037844387076, 1.000000000000000000, 0.8660254037844387076, 1.000000000000000000, 0.8660254037844387076, 1.000000000000000000, 0.8660254037844387076, 1.000000000000000000, 0.8660254037844387076, 1.000000000000000000, 0.8660254037844387076, 1.000000000000000000, 0.8660254037844387076, 1.000000000000000000, 0.8660254037844387076, 1.000000000000000000, 0.8660254037844387076, 1.000000000000000000, 0.8660254037844387076, 1.000000000000000000, 0.8660254037844387076, 1.000000000000000000, 0.8660254037844387076, 1.000000000000000000, 0.8660254037844387076, 1.000000000000000000, 0.8660254037844387076, 1.000000000000000000, 0.8660254037844387076, 1.000000000000000000, 0.8660254037844387076, 1.000000000000000000, 0.8660254037844387076, 1.000000000000000000, 0.8660254037844387076, 1.000000000000000000, 0.8660254037844387076, 1.000000000000000000, 0.8660254037844387076, 1.000000000000000000, 0.8660254037844387076, 1.000000000000000000, 0.8660254037844387076, 1.000000000000000000, 0.8660254037844387076, 1.000000000000000000, 0.8660254037844387076, 1.000000000000000000, 0.8660254037844387076, 1.000000000000000000, 0.8660254037844387076, 1.000000000000000000, 0.8660254037844387076, 1.000000000000000000, 0.8660254037844387076, 1.000000000000000000, 0.8660254037844387076, 1.000000000000000000, 0.8660254037844387076, 1.000000000000000000, 0.8660254037844387076, 1.000000000000000000, 0.8660254037844387076, 1.000000000000000000, 0.8660254037844387076, 1.000000000000000000, 0.8660254037844387076, 1.000000000000000000, 0.8660254037844387076, 1.000000000000000000, 0.8660254037844387076, 1.000000000000000000, 0.8660254037844387076, 1.000000000000000000, 0.8660254037844387076, 1.000000000000000000, 0.8660254037844387076, 1.000000000000000000, 0.8660254037844387076, 1.000000000000000000, 0.8660254037844387076, 1.000000000000000000, 0.8660254037844387076, 1.000000000000000000, 0.8660254037844387076, 1.000000000000000000, 0.8660254037844387076, 1.000000000000000000, 0.8660254037844387076, 1.000000000000000000, 0.8660254037844387076, 1.000000000000000000, 0.8660254037844387076, 1.000000000000000000, 0.8660254037844387076, 1.000000000000000000, 0.8660254037844387076, 1.000000000000000000, 0.8660254037844387076, 1.000000000000000000, 0.8660254037844387076, 1.000000000000000000, 0.8660254037844387076, 1.000000000000000000, 0.8660254037844387076, 1.000000000000000000, 0.8660254037844387076, 1.000000000000000000, 0.8660254037844387076, 1.000000000000000000, 0.8660254037844387076, 1.000000000000000000, 0.8660254037844387076, 1.000000000000000000, 0.8660254037844387076, 1.000000000000000000, 0.8660254037844387076, 1.000000000000000000, 0.8660254037844387076, 1.000000000000000000, 0.8660254037844387076, 1.000000000000000000, 0.8660254037844387076, 1.000000000000000000, 0.8660254037844387076, 1.000000000000000000, 0.8660254037844387076, 1.000000000000000000, 0.8660254037844387076, 1.000000000000000000, 0.8660254037844387076, 1.000000000000000000, 0.8660254037844387076, 1.000000000000000000, 0.8660254037844387076, 1.000000000000000000, 0.8660254037844387076, 1.000000000000000000, 0.8660254037844387076, 1.000000000000000000, 0.8660254037844387076, 1.000000000000000000),
 ( 1.000000000000000000, 0.8660254037844387076, 1.000000000000000000, 0.8660254037844387076, 1.000000000000000000, 0.8660254037844387076, 1.000000000000000000, 0.8660254037844387076, 1.000000000000000000, 0.8660254037844387076, 1.000000000000000000, 0.8660254037844387076, 1.000000000000000000, 0.8660254037844387076, 1.000000000000000000, 0.8660254037844387076, 1.000000000000000000, 0.8660254037844387076, 1.000000000000000000, 0.8660254037844387076, 1.000000000000000000, 0.8660254037844387076, 1.000000000000000000, 0.8660254037844387076, 1.000000000000000000, 0.8660254037844387076, 1.000000000000000000, 0.8660254037844387076, 1.000000000000000000, 0.8660254037844387076, 1.000000000000000000, 0.8660254037844387076, 1.000000000000000000, 0.8660254037844387076, 1.000000000000000000, 0.8660254037844387076, 1.000000000000000000, 0.8660254037844387076, 1.000000000000000000, 0.8660254037844387076, 1.000000000000000000, 0.8660254037844387076, 1.000000000000000000, 0.8660254037844387076, 1.000000000000000000, 0.8660254037844387076, 1.000000000000000000, 0.8660254037844387076, 1.000000000000000000, 0.8660254037844387076, 1.000000000000000000, 0.8660254037844387076, 1.000000000000000000, 0.8660254037844387076, 1.000000000000000000, 0.8660254037844387076, 1.000000000000000000, 0.8660254037844387076, 1.000000000000000000, 0.8660254037844387076, 1.000000000000000000, 0.8660254037844387076, 1.000000000000000000, 0.8660254037844387076, 1.000000000000000000, 0.8660254037844387076, 1.000000000000000000, 0.8660254037844387076, 1.000000000000000000, 0.8660254037844387076, 1.000000000000000000, 0.8660254037844387076, 1.000000000000000000, 0.8660254037844387076, 1.000000000000000000, 0.8660254037844387076, 1.000000000000000000, 0.8660254037844387076, 1.000000000000000000, 0.8660254037844387076, 1.000000000000000000, 0.8660254037844387076, 1.000000000000000000, 0.8660254037844387076, 1.000000000000000000, 0.8660254037844387076, 1.000000000000000000, 0.8660254037844387076, 1.000000000000000000, 0.8660254037844387076, 1.000000000000000000, 0.8660254037844387076, 1.000000000000000000, 0.8660254037844387076, 1.000000000000000000, 0.8660254037844387076, 1.000000000000000000, 0.8660254037844387076, 1.000000000000000000, 0.8660254037844387076, 1.000000000000000000, 0.8660254037844387076, 1.000000000000000000, 0.8660254037844387076, 1.000000000000000000, 0.8660254037844387076, 1.000000000000000000, 0.8660254037844387076, 1.000000000000000000, 0.8660254037844387076, 1.000000000000000000, 0.8660254037844387076, 1.000000000000000000, 0.8660254037844387076, 1.000000000000000000, 0.8660254037844387076, 1.000000000000000000, 0.8660254037844387076, 1.000000000000000000, 0.8660254037844387076, 1.000000000000000000, 0.8660254037844387076, 1.000000000000000000, 0.8660254037844387076, 1.000000000000000000, 0.8660254037844387076, 1.000000000000000000, 0.8660254037844387076, 1.000000000000000000, 0.8660254037844387076, 1.000000000000000000, 0.8660254037844387076, 1.000000000000000000, 0.8660254037844387076, 1.000000000000000000, 0.8660254037844387076, 1.000000000000000000, 0.8660254037844387076, 1.000000000000000000, 0.8660254037844387076, 1.000000000000000000, 0.8660254037844387076, 1.000000000000000000, 0.8660254037844387076, 1.000000000000000000, 0.8660254037844387076, 1.000000000000000000, 0.8660254037844387076, 1.000000000000000000, 0.8660254037844387076, 1.000000000000000000, 0.8660254037844387076, 1.000000000000000000, 0.8660254037844387076, 1.000000000000000000, 0.8660254037844387076, 1.000000000000000000, 0.8660254037844387076, 1.000000000000000000, 0.8660254037844387076, 1.000000000000000000, 0.8660254037844387076, 1.000000000000000000, 0.8660254037844387076, 1.000000000000000000, 0.8660254037844387076, 1.000000000000000000, 0.8660254037844387076, 1.000000000000000000, 0.8660254037844387076, 1.000000000000000000, 0.8660254037844387076, 1.000000000000000000, 0.8660254037844387076, 1.000000000000000000, 0.8660254037844387076, 1.000000000000000000, 0.8660254037844387076, 1.000000000000000000, 0.8660254037844387076, 1.000000000000000000, 0.8660254037844387076, 1.000000000000000000, 0.8660254037844387076, 1.000000000000000000, 0.8660254037844387076, 1.000000000000000000, 0.8660254037844387076, 1.000000000000000000, 0.8660254037844387076, 1.000000000000000000, 0.8660254037844387076, 1.000000000000000000, 0.8660254037844387076, 1.000000000000000000, 0.8660254037844387076, 1.000000000000000000, 0.8660254037844387076, 1.000000000000000000, 0.8660254037844387076, 1.000000000000000000, 0.8660254037844387076, 1.000000000000000000, 0.8660254037844387076, 1.000000000000000000, 0.8660254037844387076, 1.000000000000000000, 0.8660254037844387076, 1.000000000000000000, 0.8660254037844387076, 1.000000000000000000, 0.8660254037844387076, 1.000000000000000000, 0.8660254037844387076, 1.000000000000000000, 0.8660254037844387076, 1.000000000000000000, 0.8660254037844387076, 1.000000000000000000, 0.8660254037844387076, 1.000000000000000000, 0.8660254037844387076, 1.000000000000000000, 0.8660254037844387076, 1.000000000000000000, 0.8660254037844387076, 1.000000000000000000, 0.8660254037844387076, 1.000000000000000000, 0.8660254037844387076, 1.000000000000000000, 0.8660254037844387076, 1.000000000000000000, 0.8660254037844387076, 1.000000000000000000, 0.8660254037844387076, 1.000000000000000000, 0.8660254037844387076, 1.000000000000000000, 0.8660254037844387076, 1.000000000000000000) ) ) 
 REPRESENTATION_ITEM ( '' )  SURFACE ( )  );
#347 = CARTESIAN_POINT ( 'NONE',  ( -0.8259043664192740053, 0.8361053452000423158, 0.02524047358083909148 ) ) ;
#348 = CARTESIAN_POINT ( 'NONE',  ( 0.000000000000000000, 1.500000000000000444, -3.349999999999998757 ) ) ;
#349 = VERTEX_POINT ( 'NONE', #2401 ) ;
#350 = CARTESIAN_POINT ( 'NONE',  ( 1.017788105676659116, 0.5876202367904146406, -3.120833333333333126 ) ) ;
#351 = CARTESIAN_POINT ( 'NONE',  ( 0.8660254037844478114, 1.499999999999987788, -2.329166666666667940 ) ) ;
#352 = CALENDAR_DATE ( 2026, 7, 1 ) ;
#353 = CARTESIAN_POINT ( 'NONE',  ( -1.299038105676660226, 0.7499999999999988898, -3.704166666666667496 ) ) ;
#354 = CARTESIAN_POINT ( 'NONE',  ( -1.870113174931186087E-16, -1.527063293868268667, -0.5531249999999997558 ) ) ;
#355 = EDGE_CURVE ( 'NONE', #4191, #2379, #1662, .T. ) ;
#356 = ORIENTED_EDGE ( 'NONE', *, *, #2609, .F. ) ;
#357 = EDGE_CURVE ( 'NONE', #3384, #1697, #4121, .T. ) ;
#358 = CARTESIAN_POINT ( 'NONE',  ( -1.371600000000000374, 1.475982003772366631E-16, 1.100000000000000533 ) ) ;
#359 = LINE ( 'NONE', #716, #2236 ) ;
#360 = CARTESIAN_POINT ( 'NONE',  ( -0.5252572366576269136, 0.2175686711582096311, 1.650000000000000355 ) ) ;
#361 = CARTESIAN_POINT ( 'NONE',  ( -1.439254484199190858E-16, -1.175240473580839051, -5.287500000000000533 ) ) ;
#362 = CARTESIAN_POINT ( 'NONE',  ( -0.2793999999999861039, 1.342841092609251330, 1.650000000000000355 ) ) ;
#363 = CARTESIAN_POINT ( 'NONE',  ( 0.6785254037844397068, 1.175240473580833500, -0.1416666666666666907 ) ) ;
#364 = CARTESIAN_POINT ( 'NONE',  ( 1.322475605676660448, 0.7635316469341292267, -3.886458333333333570 ) ) ;
#365 = CARTESIAN_POINT ( 'NONE',  ( 0.000000000000000000, 1.527063293868263338, -2.334374999999999645 ) ) ;
#366 = ORIENTED_EDGE ( 'NONE', *, *, #2330, .F. ) ;
#367 = CARTESIAN_POINT ( 'NONE',  ( -1.357050807568878303, -2.599625443516216173E-15, -8.412499999999999645 ) ) ;
#368 = CARTESIAN_POINT ( 'NONE',  ( 1.017788105676659116, 0.5876202367904146406, -1.683333333333333570 ) ) ;
#369 = AXIS2_PLACEMENT_3D ( 'NONE', #921, #2286, #1305 ) ;
#370 = CARTESIAN_POINT ( 'NONE',  ( -1.144409310012329373, 0.3092752446452372017, 0.02524047358084002823 ) ) ;
#371 = CARTESIAN_POINT ( 'NONE',  ( 1.595102455889429259E-16, 1.104999999999999982, -8.349999999999999645 ) ) ;
#372 = VERTEX_POINT ( 'NONE', #1909 ) ;
#373 = CARTESIAN_POINT ( 'NONE',  ( 0.000000000000000000, 1.175240473580833722, -3.537499999999999645 ) ) ;
#374 = CARTESIAN_POINT ( 'NONE',  ( 0.000000000000000000, 4.814824860968089633E-32, -8.349999999999999645 ) ) ;
#375 = COORDINATED_UNIVERSAL_TIME_OFFSET ( 6, 0, .BEHIND. ) ;
#376 = CARTESIAN_POINT ( 'NONE',  ( 0.3475372934284607918, -1.222371806387102966, 0.1178332910329040056 ) ) ;
#377 =( BOUNDED_CURVE ( )  B_SPLINE_CURVE ( 2, ( #1119, #2510, #781, #3532, #461, #3510, #2195 ),
 .UNSPECIFIED., .F., .F. ) 
 B_SPLINE_CURVE_WITH_KNOTS ( ( 3, 2, 2, 3 ),
 ( 0.8000000000000000444, 0.8083333333333333481, 0.8166666666666667629, 0.8250000000000000666 ),
 .UNSPECIFIED. ) 
 CURVE ( )  GEOMETRIC_REPRESENTATION_ITEM ( )  RATIONAL_B_SPLINE_CURVE ( ( 1.000000000000000000, 0.8660254037844387076, 1.000000000000000000, 0.8660254037844387076, 1.000000000000000000, 0.8660254037844369313, 1.000000000000001776 ) ) 
 REPRESENTATION_ITEM ( '' )  );
#378 = CARTESIAN_POINT ( 'NONE',  ( -0.8816504037844398178, 1.527063293868263338, -0.2614583333333340143 ) ) ;
#379 = ORIENTED_EDGE ( 'NONE', *, *, #902, .T. ) ;
#380 = CARTESIAN_POINT ( 'NONE',  ( -1.732050807568880746, -2.576663316032202149E-15, -7.224999999999998757 ) ) ;
#381 = CARTESIAN_POINT ( 'NONE',  ( 0.8660254037844331565, -1.500000000000017542, -4.058333333333333570 ) ) ;
#382 = CARTESIAN_POINT ( 'NONE',  ( 0.000000000000000000, 1.175240473580833722, -3.037500000000000089 ) ) ;
#383 = CARTESIAN_POINT ( 'NONE',  ( 0.8660254037844398178, -1.500000000000005995, -1.495833333333333792 ) ) ;
#384 = CARTESIAN_POINT ( 'NONE',  ( -0.6785254037844389297, 1.175240473580833944, -1.558333333333333570 ) ) ;
#385 = CARTESIAN_POINT ( 'NONE',  ( -1.763300807568879858, -2.574749805408535596E-15, -5.678125000000000533 ) ) ;
#386 = EDGE_CURVE ( 'NONE', #4170, #1635, #2119, .T. ) ;
#387 = CARTESIAN_POINT ( 'NONE',  ( -0.8816504037844403729, -1.527063293868268001, -1.126041666666666607 ) ) ;
#388 = ORIENTED_EDGE ( 'NONE', *, *, #2028, .F. ) ;
#389 = CARTESIAN_POINT ( 'NONE',  ( 0.6785254037844397068, 1.175240473580833500, -5.579166666666666607 ) ) ;
#390 = CARTESIAN_POINT ( 'NONE',  ( -1.017788105676658672, -0.5876202367904206358, -3.433333333333333570 ) ) ;
#391 = DIRECTION ( 'NONE',  ( 1.000000000000000000, 0.000000000000000000, 0.000000000000000000 ) ) ;
#392 = ORIENTED_EDGE ( 'NONE', *, *, #4326, .F. ) ;
#393 = CARTESIAN_POINT ( 'NONE',  ( -1.371600000000000374, 1.475982003772366631E-16, 1.100000000000000533 ) ) ;
#394 = CARTESIAN_POINT ( 'NONE',  ( 0.8660254037844331565, -1.500000000000017542, -2.495833333333334458 ) ) ;
#395 = CARTESIAN_POINT ( 'NONE',  ( 0.000000000000000000, 1.500000000000000222, -8.349999999999999645 ) ) ;
#396 = CARTESIAN_POINT ( 'NONE',  ( -0.8660254037844401509, 1.500000000000000222, -3.245833333333334014 ) ) ;
#397 = ORIENTED_EDGE ( 'NONE', *, *, #4159, .T. ) ;
#398 = CARTESIAN_POINT ( 'NONE',  ( -1.299038105676660448, 0.7499999999999990008, -7.266666666666664831 ) ) ;
#399 = DIRECTION ( 'NONE',  ( -0.06666269134683169839, 0.06666269134683283637, 0.9955461672694008168 ) ) ;
#400 = CARTESIAN_POINT ( 'NONE',  ( 0.8660254037844427044, 1.499999999999996891, -6.329166666666665719 ) ) ;
#401 = CARTESIAN_POINT ( 'NONE',  ( 0.6785254037844397068, 1.175240473580833500, -2.079166666666666607 ) ) ;
#402 = CARTESIAN_POINT ( 'NONE',  ( -0.2312812350607416911, -0.8015491288551709337, 1.100000000000000533 ) ) ;
#403 = CARTESIAN_POINT ( 'NONE',  ( 1.357050807568878303, -2.932007029070127676E-15, -1.225000000000000533 ) ) ;
#404 = CARTESIAN_POINT ( 'NONE',  ( 0.000000000000000000, 1.527063293868263338, -5.803125000000000533 ) ) ;
#405 = CARTESIAN_POINT ( 'NONE',  ( 0.6785254037844397068, 1.175240473580833500, -8.079166666666667496 ) ) ;
#406 = EDGE_CURVE ( 'NONE', #3407, #2871, #2932, .T. ) ;
#407 = ORIENTED_EDGE ( 'NONE', *, *, #1236, .F. ) ;
#408 = EDGE_CURVE ( 'NONE', #814, #670, #2901, .T. ) ;
#409 = CARTESIAN_POINT ( 'NONE',  ( 1.017788105676658228, -0.5876202367904214130, -3.704166666666666163 ) ) ;
#410 = CARTESIAN_POINT ( 'NONE',  ( -0.6785254037844394848, -1.175240473580838829, -3.391666666666667052 ) ) ;
#411 = FACE_OUTER_BOUND ( 'NONE', #1044, .T. ) ;
#412 = CARTESIAN_POINT ( 'NONE',  ( 1.299038105676660004, -0.7500000000000048850, -3.016666666666666163 ) ) ;
#413 = VERTEX_POINT ( 'NONE', #3212 ) ;
#414 = CARTESIAN_POINT ( 'NONE',  ( 0.000000000000000000, 1.175240473580833722, -0.03750000000000107414 ) ) ;
#415 = CARTESIAN_POINT ( 'NONE',  ( 1.836970198721030181E-16, -1.500000000000000222, -8.349999999999999645 ) ) ;
#416 = DIRECTION ( 'NONE',  ( 0.000000000000000000, 1.000000000000000000, 0.000000000000000000 ) ) ;
#417 = CARTESIAN_POINT ( 'NONE',  ( -0.5252572366576291341, -0.2175686711582045796, 1.650000000000000355 ) ) ;
#418 = ORIENTED_EDGE ( 'NONE', *, *, #4326, .T. ) ;
#419 = CARTESIAN_POINT ( 'NONE',  ( -1.299038105676660448, -0.7500000000000037748, -4.620833333333333570 ) ) ;
#420 = CARTESIAN_POINT ( 'NONE',  ( 0.000000000000000000, 1.500000000000000222, -4.787500000000000533 ) ) ;
#421 = CARTESIAN_POINT ( 'NONE',  ( -1.392548220237814771, 0.4954598425984370613, 0.3243298524355902601 ) ) ;
#422 =( BOUNDED_CURVE ( )  B_SPLINE_CURVE ( 2, ( #2418, #326, #1797, #3116, #75, #3164, #2081 ),
 .UNSPECIFIED., .F., .F. ) 
 B_SPLINE_CURVE_WITH_KNOTS ( ( 3, 2, 2, 3 ),
 ( 0.4000000000000000222, 0.4083333333333333259, 0.4166666666666666297, 0.4250000000000000444 ),
 .UNSPECIFIED. ) 
 CURVE ( )  GEOMETRIC_REPRESENTATION_ITEM ( )  RATIONAL_B_SPLINE_CURVE ( ( 1.000000000000000000, 0.8660254037844387076, 1.000000000000000000, 0.8660254037844387076, 1.000000000000000000, 0.8660254037844387076, 1.000000000000000000 ) ) 
 REPRESENTATION_ITEM ( '' )  );
#423 = CARTESIAN_POINT ( 'NONE',  ( -1.439254484199190858E-16, -1.175240473580839051, -1.787500000000000089 ) ) ;
#424 = CARTESIAN_POINT ( 'NONE',  ( -1.836970198721033385E-16, -1.500000000000005773, -0.09999999999999896472 ) ) ;
#425 = CARTESIAN_POINT ( 'NONE',  ( -0.6785254037844394848, -1.175240473580838829, -0.3916666666666668850 ) ) ;
#426 = CARTESIAN_POINT ( 'NONE',  ( -1.322475605676660004, 0.7635316469341305590, -5.219791666666666607 ) ) ;
#427 = CARTESIAN_POINT ( 'NONE',  ( -1.017788105676658672, -0.5876202367904206358, -8.370833333333331794 ) ) ;
#428 = ORIENTED_EDGE ( 'NONE', *, *, #3293, .F. ) ;
#429 = CARTESIAN_POINT ( 'NONE',  ( 1.017788105676658228, -0.5876202367904214130, -6.204166666666666607 ) ) ;
#430 = CARTESIAN_POINT ( 'NONE',  ( 1.357050807568878303, -2.932007029070127676E-15, -2.725000000000000533 ) ) ;
#431 = CARTESIAN_POINT ( 'NONE',  ( 0.000000000000000000, 1.527063293868263338, -7.334374999999999645 ) ) ;
#432 = EDGE_CURVE ( 'NONE', #2782, #223, #447, .T. ) ;
#433 = CARTESIAN_POINT ( 'NONE',  ( -1.836970198721033385E-16, -1.500000000000005551, -4.537500000000001421 ) ) ;
#434 = ORIENTED_EDGE ( 'NONE', *, *, #2496, .T. ) ;
#435 = CARTESIAN_POINT ( 'NONE',  ( 0.000000000000000000, 2.407412430484044816E-32, 0.3500000000000011435 ) ) ;
#436 =( BOUNDED_CURVE ( )  B_SPLINE_CURVE ( 2, ( #2918, #4295, #660, #704, #2730, #320, #1675 ),
 .UNSPECIFIED., .F., .F. ) 
 B_SPLINE_CURVE_WITH_KNOTS ( ( 3, 2, 2, 3 ),
 ( 0.6000000000000000888, 0.6083333333333335036, 0.6166666666666666963, 0.6250000000000000000 ),
 .UNSPECIFIED. ) 
 CURVE ( )  GEOMETRIC_REPRESENTATION_ITEM ( )  RATIONAL_B_SPLINE_CURVE ( ( 0.9999999999999982236, 0.8660254037844404840, 1.000000000000000000, 0.8660254037844387076, 1.000000000000000000, 0.8660254037844387076, 1.000000000000000000 ) ) 
 REPRESENTATION_ITEM ( '' )  );
#437 = CARTESIAN_POINT ( 'NONE',  ( 0.9803476054492226144, -0.6675780389825446415, -8.274790365793046831 ) ) ;
#438 = CARTESIAN_POINT ( 'NONE',  ( 1.000285725664977976, 0.9419566494144746560, 0.2211902653033300803 ) ) ;
#439 = CARTESIAN_POINT ( 'NONE',  ( 0.2312812350607391376, -0.8015491288551719329, 1.100000000000000533 ) ) ;
#440 = VECTOR ( 'NONE', #280, 1000.000000000000227 ) ;
#441 = EDGE_CURVE ( 'NONE', #514, #3555, #4239, .T. ) ;
#442 = CARTESIAN_POINT ( 'NONE',  ( 0.6785254037844387076, -1.175240473580839273, -4.808333333333332682 ) ) ;
#443 = VERTEX_POINT ( 'NONE', #127 ) ;
#444 = CARTESIAN_POINT ( 'NONE',  ( 0.000000000000000000, 1.500000000000000222, -4.787500000000000533 ) ) ;
#445 = CYLINDRICAL_SURFACE ( 'NONE', #949, 1.500000000000000222 ) ;
#446 = PLANE ( 'NONE',  #1715 ) ;
#447 = CIRCLE ( 'NONE', #1956, 1.371600000000000374 ) ;
#448 = CARTESIAN_POINT ( 'NONE',  ( -1.836970198721033385E-16, -1.500000000000005551, -6.037500000000001421 ) ) ;
#449 = CARTESIAN_POINT ( 'NONE',  ( 1.017788105676658228, -0.5876202367904214130, -1.766666666666667274 ) ) ;
#450 = CARTESIAN_POINT ( 'NONE',  ( 1.322475605676660448, 0.7635316469341292267, -0.8864583333333345694 ) ) ;
#451 = CARTESIAN_POINT ( 'NONE',  ( -1.322475605676660226, -0.7635316469341354439, 1.332291666666667318 ) ) ;
#452 = CARTESIAN_POINT ( 'NONE',  ( -1.017788105676658450, 0.5876202367904155288, -8.516666666666667496 ) ) ;
#453 = ORIENTED_EDGE ( 'NONE', *, *, #900, .F. ) ;
#454 = CARTESIAN_POINT ( 'NONE',  ( -1.017788105676658672, -0.5876202367904206358, -5.370833333333333570 ) ) ;
#455 = CARTESIAN_POINT ( 'NONE',  ( -1.439254484199190858E-16, -1.175240473580839051, -2.350000000000000533 ) ) ;
#456 = CARTESIAN_POINT ( 'NONE',  ( 1.763300807568879858, -3.006633943393169801E-15, -6.959375000000000533 ) ) ;
#457 = CYLINDRICAL_SURFACE ( 'NONE', #697, 1.500000000000000222 ) ;
#458 = EDGE_LOOP ( 'NONE', ( #3587, #4273, #1722, #3139 ) ) ;
#459 = DIRECTION ( 'NONE',  ( -0.000000000000000000, 4.984837574645996626E-17, -1.000000000000000000 ) ) ;
#460 = LINE ( 'NONE', #3205, #2353 ) ;
#461 = CARTESIAN_POINT ( 'NONE',  ( 1.299038105676660004, -0.7500000000000048850, -6.516666666666666607 ) ) ;
#462 = CARTESIAN_POINT ( 'NONE',  ( -1.017788105676658672, -0.5876202367904206358, -5.933333333333333570 ) ) ;
#463 = ORIENTED_EDGE ( 'NONE', *, *, #2839, .T. ) ;
#464 = CARTESIAN_POINT ( 'NONE',  ( 0.7182276100361963955, -1.106474235180216814, -8.240957293071327072 ) ) ;
#465 = DIRECTION ( 'NONE',  ( -3.491481338843133355E-15, -1.000000000000000000, 0.000000000000000000 ) ) ;
#466 = ADVANCED_FACE ( 'NONE', ( #3256 ), #2514, .T. ) ;
#467 = CARTESIAN_POINT ( 'NONE',  ( 0.2794000000000002593, 8.545637998129085534E-17, 1.650000000000000355 ) ) ;
#468 = CARTESIAN_POINT ( 'NONE',  ( -1.322475605676660004, 0.7635316469341305590, -2.719791666666667052 ) ) ;
#469 = CARTESIAN_POINT ( 'NONE',  ( -1.439254484199190858E-16, -1.175240473580839051, -8.287499999999999645 ) ) ;
#470 = CARTESIAN_POINT ( 'NONE',  ( -1.439254484199190858E-16, -1.175240473580839051, 0.2124999999999991340 ) ) ;
#471 = VERTEX_POINT ( 'NONE', #2906 ) ;
#472 = CARTESIAN_POINT ( 'NONE',  ( -1.357050807568878303, -2.599625443516216173E-15, -5.974999999999999645 ) ) ;
#473 = CARTESIAN_POINT ( 'NONE',  ( -0.6785254037844389297, 1.175240473580833944, -4.995833333333333570 ) ) ;
#474 = CARTESIAN_POINT ( 'NONE',  ( 0.000000000000000000, 1.527063293868263338, -8.803124999999999645 ) ) ;
#475 = AXIS2_PLACEMENT_3D ( 'NONE', #3782, #2456, #1047 ) ;
#476 = CARTESIAN_POINT ( 'NONE',  ( -1.322475605676660004, 0.7635316469341305590, -6.251041666666666607 ) ) ;
#477 = CARTESIAN_POINT ( 'NONE',  ( -1.732050807568880746, -2.576663316032202149E-15, -1.724999999999999645 ) ) ;
#478 = VERTEX_POINT ( 'NONE', #2603 ) ;
#479 = CARTESIAN_POINT ( 'NONE',  ( -1.017788105676658672, -0.5876202367904206358, -0.3708333333333341253 ) ) ;
#480 = CARTESIAN_POINT ( 'NONE',  ( -1.017788105676658450, 0.5876202367904155288, -7.016666666666666607 ) ) ;
#481 = CARTESIAN_POINT ( 'NONE',  ( -1.299038105676660226, 0.7499999999999988898, -3.204166666666667052 ) ) ;
#482 = VECTOR ( 'NONE', #4241, 999.9999999999998863 ) ;
#483 = CARTESIAN_POINT ( 'NONE',  ( 0.000000000000000000, 1.175240473580833722, -5.100000000000000533 ) ) ;
#484 = ORIENTED_EDGE ( 'NONE', *, *, #3052, .F. ) ;
#485 = CARTESIAN_POINT ( 'NONE',  ( 1.732050807568880746, -3.000893411522166591E-15, -0.9749999999999997558 ) ) ;
#486 = CARTESIAN_POINT ( 'NONE',  ( -1.507378883967440020, -0.01559241032624020598, 0.3426632557949375046 ) ) ;
#487 =( BOUNDED_CURVE ( )  B_SPLINE_CURVE ( 2, ( #2243, #215, #1212, #550, #529, #1931, #4304 ),
 .UNSPECIFIED., .F., .T. ) 
 B_SPLINE_CURVE_WITH_KNOTS ( ( 3, 2, 2, 3 ),
 ( 0.6999999999999999556, 0.7083333333333333703, 0.7166666666666666741, 0.7249999999999999778 ),
 .UNSPECIFIED. ) 
 CURVE ( )  GEOMETRIC_REPRESENTATION_ITEM ( )  RATIONAL_B_SPLINE_CURVE ( ( 1.000000000000000000, 0.8660254037844387076, 1.000000000000000000, 0.8660254037844387076, 1.000000000000000000, 0.8660254037844387076, 1.000000000000000000 ) ) 
 REPRESENTATION_ITEM ( '' )  );
#488 = EDGE_CURVE ( 'NONE', #2826, #1789, #192, .T. ) ;
#489 = EDGE_CURVE ( 'NONE', #864, #3407, #1231, .T. ) ;
#490 = CARTESIAN_POINT ( 'NONE',  ( -0.7376238667382856162, -0.9866019019332539219, 0.07166343272124237052 ) ) ;
#491 = CARTESIAN_POINT ( 'NONE',  ( 0.8816504037844393737, -1.527063293868269112, 0.9572916666666672070 ) ) ;
#492 = CARTESIAN_POINT ( 'NONE',  ( -1.357050807568878303, -2.599625443516216173E-15, -0.4124999999999997002 ) ) ;
#493 = ORIENTED_EDGE ( 'NONE', *, *, #908, .F. ) ;
#494 = CARTESIAN_POINT ( 'NONE',  ( 0.6785254037844387076, -1.175240473580839051, -5.308333333333332682 ) ) ;
#495 = CARTESIAN_POINT ( 'NONE',  ( -1.017788105676658450, 0.5876202367904155288, -3.454166666666667052 ) ) ;
#496 = CARTESIAN_POINT ( 'NONE',  ( -1.439254484199190858E-16, -1.175240473580839051, 1.149999999999999911 ) ) ;
#497 = CARTESIAN_POINT ( 'NONE',  ( -1.870113174931186087E-16, -1.527063293868268667, -6.584374999999999645 ) ) ;
#498 = CARTESIAN_POINT ( 'NONE',  ( 0.000000000000000000, 1.500000000000000444, -4.349999999999999645 ) ) ;
#499 = ORIENTED_EDGE ( 'NONE', *, *, #2527, .F. ) ;
#500 = CARTESIAN_POINT ( 'NONE',  ( -5.697091998752724511E-17, -0.2794000000000003703, 1.650000000000000355 ) ) ;
#501 = CARTESIAN_POINT ( 'NONE',  ( 1.017788105676658228, -0.5876202367904214130, -7.266666666666666607 ) ) ;
#502 = FACE_OUTER_BOUND ( 'NONE', #3309, .T. ) ;
#503 = CARTESIAN_POINT ( 'NONE',  ( -1.017788105676658450, 0.5876202367904155288, -4.516666666666667496 ) ) ;
#504 = CARTESIAN_POINT ( 'NONE',  ( 1.357050807568878303, -2.932007029070127676E-15, -1.662499999999999867 ) ) ;
#505 = EDGE_LOOP ( 'NONE', ( #3109, #3043, #2274, #1628 ) ) ;
#506 = CARTESIAN_POINT ( 'NONE',  ( 1.732050807568880746, -3.000893411522166591E-15, -7.474999999999999645 ) ) ;
#507 = DIRECTION ( 'NONE',  ( 0.000000000000000000, -0.000000000000000000, -1.000000000000000000 ) ) ;
#508 = VECTOR ( 'NONE', #2759, 1000.000000000000000 ) ;
#509 = DIRECTION ( 'NONE',  ( -0.000000000000000000, 4.984837574645996626E-17, -1.000000000000000000 ) ) ;
#510 = DIRECTION ( 'NONE',  ( 0.000000000000000000, 1.000000000000000000, 0.000000000000000000 ) ) ;
#511 =( BOUNDED_CURVE ( )  B_SPLINE_CURVE ( 2, ( #2670, #780, #3831, #3509, #1143, #3118, #4255 ),
 .UNSPECIFIED., .F., .F. ) 
 B_SPLINE_CURVE_WITH_KNOTS ( ( 3, 2, 2, 3 ),
 ( 0.2750000000000000777, 0.2833333333333333814, 0.2916666666666666297, 0.3000000000000000444 ),
 .UNSPECIFIED. ) 
 CURVE ( )  GEOMETRIC_REPRESENTATION_ITEM ( )  RATIONAL_B_SPLINE_CURVE ( ( 0.9999999999999991118, 0.8660254037844395958, 1.000000000000000000, 0.8660254037844387076, 1.000000000000000000, 0.8660254037844387076, 1.000000000000000000 ) ) 
 REPRESENTATION_ITEM ( '' )  );
#512 = CARTESIAN_POINT ( 'NONE',  ( -1.357050807568878303, -2.599625443516216173E-15, -7.912499999999999645 ) ) ;
#513 = CARTESIAN_POINT ( 'NONE',  ( 1.017788105676659116, 0.5876202367904146406, -0.1208333333333339032 ) ) ;
#514 = VERTEX_POINT ( 'NONE', #2946 ) ;
#515 = CARTESIAN_POINT ( 'NONE',  ( 1.017788105676658228, -0.5876202367904214130, -7.266666666666666607 ) ) ;
#516 = CARTESIAN_POINT ( 'NONE',  ( 1.017788105676659116, 0.5876202367904146406, -3.620833333333333570 ) ) ;
#517 = ADVANCED_FACE ( 'NONE', ( #3536 ), #445, .T. ) ;
#518 = CARTESIAN_POINT ( 'NONE',  ( 1.357050807568878303, -2.932007029070127676E-15, 0.2749999999999991895 ) ) ;
#519 = CARTESIAN_POINT ( 'NONE',  ( 0.8816504037844393737, -1.527063293868269112, -5.542708333333332682 ) ) ;
#520 = ORIENTED_EDGE ( 'NONE', *, *, #406, .F. ) ;
#521 = CARTESIAN_POINT ( 'NONE',  ( 1.140091683792541000, -0.9706722547405641777, -7.963097208351956446 ) ) ;
#522 = CARTESIAN_POINT ( 'NONE',  ( 1.836970198721030181E-16, -1.500000000000000222, -8.349999999999999645 ) ) ;
#523 = CARTESIAN_POINT ( 'NONE',  ( 1.017788105676659116, 0.5876202367904146406, -5.183333333333333570 ) ) ;
#524 = CARTESIAN_POINT ( 'NONE',  ( -1.017788105676658672, -0.5876202367904206358, -0.8708333333333336812 ) ) ;
#525 = EDGE_LOOP ( 'NONE', ( #1087, #1608, #3297, #2408 ) ) ;
#526 = CARTESIAN_POINT ( 'NONE',  ( 0.6785254037844387076, -1.175240473580839273, -4.245833333333333570 ) ) ;
#527 = DIRECTION ( 'NONE',  ( 5.766257318524658366E-33, -5.766257318524678892E-33, 1.000000000000000000 ) ) ;
#528 = CARTESIAN_POINT ( 'NONE',  ( 0.6785254037844387076, -1.175240473580839051, 0.6916666666666668739 ) ) ;
#529 = CARTESIAN_POINT ( 'NONE',  ( -1.299038105676660448, -0.7500000000000037748, -1.620833333333334014 ) ) ;
#530 = CARTESIAN_POINT ( 'NONE',  ( 0.1223628245429984329, -1.168853074561714944, -8.279759526419162796 ) ) ;
#531 = CARTESIAN_POINT ( 'NONE',  ( 1.017788105676658228, -0.5876202367904214130, -7.204166666666666607 ) ) ;
#532 = CARTESIAN_POINT ( 'NONE',  ( 0.6785254037844397068, 1.175240473580833500, 0.9208333333333326154 ) ) ;
#533 = CARTESIAN_POINT ( 'NONE',  ( -1.299038105676660448, 0.7499999999999990008, -2.266666666666666607 ) ) ;
#534 = CARTESIAN_POINT ( 'NONE',  ( 1.357050807568878303, -2.932007029070127676E-15, -7.225000000000001421 ) ) ;
#535 = VECTOR ( 'NONE', #2235, 1000.000000000000000 ) ;
#536 = CARTESIAN_POINT ( 'NONE',  ( -1.357050807568878303, -2.599625443516216173E-15, 0.5249999999999994671 ) ) ;
#537 = CARTESIAN_POINT ( 'NONE',  ( 0.8816504037844408170, 1.527063293868263116, -5.376041666666665719 ) ) ;
#538 = DIRECTION ( 'NONE',  ( -0.000000000000000000, 0.000000000000000000, 1.000000000000000000 ) ) ;
#539 = EDGE_CURVE ( 'NONE', #4356, #1066, #2538, .T. ) ;
#540 = ADVANCED_FACE ( 'NONE', ( #4363 ), #616, .T. ) ;
#541 = VERTEX_POINT ( 'NONE', #4030 ) ;
#542 = CARTESIAN_POINT ( 'NONE',  ( 0.3983088340601588784, -0.3983088340601615429, 1.100000000000000533 ) ) ;
#543 = VECTOR ( 'NONE', #3641, 1000.000000000000000 ) ;
#544 = CARTESIAN_POINT ( 'NONE',  ( -1.017788105676658672, -0.5876202367904206358, -7.933333333333333570 ) ) ;
#545 = CARTESIAN_POINT ( 'NONE',  ( 0.8660254037844377084, 1.500000000000005995, -3.391666666666665719 ) ) ;
#546 = CARTESIAN_POINT ( 'NONE',  ( -1.357050807568878303, -2.599625443516216173E-15, -1.412500000000000311 ) ) ;
#547 = ORIENTED_EDGE ( 'NONE', *, *, #4195, .F. ) ;
#548 = CARTESIAN_POINT ( 'NONE',  ( 1.017788105676659116, 0.5876202367904146406, -5.120833333333333570 ) ) ;
#549 = CARTESIAN_POINT ( 'NONE',  ( -0.4808012946005266186, -0.1991544170300802441, 1.100000000000000533 ) ) ;
#550 = CARTESIAN_POINT ( 'NONE',  ( -1.732050807568880746, -2.576663316032202938E-15, -1.662500000000001199 ) ) ;
#551 = AXIS2_PLACEMENT_3D ( 'NONE', #2083, #3465, #1498 ) ;
#552 = CARTESIAN_POINT ( 'NONE',  ( 1.763300807568879858, -3.006633943393169801E-15, -1.928125000000000089 ) ) ;
#553 = DIRECTION ( 'NONE',  ( 0.000000000000000000, -1.000000000000000000, 0.000000000000000000 ) ) ;
#554 = CARTESIAN_POINT ( 'NONE',  ( -1.349206843930975008, -0.2473742437992214327, 1.283943931589617504 ) ) ;
#555 = CARTESIAN_POINT ( 'NONE',  ( -1.017788105676658450, 0.5876202367904155288, -5.454166666666666607 ) ) ;
#556 = CARTESIAN_POINT ( 'NONE',  ( 1.017788105676659116, 0.5876202367904146406, -2.683333333333333570 ) ) ;
#557 = VERTEX_POINT ( 'NONE', #2716 ) ;
#558 = CARTESIAN_POINT ( 'NONE',  ( -1.439254484199190858E-16, -1.175240473580839051, -6.349999999999999645 ) ) ;
#559 = APPROVAL ( #4140, 'UNSPECIFIED' ) ;
#560 = CARTESIAN_POINT ( 'NONE',  ( -1.357050807568878303, -2.599625443516216173E-15, 1.024999999999999911 ) ) ;
#561 = CARTESIAN_POINT ( 'NONE',  ( -1.763300807568879858, -2.574749805408535596E-15, -4.709374999999999645 ) ) ;
#562 = CARTESIAN_POINT ( 'NONE',  ( -0.6785254037844394848, -1.175240473580838829, -7.391666666666666607 ) ) ;
#563 = ORIENTED_EDGE ( 'NONE', *, *, #155, .F. ) ;
#564 = LINE ( 'NONE', #500, #1262 ) ;
#565 = CARTESIAN_POINT ( 'NONE',  ( 0.000000000000000000, -1.475982003772366877E-16, 1.650000000000000355 ) ) ;
#566 = ADVANCED_FACE ( 'NONE', ( #937 ), #2260, .F. ) ;
#567 = EDGE_CURVE ( 'NONE', #151, #3913, #3369, .T. ) ;
#568 = DIRECTION ( 'NONE',  ( -0.000000000000000000, 4.984837574645996626E-17, -1.000000000000000000 ) ) ;
#569 = DIRECTION ( 'NONE',  ( 0.000000000000000000, -1.153251463704931673E-32, 1.000000000000000000 ) ) ;
#570 = ORIENTED_EDGE ( 'NONE', *, *, #1679, .F. ) ;
#571 = CARTESIAN_POINT ( 'NONE',  ( -0.6785254037844389297, 1.175240473580833722, -5.495833333333333570 ) ) ;
#572 = DIRECTION ( 'NONE',  ( 0.08714264840443967930, 0.01733375049386007977, 0.9960450290638855897 ) ) ;
#573 = CYLINDRICAL_SURFACE ( 'NONE', #1921, 1.500000000000000222 ) ;
#574 = EDGE_CURVE ( 'NONE', #3438, #1397, #3667, .T. ) ;
#575 = CARTESIAN_POINT ( 'NONE',  ( -1.870113174931186087E-16, -1.527063293868268667, -1.053125000000000311 ) ) ;
#576 = CARTESIAN_POINT ( 'NONE',  ( -0.8660254037844402619, 1.500000000000000222, -5.808333333333334458 ) ) ;
#577 = CARTESIAN_POINT ( 'NONE',  ( 0.2191718892828946330, -1.173478951853501373, -8.265079295533800163 ) ) ;
#578 = CARTESIAN_POINT ( 'NONE',  ( -1.017788105676658672, -0.5876202367904206358, -7.370833333333333570 ) ) ;
#579 = CARTESIAN_POINT ( 'NONE',  ( 1.017788105676658228, -0.5876202367904214130, -3.766666666666666607 ) ) ;
#580 = CARTESIAN_POINT ( 'NONE',  ( 0.8660254037844410391, 1.499999999999999778, -0.8291666666666676067 ) ) ;
#581 = CARTESIAN_POINT ( 'NONE',  ( 1.357050807568878303, -2.932007029070127676E-15, -4.725000000000000533 ) ) ;
#582 = CARTESIAN_POINT ( 'NONE',  ( 0.8816504037844393737, -1.527063293868269112, -6.011458333333333570 ) ) ;
#583 = CARTESIAN_POINT ( 'NONE',  ( 0.000000000000000000, 1.527063293868263338, -5.334374999999999645 ) ) ;
#584 = VECTOR ( 'NONE', #2883, 1000.000000000000000 ) ;
#585 = CARTESIAN_POINT ( 'NONE',  ( 0.8660254037844331565, -1.500000000000017542, -5.495833333333334458 ) ) ;
#586 = ORIENTED_EDGE ( 'NONE', *, *, #574, .T. ) ;
#587 = CARTESIAN_POINT ( 'NONE',  ( -0.2312812350607421352, 2.469701635536639176E-15, 1.100000000000000533 ) ) ;
#588 = CARTESIAN_POINT ( 'NONE',  ( 0.6785254037844387076, -1.175240473580839051, -3.808333333333334014 ) ) ;
#589 = CARTESIAN_POINT ( 'NONE',  ( -1.836970198721033385E-16, -1.500000000000005773, -4.599999999999999645 ) ) ;
#590 = CARTESIAN_POINT ( 'NONE',  ( 1.017788105676658228, -0.5876202367904214130, 0.2958333333333337256 ) ) ;
#591 = VERTEX_POINT ( 'NONE', #2014 ) ;
#592 = CARTESIAN_POINT ( 'NONE',  ( 1.017788105676658228, -0.5876202367904214130, -6.204166666666666607 ) ) ;
#593 = CARTESIAN_POINT ( 'NONE',  ( 0.2634155365841067131, -1.346166921035993447, 1.467296747124817502 ) ) ;
#594 = FACE_OUTER_BOUND ( 'NONE', #4450, .T. ) ;
#595 = CARTESIAN_POINT ( 'NONE',  ( -1.870113174931186087E-16, -1.527063293868268667, -3.053125000000000089 ) ) ;
#596 = EDGE_CURVE ( 'NONE', #2422, #1249, #4075, .T. ) ;
#597 = LINE ( 'NONE', #2629, #724 ) ;
#598 = EDGE_CURVE ( 'NONE', #3320, #2871, #4341, .T. ) ;
#599 = CARTESIAN_POINT ( 'NONE',  ( 0.000000000000000000, 4.814824860968089633E-32, -8.349999999999999645 ) ) ;
#600 = CARTESIAN_POINT ( 'NONE',  ( -0.6785254037844394848, -1.175240473580838829, -1.829166666666666607 ) ) ;
#601 = CARTESIAN_POINT ( 'NONE',  ( -0.6785254037844394848, -1.175240473580838829, -7.329166666666666607 ) ) ;
#602 = CARTESIAN_POINT ( 'NONE',  ( -1.357050807568877859, -2.599625443516215778E-15, -2.475000000000000533 ) ) ;
#603 = CARTESIAN_POINT ( 'NONE',  ( -1.017788105676658450, 0.5876202367904155288, -4.516666666666667496 ) ) ;
#604 = CARTESIAN_POINT ( 'NONE',  ( 0.8816504037844393737, -1.527063293868269112, -8.511458333333333570 ) ) ;
#605 = CARTESIAN_POINT ( 'NONE',  ( -1.322475605676660004, 0.7635316469341305590, -3.251041666666667052 ) ) ;
#606 = CARTESIAN_POINT ( 'NONE',  ( -1.299038105676660448, 0.7499999999999990008, -6.266666666666666607 ) ) ;
#607 = AXIS2_PLACEMENT_3D ( 'NONE', #893, #237, #1232 ) ;
#608 = ORIENTED_EDGE ( 'NONE', *, *, #3442, .T. ) ;
#609 = ORIENTED_EDGE ( 'NONE', *, *, #80, .T. ) ;
#610 = CARTESIAN_POINT ( 'NONE',  ( 1.017788105676659116, 0.5876202367904146406, -7.620833333333333570 ) ) ;
#611 = CARTESIAN_POINT ( 'NONE',  ( -1.017788105676658672, -0.5876202367904206358, -4.933333333333332682 ) ) ;
#612 = DIRECTION ( 'NONE',  ( 0.000000000000000000, 1.000000000000000000, 0.000000000000000000 ) ) ;
#613 = CARTESIAN_POINT ( 'NONE',  ( -1.017788105676658450, 0.5876202367904155288, 1.045833333333332726 ) ) ;
#614 = ORIENTED_EDGE ( 'NONE', *, *, #1818, .T. ) ;
#615 = CARTESIAN_POINT ( 'NONE',  ( -1.017788105676658450, 0.5876202367904155288, -5.954166666666666607 ) ) ;
#616 = CYLINDRICAL_SURFACE ( 'NONE', #1089, 1.500000000000000222 ) ;
#617 = DIRECTION ( 'NONE',  ( -1.000000000000000000, 0.000000000000000000, 0.000000000000000000 ) ) ;
#618 = FACE_OUTER_BOUND ( 'NONE', #4405, .T. ) ;
#619 = DIRECTION ( 'NONE',  ( -0.000000000000000000, 4.984837574645996626E-17, -1.000000000000000000 ) ) ;
#620 = DIRECTION ( 'NONE',  ( -1.000000000000000000, 0.000000000000000000, 0.000000000000000000 ) ) ;
#621 = CARTESIAN_POINT ( 'NONE',  ( 1.343798167864375781, -0.3941576986139004313, -8.057828180014238839 ) ) ;
#622 = AXIS2_PLACEMENT_3D ( 'NONE', #1345, #1730, #3095 ) ;
#623 = CARTESIAN_POINT ( 'NONE',  ( 0.6785254037844397068, 1.175240473580833500, -2.579166666666666607 ) ) ;
#624 = CARTESIAN_POINT ( 'NONE',  ( -1.299038105676660448, 0.7499999999999990008, -0.2666666666666663299 ) ) ;
#625 =( BOUNDED_CURVE ( )  B_SPLINE_CURVE ( 2, ( #72, #323, #3091, #3783, #50, #3161, #4115 ),
 .UNSPECIFIED., .F., .F. ) 
 B_SPLINE_CURVE_WITH_KNOTS ( ( 3, 2, 2, 3 ),
 ( 0.2499999999999999722, 0.2583333333333333037, 0.2666666666666666075, 0.2749999999999999112 ),
 .UNSPECIFIED. ) 
 CURVE ( )  GEOMETRIC_REPRESENTATION_ITEM ( )  RATIONAL_B_SPLINE_CURVE ( ( 1.000000000000000444, 0.8660254037844382635, 1.000000000000000000, 0.8660254037844387076, 1.000000000000000000, 0.8660254037844404840, 0.9999999999999982236 ) ) 
 REPRESENTATION_ITEM ( '' )  );
#626 = EDGE_CURVE ( 'NONE', #2763, #670, #3967, .T. ) ;
#627 = EDGE_CURVE ( 'NONE', #4301, #2501, #2579, .T. ) ;
#628 = CARTESIAN_POINT ( 'NONE',  ( 0.000000000000000000, 1.175240473580833722, -4.037500000000000533 ) ) ;
#629 = CIRCLE ( 'NONE', #3729, 1.371600000000000374 ) ;
#630 = CARTESIAN_POINT ( 'NONE',  ( 0.000000000000000000, 1.175240473580833722, -3.600000000000000089 ) ) ;
#631 = CARTESIAN_POINT ( 'NONE',  ( 1.017788105676659116, 0.5876202367904146406, -4.683333333333333570 ) ) ;
#632 = CARTESIAN_POINT ( 'NONE',  ( 0.000000000000000000, 1.527063293868263338, -6.803125000000000533 ) ) ;
#633 = CARTESIAN_POINT ( 'NONE',  ( -1.763300807568879858, -2.574749805408535596E-15, -0.7093749999999999778 ) ) ;
#634 = CARTESIAN_POINT ( 'NONE',  ( -1.439254484199190858E-16, -1.175240473580839051, -7.849999999999999645 ) ) ;
#635 = ORIENTED_EDGE ( 'NONE', *, *, #3749, .F. ) ;
#636 = CARTESIAN_POINT ( 'NONE',  ( 1.017788105676658228, -0.5876202367904214130, -6.704166666666666607 ) ) ;
#637 = CARTESIAN_POINT ( 'NONE',  ( 0.6785254037844387076, -1.175240473580839051, -4.808333333333332682 ) ) ;
#638 = CARTESIAN_POINT ( 'NONE',  ( 0.8660254037844398178, -1.500000000000005995, -6.058333333333331794 ) ) ;
#639 = CARTESIAN_POINT ( 'NONE',  ( -0.6785254037844394848, -1.175240473580838829, 0.6708333333333321713 ) ) ;
#640 = ORIENTED_EDGE ( 'NONE', *, *, #3294, .F. ) ;
#641 = CARTESIAN_POINT ( 'NONE',  ( 1.017788105676659116, 0.5876202367904146406, -1.620833333333333570 ) ) ;
#642 = DIRECTION ( 'NONE',  ( -0.01733375049385931302, 0.08714264840443969318, 0.9960450290638855897 ) ) ;
#643 = APPLICATION_PROTOCOL_DEFINITION ( 'international standard', 'config_control_design', 1994, #3933 ) ;
#644 = PLANE ( 'NONE',  #1783 ) ;
#645 = CARTESIAN_POINT ( 'NONE',  ( -0.8660254037844368202, 1.500000000000005995, -0.8083333333333335702 ) ) ;
#646 = FACE_OUTER_BOUND ( 'NONE', #2753, .T. ) ;
#647 = CARTESIAN_POINT ( 'NONE',  ( -1.836970198721033385E-16, -1.500000000000005773, -7.099999999999999645 ) ) ;
#648 = CARTESIAN_POINT ( 'NONE',  ( 1.357050807568878303, -2.932007029070127676E-15, -1.162500000000000311 ) ) ;
#649 = CARTESIAN_POINT ( 'NONE',  ( -1.186169539242354576, 0.8590845278159051635, 0.3108685099551868891 ) ) ;
#650 = CARTESIAN_POINT ( 'NONE',  ( 1.357050807568878303, -2.932007029070127676E-15, -3.662500000000000533 ) ) ;
#651 = CARTESIAN_POINT ( 'NONE',  ( -0.6785254037844394848, -1.175240473580838829, -1.891666666666666385 ) ) ;
#652 = CARTESIAN_POINT ( 'NONE',  ( -1.017788105676658672, -0.5876202367904206358, -2.933333333333334014 ) ) ;
#653 = AXIS2_PLACEMENT_3D ( 'NONE', #284, #1348, #896 ) ;
#654 = CARTESIAN_POINT ( 'NONE',  ( 1.322475605676659560, -0.7635316469341363321, -6.469791666666667496 ) ) ;
#655 = CARTESIAN_POINT ( 'NONE',  ( -1.322475605676660226, -0.7635316469341354439, -1.667708333333333570 ) ) ;
#656 = CARTESIAN_POINT ( 'NONE',  ( 0.6785254037844387076, -1.175240473580839273, -6.808333333333332682 ) ) ;
#657 = VECTOR ( 'NONE', #4145, 1000.000000000000000 ) ;
#658 = EDGE_CURVE ( 'NONE', #3227, #163, #306, .T. ) ;
#659 = ORIENTED_EDGE ( 'NONE', *, *, #1372, .F. ) ;
#660 = CARTESIAN_POINT ( 'NONE',  ( 1.299038105676661115, 0.7499999999999977796, -4.433333333333332682 ) ) ;
#661 = CARTESIAN_POINT ( 'NONE',  ( 0.6785254037844387076, -1.175240473580839051, -4.308333333333333570 ) ) ;
#662 =( BOUNDED_CURVE ( )  B_SPLINE_CURVE ( 2, ( #448, #3947, #173, #2493, #3235, #1486, #3879 ),
 .UNSPECIFIED., .F., .F. ) 
 B_SPLINE_CURVE_WITH_KNOTS ( ( 3, 2, 2, 3 ),
 ( 0.2749999999999999112, 0.2833333333333332149, 0.2916666666666666297, 0.2999999999999999334 ),
 .UNSPECIFIED. ) 
 CURVE ( )  GEOMETRIC_REPRESENTATION_ITEM ( )  RATIONAL_B_SPLINE_CURVE ( ( 1.000000000000001776, 0.8660254037844369313, 1.000000000000000000, 0.8660254037844387076, 1.000000000000000000, 0.8660254037844395958, 0.9999999999999991118 ) ) 
 REPRESENTATION_ITEM ( '' )  );
#663 = CARTESIAN_POINT ( 'NONE',  ( 1.299038105676660004, -0.7500000000000048850, -1.516666666666666607 ) ) ;
#664 = CARTESIAN_POINT ( 'NONE',  ( 1.299038105676661115, 0.7499999999999977796, -2.933333333333332238 ) ) ;
#665 = ORIENTED_EDGE ( 'NONE', *, *, #3581, .F. ) ;
#666 = CARTESIAN_POINT ( 'NONE',  ( -1.439254484199190858E-16, -1.175240473580839051, -1.287500000000000533 ) ) ;
#667 = PERSON_AND_ORGANIZATION ( #3214, #4146 ) ;
#668 = DIRECTION ( 'NONE',  ( 0.000000000000000000, 1.000000000000000000, 4.984837574645996626E-17 ) ) ;
#669 = DIRECTION ( 'NONE',  ( -0.000000000000000000, 4.984837574645996626E-17, -1.000000000000000000 ) ) ;
#670 = VERTEX_POINT ( 'NONE', #916 ) ;
#671 = CARTESIAN_POINT ( 'NONE',  ( 1.342841092609248665, 0.2794000000000001482, 1.650000000000000355 ) ) ;
#672 = CARTESIAN_POINT ( 'NONE',  ( -1.357050807568878303, -2.599625443516216173E-15, -0.9125000000000000888 ) ) ;
#673 = CARTESIAN_POINT ( 'NONE',  ( -1.299038105676660670, -0.7500000000000037748, -0.1833333333333335147 ) ) ;
#674 = CARTESIAN_POINT ( 'NONE',  ( -1.017788105676658672, -0.5876202367904206358, -3.870833333333333570 ) ) ;
#675 = CARTESIAN_POINT ( 'NONE',  ( -1.017788105676658450, 0.5876202367904155288, -0.01666666666666656582 ) ) ;
#676 = CARTESIAN_POINT ( 'NONE',  ( -1.357050807568878303, -2.599625443516216173E-15, -3.474999999999999645 ) ) ;
#677 = CARTESIAN_POINT ( 'NONE',  ( 0.8816504037844393737, -1.527063293868269112, -7.011458333333333570 ) ) ;
#678 = CARTESIAN_POINT ( 'NONE',  ( 0.8816504037844393737, -1.527063293868269112, -2.042708333333333126 ) ) ;
#679 = ORIENTED_EDGE ( 'NONE', *, *, #432, .F. ) ;
#680 = CARTESIAN_POINT ( 'NONE',  ( 1.017788105676659116, 0.5876202367904146406, -8.120833333333333570 ) ) ;
#681 = CARTESIAN_POINT ( 'NONE',  ( 1.017788105676659116, 0.5876202367904146406, -4.183333333333333570 ) ) ;
#682 = EDGE_CURVE ( 'NONE', #1840, #2617, #2669, .T. ) ;
#683 = FACE_OUTER_BOUND ( 'NONE', #2595, .T. ) ;
#684 = CARTESIAN_POINT ( 'NONE',  ( 0.8660254037844461461, 1.499999999999991118, -7.829166666666667496 ) ) ;
#685 = ORIENTED_EDGE ( 'NONE', *, *, #1401, .F. ) ;
#686 = CARTESIAN_POINT ( 'NONE',  ( -1.357050807568877859, -2.599625443516215778E-15, -2.412500000000000533 ) ) ;
#687 = DIRECTION ( 'NONE',  ( 0.3812272063696530155, 0.9203638919632245452, 0.08715574274765852669 ) ) ;
#688 = CYLINDRICAL_SURFACE ( 'NONE', #622, 1.500000000000000222 ) ;
#689 = AXIS2_PLACEMENT_3D ( 'NONE', #1497, #3892, #843 ) ;
#690 = CARTESIAN_POINT ( 'NONE',  ( -1.836970198721033385E-16, -1.500000000000005773, -0.5999999999999994227 ) ) ;
#691 = ORIENTED_EDGE ( 'NONE', *, *, #2168, .F. ) ;
#692 = CARTESIAN_POINT ( 'NONE',  ( -1.836970198721033385E-16, -1.500000000000005773, -6.099999999999998757 ) ) ;
#693 = CARTESIAN_POINT ( 'NONE',  ( 0.000000000000000000, 4.814824860968089633E-32, -8.349999999999999645 ) ) ;
#694 = CARTESIAN_POINT ( 'NONE',  ( -1.732050807568880746, -2.576663316032202149E-15, -0.2249999999999990619 ) ) ;
#695 = AXIS2_PLACEMENT_3D ( 'NONE', #2553, #3938, #1633 ) ;
#696 = CARTESIAN_POINT ( 'NONE',  ( -1.017788105676658450, 0.5876202367904155288, -2.954166666666666607 ) ) ;
#697 = AXIS2_PLACEMENT_3D ( 'NONE', #3868, #118, #2548 ) ;
#698 = CARTESIAN_POINT ( 'NONE',  ( 0.000000000000000000, 1.175240473580833722, -0.5999999999999998668 ) ) ;
#699 = CARTESIAN_POINT ( 'NONE',  ( 1.357050807568878303, -2.932007029070127676E-15, -0.2249999999999995337 ) ) ;
#700 = CARTESIAN_POINT ( 'NONE',  ( -1.763300807568879858, -2.574749805408535596E-15, -4.178125000000000533 ) ) ;
#701 = CIRCLE ( 'NONE', #2712, 1.104999999999999982 ) ;
#702 = CARTESIAN_POINT ( 'NONE',  ( -1.763300807568879858, -2.574749805408535596E-15, -1.709374999999999867 ) ) ;
#703 = ORIENTED_EDGE ( 'NONE', *, *, #212, .F. ) ;
#704 = CARTESIAN_POINT ( 'NONE',  ( 1.732050807568880746, -3.000893411522166591E-15, -4.474999999999999645 ) ) ;
#705 = CARTESIAN_POINT ( 'NONE',  ( -1.017788105676658450, 0.5876202367904155288, -3.016666666666666607 ) ) ;
#706 = DIRECTION ( 'NONE',  ( -0.000000000000000000, 4.984837574645996626E-17, -1.000000000000000000 ) ) ;
#707 = ORIENTED_EDGE ( 'NONE', *, *, #627, .F. ) ;
#708 = CARTESIAN_POINT ( 'NONE',  ( -1.017788105676658672, -0.5876202367904206358, -1.870833333333333792 ) ) ;
#709 = LINE ( 'NONE', #3507, #1447 ) ;
#710 = COORDINATED_UNIVERSAL_TIME_OFFSET ( 6, 0, .BEHIND. ) ;
#711 = CARTESIAN_POINT ( 'NONE',  ( 0.1758201246574634669, -1.251629697122660367, 0.1109186593240672480 ) ) ;
#712 = CARTESIAN_POINT ( 'NONE',  ( -1.763300807568879858, -2.574749805408535596E-15, -0.1781250000000011990 ) ) ;
#713 = B_SPLINE_CURVE_WITH_KNOTS ( 'NONE', 3,
 ( #3416, #2737, #4166, #3440, #1729, #732, #2105, #1775, #55, #1434, #2810, #4188, #755, #1816, #437, #2483 ),
 .UNSPECIFIED., .F., .F.,
 ( 4, 2, 2, 2, 2, 2, 2, 4 ),
 ( 0.005814579671757433808, 0.006162878357391576509, 0.006511177043025719209, 0.006859475728659861909, 0.007207774414294005477, 0.007904371785562292613, 0.008252670471196434446, 0.008600969156830578013 ),
 .UNSPECIFIED. ) ;
#714 = EDGE_LOOP ( 'NONE', ( #2939, #1027, #2279, #3583 ) ) ;
#715 = CARTESIAN_POINT ( 'NONE',  ( -1.836970198721033385E-16, -1.500000000000005551, -2.037500000000000533 ) ) ;
#716 = CARTESIAN_POINT ( 'NONE',  ( -0.4345709708596014464, 0.4345709708596104948, 1.641541761640896491 ) ) ;
#717 = EDGE_CURVE ( 'NONE', #1858, #4301, #4052, .T. ) ;
#718 = CARTESIAN_POINT ( 'NONE',  ( -0.8660254037844373753, -1.500000000000010880, -0.1416666666666659136 ) ) ;
#719 = CARTESIAN_POINT ( 'NONE',  ( -1.017788105676658672, -0.5876202367904206358, -3.370833333333333126 ) ) ;
#720 = CARTESIAN_POINT ( 'NONE',  ( -1.017788105676658672, -0.5876202367904206358, 0.06666666666666626329 ) ) ;
#721 = CARTESIAN_POINT ( 'NONE',  ( -1.322475605676660226, -0.7635316469341354439, -4.136458333333333570 ) ) ;
#722 = CARTESIAN_POINT ( 'NONE',  ( -1.870113174931186087E-16, -1.527063293868268667, -1.584374999999999867 ) ) ;
#723 = ORIENTED_EDGE ( 'NONE', *, *, #4348, .F. ) ;
#724 = VECTOR ( 'NONE', #1593, 1000.000000000000000 ) ;
#725 = CARTESIAN_POINT ( 'NONE',  ( -1.357050807568878303, -2.599625443516216173E-15, -4.412499999999999645 ) ) ;
#726 = CARTESIAN_POINT ( 'NONE',  ( 0.6785254037844397068, 1.175240473580833500, -2.641666666666667496 ) ) ;
#727 = CYLINDRICAL_SURFACE ( 'NONE', #475, 1.500000000000000222 ) ;
#728 = AXIS2_PLACEMENT_3D ( 'NONE', #760, #2793, #3855 ) ;
#729 = CARTESIAN_POINT ( 'NONE',  ( 0.8660254037844445918, 1.499999999999994449, -2.891666666666667052 ) ) ;
#730 = ORIENTED_EDGE ( 'NONE', *, *, #3448, .T. ) ;
#731 = CARTESIAN_POINT ( 'NONE',  ( 1.357050807568877859, -2.932007029070127676E-15, -2.162500000000000533 ) ) ;
#732 = CARTESIAN_POINT ( 'NONE',  ( 0.7535848873247054103, 1.012423314470587421, -8.198348372292006303 ) ) ;
#733 = CARTESIAN_POINT ( 'NONE',  ( 0.2312812350607419687, 7.073893022867931287E-17, 1.100000000000000533 ) ) ;
#734 = CARTESIAN_POINT ( 'NONE',  ( 1.351959892270764740, -0.2312812350607461598, 1.100000000000000533 ) ) ;
#735 = VECTOR ( 'NONE', #2045, 1000.000000000000000 ) ;
#736 = ORIENTED_EDGE ( 'NONE', *, *, #598, .T. ) ;
#737 = CARTESIAN_POINT ( 'NONE',  ( -1.175235580359273113, -0.003391371420377443588, 0.02524047358084043069 ) ) ;
#738 = CARTESIAN_POINT ( 'NONE',  ( -0.9064113678794064599, 0.7788312038713208763, 0.04107031329855716922 ) ) ;
#739 =( BOUNDED_CURVE ( )  B_SPLINE_CURVE ( 2, ( #1573, #2952, #1260, #2634, #4016, #580, #3331 ),
 .UNSPECIFIED., .F., .F. ) 
 B_SPLINE_CURVE_WITH_KNOTS ( ( 3, 2, 2, 3 ),
 ( 0.7750000000000000222, 0.7833333333333333259, 0.7916666666666666297, 0.8000000000000000444 ),
 .UNSPECIFIED. ) 
 CURVE ( )  GEOMETRIC_REPRESENTATION_ITEM ( )  RATIONAL_B_SPLINE_CURVE ( ( 1.000000000000000000, 0.8660254037844387076, 1.000000000000000000, 0.8660254037844387076, 1.000000000000000000, 0.8660254037844387076, 1.000000000000000000 ) ) 
 REPRESENTATION_ITEM ( '' )  );
#740 = EDGE_CURVE ( 'NONE', #864, #3320, #2624, .T. ) ;
#741 = CARTESIAN_POINT ( 'NONE',  ( 0.6785254037844387076, -1.175240473580839051, -0.7458333333333335702 ) ) ;
#742 = ADVANCED_FACE ( 'NONE', ( #960 ), #2325, .T. ) ;
#743 = CARTESIAN_POINT ( 'NONE',  ( 0.2175686711582041355, 0.5252572366576291341, 1.650000000000000355 ) ) ;
#744 = CARTESIAN_POINT ( 'NONE',  ( 1.017788105676659116, 0.5876202367904146406, -1.183333333333334014 ) ) ;
#745 = CARTESIAN_POINT ( 'NONE',  ( 1.322475605676659560, -0.7635316469341363321, -4.469791666666667496 ) ) ;
#746 = CARTESIAN_POINT ( 'NONE',  ( 0.8816504037844393737, -1.527063293868269112, -0.04270833333333383386 ) ) ;
#747 = ORIENTED_EDGE ( 'NONE', *, *, #1378, .F. ) ;
#748 = VERTEX_POINT ( 'NONE', #1411 ) ;
#749 = CARTESIAN_POINT ( 'NONE',  ( 0.6785254037844387076, -1.175240473580839051, -3.745833333333333570 ) ) ;
#750 = CARTESIAN_POINT ( 'NONE',  ( 0.000000000000000000, 1.175240473580833722, -1.599999999999999867 ) ) ;
#751 = CYLINDRICAL_SURFACE ( 'NONE', #3576, 1.500000000000000222 ) ;
#752 = CYLINDRICAL_SURFACE ( 'NONE', #1420, 1.500000000000000222 ) ;
#753 = ORIENTED_EDGE ( 'NONE', *, *, #3886, .F. ) ;
#754 = CARTESIAN_POINT ( 'NONE',  ( -0.6785254037844394848, -1.175240473580838829, -0.3291666666666668295 ) ) ;
#755 = CARTESIAN_POINT ( 'NONE',  ( 1.144769549289019972, -0.3591929062478638746, -8.260916410089128803 ) ) ;
#756 = CARTESIAN_POINT ( 'NONE',  ( 0.1749415354668438782, 1.407163169303238259, 0.2571631693032336852 ) ) ;
#757 = CARTESIAN_POINT ( 'NONE',  ( -1.836970198721033385E-16, -1.500000000000005773, -3.599999999999999645 ) ) ;
#758 = ORIENTED_EDGE ( 'NONE', *, *, #1895, .F. ) ;
#759 = CARTESIAN_POINT ( 'NONE',  ( -1.439254484199190858E-16, -1.175240473580839051, -6.787500000000000533 ) ) ;
#760 = CARTESIAN_POINT ( 'NONE',  ( 0.2175686711582027200, -0.5252572366576299112, 1.650000000000000355 ) ) ;
#761 = AXIS2_PLACEMENT_3D ( 'NONE', #1392, #1010, #2357 ) ;
#762 = CC_DESIGN_PERSON_AND_ORGANIZATION_ASSIGNMENT ( #2062, #1388, ( #2108 ) ) ;
#763 = FACE_OUTER_BOUND ( 'NONE', #3616, .T. ) ;
#764 = CARTESIAN_POINT ( 'NONE',  ( 1.017788105676659116, 0.5876202367904146406, -2.620833333333333570 ) ) ;
#765 = CARTESIAN_POINT ( 'NONE',  ( 1.017788105676659116, 0.5876202367904146406, -0.1833333333333339588 ) ) ;
#766 = CARTESIAN_POINT ( 'NONE',  ( -1.017788105676658672, -0.5876202367904206358, -0.4333333333333341808 ) ) ;
#767 = EDGE_CURVE ( 'NONE', #8, #3806, #3094, .T. ) ;
#768 = EDGE_CURVE ( 'NONE', #1964, #46, #422, .T. ) ;
#769 = CARTESIAN_POINT ( 'NONE',  ( 1.322475605676660448, 0.7635316469341292267, -5.886458333333333570 ) ) ;
#770 = CARTESIAN_POINT ( 'NONE',  ( 1.763300807568879858, -3.006633943393169801E-15, 1.040624999999999911 ) ) ;
#771 = ORIENTED_EDGE ( 'NONE', *, *, #1841, .F. ) ;
#772 = CARTESIAN_POINT ( 'NONE',  ( 1.017788105676658228, -0.5876202367904214130, -4.204166666666666607 ) ) ;
#773 = EDGE_CURVE ( 'NONE', #372, #2501, #1455, .T. ) ;
#774 = CARTESIAN_POINT ( 'NONE',  ( -1.017788105676658672, -0.5876202367904206358, -2.933333333333334014 ) ) ;
#775 = CARTESIAN_POINT ( 'NONE',  ( -1.322475605676660226, -0.7635316469341354439, -7.667708333333332682 ) ) ;
#776 = CARTESIAN_POINT ( 'NONE',  ( 0.8660254037844362651, -1.500000000000011324, -7.495833333333334458 ) ) ;
#777 = EDGE_LOOP ( 'NONE', ( #723, #2862, #3001, #4232 ) ) ;
#778 = CARTESIAN_POINT ( 'NONE',  ( -0.6785254037844394848, -1.175240473580838829, -0.8291666666666672736 ) ) ;
#779 = CARTESIAN_POINT ( 'NONE',  ( 0.000000000000000000, -1.475982003772366877E-16, 1.100000000000000533 ) ) ;
#780 = CARTESIAN_POINT ( 'NONE',  ( -0.8660254037844443697, -1.499999999999999334, -1.141666666666666607 ) ) ;
#781 = CARTESIAN_POINT ( 'NONE',  ( 1.299038105676661115, 0.7499999999999977796, -6.433333333333332682 ) ) ;
#782 = CARTESIAN_POINT ( 'NONE',  ( 0.6785254037844397068, 1.175240473580833056, -6.641666666666668384 ) ) ;
#783 = ORIENTED_EDGE ( 'NONE', *, *, #2143, .F. ) ;
#784 = CARTESIAN_POINT ( 'NONE',  ( 1.017788105676658228, -0.5876202367904214130, -6.704166666666666607 ) ) ;
#785 = CYLINDRICAL_SURFACE ( 'NONE', #1451, 1.500000000000000222 ) ;
#786 = CARTESIAN_POINT ( 'NONE',  ( 0.000000000000000000, 1.500000000000000222, -2.787500000000000533 ) ) ;
#787 = CYLINDRICAL_SURFACE ( 'NONE', #2046, 1.500000000000000222 ) ;
#788 = CARTESIAN_POINT ( 'NONE',  ( -1.357050807568878303, -2.599625443516216173E-15, -2.475000000000000533 ) ) ;
#789 = CARTESIAN_POINT ( 'NONE',  ( 1.322475605676660448, 0.7635316469341292267, -1.386458333333334236 ) ) ;
#790 = CARTESIAN_POINT ( 'NONE',  ( 1.322475605676660448, 0.7635316469341292267, 1.082291666666667096 ) ) ;
#791 = CARTESIAN_POINT ( 'NONE',  ( 1.017788105676658228, -0.5876202367904214130, 0.7958333333333323933 ) ) ;
#792 = ORIENTED_EDGE ( 'NONE', *, *, #1869, .F. ) ;
#793 = CARTESIAN_POINT ( 'NONE',  ( -0.6785254037844394848, -1.175240473580838829, -5.329166666666665719 ) ) ;
#794 = CARTESIAN_POINT ( 'NONE',  ( 1.357050807568878303, -2.932007029070127676E-15, -1.225000000000000533 ) ) ;
#795 = CARTESIAN_POINT ( 'NONE',  ( -0.8816504037844403729, -1.527063293868268001, -7.126041666666665719 ) ) ;
#796 = CARTESIAN_POINT ( 'NONE',  ( -1.299038105676660670, -0.7500000000000037748, -1.683333333333333126 ) ) ;
#797 = EDGE_CURVE ( 'NONE', #3978, #4330, #3485, .T. ) ;
#798 = ORIENTED_EDGE ( 'NONE', *, *, #4159, .F. ) ;
#799 = VERTEX_POINT ( 'NONE', #4139 ) ;
#800 = CARTESIAN_POINT ( 'NONE',  ( -1.836970198721033385E-16, -1.500000000000005551, -7.537500000000000533 ) ) ;
#801 = DIRECTION ( 'NONE',  ( -0.000000000000000000, 4.984837574645996626E-17, -1.000000000000000000 ) ) ;
#802 = LINE ( 'NONE', #122, #4296 ) ;
#803 = CONICAL_SURFACE ( 'NONE', #3538, 1.104999999999999982, 0.7853981633974488341 ) ;
#804 = CARTESIAN_POINT ( 'NONE',  ( 0.6785254037844397068, 1.175240473580833056, -6.141666666666666607 ) ) ;
#805 = EDGE_LOOP ( 'NONE', ( #2507, #2660, #3130, #392 ) ) ;
#806 = CARTESIAN_POINT ( 'NONE',  ( 0.6785254037844397068, 1.175240473580833056, -8.079166666666667496 ) ) ;
#807 = CARTESIAN_POINT ( 'NONE',  ( -0.8295343570972362190, -1.151010805543288384, -8.039042179804818389 ) ) ;
#808 = PLANE ( 'NONE',  #3002 ) ;
#809 =( BOUNDED_CURVE ( )  B_SPLINE_CURVE ( 2, ( #3491, #2201, #3149, #3171, #1504, #400, #2180 ),
 .UNSPECIFIED., .F., .T. ) 
 B_SPLINE_CURVE_WITH_KNOTS ( ( 3, 2, 2, 3 ),
 ( 0.2249999999999999778, 0.2333333333333333093, 0.2416666666666666408, 0.2499999999999999722 ),
 .UNSPECIFIED. ) 
 CURVE ( )  GEOMETRIC_REPRESENTATION_ITEM ( )  RATIONAL_B_SPLINE_CURVE ( ( 1.000000000000000444, 0.8660254037844382635, 1.000000000000000000, 0.8660254037844387076, 1.000000000000000000, 0.8660254037844391517, 0.9999999999999995559 ) ) 
 REPRESENTATION_ITEM ( '' )  );
#810 = CARTESIAN_POINT ( 'NONE',  ( 1.732050807568880746, -3.000893411522166591E-15, 0.02500000000000115671 ) ) ;
#811 = CARTESIAN_POINT ( 'NONE',  ( 1.322475605676660448, 0.7635316469341292267, -1.886458333333333792 ) ) ;
#812 = CARTESIAN_POINT ( 'NONE',  ( -0.6785254037844389297, 1.175240473580833944, -8.495833333333331794 ) ) ;
#813 = CARTESIAN_POINT ( 'NONE',  ( -1.357050807568878303, -2.599625443516216173E-15, -7.974999999999998757 ) ) ;
#814 = VERTEX_POINT ( 'NONE', #2834 ) ;
#815 = CARTESIAN_POINT ( 'NONE',  ( -0.6785254037844394848, -1.175240473580838829, -7.391666666666665719 ) ) ;
#816 = CARTESIAN_POINT ( 'NONE',  ( -1.017788105676658450, 0.5876202367904155288, -3.954166666666666607 ) ) ;
#817 = CARTESIAN_POINT ( 'NONE',  ( 1.357050807568878303, -2.932007029070127676E-15, 1.274999999999999911 ) ) ;
#818 = CARTESIAN_POINT ( 'NONE',  ( -1.322475605676660004, 0.7635316469341305590, -6.751041666666666607 ) ) ;
#819 = CARTESIAN_POINT ( 'NONE',  ( 0.8015491288551701565, -0.2312812350607444112, 1.100000000000000533 ) ) ;
#820 = ORIENTED_EDGE ( 'NONE', *, *, #3472, .F. ) ;
#821 = CYLINDRICAL_SURFACE ( 'NONE', #689, 1.371600000000000374 ) ;
#822 = CARTESIAN_POINT ( 'NONE',  ( -1.017788105676658450, 0.5876202367904155288, -7.516666666666666607 ) ) ;
#823 = EDGE_CURVE ( 'NONE', #1446, #2757, #2799, .T. ) ;
#824 = DIRECTION ( 'NONE',  ( -3.058567644283850721E-16, 1.000000000000000000, 1.153251463704931673E-32 ) ) ;
#825 = EDGE_CURVE ( 'NONE', #3097, #4237, #709, .T. ) ;
#826 = CARTESIAN_POINT ( 'NONE',  ( 0.6785254037844387076, -1.175240473580839273, -5.308333333333333570 ) ) ;
#827 = ORIENTED_EDGE ( 'NONE', *, *, #4022, .F. ) ;
#828 = CARTESIAN_POINT ( 'NONE',  ( 1.017788105676658228, -0.5876202367904214130, -7.704166666666666607 ) ) ;
#829 = CARTESIAN_POINT ( 'NONE',  ( 0.8660254037844461461, 1.499999999999991118, -6.829166666666668384 ) ) ;
#830 = CARTESIAN_POINT ( 'NONE',  ( -1.257238719180877373, -0.6532553602280904981, 0.2634997016105841694 ) ) ;
#831 = CARTESIAN_POINT ( 'NONE',  ( -0.8761443883973815128, -1.217526595471237094, 0.3500000000000013101 ) ) ;
#832 =( BOUNDED_CURVE ( )  B_SPLINE_CURVE ( 2, ( #2094, #383, #4107, #1015, #1760, #3083, #1526 ),
 .UNSPECIFIED., .F., .F. ) 
 B_SPLINE_CURVE_WITH_KNOTS ( ( 3, 2, 2, 3 ),
 ( 0.7249999999999999778, 0.7333333333333332815, 0.7416666666666666963, 0.7500000000000000000 ),
 .UNSPECIFIED. ) 
 CURVE ( )  GEOMETRIC_REPRESENTATION_ITEM ( )  RATIONAL_B_SPLINE_CURVE ( ( 1.000000000000000000, 0.8660254037844387076, 1.000000000000000000, 0.8660254037844387076, 1.000000000000000000, 0.8660254037844387076, 1.000000000000000000 ) ) 
 REPRESENTATION_ITEM ( '' )  );
#833 = CARTESIAN_POINT ( 'NONE',  ( -0.8816504037844398178, 1.527063293868263338, 0.2072916666666664021 ) ) ;
#834 = CARTESIAN_POINT ( 'NONE',  ( 0.6785254037844397068, 1.175240473580833500, 0.4208333333333338366 ) ) ;
#835 = ORIENTED_EDGE ( 'NONE', *, *, #3811, .F. ) ;
#836 = CARTESIAN_POINT ( 'NONE',  ( -1.017788105676658450, 0.5876202367904155288, -7.516666666666666607 ) ) ;
#837 = CARTESIAN_POINT ( 'NONE',  ( -1.439254484199190858E-16, -1.175240473580839051, -1.787500000000000089 ) ) ;
#838 = CARTESIAN_POINT ( 'NONE',  ( 1.017788105676659116, 0.5876202367904146406, -0.1833333333333339588 ) ) ;
#839 = AXIS2_PLACEMENT_3D ( 'NONE', #2321, #4338, #3319 ) ;
#840 = CARTESIAN_POINT ( 'NONE',  ( 1.322475605676659560, -0.7635316469341363321, -6.001041666666666607 ) ) ;
#841 = CARTESIAN_POINT ( 'NONE',  ( -1.836970198721033385E-16, -1.500000000000005551, -7.537500000000000533 ) ) ;
#842 = ORIENTED_EDGE ( 'NONE', *, *, #3268, .F. ) ;
#843 = DIRECTION ( 'NONE',  ( 1.000000000000000000, 0.000000000000000000, 0.000000000000000000 ) ) ;
#844 = CARTESIAN_POINT ( 'NONE',  ( 0.000000000000000000, 1.500000000000000222, -2.287500000000000977 ) ) ;
#845 = LINE ( 'NONE', #2902, #1631 ) ;
#846 = CARTESIAN_POINT ( 'NONE',  ( -1.357050807568877859, -2.599625443516215778E-15, -6.474999999999998757 ) ) ;
#847 = CARTESIAN_POINT ( 'NONE',  ( -0.6785254037844394848, -1.175240473580838829, -1.829166666666666607 ) ) ;
#848 = ORIENTED_EDGE ( 'NONE', *, *, #4460, .F. ) ;
#849 = CARTESIAN_POINT ( 'NONE',  ( 0.000000000000000000, 1.175240473580833722, -7.537499999999999645 ) ) ;
#850 = CARTESIAN_POINT ( 'NONE',  ( -1.475982003772366877E-16, 5.089934792135742154E-31, 1.100000000000000533 ) ) ;
#851 = DIRECTION ( 'NONE',  ( 0.000000000000000000, 1.000000000000000000, 0.000000000000000000 ) ) ;
#852 = ADVANCED_FACE ( 'NONE', ( #3787 ), #3141, .T. ) ;
#853 = B_SPLINE_CURVE_WITH_KNOTS ( 'NONE', 3,
 ( #530, #577, #3693, #1955, #1976, #2991, #1281, #1235, #2331, #621, #2653, #1996, #4035, #943 ),
 .UNSPECIFIED., .F., .F.,
 ( 4, 2, 2, 2, 2, 2, 4 ),
 ( 0.000000000000000000, 0.0002899010212117198414, 0.0005798020424234394659, 0.001159604084846878715, 0.001449505106058598339, 0.001739406127270317747, 0.002319208169693756996 ),
 .UNSPECIFIED. ) ;
#854 = DIRECTION ( 'NONE',  ( 3.695385848462056737E-15, 1.000000000000000000, -0.000000000000000000 ) ) ;
#855 = EDGE_LOOP ( 'NONE', ( #3072, #679, #2979, #2589 ) ) ;
#856 = CARTESIAN_POINT ( 'NONE',  ( -0.6785254037844389297, 1.175240473580833944, -7.495833333333332682 ) ) ;
#857 = CARTESIAN_POINT ( 'NONE',  ( -0.6785254037844389297, 1.175240473580833944, 0.004166666666666207774 ) ) ;
#858 = CARTESIAN_POINT ( 'NONE',  ( -0.8660254037844402619, 1.500000000000000222, -2.308333333333332682 ) ) ;
#859 = CARTESIAN_POINT ( 'NONE',  ( 1.357050807568878303, -2.932007029070127676E-15, -6.224999999999999645 ) ) ;
#860 = CARTESIAN_POINT ( 'NONE',  ( -1.439254484199190858E-16, -1.175240473580839051, -2.287500000000000533 ) ) ;
#861 = CARTESIAN_POINT ( 'NONE',  ( -1.357050807568878303, -2.599625443516216173E-15, 0.02499999999999898137 ) ) ;
#862 = CARTESIAN_POINT ( 'NONE',  ( 0.8816504037844408170, 1.527063293868263116, -5.876041666666666607 ) ) ;
#863 = CARTESIAN_POINT ( 'NONE',  ( 0.000000000000000000, 1.500000000000000222, 0.2124999999999988010 ) ) ;
#864 = VERTEX_POINT ( 'NONE', #3850 ) ;
#865 = CARTESIAN_POINT ( 'NONE',  ( 1.299038105676661115, 0.7499999999999976685, -3.370833333333333126 ) ) ;
#866 = CARTESIAN_POINT ( 'NONE',  ( 0.6785254037844397068, 1.175240473580833500, -7.641666666666665719 ) ) ;
#867 = CARTESIAN_POINT ( 'NONE',  ( 1.357050807568877859, -2.932007029070127676E-15, -6.724999999999999645 ) ) ;
#868 = CARTESIAN_POINT ( 'NONE',  ( -0.6785254037844389297, 1.175240473580833944, -0.9958333333333337922 ) ) ;
#869 = ORIENTED_EDGE ( 'NONE', *, *, #3784, .T. ) ;
#870 = CARTESIAN_POINT ( 'NONE',  ( 1.017788105676659116, 0.5876202367904146406, -6.120833333333333570 ) ) ;
#871 = CARTESIAN_POINT ( 'NONE',  ( -1.191479617516845835, -0.7505701526522108313, -8.058135235861476176 ) ) ;
#872 = CARTESIAN_POINT ( 'NONE',  ( 0.000000000000000000, 0.000000000000000000, 0.000000000000000000 ) ) ;
#873 = DIRECTION ( 'NONE',  ( 0.000000000000000000, -1.000000000000000000, -1.548860246407863583E-16 ) ) ;
#874 = CARTESIAN_POINT ( 'NONE',  ( 0.000000000000000000, 1.500000000000000222, -0.2875000000000016986 ) ) ;
#875 = EDGE_CURVE ( 'NONE', #146, #1754, #2061, .T. ) ;
#876 = EDGE_CURVE ( 'NONE', #2757, #2053, #2212, .T. ) ;
#877 = CARTESIAN_POINT ( 'NONE',  ( -1.439254484199190858E-16, -1.175240473580839051, -6.287499999999999645 ) ) ;
#878 = CARTESIAN_POINT ( 'NONE',  ( 1.017788105676658228, -0.5876202367904214130, -8.266666666666667496 ) ) ;
#879 = CARTESIAN_POINT ( 'NONE',  ( -1.836970198721033385E-16, -1.500000000000005551, -7.537500000000000533 ) ) ;
#880 = CARTESIAN_POINT ( 'NONE',  ( -1.017788105676658672, -0.5876202367904206358, -5.933333333333333570 ) ) ;
#881 = CARTESIAN_POINT ( 'NONE',  ( 0.6785254037844387076, -1.175240473580839051, -2.745833333333333570 ) ) ;
#882 = CARTESIAN_POINT ( 'NONE',  ( 1.357050807568878303, -2.932007029070127676E-15, -0.7249999999999999778 ) ) ;
#883 = CARTESIAN_POINT ( 'NONE',  ( -1.322475605676660226, -0.7635316469341354439, -4.667708333333332682 ) ) ;
#884 = CARTESIAN_POINT ( 'NONE',  ( -0.8660254037844408170, -1.500000000000005107, -6.141666666666666607 ) ) ;
#885 = ORIENTED_EDGE ( 'NONE', *, *, #2306, .F. ) ;
#886 = CARTESIAN_POINT ( 'NONE',  ( 0.8477410009685419912, -1.218035872057955382, -7.976401785812385015 ) ) ;
#887 = CARTESIAN_POINT ( 'NONE',  ( 0.6785254037844387076, -1.175240473580839051, -8.308333333333333570 ) ) ;
#888 = CARTESIAN_POINT ( 'NONE',  ( -0.8660254037844475894, -1.499999999999993561, -5.141666666666666607 ) ) ;
#889 = CARTESIAN_POINT ( 'NONE',  ( -0.6785254037844394848, -1.175240473580838829, -0.3291666666666668295 ) ) ;
#890 = ORIENTED_EDGE ( 'NONE', *, *, #1868, .T. ) ;
#891 = CARTESIAN_POINT ( 'NONE',  ( -1.357050807568877859, -2.599625443516215778E-15, -5.912500000000000533 ) ) ;
#892 = DIRECTION ( 'NONE',  ( 0.3826834323650900593, -0.9238795325112866275, 0.000000000000000000 ) ) ;
#893 = CARTESIAN_POINT ( 'NONE',  ( 5.697091998752724511E-17, 0.2794000000000003703, 1.650000000000000355 ) ) ;
#894 = DIRECTION ( 'NONE',  ( -0.000000000000000000, 4.984837574645996626E-17, -1.000000000000000000 ) ) ;
#895 = CARTESIAN_POINT ( 'NONE',  ( 1.322475605676660448, 0.7635316469341292267, -2.886458333333333570 ) ) ;
#896 = DIRECTION ( 'NONE',  ( 0.000000000000000000, -0.08715574274765851281, 0.9961946980917455452 ) ) ;
#897 = CARTESIAN_POINT ( 'NONE',  ( 0.8660254037844464792, -1.499999999999994227, -2.995833333333334458 ) ) ;
#898 = CARTESIAN_POINT ( 'NONE',  ( 0.6785254037844397068, 1.175240473580833500, -7.579166666666668384 ) ) ;
#899 = CARTESIAN_POINT ( 'NONE',  ( -0.6785254037844389297, 1.175240473580833722, -1.558333333333333570 ) ) ;
#900 = EDGE_CURVE ( 'NONE', #1066, #4132, #713, .T. ) ;
#901 = EDGE_LOOP ( 'NONE', ( #3478, #2086, #1480, #1947 ) ) ;
#902 = EDGE_CURVE ( 'NONE', #4132, #2458, #3561, .T. ) ;
#903 = CARTESIAN_POINT ( 'NONE',  ( 1.357050807568878303, -2.932007029070127676E-15, -7.725000000000000533 ) ) ;
#904 = AXIS2_PLACEMENT_3D ( 'NONE', #1859, #3870, #1836 ) ;
#905 = CARTESIAN_POINT ( 'NONE',  ( -1.357050807568878303, -2.599625443516216173E-15, -0.4749999999999997558 ) ) ;
#906 = CARTESIAN_POINT ( 'NONE',  ( -1.763300807568879858, -2.574749805408535596E-15, -5.709374999999999645 ) ) ;
#907 = CARTESIAN_POINT ( 'NONE',  ( -1.017788105676658450, 0.5876202367904155288, -7.516666666666666607 ) ) ;
#908 = EDGE_CURVE ( 'NONE', #1969, #349, #3968, .T. ) ;
#909 = ORIENTED_EDGE ( 'NONE', *, *, #296, .F. ) ;
#910 = CARTESIAN_POINT ( 'NONE',  ( -1.299038105676660448, 0.7499999999999990008, -6.766666666666665719 ) ) ;
#911 = CARTESIAN_POINT ( 'NONE',  ( 1.017788105676658228, -0.5876202367904214130, -7.766666666666666607 ) ) ;
#912 = CARTESIAN_POINT ( 'NONE',  ( 0.000000000000000000, 4.814824860968089633E-32, -8.349999999999999645 ) ) ;
#913 = CARTESIAN_POINT ( 'NONE',  ( -1.017788105676658672, -0.5876202367904206358, 0.6291666666666667629 ) ) ;
#914 = ORIENTED_EDGE ( 'NONE', *, *, #2554, .F. ) ;
#915 = CARTESIAN_POINT ( 'NONE',  ( 0.6785254037844397068, 1.175240473580833056, -6.079166666666666607 ) ) ;
#916 = CARTESIAN_POINT ( 'NONE',  ( 0.2793999999999954853, -1.342841092609249554, 1.650000000000000355 ) ) ;
#917 = CARTESIAN_POINT ( 'NONE',  ( -1.357050807568878303, -2.599625443516216173E-15, 1.024999999999999911 ) ) ;
#918 = FACE_OUTER_BOUND ( 'NONE', #3432, .T. ) ;
#919 = CARTESIAN_POINT ( 'NONE',  ( -1.763300807568879858, -2.574749805408535596E-15, -1.678125000000000755 ) ) ;
#920 = CARTESIAN_POINT ( 'NONE',  ( 0.000000000000000000, 1.500000000000000444, -7.849999999999999645 ) ) ;
#921 = CARTESIAN_POINT ( 'NONE',  ( -0.2794000000000003703, 2.983530578205845603E-15, 1.650000000000000355 ) ) ;
#922 = CARTESIAN_POINT ( 'NONE',  ( 0.000000000000000000, 1.175240473580833722, -6.537499999999999645 ) ) ;
#923 = CARTESIAN_POINT ( 'NONE',  ( -1.357050807568877859, -2.599625443516215778E-15, -1.475000000000000533 ) ) ;
#924 = EDGE_LOOP ( 'NONE', ( #1879, #1135, #3419, #4101 ) ) ;
#925 = CARTESIAN_POINT ( 'NONE',  ( 1.017788105676658228, -0.5876202367904214130, -2.766666666666667496 ) ) ;
#926 = CARTESIAN_POINT ( 'NONE',  ( 1.322475605676660448, 0.7635316469341292267, -7.886458333333333570 ) ) ;
#927 = CARTESIAN_POINT ( 'NONE',  ( 1.763300807568879858, -3.006633943393169801E-15, -3.459374999999999645 ) ) ;
#928 = CARTESIAN_POINT ( 'NONE',  ( 1.357050807568877859, -2.932007029070127676E-15, -8.224999999999999645 ) ) ;
#929 = ORIENTED_EDGE ( 'NONE', *, *, #3833, .T. ) ;
#930 = CARTESIAN_POINT ( 'NONE',  ( 0.8660254037844410391, 1.500000000000000000, -4.891666666666665719 ) ) ;
#931 = CARTESIAN_POINT ( 'NONE',  ( -1.439254484199190858E-16, -1.175240473580839051, -3.850000000000000089 ) ) ;
#932 = EDGE_CURVE ( 'NONE', #4045, #3254, #2672, .T. ) ;
#933 = CARTESIAN_POINT ( 'NONE',  ( 1.836970198721030181E-16, -1.500000000000000222, -8.349999999999999645 ) ) ;
#934 = CARTESIAN_POINT ( 'NONE',  ( 0.000000000000000000, 1.175240473580833722, 0.9624999999999998002 ) ) ;
#935 = ORIENTED_EDGE ( 'NONE', *, *, #3969, .F. ) ;
#936 = CARTESIAN_POINT ( 'NONE',  ( -0.6785254037844389297, 1.175240473580833722, -3.995833333333333570 ) ) ;
#937 = FACE_OUTER_BOUND ( 'NONE', #855, .T. ) ;
#938 = CARTESIAN_POINT ( 'NONE',  ( 1.017788105676658228, -0.5876202367904214130, 0.2333333333333336701 ) ) ;
#939 = CARTESIAN_POINT ( 'NONE',  ( -1.836970198721033385E-16, -1.500000000000005551, -5.537500000000001421 ) ) ;
#940 = CARTESIAN_POINT ( 'NONE',  ( -1.763300807568879858, -2.574749805408535596E-15, -2.678125000000000977 ) ) ;
#941 = AXIS2_PLACEMENT_3D ( 'NONE', #374, #1750, #2784 ) ;
#942 = CYLINDRICAL_SURFACE ( 'NONE', #2677, 1.371600000000000374 ) ;
#943 = CARTESIAN_POINT ( 'NONE',  ( 1.456159331941398127, 0.3599999999999846101, -7.955000000000000071 ) ) ;
#944 = CARTESIAN_POINT ( 'NONE',  ( 0.6785254037844397068, 1.175240473580833500, -5.579166666666666607 ) ) ;
#945 = CARTESIAN_POINT ( 'NONE',  ( 0.6785254037844397068, 1.175240473580833056, -2.641666666666667052 ) ) ;
#946 = CARTESIAN_POINT ( 'NONE',  ( -1.439254484199190858E-16, -1.175240473580839051, -4.350000000000000533 ) ) ;
#947 = CARTESIAN_POINT ( 'NONE',  ( -1.870113174931186087E-16, -1.527063293868268667, -8.053124999999999645 ) ) ;
#948 = CARTESIAN_POINT ( 'NONE',  ( -1.763300807568879858, -2.574749805408535596E-15, -5.209375000000000533 ) ) ;
#949 = AXIS2_PLACEMENT_3D ( 'NONE', #3922, #105, #2582 ) ;
#950 = CARTESIAN_POINT ( 'NONE',  ( 0.000000000000000000, 1.175240473580833722, -8.099999999999999645 ) ) ;
#951 =( BOUNDED_CURVE ( )  B_SPLINE_CURVE ( 2, ( #2133, #3189, #4238, #506, #1801, #2816, #1523 ),
 .UNSPECIFIED., .F., .F. ) 
 B_SPLINE_CURVE_WITH_KNOTS ( ( 3, 2, 2, 3 ),
 ( 0.9000000000000000222, 0.9083333333333333259, 0.9166666666666666297, 0.9250000000000000444 ),
 .UNSPECIFIED. ) 
 CURVE ( )  GEOMETRIC_REPRESENTATION_ITEM ( )  RATIONAL_B_SPLINE_CURVE ( ( 1.000000000000000000, 0.8660254037844387076, 1.000000000000000000, 0.8660254037844387076, 1.000000000000000000, 0.8660254037844387076, 1.000000000000000000 ) ) 
 REPRESENTATION_ITEM ( '' )  );
#952 = VERTEX_POINT ( 'NONE', #1663 ) ;
#953 = ORIENTED_EDGE ( 'NONE', *, *, #1156, .F. ) ;
#954 = DIRECTION ( 'NONE',  ( -0.000000000000000000, 4.984837574645996626E-17, -1.000000000000000000 ) ) ;
#955 = CARTESIAN_POINT ( 'NONE',  ( 1.017788105676658228, -0.5876202367904214130, -5.766666666666666607 ) ) ;
#956 = CARTESIAN_POINT ( 'NONE',  ( 0.000000000000000000, 5.089401953351997540E-32, -8.349999999999999645 ) ) ;
#957 = FACE_OUTER_BOUND ( 'NONE', #169, .T. ) ;
#958 = VERTEX_POINT ( 'NONE', #2264 ) ;
#959 = CARTESIAN_POINT ( 'NONE',  ( 0.6785254037844397068, 1.175240473580833056, -4.579166666666667496 ) ) ;
#960 = FACE_OUTER_BOUND ( 'NONE', #1656, .T. ) ;
#961 = EDGE_CURVE ( 'NONE', #3407, #8, #2356, .T. ) ;
#962 = CARTESIAN_POINT ( 'NONE',  ( 1.017788105676658228, -0.5876202367904214130, 0.7333333333333323933 ) ) ;
#963 = EDGE_CURVE ( 'NONE', #2501, #2534, #3237, .T. ) ;
#964 = CARTESIAN_POINT ( 'NONE',  ( 0.8660254037844410391, 1.499999999999999778, 0.1708333333333332260 ) ) ;
#965 = CARTESIAN_POINT ( 'NONE',  ( -1.322475605676660226, -0.7635316469341354439, -0.1364583333333339032 ) ) ;
#966 = CARTESIAN_POINT ( 'NONE',  ( -1.299038105676660448, 0.7499999999999990008, -5.766666666666666607 ) ) ;
#967 = PLANE ( 'NONE',  #369 ) ;
#968 = CARTESIAN_POINT ( 'NONE',  ( 1.017788105676658228, -0.5876202367904214130, -1.704166666666667274 ) ) ;
#969 = CARTESIAN_POINT ( 'NONE',  ( -0.1046695117519949175, 1.416218120679709314, 0.2662181206797162303 ) ) ;
#970 = CARTESIAN_POINT ( 'NONE',  ( 1.017788105676659116, 0.5876202367904146406, -5.120833333333333570 ) ) ;
#971 = CARTESIAN_POINT ( 'NONE',  ( -0.6785254037844389297, 1.175240473580833722, -3.058333333333334014 ) ) ;
#972 = CARTESIAN_POINT ( 'NONE',  ( -1.017788105676658450, 0.5876202367904155288, -3.016666666666666607 ) ) ;
#973 = CARTESIAN_POINT ( 'NONE',  ( -1.763300807568879858, -2.574749805408535596E-15, -7.178125000000001421 ) ) ;
#974 = CARTESIAN_POINT ( 'NONE',  ( -0.8816504037844398178, 1.527063293868263338, -4.792708333333332682 ) ) ;
#975 = VECTOR ( 'NONE', #988, 1000.000000000000000 ) ;
#976 = EDGE_LOOP ( 'NONE', ( #2416, #1942, #298, #1510 ) ) ;
#977 = CARTESIAN_POINT ( 'NONE',  ( 0.6785254037844397068, 1.175240473580833500, -7.579166666666668384 ) ) ;
#978 = CARTESIAN_POINT ( 'NONE',  ( 0.000000000000000000, 1.175240473580833722, -6.099999999999999645 ) ) ;
#979 =( BOUNDED_CURVE ( )  B_SPLINE_CURVE ( 2, ( #2598, #1317, #4071, #3733, #2256, #638, #1678 ),
 .UNSPECIFIED., .F., .F. ) 
 B_SPLINE_CURVE_WITH_KNOTS ( ( 3, 2, 2, 3 ),
 ( 0.7500000000000000000, 0.7583333333333333037, 0.7666666666666666075, 0.7750000000000000222 ),
 .UNSPECIFIED. ) 
 CURVE ( )  GEOMETRIC_REPRESENTATION_ITEM ( )  RATIONAL_B_SPLINE_CURVE ( ( 1.000000000000000000, 0.8660254037844387076, 1.000000000000000000, 0.8660254037844387076, 1.000000000000000000, 0.8660254037844387076, 1.000000000000000000 ) ) 
 REPRESENTATION_ITEM ( '' )  );
#980 = CARTESIAN_POINT ( 'NONE',  ( -0.4808012946005246202, 0.1991544170300848793, 1.100000000000000533 ) ) ;
#981 = PLANE ( 'NONE',  #839 ) ;
#982 = ORIENTED_EDGE ( 'NONE', *, *, #2413, .F. ) ;
#983 = CARTESIAN_POINT ( 'NONE',  ( 0.6785254037844387076, -1.175240473580839273, -1.745833333333333348 ) ) ;
#984 = CARTESIAN_POINT ( 'NONE',  ( 0.000000000000000000, 1.500000000000000222, -8.349999999999999645 ) ) ;
#985 = CARTESIAN_POINT ( 'NONE',  ( -1.299038105676660226, 0.7499999999999988898, -4.204166666666667496 ) ) ;
#986 = CARTESIAN_POINT ( 'NONE',  ( 0.8816504037844393737, -1.527063293868269112, 0.9885416666666653196 ) ) ;
#987 = CARTESIAN_POINT ( 'NONE',  ( -1.836970198721033385E-16, -1.500000000000005773, -5.599999999999998757 ) ) ;
#988 = DIRECTION ( 'NONE',  ( -0.000000000000000000, 4.984837574645996626E-17, -1.000000000000000000 ) ) ;
#989 = CARTESIAN_POINT ( 'NONE',  ( 0.6785254037844397068, 1.175240473580833500, -1.579166666666666829 ) ) ;
#990 = CARTESIAN_POINT ( 'NONE',  ( -0.8023255731698132331, 1.216604662064262099, 0.2924537182019771864 ) ) ;
#991 = EDGE_CURVE ( 'NONE', #4321, #413, #3741, .T. ) ;
#992 = CARTESIAN_POINT ( 'NONE',  ( 0.6785254037844397068, 1.175240473580833500, -3.579166666666667496 ) ) ;
#993 = AXIS2_PLACEMENT_3D ( 'NONE', #2858, #4210, #1477 ) ;
#994 = CARTESIAN_POINT ( 'NONE',  ( -0.6785254037844394848, -1.175240473580838829, -2.391666666666666607 ) ) ;
#995 = CARTESIAN_POINT ( 'NONE',  ( 0.000000000000000000, 1.175240473580833722, -4.100000000000000533 ) ) ;
#996 = CARTESIAN_POINT ( 'NONE',  ( -0.8816504037844403729, -1.527063293868268001, -8.594791666666667496 ) ) ;
#997 = CARTESIAN_POINT ( 'NONE',  ( 0.8816504037844408170, 1.527063293868263116, -2.876041666666666607 ) ) ;
#998 = CARTESIAN_POINT ( 'NONE',  ( -1.357050807568877859, -2.599625443516215778E-15, -6.974999999999999645 ) ) ;
#999 = EDGE_LOOP ( 'NONE', ( #2612, #2453, #3621, #3685 ) ) ;
#1000 = CARTESIAN_POINT ( 'NONE',  ( -1.357050807568878303, -2.599625443516216173E-15, -6.412500000000000533 ) ) ;
#1001 = CARTESIAN_POINT ( 'NONE',  ( 0.6785254037844397068, 1.175240473580833500, -5.141666666666666607 ) ) ;
#1002 = DIRECTION ( 'NONE',  ( 0.9238795325112906243, 0.3826834323650803449, 7.533978258331627588E-33 ) ) ;
#1003 = CARTESIAN_POINT ( 'NONE',  ( -0.8660254037844336006, 1.500000000000011990, -4.308333333333334458 ) ) ;
#1004 = VERTEX_POINT ( 'NONE', #3033 ) ;
#1005 = CARTESIAN_POINT ( 'NONE',  ( 1.017788105676658228, -0.5876202367904214130, -1.704166666666667274 ) ) ;
#1006 = CARTESIAN_POINT ( 'NONE',  ( 0.000000000000000000, 1.500000000000000222, -2.787500000000000533 ) ) ;
#1007 = LINE ( 'NONE', #282, #3946 ) ;
#1008 = CARTESIAN_POINT ( 'NONE',  ( -1.322475605676660004, 0.7635316469341305590, 0.7802083333333323933 ) ) ;
#1009 = ORIENTED_EDGE ( 'NONE', *, *, #717, .T. ) ;
#1010 = DIRECTION ( 'NONE',  ( -0.000000000000000000, -1.554359398917796077E-16, 1.000000000000000000 ) ) ;
#1011 = CARTESIAN_POINT ( 'NONE',  ( 1.351959892270765184, 0.2312812350607419687, 1.100000000000000533 ) ) ;
#1012 = CARTESIAN_POINT ( 'NONE',  ( -1.439254484199190858E-16, -1.175240473580839051, -0.7874999999999999778 ) ) ;
#1013 = CYLINDRICAL_SURFACE ( 'NONE', #1555, 1.500000000000000222 ) ;
#1014 = CARTESIAN_POINT ( 'NONE',  ( -1.357050807568878303, -2.599625443516216173E-15, -3.912500000000000533 ) ) ;
#1015 = CARTESIAN_POINT ( 'NONE',  ( 1.732050807568880746, -3.000893411522166591E-15, -1.412500000000000977 ) ) ;
#1016 = CARTESIAN_POINT ( 'NONE',  ( -0.6785254037844389297, 1.175240473580833944, -3.558333333333333570 ) ) ;
#1017 = ADVANCED_FACE ( 'NONE', ( #646 ), #2329, .T. ) ;
#1018 = AXIS2_PLACEMENT_3D ( 'NONE', #1995, #1304, #3989 ) ;
#1019 = CARTESIAN_POINT ( 'NONE',  ( 1.322475605676660448, 0.7635316469341292267, -8.386458333333333570 ) ) ;
#1020 = CARTESIAN_POINT ( 'NONE',  ( -0.8816504037844398178, 1.527063293868263338, -1.292708333333333126 ) ) ;
#1021 = ORIENTED_EDGE ( 'NONE', *, *, #626, .F. ) ;
#1022 = EDGE_LOOP ( 'NONE', ( #2601, #3483, #2741, #3844, #251, #1814, #758, #493, #1274, #1043, #1385, #640, #4180, #2126, #2120, #3665, #1990, #407, #2301, #1778, #4334, #3197, #4213 ) ) ;
#1023 = CARTESIAN_POINT ( 'NONE',  ( -1.017788105676658450, 0.5876202367904155288, -8.454166666666667496 ) ) ;
#1024 = CARTESIAN_POINT ( 'NONE',  ( -0.6785254037844394848, -1.175240473580838829, -5.391666666666666607 ) ) ;
#1025 = CARTESIAN_POINT ( 'NONE',  ( 0.000000000000000000, 2.407412430484044816E-32, 0.3500000000000011435 ) ) ;
#1026 = CARTESIAN_POINT ( 'NONE',  ( 1.290320496447436627, -0.7649006578946397905, -7.955000000000003624 ) ) ;
#1027 = ORIENTED_EDGE ( 'NONE', *, *, #1289, .F. ) ;
#1028 = CARTESIAN_POINT ( 'NONE',  ( 1.017788105676658228, -0.5876202367904214130, -2.704166666666667052 ) ) ;
#1029 = CARTESIAN_POINT ( 'NONE',  ( -0.8660254037844474784, -1.499999999999993117, -2.579166666666667496 ) ) ;
#1030 = APPROVAL_ROLE ( '' ) ;
#1031 = DIRECTION ( 'NONE',  ( -0.000000000000000000, 4.984837574645996626E-17, -1.000000000000000000 ) ) ;
#1032 = LINE ( 'NONE', #1346, #1561 ) ;
#1033 = ORIENTED_EDGE ( 'NONE', *, *, #4161, .F. ) ;
#1034 = CARTESIAN_POINT ( 'NONE',  ( -0.8660254037844334896, 1.500000000000011990, -5.245833333333335347 ) ) ;
#1035 = CARTESIAN_POINT ( 'NONE',  ( 0.000000000000000000, 1.500000000000000222, -8.349999999999999645 ) ) ;
#1036 = CARTESIAN_POINT ( 'NONE',  ( -0.8660254037844408170, -1.500000000000004885, -1.079166666666667718 ) ) ;
#1037 = CARTESIAN_POINT ( 'NONE',  ( 1.017788105676659116, 0.5876202367904146406, -3.120833333333333126 ) ) ;
#1038 = CARTESIAN_POINT ( 'NONE',  ( 1.017788105676658228, -0.5876202367904214130, -1.266666666666666829 ) ) ;
#1039 = CARTESIAN_POINT ( 'NONE',  ( -1.017788105676658450, 0.5876202367904155288, -0.5166666666666670515 ) ) ;
#1040 = CARTESIAN_POINT ( 'NONE',  ( -1.322475605676660226, -0.7635316469341354439, -3.636458333333333570 ) ) ;
#1041 = CARTESIAN_POINT ( 'NONE',  ( 0.8816504037844393737, -1.527063293868269112, -3.042708333333333570 ) ) ;
#1042 = EDGE_CURVE ( 'NONE', #3875, #2622, #597, .T. ) ;
#1043 = ORIENTED_EDGE ( 'NONE', *, *, #2468, .F. ) ;
#1044 = EDGE_LOOP ( 'NONE', ( #388, #190, #1146, #2797 ) ) ;
#1045 = CARTESIAN_POINT ( 'NONE',  ( 1.357050807568878303, -2.932007029070127676E-15, -6.662500000000000533 ) ) ;
#1046 = CARTESIAN_POINT ( 'NONE',  ( -0.6785254037844389297, 1.175240473580833944, -2.558333333333333570 ) ) ;
#1047 = DIRECTION ( 'NONE',  ( 0.000000000000000000, 1.000000000000000000, 0.000000000000000000 ) ) ;
#1048 = CARTESIAN_POINT ( 'NONE',  ( -1.836970198721033385E-16, -1.500000000000005551, -4.537500000000001421 ) ) ;
#1049 = ADVANCED_FACE ( 'NONE', ( #4368 ), #803, .T. ) ;
#1050 = ORIENTED_EDGE ( 'NONE', *, *, #2141, .T. ) ;
#1051 = CARTESIAN_POINT ( 'NONE',  ( -1.017788105676658450, 0.5876202367904155288, -2.954166666666666607 ) ) ;
#1052 = CARTESIAN_POINT ( 'NONE',  ( -1.732050807568880746, -2.576663316032202938E-15, -2.662500000000001421 ) ) ;
#1053 = DATE_AND_TIME ( #352, #1618 ) ;
#1054 = CARTESIAN_POINT ( 'NONE',  ( 1.732050807568880746, -3.000893411522166591E-15, -1.912500000000000311 ) ) ;
#1055 = CARTESIAN_POINT ( 'NONE',  ( 0.8816504037844408170, 1.527063293868263116, 0.6552083333333322823 ) ) ;
#1056 = ORIENTED_EDGE ( 'NONE', *, *, #1236, .T. ) ;
#1057 = CARTESIAN_POINT ( 'NONE',  ( 0.000000000000000000, 1.500000000000000444, -3.849999999999999645 ) ) ;
#1058 = CARTESIAN_POINT ( 'NONE',  ( 0.4808012946005260635, -0.1991544170300815209, 1.100000000000000533 ) ) ;
#1059 = CARTESIAN_POINT ( 'NONE',  ( -1.836970198721033385E-16, -1.500000000000005773, -0.09999999999999896472 ) ) ;
#1060 = VECTOR ( 'NONE', #568, 1000.000000000000000 ) ;
#1061 = CARTESIAN_POINT ( 'NONE',  ( 1.017788105676659116, 0.5876202367904146406, -4.120833333333332682 ) ) ;
#1062 = FACE_OUTER_BOUND ( 'NONE', #229, .T. ) ;
#1063 = CARTESIAN_POINT ( 'NONE',  ( -1.439254484199190858E-16, -1.175240473580839051, -2.350000000000000533 ) ) ;
#1064 = CARTESIAN_POINT ( 'NONE',  ( -1.322475605676660226, -0.7635316469341354439, -4.636458333333333570 ) ) ;
#1065 = CARTESIAN_POINT ( 'NONE',  ( -1.763300807568879858, -2.574749805408535596E-15, -2.209375000000000533 ) ) ;
#1066 = VERTEX_POINT ( 'NONE', #2018 ) ;
#1067 = CARTESIAN_POINT ( 'NONE',  ( 1.017788105676658228, -0.5876202367904214130, -4.704166666666667496 ) ) ;
#1068 = CARTESIAN_POINT ( 'NONE',  ( -0.6785254037844389297, 1.175240473580833944, -2.058333333333333570 ) ) ;
#1069 = CYLINDRICAL_SURFACE ( 'NONE', #262, 1.371600000000000374 ) ;
#1070 = CARTESIAN_POINT ( 'NONE',  ( -1.299038105676660448, 0.7499999999999990008, 0.2333333333333340864 ) ) ;
#1071 = ORIENTED_EDGE ( 'NONE', *, *, #3944, .T. ) ;
#1072 = CARTESIAN_POINT ( 'NONE',  ( -1.017788105676658672, -0.5876202367904206358, -3.370833333333333126 ) ) ;
#1073 = CARTESIAN_POINT ( 'NONE',  ( 1.299038105676661115, 0.7499999999999976685, -2.370833333333333126 ) ) ;
#1074 = DIRECTION ( 'NONE',  ( -0.000000000000000000, 4.984837574645996626E-17, -1.000000000000000000 ) ) ;
#1075 = EDGE_CURVE ( 'NONE', #73, #591, #4176, .T. ) ;
#1076 = DIRECTION ( 'NONE',  ( -0.000000000000000000, 0.000000000000000000, 1.000000000000000000 ) ) ;
#1077 = ADVANCED_FACE ( 'NONE', ( #4080 ), #4034, .T. ) ;
#1078 = ORIENTED_EDGE ( 'NONE', *, *, #3267, .F. ) ;
#1079 = DIRECTION ( 'NONE',  ( -0.000000000000000000, 4.984837574645996626E-17, -1.000000000000000000 ) ) ;
#1080 = CARTESIAN_POINT ( 'NONE',  ( 0.8660254037844478114, 1.499999999999988454, -1.891666666666666385 ) ) ;
#1081 = CYLINDRICAL_SURFACE ( 'NONE', #2137, 1.500000000000000222 ) ;
#1082 = CARTESIAN_POINT ( 'NONE',  ( 1.357050807568878303, -2.932007029070127676E-15, -0.1624999999999994504 ) ) ;
#1083 = CARTESIAN_POINT ( 'NONE',  ( -1.357050807568877859, -2.599625443516215778E-15, -0.9750000000000000888 ) ) ;
#1084 = CARTESIAN_POINT ( 'NONE',  ( -0.6785254037844394848, -1.175240473580838829, -2.391666666666667496 ) ) ;
#1085 = CARTESIAN_POINT ( 'NONE',  ( -1.322475605676660226, -0.7635316469341354439, -5.136458333333333570 ) ) ;
#1086 = CARTESIAN_POINT ( 'NONE',  ( -0.8816504037844398178, 1.527063293868263338, -2.792708333333333570 ) ) ;
#1087 = ORIENTED_EDGE ( 'NONE', *, *, #2552, .T. ) ;
#1088 = ORIENTED_EDGE ( 'NONE', *, *, #4243, .F. ) ;
#1089 = AXIS2_PLACEMENT_3D ( 'NONE', #2649, #1949, #1300 ) ;
#1090 = CARTESIAN_POINT ( 'NONE',  ( 0.000000000000000000, 1.175240473580833722, -6.037499999999999645 ) ) ;
#1091 = CARTESIAN_POINT ( 'NONE',  ( -1.357050807568878303, -2.599625443516216173E-15, -1.975000000000000089 ) ) ;
#1092 =( BOUNDED_CURVE ( )  B_SPLINE_CURVE ( 2, ( #1913, #3281, #2606, #196, #1570, #3990, #1057 ),
 .UNSPECIFIED., .F., .F. ) 
 B_SPLINE_CURVE_WITH_KNOTS ( ( 3, 2, 2, 3 ),
 ( 0.5250000000000000222, 0.5333333333333333259, 0.5416666666666667407, 0.5500000000000000444 ),
 .UNSPECIFIED. ) 
 CURVE ( )  GEOMETRIC_REPRESENTATION_ITEM ( )  RATIONAL_B_SPLINE_CURVE ( ( 1.000000000000000000, 0.8660254037844387076, 1.000000000000000000, 0.8660254037844387076, 1.000000000000000000, 0.8660254037844387076, 1.000000000000000000 ) ) 
 REPRESENTATION_ITEM ( '' )  );
#1093 = CARTESIAN_POINT ( 'NONE',  ( 0.8660254037844410391, 1.500000000000000000, -1.391666666666666385 ) ) ;
#1094 = CARTESIAN_POINT ( 'NONE',  ( 1.732050807568880746, -3.000893411522166591E-15, -7.912500000000001421 ) ) ;
#1095 = ORIENTED_EDGE ( 'NONE', *, *, #2947, .T. ) ;
#1096 = CARTESIAN_POINT ( 'NONE',  ( -1.836970198721033385E-16, -1.500000000000005551, -7.037500000000001421 ) ) ;
#1097 = CARTESIAN_POINT ( 'NONE',  ( 0.8108768379124988712, 0.2781747951757048698, 1.635995844776708674 ) ) ;
#1098 = DIRECTION ( 'NONE',  ( -0.000000000000000000, 4.984837574645996626E-17, -1.000000000000000000 ) ) ;
#1099 = CARTESIAN_POINT ( 'NONE',  ( -8.900635060914814293E-16, -0.2794000000000002593, 1.650000000000000355 ) ) ;
#1100 = ORIENTED_EDGE ( 'NONE', *, *, #658, .T. ) ;
#1101 = ADVANCED_FACE ( 'NONE', ( #309 ), #942, .F. ) ;
#1102 = CARTESIAN_POINT ( 'NONE',  ( -0.6785254037844389297, 1.175240473580833722, -6.995833333333332682 ) ) ;
#1103 = CARTESIAN_POINT ( 'NONE',  ( 1.836970198721030181E-16, -1.500000000000000222, -8.349999999999999645 ) ) ;
#1104 = CARTESIAN_POINT ( 'NONE',  ( -1.155479518322855004, 0.4787788495125060995, 0.09701203129457140750 ) ) ;
#1105 = CARTESIAN_POINT ( 'NONE',  ( -1.017788105676658672, -0.5876202367904206358, -2.370833333333333126 ) ) ;
#1106 = CARTESIAN_POINT ( 'NONE',  ( -0.6785254037844389297, 1.175240473580833722, -0.5583333333333342363 ) ) ;
#1107 = CARTESIAN_POINT ( 'NONE',  ( 1.357050807568878303, -2.932007029070127676E-15, -2.225000000000000089 ) ) ;
#1108 = CARTESIAN_POINT ( 'NONE',  ( 0.8816504037844393737, -1.527063293868269112, -5.511458333333333570 ) ) ;
#1109 = CARTESIAN_POINT ( 'NONE',  ( -1.322475605676660004, 0.7635316469341305590, 0.7489583333333340587 ) ) ;
#1110 = ORIENTED_EDGE ( 'NONE', *, *, #488, .T. ) ;
#1111 = CARTESIAN_POINT ( 'NONE',  ( 0.000000000000000000, 1.175240473580833722, -5.037500000000000533 ) ) ;
#1112 = CARTESIAN_POINT ( 'NONE',  ( 0.6785254037844397068, 1.175240473580833500, -2.141666666666666607 ) ) ;
#1113 = CARTESIAN_POINT ( 'NONE',  ( 0.000000000000000000, 1.527063293868263338, -7.834374999999999645 ) ) ;
#1114 = CARTESIAN_POINT ( 'NONE',  ( -1.732050807568880746, -2.576663316032202149E-15, -3.224999999999999201 ) ) ;
#1115 = VERTEX_POINT ( 'NONE', #2673 ) ;
#1116 = FACE_OUTER_BOUND ( 'NONE', #3885, .T. ) ;
#1117 = CARTESIAN_POINT ( 'NONE',  ( 0.9009819863189205691, -0.7546003121330687735, -8.279759526419162796 ) ) ;
#1118 = CARTESIAN_POINT ( 'NONE',  ( 1.335847540416378099, -0.1114487285983177117, 0.1791873301149948527 ) ) ;
#1119 = CARTESIAN_POINT ( 'NONE',  ( 0.000000000000000000, 1.500000000000000444, -6.349999999999998757 ) ) ;
#1120 = CARTESIAN_POINT ( 'NONE',  ( -0.6785254037844389297, 1.175240473580833722, -4.558333333333333570 ) ) ;
#1121 = VERTEX_POINT ( 'NONE', #3055 ) ;
#1122 = CARTESIAN_POINT ( 'NONE',  ( -1.439254484199190858E-16, -1.175240473580839051, -7.787500000000000533 ) ) ;
#1123 = CARTESIAN_POINT ( 'NONE',  ( -0.2793999999999998152, -1.342841092609248443, 1.650000000000000355 ) ) ;
#1124 = VECTOR ( 'NONE', #1903, 1000.000000000000000 ) ;
#1125 = CARTESIAN_POINT ( 'NONE',  ( 1.299038105676659782, -0.7500000000000047740, -3.954166666666666607 ) ) ;
#1126 =( BOUNDED_CURVE ( )  B_SPLINE_CURVE ( 2, ( #1546, #2516, #3604, #810, #2181, #1890, #424 ),
 .UNSPECIFIED., .F., .F. ) 
 B_SPLINE_CURVE_WITH_KNOTS ( ( 3, 2, 2, 3 ),
 ( 0.1500000000000001332, 0.1583333333333333814, 0.1666666666666666297, 0.1749999999999999889 ),
 .UNSPECIFIED. ) 
 CURVE ( )  GEOMETRIC_REPRESENTATION_ITEM ( )  RATIONAL_B_SPLINE_CURVE ( ( 0.9999999999999982236, 0.8660254037844404840, 1.000000000000000000, 0.8660254037844387076, 1.000000000000000000, 0.8660254037844395958, 0.9999999999999991118 ) ) 
 REPRESENTATION_ITEM ( '' )  );
#1127 = CARTESIAN_POINT ( 'NONE',  ( -1.439254484199190858E-16, -1.175240473580839051, -0.2874999999999995337 ) ) ;
#1128 = CARTESIAN_POINT ( 'NONE',  ( -1.836970198721033385E-16, -1.500000000000005551, -6.037500000000001421 ) ) ;
#1129 = CARTESIAN_POINT ( 'NONE',  ( 0.6785254037844387076, -1.175240473580839051, -0.8083333333333335702 ) ) ;
#1130 = CARTESIAN_POINT ( 'NONE',  ( 0.000000000000000000, 1.527063293868263338, -4.803125000000000533 ) ) ;
#1131 = ADVANCED_FACE ( 'NONE', ( #3373 ), #4057, .T. ) ;
#1132 = CARTESIAN_POINT ( 'NONE',  ( 0.000000000000000000, 1.527063293868263338, 0.6656249999999995781 ) ) ;
#1133 = AXIS2_PLACEMENT_3D ( 'NONE', #4044, #538, #2293 ) ;
#1134 = CARTESIAN_POINT ( 'NONE',  ( 1.017788105676659116, 0.5876202367904146406, -8.183333333333333570 ) ) ;
#1135 = ORIENTED_EDGE ( 'NONE', *, *, #1263, .F. ) ;
#1136 = CARTESIAN_POINT ( 'NONE',  ( 0.6785254037844397068, 1.175240473580833500, -4.079166666666666607 ) ) ;
#1137 = VECTOR ( 'NONE', #3036, 1000.000000000000000 ) ;
#1138 = CARTESIAN_POINT ( 'NONE',  ( 1.017788105676658228, -0.5876202367904214130, -1.766666666666667274 ) ) ;
#1139 = CARTESIAN_POINT ( 'NONE',  ( -0.8816504037844403729, -1.527063293868268001, -8.126041666666667496 ) ) ;
#1140 = DIRECTION ( 'NONE',  ( 0.000000000000000000, 1.000000000000000000, 0.000000000000000000 ) ) ;
#1141 = VERTEX_POINT ( 'NONE', #1933 ) ;
#1142 = CARTESIAN_POINT ( 'NONE',  ( -1.017788105676658450, 0.5876202367904155288, -0.4541666666666669405 ) ) ;
#1143 = CARTESIAN_POINT ( 'NONE',  ( -1.299038105676660448, 0.7499999999999990008, -1.266666666666666385 ) ) ;
#1144 = PLANE ( 'NONE',  #2781 ) ;
#1145 = CARTESIAN_POINT ( 'NONE',  ( 0.000000000000000000, 1.175240473580833722, -6.599999999999999645 ) ) ;
#1146 = ORIENTED_EDGE ( 'NONE', *, *, #2117, .T. ) ;
#1147 = CARTESIAN_POINT ( 'NONE',  ( -1.732050807568880746, -2.576663316032202938E-15, -4.662499999999999645 ) ) ;
#1148 = CARTESIAN_POINT ( 'NONE',  ( 1.299038105676661115, 0.7499999999999976685, -6.870833333333333570 ) ) ;
#1149 = CARTESIAN_POINT ( 'NONE',  ( 0.000000000000000000, 1.475982003772366631E-16, 1.100000000000000533 ) ) ;
#1150 = DIRECTION ( 'NONE',  ( -0.000000000000000000, 4.984837574645996626E-17, -1.000000000000000000 ) ) ;
#1151 = CARTESIAN_POINT ( 'NONE',  ( 0.000000000000000000, 1.527063293868263338, -0.8031249999999999778 ) ) ;
#1152 = CARTESIAN_POINT ( 'NONE',  ( -1.870113174931186087E-16, -1.527063293868268667, 1.415625000000000133 ) ) ;
#1153 = CARTESIAN_POINT ( 'NONE',  ( -1.017788105676658450, 0.5876202367904155288, -8.016666666666667496 ) ) ;
#1154 = EDGE_CURVE ( 'NONE', #234, #4112, #3449, .T. ) ;
#1155 = EDGE_LOOP ( 'NONE', ( #2881, #12, #1474, #2109 ) ) ;
#1156 = EDGE_CURVE ( 'NONE', #3555, #4330, #1871, .T. ) ;
#1157 = CARTESIAN_POINT ( 'NONE',  ( 0.6785254037844397068, 1.175240473580833500, -4.579166666666667496 ) ) ;
#1158 = CARTESIAN_POINT ( 'NONE',  ( 1.017788105676658228, -0.5876202367904214130, 1.233333333333332726 ) ) ;
#1159 = CARTESIAN_POINT ( 'NONE',  ( 0.000000000000000000, 1.527063293868263338, -6.334374999999999645 ) ) ;
#1160 = CARTESIAN_POINT ( 'NONE',  ( -1.836970198721033385E-16, -1.500000000000005773, -1.599999999999999423 ) ) ;
#1161 = ORIENTED_EDGE ( 'NONE', *, *, #4055, .T. ) ;
#1162 = CARTESIAN_POINT ( 'NONE',  ( -1.357050807568877859, -2.599625443516215778E-15, -0.9125000000000000888 ) ) ;
#1163 = LINE ( 'NONE', #733, #3283 ) ;
#1164 = CARTESIAN_POINT ( 'NONE',  ( -0.6785254037844394848, -1.175240473580838829, -6.391666666666666607 ) ) ;
#1165 = ORIENTED_EDGE ( 'NONE', *, *, #3995, .F. ) ;
#1166 = CARTESIAN_POINT ( 'NONE',  ( -0.6785254037844394848, -1.175240473580838829, -7.329166666666664831 ) ) ;
#1167 = CARTESIAN_POINT ( 'NONE',  ( -1.330612516988447069, -0.4222639387249071952, -8.070410371050282805 ) ) ;
#1168 = FACE_OUTER_BOUND ( 'NONE', #3813, .T. ) ;
#1169 = LINE ( 'NONE', #3173, #3789 ) ;
#1170 = CARTESIAN_POINT ( 'NONE',  ( -1.763300807568879858, -2.574749805408535596E-15, -0.6781249999999998668 ) ) ;
#1171 = ORIENTED_EDGE ( 'NONE', *, *, #1324, .F. ) ;
#1172 = CARTESIAN_POINT ( 'NONE',  ( 1.357050807568878303, -2.932007029070127676E-15, -8.162499999999999645 ) ) ;
#1173 = CARTESIAN_POINT ( 'NONE',  ( -0.6785254037844394848, -1.175240473580838829, 1.170833333333332726 ) ) ;
#1174 = ORIENTED_EDGE ( 'NONE', *, *, #3167, .F. ) ;
#1175 = CARTESIAN_POINT ( 'NONE',  ( -0.6785254037844389297, 1.175240473580833944, -6.558333333333334458 ) ) ;
#1176 = CARTESIAN_POINT ( 'NONE',  ( 0.000000000000000000, 1.175240473580833722, -3.037500000000000089 ) ) ;
#1177 = CARTESIAN_POINT ( 'NONE',  ( -1.017788105676658672, -0.5876202367904206358, -0.9333333333333337922 ) ) ;
#1178 = CARTESIAN_POINT ( 'NONE',  ( -0.8816504037844398178, 1.527063293868263338, -7.292708333333333570 ) ) ;
#1179 = DIRECTION ( 'NONE',  ( 0.000000000000000000, 1.000000000000000000, 0.000000000000000000 ) ) ;
#1180 = ORIENTED_EDGE ( 'NONE', *, *, #2692, .T. ) ;
#1181 = CARTESIAN_POINT ( 'NONE',  ( 1.017788105676658228, -0.5876202367904214130, -0.7041666666666671626 ) ) ;
#1182 = FACE_OUTER_BOUND ( 'NONE', #68, .T. ) ;
#1183 = CARTESIAN_POINT ( 'NONE',  ( 0.000000000000000000, 4.814824860968089633E-32, -8.349999999999999645 ) ) ;
#1184 = EDGE_CURVE ( 'NONE', #2856, #4356, #2090, .T. ) ;
#1185 = CARTESIAN_POINT ( 'NONE',  ( 0.000000000000000000, 1.175240473580833722, -4.599999999999999645 ) ) ;
#1186 = ORIENTED_EDGE ( 'NONE', *, *, #1846, .T. ) ;
#1187 = CARTESIAN_POINT ( 'NONE',  ( -0.8660254037844334896, 1.500000000000011990, -4.745833333333335347 ) ) ;
#1188 = CARTESIAN_POINT ( 'NONE',  ( -0.3524601265314866727, -1.394637314233977188, -8.019284196150305633 ) ) ;
#1189 = FACE_OUTER_BOUND ( 'NONE', #999, .T. ) ;
#1190 = CARTESIAN_POINT ( 'NONE',  ( -1.017788105676658450, 0.5876202367904155288, -7.954166666666666607 ) ) ;
#1191 = VECTOR ( 'NONE', #255, 1000.000000000000000 ) ;
#1192 = CARTESIAN_POINT ( 'NONE',  ( 0.000000000000000000, 1.175240473580833722, -8.599999999999999645 ) ) ;
#1193 = CARTESIAN_POINT ( 'NONE',  ( 0.000000000000000000, 1.500000000000000222, -7.787500000000001421 ) ) ;
#1194 = CARTESIAN_POINT ( 'NONE',  ( 0.6785254037844397068, 1.175240473580833500, -6.641666666666666607 ) ) ;
#1195 = CARTESIAN_POINT ( 'NONE',  ( -0.6785254037844389297, 1.175240473580833944, -2.495833333333333570 ) ) ;
#1196 = CARTESIAN_POINT ( 'NONE',  ( -1.357050807568878303, -2.599625443516216173E-15, -0.9750000000000000888 ) ) ;
#1197 =( BOUNDED_CURVE ( )  B_SPLINE_CURVE ( 2, ( #2067, #1080, #334, #2424, #1780, #2765, #2445 ),
 .UNSPECIFIED., .F., .F. ) 
 B_SPLINE_CURVE_WITH_KNOTS ( ( 3, 2, 2, 3 ),
 ( 0.3500000000000000888, 0.3583333333333333925, 0.3666666666666667518, 0.3750000000000000555 ),
 .UNSPECIFIED. ) 
 CURVE ( )  GEOMETRIC_REPRESENTATION_ITEM ( )  RATIONAL_B_SPLINE_CURVE ( ( 0.9999999999999982236, 0.8660254037844404840, 1.000000000000000000, 0.8660254037844387076, 1.000000000000000000, 0.8660254037844378194, 1.000000000000000888 ) ) 
 REPRESENTATION_ITEM ( '' )  );
#1198 = CARTESIAN_POINT ( 'NONE',  ( -1.322475605676660004, 0.7635316469341305590, -7.251041666666665719 ) ) ;
#1199 = CARTESIAN_POINT ( 'NONE',  ( 0.000000000000000000, 1.500000000000000222, -7.287500000000001421 ) ) ;
#1200 = CIRCLE ( 'NONE', #4305, 1.500000000000000000 ) ;
#1201 = ORIENTED_EDGE ( 'NONE', *, *, #107, .F. ) ;
#1202 = DIRECTION ( 'NONE',  ( 0.000000000000000000, 1.000000000000000000, 0.000000000000000000 ) ) ;
#1203 = CARTESIAN_POINT ( 'NONE',  ( -0.6785254037844394848, -1.175240473580838829, -6.891666666666666607 ) ) ;
#1204 = VECTOR ( 'NONE', #3661, 1000.000000000000000 ) ;
#1205 = CARTESIAN_POINT ( 'NONE',  ( 1.017788105676658228, -0.5876202367904214130, -6.266666666666666607 ) ) ;
#1206 = CARTESIAN_POINT ( 'NONE',  ( -1.017788105676658450, 0.5876202367904155288, -0.9541666666666664964 ) ) ;
#1207 = ORIENTED_EDGE ( 'NONE', *, *, #488, .F. ) ;
#1208 = CARTESIAN_POINT ( 'NONE',  ( -1.357050807568877859, -2.599625443516215778E-15, -4.912500000000000533 ) ) ;
#1209 = CARTESIAN_POINT ( 'NONE',  ( 1.299038105676660004, -0.7500000000000048850, -1.016666666666666163 ) ) ;
#1210 = EDGE_CURVE ( 'NONE', #2713, #471, #335, .T. ) ;
#1211 = APPLICATION_PROTOCOL_DEFINITION ( 'international standard', 'config_control_design', 1994, #1803 ) ;
#1212 = CARTESIAN_POINT ( 'NONE',  ( -1.299038105676660226, 0.7499999999999988898, -1.704166666666667718 ) ) ;
#1213 = DIRECTION ( 'NONE',  ( 0.000000000000000000, 1.000000000000000000, 0.000000000000000000 ) ) ;
#1214 = ORIENTED_EDGE ( 'NONE', *, *, #3552, .T. ) ;
#1215 = CARTESIAN_POINT ( 'NONE',  ( 0.6785254037844397068, 1.175240473580833500, -6.579166666666667496 ) ) ;
#1216 = CARTESIAN_POINT ( 'NONE',  ( -0.6785254037844394848, -1.175240473580838829, 0.6708333333333321713 ) ) ;
#1217 = CARTESIAN_POINT ( 'NONE',  ( -1.299038105676660448, -0.7500000000000037748, -7.620833333333333570 ) ) ;
#1218 = CARTESIAN_POINT ( 'NONE',  ( 1.017788105676659116, 0.5876202367904146406, -5.683333333333333570 ) ) ;
#1219 = CARTESIAN_POINT ( 'NONE',  ( -0.6785254037844389297, 1.175240473580833944, -3.495833333333333570 ) ) ;
#1220 = CARTESIAN_POINT ( 'NONE',  ( -0.6785254037844389297, 1.175240473580833944, 0.9416666666666669849 ) ) ;
#1221 = CARTESIAN_POINT ( 'NONE',  ( -1.763300807568879858, -2.574749805408535596E-15, -4.209374999999999645 ) ) ;
#1222 = CARTESIAN_POINT ( 'NONE',  ( 0.000000000000000000, 4.814824860968089633E-32, -8.349999999999999645 ) ) ;
#1223 = EDGE_LOOP ( 'NONE', ( #1743, #434, #1391, #1021 ) ) ;
#1224 = CARTESIAN_POINT ( 'NONE',  ( 0.8660254037844331565, -1.500000000000017542, -3.495833333333334902 ) ) ;
#1225 = CARTESIAN_POINT ( 'NONE',  ( -1.017788105676658672, -0.5876202367904206358, -6.433333333333333570 ) ) ;
#1226 = CARTESIAN_POINT ( 'NONE',  ( -0.2794000000000003703, 2.983530578205845603E-15, 1.650000000000000355 ) ) ;
#1227 = PRODUCT_RELATED_PRODUCT_CATEGORY ( 'detail', '', ( #2108 ) ) ;
#1228 = CARTESIAN_POINT ( 'NONE',  ( 0.6785254037844387076, -1.175240473580839051, -2.245833333333333126 ) ) ;
#1229 = ORIENTED_EDGE ( 'NONE', *, *, #2971, .T. ) ;
#1230 = CARTESIAN_POINT ( 'NONE',  ( 0.6785254037844387076, -1.175240473580839273, -4.745833333333333570 ) ) ;
#1231 = LINE ( 'NONE', #3190, #3686 ) ;
#1232 = DIRECTION ( 'NONE',  ( 0.000000000000000000, -0.08715574274765820750, -0.9961946980917455452 ) ) ;
#1233 = DIRECTION ( 'NONE',  ( -0.9961946980917455452, 3.681323789641168217E-15, 0.08715574274765836016 ) ) ;
#1234 = ADVANCED_FACE ( 'NONE', ( #3793 ), #1013, .T. ) ;
#1235 = CARTESIAN_POINT ( 'NONE',  ( 1.200149162778872958, -0.6457931176750154600, -8.095470430334996692 ) ) ;
#1236 = EDGE_CURVE ( 'NONE', #2782, #3438, #4439, .T. ) ;
#1237 = CARTESIAN_POINT ( 'NONE',  ( -1.439254484199190858E-16, -1.175240473580839051, -5.787500000000000533 ) ) ;
#1238 = CARTESIAN_POINT ( 'NONE',  ( -1.017788105676658450, 0.5876202367904155288, -3.016666666666666607 ) ) ;
#1239 = ORIENTED_EDGE ( 'NONE', *, *, #2168, .T. ) ;
#1240 = CARTESIAN_POINT ( 'NONE',  ( -1.017788105676658672, -0.5876202367904206358, -5.433333333333333570 ) ) ;
#1241 = CARTESIAN_POINT ( 'NONE',  ( -0.6785254037844394848, -1.175240473580838829, 0.6083333333333321713 ) ) ;
#1242 = CARTESIAN_POINT ( 'NONE',  ( -1.322475605676660004, 0.7635316469341305590, -3.751041666666666607 ) ) ;
#1243 = CARTESIAN_POINT ( 'NONE',  ( -0.8660254037844352659, 1.500000000000008882, -6.745833333333333570 ) ) ;
#1244 = ORIENTED_EDGE ( 'NONE', *, *, #2034, .F. ) ;
#1245 = CARTESIAN_POINT ( 'NONE',  ( 1.424824154680374217E-11, -1.447697095812668033, -8.007302904187332260 ) ) ;
#1246 = CARTESIAN_POINT ( 'NONE',  ( -1.439254484199190858E-16, -1.175240473580839051, -7.849999999999999645 ) ) ;
#1247 = CARTESIAN_POINT ( 'NONE',  ( -1.299038105676660448, -0.7500000000000037748, -2.120833333333334458 ) ) ;
#1248 = LINE ( 'NONE', #3047, #3208 ) ;
#1249 = VERTEX_POINT ( 'NONE', #1351 ) ;
#1250 = CARTESIAN_POINT ( 'NONE',  ( -0.6785254037844394848, -1.175240473580838829, -4.329166666666666607 ) ) ;
#1251 = CARTESIAN_POINT ( 'NONE',  ( 1.732050807568880746, -3.000893411522166591E-15, -5.474999999999998757 ) ) ;
#1252 = CARTESIAN_POINT ( 'NONE',  ( -0.6785254037844389297, 1.175240473580833944, 0.4416666666666665964 ) ) ;
#1253 = CARTESIAN_POINT ( 'NONE',  ( 0.000000000000000000, 4.814824860968089633E-32, -8.349999999999999645 ) ) ;
#1254 = CARTESIAN_POINT ( 'NONE',  ( -0.8816504037844403729, -1.527063293868268001, -3.094791666666666163 ) ) ;
#1255 = CARTESIAN_POINT ( 'NONE',  ( 2.841103278237025801E-15, 0.2794000000000002593, 1.650000000000000355 ) ) ;
#1256 = CARTESIAN_POINT ( 'NONE',  ( -1.836970198721033385E-16, -1.500000000000005551, -3.037500000000000533 ) ) ;
#1257 = UNCERTAINTY_MEASURE_WITH_UNIT (LENGTH_MEASURE( 1.000000000000000082E-05 ), #4342, 'distance_accuracy_value', 'NONE');
#1258 = CARTESIAN_POINT ( 'NONE',  ( 0.6785254037844387076, -1.175240473580839051, -7.245833333333333570 ) ) ;
#1259 = CARTESIAN_POINT ( 'NONE',  ( -1.357050807568877859, -2.599625443516215778E-15, -3.474999999999999645 ) ) ;
#1260 = CARTESIAN_POINT ( 'NONE',  ( 1.299038105676659782, -0.7500000000000047740, -0.9541666666666678287 ) ) ;
#1261 = CARTESIAN_POINT ( 'NONE',  ( 0.6785254037844387076, -1.175240473580839051, -3.308333333333333570 ) ) ;
#1262 = VECTOR ( 'NONE', #3247, 1000.000000000000000 ) ;
#1263 = EDGE_CURVE ( 'NONE', #1342, #4191, #3250, .T. ) ;
#1264 = CARTESIAN_POINT ( 'NONE',  ( -1.322475605676660004, 0.7635316469341305590, -6.719791666666667496 ) ) ;
#1265 = CARTESIAN_POINT ( 'NONE',  ( -0.8816504037844403729, -1.527063293868268001, -3.626041666666666607 ) ) ;
#1266 = CARTESIAN_POINT ( 'NONE',  ( 0.6785254037844387076, -1.175240473580839273, -7.308333333333334458 ) ) ;
#1267 =( BOUNDED_CURVE ( )  B_SPLINE_CURVE ( 2, ( #4337, #4002, #4026, #2277, #1247, #301, #2687 ),
 .UNSPECIFIED., .F., .F. ) 
 B_SPLINE_CURVE_WITH_KNOTS ( ( 3, 2, 2, 3 ),
 ( 0.6499999999999999112, 0.6583333333333332149, 0.6666666666666665186, 0.6749999999999999334 ),
 .UNSPECIFIED. ) 
 CURVE ( )  GEOMETRIC_REPRESENTATION_ITEM ( )  RATIONAL_B_SPLINE_CURVE ( ( 1.000000000000001776, 0.8660254037844369313, 1.000000000000000000, 0.8660254037844387076, 1.000000000000000000, 0.8660254037844404840, 0.9999999999999982236 ) ) 
 REPRESENTATION_ITEM ( '' )  );
#1268 = ORIENTED_EDGE ( 'NONE', *, *, #2996, .T. ) ;
#1269 = LINE ( 'NONE', #4000, #1124 ) ;
#1270 = AXIS2_PLACEMENT_3D ( 'NONE', #417, #2107, #2152 ) ;
#1271 = CARTESIAN_POINT ( 'NONE',  ( 0.000000000000000000, 1.175240473580833722, -7.100000000000000533 ) ) ;
#1272 = CARTESIAN_POINT ( 'NONE',  ( -1.299038105676660670, -0.7500000000000037748, -5.183333333333333570 ) ) ;
#1273 = CARTESIAN_POINT ( 'NONE',  ( 1.017788105676658228, -0.5876202367904214130, 1.295833333333332948 ) ) ;
#1274 = ORIENTED_EDGE ( 'NONE', *, *, #4249, .T. ) ;
#1275 = CARTESIAN_POINT ( 'NONE',  ( 0.000000000000000000, 1.175240473580833722, -5.537499999999999645 ) ) ;
#1276 = CARTESIAN_POINT ( 'NONE',  ( -0.1804076201395883317, 1.286271987299456798, -8.159223464342206356 ) ) ;
#1277 = CARTESIAN_POINT ( 'NONE',  ( -1.017788105676658450, 0.5876202367904155288, 0.4833333333333338921 ) ) ;
#1278 = CARTESIAN_POINT ( 'NONE',  ( -1.299038105676660448, -0.7500000000000037748, -5.620833333333333570 ) ) ;
#1279 = CARTESIAN_POINT ( 'NONE',  ( 0.8816504037844408170, 1.527063293868263116, -1.344791666666667052 ) ) ;
#1280 = CARTESIAN_POINT ( 'NONE',  ( -0.8660254037844408170, -1.500000000000005107, -5.641666666666665719 ) ) ;
#1281 = CARTESIAN_POINT ( 'NONE',  ( 1.016042416027920225, -0.8677227319443687747, -8.132524866451255718 ) ) ;
#1282 = CARTESIAN_POINT ( 'NONE',  ( -1.357050807568878303, -2.599625443516216173E-15, -5.912500000000000533 ) ) ;
#1283 = CARTESIAN_POINT ( 'NONE',  ( -1.017788105676658450, 0.5876202367904155288, -3.516666666666667052 ) ) ;
#1284 = ORIENTED_EDGE ( 'NONE', *, *, #212, .T. ) ;
#1285 = CARTESIAN_POINT ( 'NONE',  ( 1.357050807568878303, -2.932007029070127676E-15, -5.225000000000000533 ) ) ;
#1286 = CARTESIAN_POINT ( 'NONE',  ( -1.870113174931186087E-16, -1.527063293868268667, -8.553124999999999645 ) ) ;
#1287 = CARTESIAN_POINT ( 'NONE',  ( -1.322475605676660226, -0.7635316469341354439, -3.667708333333333570 ) ) ;
#1288 = CARTESIAN_POINT ( 'NONE',  ( -1.836970198721033385E-16, -1.500000000000005551, -6.537500000000000533 ) ) ;
#1289 = EDGE_CURVE ( 'NONE', #2713, #541, #1578, .T. ) ;
#1290 = ORIENTED_EDGE ( 'NONE', *, *, #2608, .T. ) ;
#1291 = EDGE_CURVE ( 'NONE', #223, #2763, #2425, .T. ) ;
#1292 = ORIENTED_EDGE ( 'NONE', *, *, #1263, .T. ) ;
#1293 = CARTESIAN_POINT ( 'NONE',  ( -0.8660254037844336006, 1.500000000000011990, -6.808333333333334458 ) ) ;
#1294 = CARTESIAN_POINT ( 'NONE',  ( 1.017788105676659116, 0.5876202367904146406, -5.683333333333333570 ) ) ;
#1295 =( BOUNDED_CURVE ( )  B_SPLINE_CURVE ( 2, ( #4315, #2191, #3245, #2854, #4252 ),
 .UNSPECIFIED., .F., .F. ) 
 B_SPLINE_CURVE_WITH_KNOTS ( ( 3, 2, 3 ),
 ( 0.9500000000000000666, 0.9583333333333333703, 0.9606063009186055490 ),
 .UNSPECIFIED. ) 
 CURVE ( )  GEOMETRIC_REPRESENTATION_ITEM ( )  RATIONAL_B_SPLINE_CURVE ( ( 0.9999999999999982236, 0.8660254037844404840, 1.000000000000000000, 0.9634576102662519848, 0.9468495406972701200 ) ) 
 REPRESENTATION_ITEM ( '' )  );
#1296 = DIRECTION ( 'NONE',  ( -0.000000000000000000, 4.984837574645996626E-17, -1.000000000000000000 ) ) ;
#1297 = CARTESIAN_POINT ( 'NONE',  ( -1.439254484199190858E-16, -1.175240473580839051, 1.212500000000000133 ) ) ;
#1298 = ORIENTED_EDGE ( 'NONE', *, *, #441, .T. ) ;
#1299 = CARTESIAN_POINT ( 'NONE',  ( -0.6785254037844389297, 1.175240473580833722, -4.995833333333332682 ) ) ;
#1300 = DIRECTION ( 'NONE',  ( 0.000000000000000000, 1.000000000000000000, 0.000000000000000000 ) ) ;
#1301 = CARTESIAN_POINT ( 'NONE',  ( 0.6785254037844397068, 1.175240473580833500, 1.358333333333332726 ) ) ;
#1302 = CARTESIAN_POINT ( 'NONE',  ( 0.8660254037844331565, -1.500000000000017542, -1.995833333333335124 ) ) ;
#1303 = CARTESIAN_POINT ( 'NONE',  ( -1.322475605676660004, 0.7635316469341305590, -2.219791666666666607 ) ) ;
#1304 = DIRECTION ( 'NONE',  ( -0.000000000000000000, 4.984837574645996626E-17, -1.000000000000000000 ) ) ;
#1305 = DIRECTION ( 'NONE',  ( 0.08715574274765836016, 0.000000000000000000, -0.9961946980917455452 ) ) ;
#1306 = CARTESIAN_POINT ( 'NONE',  ( -0.6785254037844389297, 1.175240473580833944, -1.995833333333333792 ) ) ;
#1307 = CARTESIAN_POINT ( 'NONE',  ( 0.000000000000000000, 1.500000000000000222, -7.287500000000001421 ) ) ;
#1308 = CARTESIAN_POINT ( 'NONE',  ( 0.6785254037844387076, -1.175240473580839051, -2.745833333333333570 ) ) ;
#1309 = CARTESIAN_POINT ( 'NONE',  ( -1.439254484199190858E-16, -1.175240473580839051, -3.350000000000000533 ) ) ;
#1310 = CARTESIAN_POINT ( 'NONE',  ( -1.017788105676658672, -0.5876202367904206358, -3.933333333333334014 ) ) ;
#1311 = CARTESIAN_POINT ( 'NONE',  ( 0.8816504037844393737, -1.527063293868269112, -7.511458333333333570 ) ) ;
#1312 = CARTESIAN_POINT ( 'NONE',  ( -0.8816504037844403729, -1.527063293868268001, -5.626041666666666607 ) ) ;
#1313 = CARTESIAN_POINT ( 'NONE',  ( -1.017788105676658672, -0.5876202367904206358, -7.933333333333333570 ) ) ;
#1314 = ORIENTED_EDGE ( 'NONE', *, *, #2470, .T. ) ;
#1315 = CARTESIAN_POINT ( 'NONE',  ( -1.357050807568878303, -2.599625443516216173E-15, -6.912500000000000533 ) ) ;
#1316 = CARTESIAN_POINT ( 'NONE',  ( 1.017788105676658228, -0.5876202367904214130, -5.266666666666666607 ) ) ;
#1317 = CARTESIAN_POINT ( 'NONE',  ( 0.8660254037844410391, 1.500000000000000000, -5.891666666666665719 ) ) ;
#1318 = CARTESIAN_POINT ( 'NONE',  ( 0.6785254037844387076, -1.175240473580839051, 0.7541666666666668739 ) ) ;
#1319 = VERTEX_POINT ( 'NONE', #2402 ) ;
#1320 = CARTESIAN_POINT ( 'NONE',  ( -0.6785254037844394848, -1.175240473580838829, -1.829166666666666385 ) ) ;
#1321 = CARTESIAN_POINT ( 'NONE',  ( -1.038380575811405748, 0.8431375091303477953, -8.120461364655069403 ) ) ;
#1322 = APPROVAL_STATUS ( 'not_yet_approved' ) ;
#1323 = CYLINDRICAL_SURFACE ( 'NONE', #1425, 1.500000000000000222 ) ;
#1324 = EDGE_CURVE ( 'NONE', #1669, #73, #1901, .T. ) ;
#1325 = CARTESIAN_POINT ( 'NONE',  ( -0.8816504037844398178, 1.527063293868263338, 0.2385416666666664021 ) ) ;
#1326 = DIRECTION ( 'NONE',  ( 0.000000000000000000, -0.08715574274765820750, -0.9961946980917455452 ) ) ;
#1327 = CARTESIAN_POINT ( 'NONE',  ( -0.8660254037844340447, -1.500000000000016431, -0.5791666666666668295 ) ) ;
#1328 = CARTESIAN_POINT ( 'NONE',  ( 0.6785254037844397068, 1.175240473580833500, -3.579166666666667496 ) ) ;
#1329 = CARTESIAN_POINT ( 'NONE',  ( -0.6785254037844394848, -1.175240473580838829, -3.829166666666666607 ) ) ;
#1330 = CARTESIAN_POINT ( 'NONE',  ( 0.6785254037844397068, 1.175240473580833056, -3.141666666666666607 ) ) ;
#1331 = CARTESIAN_POINT ( 'NONE',  ( 1.017788105676659116, 0.5876202367904146406, -5.183333333333333570 ) ) ;
#1332 = CARTESIAN_POINT ( 'NONE',  ( 0.8816504037844408170, 1.527063293868263116, -8.344791666666667496 ) ) ;
#1333 = CARTESIAN_POINT ( 'NONE',  ( -0.8816504037844403729, -1.527063293868268001, -2.126041666666666607 ) ) ;
#1334 = CARTESIAN_POINT ( 'NONE',  ( 1.017788105676659116, 0.5876202367904146406, -7.183333333333333570 ) ) ;
#1335 = CC_DESIGN_APPROVAL ( #2831, ( #1771 ) ) ;
#1336 = ORIENTED_EDGE ( 'NONE', *, *, #3605, .T. ) ;
#1337 = CARTESIAN_POINT ( 'NONE',  ( 1.017788105676659116, 0.5876202367904146406, -7.120833333333333570 ) ) ;
#1338 = CARTESIAN_POINT ( 'NONE',  ( -0.6785254037844389297, 1.175240473580833944, -4.558333333333333570 ) ) ;
#1339 = DIRECTION ( 'NONE',  ( 0.000000000000000000, 1.000000000000000000, 0.000000000000000000 ) ) ;
#1340 = CARTESIAN_POINT ( 'NONE',  ( -1.017788105676658672, -0.5876202367904206358, 0.1291666666666663188 ) ) ;
#1341 = VECTOR ( 'NONE', #3340, 1000.000000000000000 ) ;
#1342 = VERTEX_POINT ( 'NONE', #1307 ) ;
#1343 = CARTESIAN_POINT ( 'NONE',  ( -0.6785254037844394848, -1.175240473580838829, -3.829166666666666607 ) ) ;
#1344 = CARTESIAN_POINT ( 'NONE',  ( -0.3569195842855382161, 1.256036219128130682, -8.152305535033699257 ) ) ;
#1345 = CARTESIAN_POINT ( 'NONE',  ( 0.000000000000000000, 4.814824860968089633E-32, -8.349999999999999645 ) ) ;
#1346 = CARTESIAN_POINT ( 'NONE',  ( 0.000000000000000000, 1.500000000000000222, -8.349999999999999645 ) ) ;
#1347 = EDGE_CURVE ( 'NONE', #2826, #2600, #3454, .T. ) ;
#1348 = DIRECTION ( 'NONE',  ( 2.031285913993687333E-16, 0.9961946980917455452, 0.08715574274765851281 ) ) ;
#1349 = CARTESIAN_POINT ( 'NONE',  ( -0.8660254037844441477, -1.499999999999999112, -5.079166666666668384 ) ) ;
#1350 = CARTESIAN_POINT ( 'NONE',  ( -0.6785254037844389297, 1.175240473580833944, -0.4958333333333341808 ) ) ;
#1351 = CARTESIAN_POINT ( 'NONE',  ( 0.000000000000000000, 1.500000000000000444, 0.1499999999999995226 ) ) ;
#1352 = CARTESIAN_POINT ( 'NONE',  ( -1.017788105676658672, -0.5876202367904206358, -4.370833333333333570 ) ) ;
#1353 = DIRECTION ( 'NONE',  ( -0.3812272063696530155, -0.9203638919632245452, 0.08715574274765823526 ) ) ;
#1354 = CARTESIAN_POINT ( 'NONE',  ( -1.439254484199190858E-16, -1.175240473580839051, -2.850000000000000089 ) ) ;
#1355 = CARTESIAN_POINT ( 'NONE',  ( -1.322475605676660004, 0.7635316469341305590, -6.219791666666666607 ) ) ;
#1356 = CARTESIAN_POINT ( 'NONE',  ( 0.000000000000000000, 1.527063293868263338, -0.8343750000000000888 ) ) ;
#1357 = ORIENTED_EDGE ( 'NONE', *, *, #4161, .T. ) ;
#1358 = CARTESIAN_POINT ( 'NONE',  ( 0.6785254037844387076, -1.175240473580839051, -7.245833333333333570 ) ) ;
#1359 = CARTESIAN_POINT ( 'NONE',  ( 0.6785254037844387076, -1.175240473580839051, -6.308333333333333570 ) ) ;
#1360 = CARTESIAN_POINT ( 'NONE',  ( -1.836970198721033385E-16, -1.500000000000005773, -1.599999999999999423 ) ) ;
#1361 = LINE ( 'NONE', #2938, #2927 ) ;
#1362 = ORIENTED_EDGE ( 'NONE', *, *, #2064, .T. ) ;
#1363 = CARTESIAN_POINT ( 'NONE',  ( -1.017788105676658672, -0.5876202367904206358, -3.870833333333333570 ) ) ;
#1364 = CARTESIAN_POINT ( 'NONE',  ( 0.000000000000000000, 1.500000000000000222, -2.287500000000000977 ) ) ;
#1365 = PERSON_AND_ORGANIZATION ( #3214, #4146 ) ;
#1366 = CARTESIAN_POINT ( 'NONE',  ( 0.8660254037844410391, 1.499999999999999778, -1.829166666666667718 ) ) ;
#1367 = CARTESIAN_POINT ( 'NONE',  ( 0.4345709708596044996, -0.4345709708596074416, 1.641541761640896491 ) ) ;
#1368 = ORIENTED_EDGE ( 'NONE', *, *, #658, .F. ) ;
#1369 = DIRECTION ( 'NONE',  ( -0.06666269134683229514, -0.06666269134683253106, 0.9955461672694008168 ) ) ;
#1370 = DIRECTION ( 'NONE',  ( 0.000000000000000000, 1.000000000000000000, 0.000000000000000000 ) ) ;
#1371 = CARTESIAN_POINT ( 'NONE',  ( 0.000000000000000000, 1.500000000000000444, -3.849999999999999645 ) ) ;
#1372 = EDGE_CURVE ( 'NONE', #2390, #478, #809, .T. ) ;
#1373 = CARTESIAN_POINT ( 'NONE',  ( 1.357050807568878303, -2.932007029070127676E-15, -4.662499999999999645 ) ) ;
#1374 = VECTOR ( 'NONE', #3081, 1000.000000000000000 ) ;
#1375 = CARTESIAN_POINT ( 'NONE',  ( 0.6785254037844397068, 1.175240473580833056, -0.6416666666666670515 ) ) ;
#1376 = CARTESIAN_POINT ( 'NONE',  ( 1.017788105676659116, 0.5876202367904146406, -1.683333333333333570 ) ) ;
#1377 = CARTESIAN_POINT ( 'NONE',  ( -0.8816504037844403729, -1.527063293868268001, -4.594791666666667496 ) ) ;
#1378 = EDGE_CURVE ( 'NONE', #3978, #514, #2790, .T. ) ;
#1379 = CARTESIAN_POINT ( 'NONE',  ( 0.8816504037844393737, -1.527063293868269112, -0.5427083333333334592 ) ) ;
#1380 = ORIENTED_EDGE ( 'NONE', *, *, #740, .F. ) ;
#1381 = CARTESIAN_POINT ( 'NONE',  ( 1.836970198721030181E-16, -1.500000000000000222, -8.349999999999999645 ) ) ;
#1382 = CARTESIAN_POINT ( 'NONE',  ( 0.6785254037844397068, 1.175240473580833500, -3.641666666666667052 ) ) ;
#1383 = LINE ( 'NONE', #4425, #3936 ) ;
#1384 = CARTESIAN_POINT ( 'NONE',  ( 0.000000000000000000, 1.500000000000000222, -4.287500000000001421 ) ) ;
#1385 = ORIENTED_EDGE ( 'NONE', *, *, #2839, .F. ) ;
#1386 = CARTESIAN_POINT ( 'NONE',  ( 1.017788105676658228, -0.5876202367904214130, -3.704166666666666163 ) ) ;
#1387 = CARTESIAN_POINT ( 'NONE',  ( -0.2175686711582041355, -0.5252572366576291341, 1.650000000000000355 ) ) ;
#1388 = PERSON_AND_ORGANIZATION_ROLE ( 'design_owner' ) ;
#1389 = CARTESIAN_POINT ( 'NONE',  ( -1.732050807568880746, -2.576663316032202938E-15, -3.662500000000000977 ) ) ;
#1390 = CARTESIAN_POINT ( 'NONE',  ( -1.870113174931186087E-16, -1.527063293868268667, 0.4468749999999993561 ) ) ;
#1391 = ORIENTED_EDGE ( 'NONE', *, *, #408, .T. ) ;
#1392 = CARTESIAN_POINT ( 'NONE',  ( 0.000000000000000000, -2.020667218593134234E-16, 1.650000000000000799 ) ) ;
#1393 = CARTESIAN_POINT ( 'NONE',  ( -4.936514004734479961E-15, -1.371600000000000374, 1.100000000000000533 ) ) ;
#1394 = CARTESIAN_POINT ( 'NONE',  ( -0.8660254037844334896, 1.500000000000011990, -7.245833333333333570 ) ) ;
#1395 = CARTESIAN_POINT ( 'NONE',  ( -0.6785254037844394848, -1.175240473580838829, -2.829166666666666607 ) ) ;
#1396 = CARTESIAN_POINT ( 'NONE',  ( -0.6785254037844394848, -1.175240473580838829, -1.391666666666667052 ) ) ;
#1397 = VERTEX_POINT ( 'NONE', #3192 ) ;
#1398 = CARTESIAN_POINT ( 'NONE',  ( 0.000000000000000000, 1.175240473580833722, -1.100000000000000311 ) ) ;
#1399 = CARTESIAN_POINT ( 'NONE',  ( -1.763300807568879858, -2.574749805408535596E-15, -3.678125000000000089 ) ) ;
#1400 = CARTESIAN_POINT ( 'NONE',  ( -0.8816504037844398178, 1.527063293868263338, -2.292708333333333126 ) ) ;
#1401 = EDGE_CURVE ( 'NONE', #3564, #1319, #2478, .T. ) ;
#1402 = EDGE_LOOP ( 'NONE', ( #2917, #1110, #1427, #484 ) ) ;
#1403 = FACE_OUTER_BOUND ( 'NONE', #505, .T. ) ;
#1404 = CARTESIAN_POINT ( 'NONE',  ( 1.017788105676658228, -0.5876202367904214130, -2.766666666666667496 ) ) ;
#1405 =( BOUNDED_CURVE ( )  B_SPLINE_CURVE ( 2, ( #3873, #1499, #1457, #2813, #1478, #3832, #2859 ),
 .UNSPECIFIED., .F., .F. ) 
 B_SPLINE_CURVE_WITH_KNOTS ( ( 3, 2, 2, 3 ),
 ( 0.3749999999999999445, 0.3833333333333333037, 0.3916666666666665519, 0.3999999999999999112 ),
 .UNSPECIFIED. ) 
 CURVE ( )  GEOMETRIC_REPRESENTATION_ITEM ( )  RATIONAL_B_SPLINE_CURVE ( ( 1.000000000000000888, 0.8660254037844378194, 1.000000000000000000, 0.8660254037844387076, 1.000000000000000000, 0.8660254037844404840, 0.9999999999999982236 ) ) 
 REPRESENTATION_ITEM ( '' )  );
#1406 = AXIS2_PLACEMENT_3D ( 'NONE', #743, #1353, #4150 ) ;
#1407 = CARTESIAN_POINT ( 'NONE',  ( 0.000000000000000000, 4.814824860968089633E-32, -8.349999999999999645 ) ) ;
#1408 = CARTESIAN_POINT ( 'NONE',  ( 0.8660254037844297148, -1.500000000000023315, -4.495833333333334458 ) ) ;
#1409 = ORIENTED_EDGE ( 'NONE', *, *, #3581, .T. ) ;
#1410 = CARTESIAN_POINT ( 'NONE',  ( 1.017788105676658228, -0.5876202367904214130, -3.204166666666666607 ) ) ;
#1411 = CARTESIAN_POINT ( 'NONE',  ( 0.8111205463046231579, -0.2794000000000027573, 1.650000000000000355 ) ) ;
#1412 = DATE_AND_TIME ( #2760, #329 ) ;
#1413 = CARTESIAN_POINT ( 'NONE',  ( 1.302206774342856255, -0.2873109892543512789, 0.1721336025406423886 ) ) ;
#1414 = CARTESIAN_POINT ( 'NONE',  ( 1.322475605676660448, 0.7635316469341292267, 1.113541666666665542 ) ) ;
#1415 =( BOUNDED_CURVE ( )  B_SPLINE_CURVE ( 2, ( #2316, #585, #3335, #272, #3313, #2006, #1963 ),
 .UNSPECIFIED., .F., .F. ) 
 B_SPLINE_CURVE_WITH_KNOTS ( ( 3, 2, 2, 3 ),
 ( 0.3249999999999999001, 0.3333333333333332038, 0.3416666666666665630, 0.3499999999999998668 ),
 .UNSPECIFIED. ) 
 CURVE ( )  GEOMETRIC_REPRESENTATION_ITEM ( )  RATIONAL_B_SPLINE_CURVE ( ( 1.000000000000001776, 0.8660254037844369313, 1.000000000000000000, 0.8660254037844387076, 1.000000000000000000, 0.8660254037844404840, 0.9999999999999982236 ) ) 
 REPRESENTATION_ITEM ( '' )  );
#1416 = ORIENTED_EDGE ( 'NONE', *, *, #3052, .T. ) ;
#1417 = CARTESIAN_POINT ( 'NONE',  ( 0.000000000000000000, 4.814824860968089633E-32, -8.349999999999999645 ) ) ;
#1418 = CARTESIAN_POINT ( 'NONE',  ( 0.8660254037844347108, -1.500000000000014655, -6.995833333333334458 ) ) ;
#1419 = CARTESIAN_POINT ( 'NONE',  ( -1.286292098211311297, 0.2167698404204908003, 0.1400558648344832346 ) ) ;
#1420 = AXIS2_PLACEMENT_3D ( 'NONE', #2779, #3413, #3071 ) ;
#1421 = CARTESIAN_POINT ( 'NONE',  ( 1.017788105676659116, 0.5876202367904146406, -1.620833333333333570 ) ) ;
#1422 = CARTESIAN_POINT ( 'NONE',  ( -1.017788105676658450, 0.5876202367904155288, -1.016666666666666607 ) ) ;
#1423 = CARTESIAN_POINT ( 'NONE',  ( -1.357050807568878303, -2.599625443516216173E-15, -1.975000000000000089 ) ) ;
#1424 = CARTESIAN_POINT ( 'NONE',  ( 1.322475605676660448, 0.7635316469341292267, -5.386458333333333570 ) ) ;
#1425 = AXIS2_PLACEMENT_3D ( 'NONE', #1994, #2717, #1973 ) ;
#1426 = CARTESIAN_POINT ( 'NONE',  ( -1.322475605676660004, 0.7635316469341305590, -1.251041666666666829 ) ) ;
#1427 = ORIENTED_EDGE ( 'NONE', *, *, #3884, .F. ) ;
#1428 = CARTESIAN_POINT ( 'NONE',  ( -1.017788105676658672, -0.5876202367904206358, -5.870833333333333570 ) ) ;
#1429 = CARTESIAN_POINT ( 'NONE',  ( -1.017788105676658450, 0.5876202367904155288, -2.516666666666667052 ) ) ;
#1430 = CARTESIAN_POINT ( 'NONE',  ( 1.836970198721030181E-16, -1.500000000000000222, -8.349999999999999645 ) ) ;
#1431 = EDGE_CURVE ( 'NONE', #3934, #3048, #39, .T. ) ;
#1432 = EDGE_LOOP ( 'NONE', ( #2890, #3700, #463, #1284 ) ) ;
#1433 = CARTESIAN_POINT ( 'NONE',  ( 0.6785254037844397068, 1.175240473580833056, -1.079166666666666607 ) ) ;
#1434 = CARTESIAN_POINT ( 'NONE',  ( 1.199025473501226235, 0.3405408108583533600, -8.230288884501160140 ) ) ;
#1435 = LINE ( 'NONE', #4234, #3148 ) ;
#1436 = CARTESIAN_POINT ( 'NONE',  ( -1.732050807568880746, -2.576663316032202938E-15, -3.162500000000000977 ) ) ;
#1437 = ORIENTED_EDGE ( 'NONE', *, *, #2844, .F. ) ;
#1438 = DIRECTION ( 'NONE',  ( -0.000000000000000000, 4.984837574645996626E-17, -1.000000000000000000 ) ) ;
#1439 = FACE_OUTER_BOUND ( 'NONE', #3021, .T. ) ;
#1440 =( BOUNDED_CURVE ( )  B_SPLINE_CURVE ( 2, ( #4319, #545, #2010, #2345, #2644, #3295, #3318 ),
 .UNSPECIFIED., .F., .F. ) 
 B_SPLINE_CURVE_WITH_KNOTS ( ( 3, 2, 2, 3 ),
 ( 0.4999999999999999445, 0.5083333333333333037, 0.5166666666666666075, 0.5250000000000000222 ),
 .UNSPECIFIED. ) 
 CURVE ( )  GEOMETRIC_REPRESENTATION_ITEM ( )  RATIONAL_B_SPLINE_CURVE ( ( 1.000000000000000888, 0.8660254037844378194, 1.000000000000000000, 0.8660254037844387076, 1.000000000000000000, 0.8660254037844387076, 1.000000000000000000 ) ) 
 REPRESENTATION_ITEM ( '' )  );
#1441 = CARTESIAN_POINT ( 'NONE',  ( 0.6785254037844387076, -1.175240473580839051, -1.245833333333333126 ) ) ;
#1442 = CARTESIAN_POINT ( 'NONE',  ( -1.439254484199190858E-16, -1.175240473580839051, -1.350000000000000533 ) ) ;
#1443 = CARTESIAN_POINT ( 'NONE',  ( -0.6785254037844389297, 1.175240473580833944, -0.5583333333333343473 ) ) ;
#1444 = CARTESIAN_POINT ( 'NONE',  ( 0.8816504037844408170, 1.527063293868263116, -3.344791666666667052 ) ) ;
#1445 = CARTESIAN_POINT ( 'NONE',  ( 1.322475605676660448, 0.7635316469341292267, 1.582291666666665986 ) ) ;
#1446 = VERTEX_POINT ( 'NONE', #786 ) ;
#1447 = VECTOR ( 'NONE', #1705, 1000.000000000000000 ) ;
#1448 = CARTESIAN_POINT ( 'NONE',  ( -1.439254484199190858E-16, -1.175240473580839051, -4.287500000000000533 ) ) ;
#1449 = CARTESIAN_POINT ( 'NONE',  ( 1.357050807568878303, -2.932007029070127676E-15, -1.724999999999999867 ) ) ;
#1450 = CARTESIAN_POINT ( 'NONE',  ( 1.322475605676660448, 0.7635316469341292267, -7.417708333333333570 ) ) ;
#1451 = AXIS2_PLACEMENT_3D ( 'NONE', #3470, #2156, #1370 ) ;
#1452 = CARTESIAN_POINT ( 'NONE',  ( 1.299038105676659782, -0.7500000000000047740, -7.954166666666666607 ) ) ;
#1453 = ORIENTED_EDGE ( 'NONE', *, *, #2028, .T. ) ;
#1454 = CARTESIAN_POINT ( 'NONE',  ( -1.017788105676658672, -0.5876202367904206358, -0.8708333333333336812 ) ) ;
#1455 = LINE ( 'NONE', #4118, #79 ) ;
#1456 = CARTESIAN_POINT ( 'NONE',  ( 0.4314733339509702059, -1.199147237026034984, 0.1213733416443466273 ) ) ;
#1457 = CARTESIAN_POINT ( 'NONE',  ( 1.299038105676659782, -0.7500000000000047740, -4.954166666666668384 ) ) ;
#1458 = ORIENTED_EDGE ( 'NONE', *, *, #2585, .T. ) ;
#1459 = CARTESIAN_POINT ( 'NONE',  ( -1.357050807568877859, -2.599625443516215778E-15, -7.412499999999998757 ) ) ;
#1460 = LINE ( 'NONE', #1103, #2823 ) ;
#1461 = ADVANCED_FACE ( 'NONE', ( #1439 ), #446, .T. ) ;
#1462 = CARTESIAN_POINT ( 'NONE',  ( 1.299038105676661115, 0.7499999999999976685, -3.870833333333333570 ) ) ;
#1463 = CARTESIAN_POINT ( 'NONE',  ( 1.017788105676658228, -0.5876202367904214130, -2.704166666666667052 ) ) ;
#1464 = CARTESIAN_POINT ( 'NONE',  ( -0.8660254037844402619, 1.500000000000000222, -4.808333333333331794 ) ) ;
#1465 = CARTESIAN_POINT ( 'NONE',  ( -0.6785254037844389297, 1.175240473580833944, -2.558333333333333570 ) ) ;
#1466 = CARTESIAN_POINT ( 'NONE',  ( -1.322475605676660004, 0.7635316469341305590, -5.719791666666666607 ) ) ;
#1467 = CARTESIAN_POINT ( 'NONE',  ( 0.8816504037844408170, 1.527063293868263116, -0.3760416666666668850 ) ) ;
#1468 = CARTESIAN_POINT ( 'NONE',  ( -0.6785254037844389297, 1.175240473580833944, -8.558333333333331794 ) ) ;
#1469 = ORIENTED_EDGE ( 'NONE', *, *, #1818, .F. ) ;
#1470 = CARTESIAN_POINT ( 'NONE',  ( 1.357050807568878303, -2.932007029070127676E-15, -6.162499999999999645 ) ) ;
#1471 = CARTESIAN_POINT ( 'NONE',  ( -1.017788105676658672, -0.5876202367904206358, -1.433333333333333348 ) ) ;
#1472 = CARTESIAN_POINT ( 'NONE',  ( -1.870113174931186087E-16, -1.527063293868268667, -7.084374999999999645 ) ) ;
#1473 = CARTESIAN_POINT ( 'NONE',  ( -1.561882233276288723, 0.2947406165263258271, 0.3211255213040921652 ) ) ;
#1474 = ORIENTED_EDGE ( 'NONE', *, *, #3662, .T. ) ;
#1475 = CARTESIAN_POINT ( 'NONE',  ( -0.2793999999999917105, 0.8111205463046271547, 1.650000000000000355 ) ) ;
#1476 = CARTESIAN_POINT ( 'NONE',  ( 0.8034476536677850333, -0.8710549111484121587, -8.279759526419161020 ) ) ;
#1477 = DIRECTION ( 'NONE',  ( 1.000000000000000000, 0.000000000000000000, 0.000000000000000000 ) ) ;
#1478 = CARTESIAN_POINT ( 'NONE',  ( 1.299038105676661115, 0.7499999999999976685, -4.870833333333333570 ) ) ;
#1479 = CARTESIAN_POINT ( 'NONE',  ( 1.357050807568877859, -2.932007029070127676E-15, -5.225000000000000533 ) ) ;
#1480 = ORIENTED_EDGE ( 'NONE', *, *, #991, .T. ) ;
#1481 = CARTESIAN_POINT ( 'NONE',  ( 0.6785254037844387076, -1.175240473580839273, -7.745833333333333570 ) ) ;
#1482 = DIRECTION ( 'NONE',  ( 1.000000000000000000, 5.329070518200750605E-15, 0.000000000000000000 ) ) ;
#1483 = CARTESIAN_POINT ( 'NONE',  ( -1.836970198721033385E-16, -1.500000000000005551, -4.037500000000000533 ) ) ;
#1484 = EDGE_CURVE ( 'NONE', #1397, #3227, #3213, .T. ) ;
#1485 = ADVANCED_FACE ( 'NONE', ( #1168 ), #2537, .F. ) ;
#1486 = CARTESIAN_POINT ( 'NONE',  ( 0.8660254037844445918, 1.499999999999994005, -5.829166666666666607 ) ) ;
#1487 = AXIS2_PLACEMENT_3D ( 'NONE', #1407, #706, #1339 ) ;
#1488 = CARTESIAN_POINT ( 'NONE',  ( 1.322475605676659560, -0.7635316469341363321, -2.969791666666667496 ) ) ;
#1489 = CARTESIAN_POINT ( 'NONE',  ( -0.8816504037844403729, -1.527063293868268001, 0.8739583333333325044 ) ) ;
#1490 = CARTESIAN_POINT ( 'NONE',  ( -0.6785254037844394848, -1.175240473580838829, -8.391666666666667496 ) ) ;
#1491 = ORIENTED_EDGE ( 'NONE', *, *, #825, .T. ) ;
#1492 = CARTESIAN_POINT ( 'NONE',  ( 1.017788105676658228, -0.5876202367904214130, -5.204166666666666607 ) ) ;
#1493 = CARTESIAN_POINT ( 'NONE',  ( 1.017788105676658228, -0.5876202367904214130, -0.2666666666666667740 ) ) ;
#1494 = CARTESIAN_POINT ( 'NONE',  ( -1.322475605676660226, -0.7635316469341354439, -8.167708333333331794 ) ) ;
#1495 = FACE_OUTER_BOUND ( 'NONE', #1650, .T. ) ;
#1496 = ORIENTED_EDGE ( 'NONE', *, *, #2812, .F. ) ;
#1497 = CARTESIAN_POINT ( 'NONE',  ( 0.000000000000000000, -1.475982003772366877E-16, 1.100000000000000533 ) ) ;
#1498 = DIRECTION ( 'NONE',  ( 0.9238795325112906243, 0.3826834323650803449, 0.000000000000000000 ) ) ;
#1499 = CARTESIAN_POINT ( 'NONE',  ( 0.8660254037844362651, -1.500000000000011324, -4.995833333333333570 ) ) ;
#1500 = CARTESIAN_POINT ( 'NONE',  ( -1.357050807568877859, -2.599625443516215778E-15, -5.975000000000000533 ) ) ;
#1501 = ORIENTED_EDGE ( 'NONE', *, *, #2527, .T. ) ;
#1502 = CARTESIAN_POINT ( 'NONE',  ( -0.2793999999999998152, -1.342841092609248443, 1.650000000000000355 ) ) ;
#1503 = CARTESIAN_POINT ( 'NONE',  ( 0.000000000000000000, -1.475982003772366877E-16, 1.650000000000000355 ) ) ;
#1504 = CARTESIAN_POINT ( 'NONE',  ( 1.299038105676661115, 0.7499999999999976685, -6.370833333333333570 ) ) ;
#1505 = CARTESIAN_POINT ( 'NONE',  ( 0.000000000000000000, 1.500000000000000444, -4.850000000000000533 ) ) ;
#1506 = ADVANCED_FACE ( 'NONE', ( #763 ), #1081, .T. ) ;
#1507 = CARTESIAN_POINT ( 'NONE',  ( -1.322475605676660004, 0.7635316469341305590, -1.219791666666666829 ) ) ;
#1508 = CARTESIAN_POINT ( 'NONE',  ( -1.763300807568879858, -2.574749805408535596E-15, 0.7906249999999996891 ) ) ;
#1509 = CARTESIAN_POINT ( 'NONE',  ( 0.000000000000000000, 1.175240473580833722, 0.4624999999999993561 ) ) ;
#1510 = ORIENTED_EDGE ( 'NONE', *, *, #932, .F. ) ;
#1511 = CARTESIAN_POINT ( 'NONE',  ( -1.439254484199190858E-16, -1.175240473580839051, -5.350000000000000533 ) ) ;
#1512 = CARTESIAN_POINT ( 'NONE',  ( -1.439254484199190858E-16, -1.175240473580839051, -5.787500000000000533 ) ) ;
#1513 = ADVANCED_FACE ( 'NONE', ( #3900 ), #808, .T. ) ;
#1514 = CARTESIAN_POINT ( 'NONE',  ( 1.017788105676659116, 0.5876202367904146406, 0.3166666666666664853 ) ) ;
#1515 = CARTESIAN_POINT ( 'NONE',  ( 1.763300807568879858, -3.006633943393169801E-15, -6.459374999999999645 ) ) ;
#1516 = LINE ( 'NONE', #3266, #3352 ) ;
#1517 = ORIENTED_EDGE ( 'NONE', *, *, #1569, .T. ) ;
#1518 = DIRECTION ( 'NONE',  ( 1.000000000000000000, -1.016858725210101539E-14, 5.766257318524600206E-33 ) ) ;
#1519 = CARTESIAN_POINT ( 'NONE',  ( -1.439254484199190858E-16, -1.175240473580839051, -6.850000000000000533 ) ) ;
#1520 = CARTESIAN_POINT ( 'NONE',  ( 1.342841092609247555, -0.2794000000000044781, 1.650000000000000355 ) ) ;
#1521 = CARTESIAN_POINT ( 'NONE',  ( 0.6785254037844397068, 1.175240473580833056, -5.641666666666666607 ) ) ;
#1522 = ORIENTED_EDGE ( 'NONE', *, *, #1431, .T. ) ;
#1523 = CARTESIAN_POINT ( 'NONE',  ( -1.836970198721033385E-16, -1.500000000000005773, -7.599999999999998757 ) ) ;
#1524 = DIRECTION ( 'NONE',  ( 0.000000000000000000, 1.000000000000000000, 0.000000000000000000 ) ) ;
#1525 = CARTESIAN_POINT ( 'NONE',  ( 0.8660254037844478114, 1.499999999999988454, -6.891666666666665719 ) ) ;
#1526 = CARTESIAN_POINT ( 'NONE',  ( 0.000000000000000000, 1.500000000000000222, -1.287500000000000977 ) ) ;
#1527 =( BOUNDED_CURVE ( )  B_SPLINE_CURVE ( 2, ( #2905, #464, #3898, #3169, #4214, #806, #147, #1842, #2559, #3211, #2178, #83, #1122, #1481, #828, #126, #4193, #3942, #849, #2221, #4258, #1459, #3513, #1166, #1887, #2198, #2465, #3578, #3920, #3255, #170, #1102, #3854, #2840, #2863, #3556, #759, #3876, #784, #2155, #3535, #2535, #4322, #3687, #2668, #2924, #4302, #2323, #4005, #4029, #592, #2259, #870, #915, #3276, #3708, #615, #891, #2647, #1908, #2602, #3666, #210, #3008, #191, #1970, #1275, #571, #1991, #4051, #1585, #2945, #4340, #3644, #3368, #2240, #548, #4386, #2623, #1299, #1948, #1208, #1636, #1928, #2280, #1230, #3622, #3985, #3321, #959, #3299, #1565, #3344, #2985, #2964, #1250, #2302, #526, #235, #1609, #4362, #258, #1542, #936, #2581, #3962, #1363, #1343, #2736, #2036, #1386, #2080, #3049, #1749, #373, #2374, #1704, #4074, #1072, #2396, #3827, #4138, #1410, #3736, #350, #31, #4117, #3115, #1051, #2783, #2417, #3761, #1728, #2714, #1028, #2060, #3786, #3439, #1682, #3028, #3462, #686, #279, #3807, #4165, #2439, #3093, #731, #1657, #2104, #9, #2758, #4406, #3073, #708, #1320, #2690, #983, #1005, #2349, #641, #4451, #2013, #3391, #305, #4428, #4097, #3415, #666, #325, #2127, #1815, #3914, #1433, #2550, #2482, #53, #1162, #1454, #778, #2899, #4274, #1181, #2833, #120, #3849, #74, #1796, #1142, #2149, #479, #754, #2529, #3204, #2508, #3935, #142, #3529, #414, #3183, #4208 ),
 .UNSPECIFIED., .F., .F. ) 
 B_SPLINE_CURVE_WITH_KNOTS ( ( 3, 2, 2, 2, 2, 2, 2, 2, 2, 2, 2, 2, 2, 2, 2, 2, 2, 2, 2, 2, 2, 2, 2, 2, 2, 2, 2, 2, 2, 2, 2, 2, 2, 2, 2, 2, 2, 2, 2, 2, 2, 2, 2, 2, 2, 2, 2, 2, 2, 2, 2, 2, 2, 2, 2, 2, 2, 2, 2, 2, 2, 2, 2, 2, 2, 2, 2, 2, 2, 2, 2, 2, 2, 2, 2, 2, 2, 2, 2, 2, 2, 2, 2, 2, 2, 2, 2, 2, 2, 2, 2, 2, 2, 2, 2, 2, 2, 2, 2, 2, 3 ),
 ( 0.02585800710240423322, 0.03333333333333333287, 0.04166666666666666435, 0.05000000000000000278, 0.05833333333333333426, 0.06666666666666666574, 0.07499999999999999722, 0.08333333333333331483, 0.09166666666666667407, 0.1000000000000000056, 0.1083333333333333370, 0.1166666666666666685, 0.1250000000000000000, 0.1333333333333333315, 0.1416666666666666630, 0.1499999999999999944, 0.1583333333333333259, 0.1666666666666666574, 0.1749999999999999889, 0.1833333333333333204, 0.1916666666666666796, 0.2000000000000000111, 0.2083333333333333426, 0.2166666666666666741, 0.2250000000000000056, 0.2333333333333333370, 0.2416666666666666408, 0.2500000000000000000, 0.2583333333333333037, 0.2666666666666666630, 0.2750000000000000222, 0.2833333333333333259, 0.2916666666666666852, 0.2999999999999999889, 0.3083333333333333481, 0.3166666666666666519, 0.3250000000000000111, 0.3333333333333333148, 0.3416666666666666741, 0.3499999999999999778, 0.3583333333333333370, 0.3666666666666666408, 0.3749999999999999445, 0.3833333333333333592, 0.3916666666666666630, 0.4000000000000000222, 0.4083333333333333814, 0.4166666666666666852, 0.4249999999999999889, 0.4333333333333333481, 0.4416666666666666519, 0.4500000000000000111, 0.4583333333333333148, 0.4666666666666666741, 0.4749999999999999778, 0.4833333333333333370, 0.4916666666666666408, 0.4999999999999999445, 0.5083333333333333037, 0.5166666666666667185, 0.5250000000000000222, 0.5333333333333333259, 0.5416666666666666297, 0.5500000000000000444, 0.5583333333333333481, 0.5666666666666666519, 0.5749999999999999556, 0.5833333333333333703, 0.5916666666666666741, 0.5999999999999999778, 0.6083333333333332815, 0.6166666666666666963, 0.6250000000000000000, 0.6333333333333331927, 0.6416666666666667185, 0.6500000000000000222, 0.6583333333333333259, 0.6666666666666666297, 0.6750000000000001554, 0.6833333333333333481, 0.6916666666666666519, 0.7000000000000000666, 0.7083333333333333703, 0.7166666666666666741, 0.7249999999999998668, 0.7333333333333332815, 0.7416666666666666963, 0.7500000000000000000, 0.7583333333333333037, 0.7666666666666666075, 0.7750000000000000222, 0.7833333333333333259, 0.7916666666666667407, 0.8000000000000000444, 0.8083333333333333481, 0.8166666666666666519, 0.8249999999999999556, 0.8333333333333334814, 0.8416666666666666741, 0.8499999999999999778, 0.8561653622542143571 ),
 .UNSPECIFIED. ) 
 CURVE ( )  GEOMETRIC_REPRESENTATION_ITEM ( )  RATIONAL_B_SPLINE_CURVE ( ( 0.9752522353132977440, 0.8798195423958016237, 1.000000000000000000, 0.8660254037844387076, 1.000000000000000000, 0.8660254037844387076, 1.000000000000000000, 0.8660254037844387076, 1.000000000000000000, 0.8660254037844387076, 1.000000000000000000, 0.8660254037844387076, 1.000000000000000000, 0.8660254037844387076, 1.000000000000000000, 0.8660254037844387076, 1.000000000000000000, 0.8660254037844387076, 1.000000000000000000, 0.8660254037844387076, 1.000000000000000000, 0.8660254037844387076, 1.000000000000000000, 0.8660254037844387076, 1.000000000000000000, 0.8660254037844387076, 1.000000000000000000, 0.8660254037844387076, 1.000000000000000000, 0.8660254037844387076, 1.000000000000000000, 0.8660254037844387076, 1.000000000000000000, 0.8660254037844387076, 1.000000000000000000, 0.8660254037844387076, 1.000000000000000000, 0.8660254037844387076, 1.000000000000000000, 0.8660254037844387076, 1.000000000000000000, 0.8660254037844387076, 1.000000000000000000, 0.8660254037844387076, 1.000000000000000000, 0.8660254037844387076, 1.000000000000000000, 0.8660254037844387076, 1.000000000000000000, 0.8660254037844387076, 1.000000000000000000, 0.8660254037844387076, 1.000000000000000000, 0.8660254037844387076, 1.000000000000000000, 0.8660254037844387076, 1.000000000000000000, 0.8660254037844387076, 1.000000000000000000, 0.8660254037844387076, 1.000000000000000000, 0.8660254037844387076, 1.000000000000000000, 0.8660254037844387076, 1.000000000000000000, 0.8660254037844387076, 1.000000000000000000, 0.8660254037844387076, 1.000000000000000000, 0.8660254037844387076, 1.000000000000000000, 0.8660254037844387076, 1.000000000000000000, 0.8660254037844387076, 1.000000000000000000, 0.8660254037844387076, 1.000000000000000000, 0.8660254037844387076, 1.000000000000000000, 0.8660254037844387076, 1.000000000000000000, 0.8660254037844387076, 1.000000000000000000, 0.8660254037844387076, 1.000000000000000000, 0.8660254037844387076, 1.000000000000000000, 0.8660254037844387076, 1.000000000000000000, 0.8660254037844387076, 1.000000000000000000, 0.8660254037844387076, 1.000000000000000000, 0.8660254037844387076, 1.000000000000000000, 0.8660254037844387076, 1.000000000000000000, 0.8660254037844387076, 1.000000000000000000, 0.8660254037844387076, 1.000000000000000000, 0.8660254037844387076, 1.000000000000000000, 0.8660254037844387076, 1.000000000000000000, 0.8660254037844387076, 1.000000000000000000, 0.8660254037844387076, 1.000000000000000000, 0.8660254037844387076, 1.000000000000000000, 0.8660254037844387076, 1.000000000000000000, 0.8660254037844387076, 1.000000000000000000, 0.8660254037844387076, 1.000000000000000000, 0.8660254037844387076, 1.000000000000000000, 0.8660254037844387076, 1.000000000000000000, 0.8660254037844387076, 1.000000000000000000, 0.8660254037844387076, 1.000000000000000000, 0.8660254037844387076, 1.000000000000000000, 0.8660254037844387076, 1.000000000000000000, 0.8660254037844387076, 1.000000000000000000, 0.8660254037844387076, 1.000000000000000000, 0.8660254037844387076, 1.000000000000000000, 0.8660254037844387076, 1.000000000000000000, 0.8660254037844387076, 1.000000000000000000, 0.8660254037844387076, 1.000000000000000000, 0.8660254037844387076, 1.000000000000000000, 0.8660254037844387076, 1.000000000000000000, 0.8660254037844387076, 1.000000000000000000, 0.8660254037844387076, 1.000000000000000000, 0.8660254037844387076, 1.000000000000000000, 0.8660254037844387076, 1.000000000000000000, 0.8660254037844387076, 1.000000000000000000, 0.8660254037844387076, 1.000000000000000000, 0.8660254037844387076, 1.000000000000000000, 0.8660254037844387076, 1.000000000000000000, 0.8660254037844387076, 1.000000000000000000, 0.8660254037844387076, 1.000000000000000000, 0.8660254037844387076, 1.000000000000000000, 0.8660254037844387076, 1.000000000000000000, 0.8660254037844387076, 1.000000000000000000, 0.8660254037844387076, 1.000000000000000000, 0.8660254037844387076, 1.000000000000000000, 0.8660254037844387076, 1.000000000000000000, 0.8660254037844387076, 1.000000000000000000, 0.8660254037844387076, 1.000000000000000000, 0.8660254037844387076, 1.000000000000000000, 0.8660254037844387076, 1.000000000000000000, 0.8660254037844387076, 1.000000000000000000, 0.8660254037844387076, 1.000000000000000000, 0.8660254037844387076, 1.000000000000000000, 0.8660254037844387076, 1.000000000000000000, 0.8660254037844387076, 1.000000000000000000, 0.8660254037844387076, 1.000000000000000000, 0.8660254037844387076, 1.000000000000000000, 0.9008797697762754852, 0.9484264498046452996 ) ) 
 REPRESENTATION_ITEM ( '' )  );
#1528 = CARTESIAN_POINT ( 'NONE',  ( 0.000000000000000000, 1.527063293868263338, 1.165624999999999911 ) ) ;
#1529 = CARTESIAN_POINT ( 'NONE',  ( -1.439254484199190858E-16, -1.175240473580839051, 1.212500000000000133 ) ) ;
#1530 = ORIENTED_EDGE ( 'NONE', *, *, #3496, .F. ) ;
#1531 = CARTESIAN_POINT ( 'NONE',  ( 1.017788105676659116, 0.5876202367904146406, -6.183333333333333570 ) ) ;
#1532 = CARTESIAN_POINT ( 'NONE',  ( -1.017788105676658450, 0.5876202367904155288, -1.954166666666666607 ) ) ;
#1533 = CARTESIAN_POINT ( 'NONE',  ( -1.439254484199190858E-16, -1.175240473580839051, -0.8500000000000000888 ) ) ;
#1534 = CARTESIAN_POINT ( 'NONE',  ( 1.299038105676659782, -0.7500000000000047740, -7.454166666666668384 ) ) ;
#1535 = EDGE_CURVE ( 'NONE', #1789, #2543, #3511, .T. ) ;
#1536 = ADVANCED_FACE ( 'NONE', ( #1589 ), #573, .T. ) ;
#1537 = ORIENTED_EDGE ( 'NONE', *, *, #1735, .T. ) ;
#1538 = CARTESIAN_POINT ( 'NONE',  ( 0.6785254037844397068, 1.175240473580833500, -6.641666666666666607 ) ) ;
#1539 = CARTESIAN_POINT ( 'NONE',  ( 1.357050807568877859, -2.932007029070127676E-15, -4.225000000000000533 ) ) ;
#1540 = CARTESIAN_POINT ( 'NONE',  ( -1.017788105676658450, 0.5876202367904155288, -1.454166666666667052 ) ) ;
#1541 = ORIENTED_EDGE ( 'NONE', *, *, #1347, .F. ) ;
#1542 = CARTESIAN_POINT ( 'NONE',  ( 0.000000000000000000, 1.175240473580833722, -4.037500000000000533 ) ) ;
#1543 = CARTESIAN_POINT ( 'NONE',  ( 0.6785254037844397068, 1.175240473580833500, 0.3583333333333337811 ) ) ;
#1544 = CARTESIAN_POINT ( 'NONE',  ( 0.000000000000000000, 4.814824860968089633E-32, -8.349999999999999645 ) ) ;
#1545 =( BOUNDED_CURVE ( )  B_SPLINE_CURVE ( 2, ( #3371, #4099, #985, #2695, #1709, #4409, #2377 ),
 .UNSPECIFIED., .F., .F. ) 
 B_SPLINE_CURVE_WITH_KNOTS ( ( 3, 2, 2, 3 ),
 ( 0.4499999999999999556, 0.4583333333333333148, 0.4666666666666666741, 0.4750000000000000333 ),
 .UNSPECIFIED. ) 
 CURVE ( )  GEOMETRIC_REPRESENTATION_ITEM ( )  RATIONAL_B_SPLINE_CURVE ( ( 1.000000000000000888, 0.8660254037844378194, 1.000000000000000000, 0.8660254037844387076, 1.000000000000000000, 0.8660254037844378194, 1.000000000000000888 ) ) 
 REPRESENTATION_ITEM ( '' )  );
#1546 = CARTESIAN_POINT ( 'NONE',  ( 0.000000000000000000, 1.500000000000000444, 0.1499999999999995226 ) ) ;
#1547 = CARTESIAN_POINT ( 'NONE',  ( -1.439254484199190858E-16, -1.175240473580839051, -7.287499999999999645 ) ) ;
#1548 = CIRCLE ( 'NONE', #695, 1.371600000000000374 ) ;
#1549 = CARTESIAN_POINT ( 'NONE',  ( -1.017788105676658450, 0.5876202367904155288, 0.5458333333333339477 ) ) ;
#1550 = CARTESIAN_POINT ( 'NONE',  ( -1.017788105676658672, -0.5876202367904206358, -6.433333333333333570 ) ) ;
#1551 = CARTESIAN_POINT ( 'NONE',  ( 0.6785254037844387076, -1.175240473580839051, -2.245833333333333126 ) ) ;
#1552 = CARTESIAN_POINT ( 'NONE',  ( 0.6785254037844397068, 1.175240473580833500, -0.1416666666666666907 ) ) ;
#1553 = CARTESIAN_POINT ( 'NONE',  ( 0.8816504037844393737, -1.527063293868269112, -5.042708333333332682 ) ) ;
#1554 = CARTESIAN_POINT ( 'NONE',  ( -1.483028994996383298, -0.2250000000000439426, 0.3500000000000013656 ) ) ;
#1555 = AXIS2_PLACEMENT_3D ( 'NONE', #3471, #15, #2426 ) ;
#1556 = ORIENTED_EDGE ( 'NONE', *, *, #3134, .T. ) ;
#1557 = CARTESIAN_POINT ( 'NONE',  ( 1.299038105676659782, -0.7500000000000047740, -3.454166666666667496 ) ) ;
#1558 = CARTESIAN_POINT ( 'NONE',  ( -0.6785254037844389297, 1.175240473580833944, -6.558333333333334458 ) ) ;
#1559 = ADVANCED_FACE ( 'NONE', ( #918 ), #3646, .T. ) ;
#1560 = ADVANCED_FACE ( 'NONE', ( #2907 ), #4365, .T. ) ;
#1561 = VECTOR ( 'NONE', #669, 1000.000000000000000 ) ;
#1562 = CARTESIAN_POINT ( 'NONE',  ( 1.357050807568877859, -2.932007029070127676E-15, -4.724999999999999645 ) ) ;
#1563 = CARTESIAN_POINT ( 'NONE',  ( 1.017788105676659116, 0.5876202367904146406, -1.120833333333334014 ) ) ;
#1564 = ORIENTED_EDGE ( 'NONE', *, *, #4348, .T. ) ;
#1565 = CARTESIAN_POINT ( 'NONE',  ( -0.6785254037844389297, 1.175240473580833722, -4.495833333333333570 ) ) ;
#1566 = CARTESIAN_POINT ( 'NONE',  ( 1.836970198721029934E-16, 1.500000000000000000, 0.3500000000000013656 ) ) ;
#1567 = CARTESIAN_POINT ( 'NONE',  ( 0.6785254037844387076, -1.175240473580839051, 0.1916666666666663743 ) ) ;
#1568 = CARTESIAN_POINT ( 'NONE',  ( 1.299038105676660004, -0.7500000000000048850, -7.016666666666665719 ) ) ;
#1569 = EDGE_CURVE ( 'NONE', #3269, #1121, #2463, .T. ) ;
#1570 = CARTESIAN_POINT ( 'NONE',  ( -1.299038105676660448, 0.7499999999999990008, -3.766666666666665719 ) ) ;
#1571 = CARTESIAN_POINT ( 'NONE',  ( 1.357050807568878303, -2.932007029070127676E-15, -7.662499999999999645 ) ) ;
#1572 = CARTESIAN_POINT ( 'NONE',  ( 0.000000000000000000, 1.175240473580833722, -2.100000000000000089 ) ) ;
#1573 = CARTESIAN_POINT ( 'NONE',  ( -1.836970198721033385E-16, -1.500000000000005551, -1.037500000000000755 ) ) ;
#1574 = CARTESIAN_POINT ( 'NONE',  ( 1.017788105676659116, 0.5876202367904146406, -7.183333333333333570 ) ) ;
#1575 = CARTESIAN_POINT ( 'NONE',  ( 1.017788105676659116, 0.5876202367904146406, -0.6833333333333344584 ) ) ;
#1576 = CARTESIAN_POINT ( 'NONE',  ( -1.763300807568879858, -2.574749805408535596E-15, -3.709374999999999645 ) ) ;
#1577 = CARTESIAN_POINT ( 'NONE',  ( 1.017788105676659116, 0.5876202367904146406, -7.683333333333333570 ) ) ;
#1578 =( BOUNDED_CURVE ( )  B_SPLINE_CURVE ( 2, ( #3744, #4459, #2722, #2744, #2359, #1036, #4060 ),
 .UNSPECIFIED., .F., .T. ) 
 B_SPLINE_CURVE_WITH_KNOTS ( ( 3, 2, 2, 3 ),
 ( 0.7500000000000000000, 0.7583333333333333037, 0.7666666666666667185, 0.7750000000000000222 ),
 .UNSPECIFIED. ) 
 CURVE ( )  GEOMETRIC_REPRESENTATION_ITEM ( )  RATIONAL_B_SPLINE_CURVE ( ( 1.000000000000000000, 0.8660254037844387076, 1.000000000000000000, 0.8660254037844387076, 1.000000000000000000, 0.8660254037844387076, 1.000000000000000000 ) ) 
 REPRESENTATION_ITEM ( '' )  );
#1579 = ORIENTED_EDGE ( 'NONE', *, *, #2085, .F. ) ;
#1580 = CARTESIAN_POINT ( 'NONE',  ( 0.000000000000000000, 1.500000000000000444, -7.349999999999999645 ) ) ;
#1581 = DIRECTION ( 'NONE',  ( 1.000000000000000000, 0.000000000000000000, 0.000000000000000000 ) ) ;
#1582 = DIRECTION ( 'NONE',  ( 5.766257318524658366E-33, -5.766257318524678892E-33, 1.000000000000000000 ) ) ;
#1583 = CARTESIAN_POINT ( 'NONE',  ( 1.357050807568878303, -2.932007029070127676E-15, 0.3374999999999992450 ) ) ;
#1584 = VERTEX_POINT ( 'NONE', #4325 ) ;
#1585 = CARTESIAN_POINT ( 'NONE',  ( -1.017788105676658672, -0.5876202367904206358, -5.370833333333333570 ) ) ;
#1586 = CARTESIAN_POINT ( 'NONE',  ( 1.299038105676660004, -0.7500000000000048850, -5.516666666666665719 ) ) ;
#1587 = DIRECTION ( 'NONE',  ( 0.000000000000000000, 1.554359398917796077E-16, -1.000000000000000000 ) ) ;
#1588 = VECTOR ( 'NONE', #3649, 999.9999999999998863 ) ;
#1589 = FACE_OUTER_BOUND ( 'NONE', #2923, .T. ) ;
#1590 = CARTESIAN_POINT ( 'NONE',  ( 0.8816504037844393737, -1.527063293868269112, -1.511458333333333570 ) ) ;
#1591 = VECTOR ( 'NONE', #2743, 1000.000000000000000 ) ;
#1592 = EDGE_CURVE ( 'NONE', #1342, #4266, #2223, .T. ) ;
#1593 = DIRECTION ( 'NONE',  ( -0.000000000000000000, 4.984837574645996626E-17, -1.000000000000000000 ) ) ;
#1594 = CARTESIAN_POINT ( 'NONE',  ( 0.8660254037844344888, 1.500000000000011546, -2.829166666666667496 ) ) ;
#1595 = ORIENTED_EDGE ( 'NONE', *, *, #1431, .F. ) ;
#1596 = CARTESIAN_POINT ( 'NONE',  ( -1.357050807568878303, -2.599625443516216173E-15, -5.412500000000000533 ) ) ;
#1597 = CARTESIAN_POINT ( 'NONE',  ( 1.017788105676658228, -0.5876202367904214130, -2.266666666666666607 ) ) ;
#1598 = CARTESIAN_POINT ( 'NONE',  ( 1.290320496447436627, -0.7649006578946397905, -7.955000000000003624 ) ) ;
#1599 = CARTESIAN_POINT ( 'NONE',  ( -1.017788105676658672, -0.5876202367904206358, -6.933333333333332682 ) ) ;
#1600 = CARTESIAN_POINT ( 'NONE',  ( -1.763300807568879858, -2.574749805408535596E-15, -6.178125000000000533 ) ) ;
#1601 = CARTESIAN_POINT ( 'NONE',  ( -1.870113174931186087E-16, -1.527063293868268667, -4.084375000000000533 ) ) ;
#1602 = CARTESIAN_POINT ( 'NONE',  ( 0.000000000000000000, 1.500000000000000444, -6.349999999999998757 ) ) ;
#1603 = ORIENTED_EDGE ( 'NONE', *, *, #682, .T. ) ;
#1604 = CARTESIAN_POINT ( 'NONE',  ( -1.732050807568880746, -2.576663316032202149E-15, -6.724999999999998757 ) ) ;
#1605 = CARTESIAN_POINT ( 'NONE',  ( 0.000000000000000000, 1.175240473580833722, -7.599999999999999645 ) ) ;
#1606 = CARTESIAN_POINT ( 'NONE',  ( 0.1223628245429984329, -1.168853074561714944, -8.279759526419162796 ) ) ;
#1607 = CARTESIAN_POINT ( 'NONE',  ( 0.4351373423164088261, 0.4351373423164088816, 1.650000000000000355 ) ) ;
#1608 = ORIENTED_EDGE ( 'NONE', *, *, #3944, .F. ) ;
#1609 = CARTESIAN_POINT ( 'NONE',  ( 1.357050807568877859, -2.932007029070127676E-15, -4.162500000000000533 ) ) ;
#1610 = CARTESIAN_POINT ( 'NONE',  ( 0.2312812350607371670, -1.351959892270766073, 1.100000000000000533 ) ) ;
#1611 =( NAMED_UNIT ( * ) PLANE_ANGLE_UNIT ( ) SI_UNIT ( $, .RADIAN. ) );
#1612 = CARTESIAN_POINT ( 'NONE',  ( -1.299038105676660226, 0.7499999999999988898, -5.704166666666666607 ) ) ;
#1613 = CARTESIAN_POINT ( 'NONE',  ( -0.8816504037844403729, -1.527063293868268001, -2.594791666666667052 ) ) ;
#1614 = CARTESIAN_POINT ( 'NONE',  ( 1.299038105676661115, 0.7499999999999977796, -0.4333333333333337367 ) ) ;
#1615 = DIRECTION ( 'NONE',  ( 0.000000000000000000, 1.000000000000000000, 0.000000000000000000 ) ) ;
#1616 = EDGE_CURVE ( 'NONE', #4321, #151, #487, .T. ) ;
#1617 = ADVANCED_FACE ( 'NONE', ( #3603 ), #3964, .T. ) ;
#1618 = LOCAL_TIME ( 16, 43, 28.00000000000000000, #3738 ) ;
#1619 = CARTESIAN_POINT ( 'NONE',  ( 1.017788105676659116, 0.5876202367904146406, -6.620833333333333570 ) ) ;
#1620 = CARTESIAN_POINT ( 'NONE',  ( -1.439254484199190858E-16, -1.175240473580839051, -2.350000000000000533 ) ) ;
#1621 = CARTESIAN_POINT ( 'NONE',  ( 0.2794000000000002593, 8.545637998129085534E-17, 1.650000000000000355 ) ) ;
#1622 = CARTESIAN_POINT ( 'NONE',  ( -1.017788105676658672, -0.5876202367904206358, -4.433333333333333570 ) ) ;
#1623 = CIRCLE ( 'NONE', #3712, 1.371600000000000374 ) ;
#1624 = CARTESIAN_POINT ( 'NONE',  ( -1.322475605676660226, -0.7635316469341354439, -8.136458333333333570 ) ) ;
#1625 = CARTESIAN_POINT ( 'NONE',  ( 0.000000000000000000, 1.527063293868263338, -3.834375000000000089 ) ) ;
#1626 = CARTESIAN_POINT ( 'NONE',  ( 2.351803418488839759E-15, 0.2312812350607420520, 1.100000000000000533 ) ) ;
#1627 = VECTOR ( 'NONE', #4058, 1000.000000000000000 ) ;
#1628 = ORIENTED_EDGE ( 'NONE', *, *, #3326, .T. ) ;
#1629 = ORIENTED_EDGE ( 'NONE', *, *, #3100, .F. ) ;
#1630 = CARTESIAN_POINT ( 'NONE',  ( 0.000000000000000000, 1.500000000000000222, -1.787500000000000533 ) ) ;
#1631 = VECTOR ( 'NONE', #3251, 1000.000000000000000 ) ;
#1632 = CARTESIAN_POINT ( 'NONE',  ( -1.439254484199190858E-16, -1.175240473580839051, -6.349999999999999645 ) ) ;
#1633 = DIRECTION ( 'NONE',  ( 1.000000000000000000, 0.000000000000000000, 0.000000000000000000 ) ) ;
#1634 = CARTESIAN_POINT ( 'NONE',  ( 1.017788105676659116, 0.5876202367904146406, 0.8791666666666669849 ) ) ;
#1635 = VERTEX_POINT ( 'NONE', #1911 ) ;
#1636 = CARTESIAN_POINT ( 'NONE',  ( -1.017788105676658672, -0.5876202367904206358, -4.870833333333332682 ) ) ;
#1637 = DIRECTION ( 'NONE',  ( -0.000000000000000000, 4.984837574645996626E-17, -1.000000000000000000 ) ) ;
#1638 = FACE_BOUND ( 'NONE', #2735, .T. ) ;
#1639 = FACE_OUTER_BOUND ( 'NONE', #2607, .T. ) ;
#1640 = CARTESIAN_POINT ( 'NONE',  ( 0.8816504037844408170, 1.527063293868263116, -2.344791666666666607 ) ) ;
#1641 = CARTESIAN_POINT ( 'NONE',  ( 0.000000000000000000, 1.500000000000000222, -2.787500000000000533 ) ) ;
#1642 = CARTESIAN_POINT ( 'NONE',  ( 1.357050807568878303, -2.932007029070127676E-15, -1.662499999999999867 ) ) ;
#1643 = CARTESIAN_POINT ( 'NONE',  ( -0.6785254037844389297, 1.175240473580833944, -5.495833333333333570 ) ) ;
#1644 = CARTESIAN_POINT ( 'NONE',  ( -1.017788105676658450, 0.5876202367904155288, -2.516666666666667052 ) ) ;
#1645 = CARTESIAN_POINT ( 'NONE',  ( 0.6785254037844397068, 1.175240473580833500, -2.641666666666667496 ) ) ;
#1646 = CARTESIAN_POINT ( 'NONE',  ( 1.322475605676659560, -0.7635316469341363321, -7.969791666666666607 ) ) ;
#1647 = CARTESIAN_POINT ( 'NONE',  ( -0.8816504037844403729, -1.527063293868268001, -4.126041666666666607 ) ) ;
#1648 = CARTESIAN_POINT ( 'NONE',  ( -0.8660254037844402619, 1.500000000000000222, -6.308333333333333570 ) ) ;
#1649 = EDGE_CURVE ( 'NONE', #2856, #2944, #701, .T. ) ;
#1650 = EDGE_LOOP ( 'NONE', ( #1496, #4278, #1409, #1171 ) ) ;
#1651 = ORIENTED_EDGE ( 'NONE', *, *, #3167, .T. ) ;
#1652 = CARTESIAN_POINT ( 'NONE',  ( -1.439254484199190858E-16, -1.175240473580839051, -7.287499999999999645 ) ) ;
#1653 = CARTESIAN_POINT ( 'NONE',  ( -1.357050807568878303, -2.599625443516216173E-15, -5.974999999999999645 ) ) ;
#1654 = FACE_OUTER_BOUND ( 'NONE', #714, .T. ) ;
#1655 = CARTESIAN_POINT ( 'NONE',  ( -0.6785254037844389297, 1.175240473580833944, 0.5041666666666666519 ) ) ;
#1656 = EDGE_LOOP ( 'NONE', ( #2348, #2574, #4385, #1100 ) ) ;
#1657 = CARTESIAN_POINT ( 'NONE',  ( 1.017788105676659116, 0.5876202367904146406, -2.120833333333333126 ) ) ;
#1658 = CARTESIAN_POINT ( 'NONE',  ( 0.2793999999999954853, -1.342841092609249554, 1.650000000000000355 ) ) ;
#1659 = APPROVAL_DATE_TIME ( #1412, #2831 ) ;
#1660 = CARTESIAN_POINT ( 'NONE',  ( 1.299038105676659782, -0.7500000000000047740, -1.954166666666667940 ) ) ;
#1661 = CARTESIAN_POINT ( 'NONE',  ( 0.8816504037844393737, -1.527063293868269112, 0.4885416666666666519 ) ) ;
#1662 =( BOUNDED_CURVE ( )  B_SPLINE_CURVE ( 2, ( #3122, #1418, #1843, #4280, #1148, #829, #3623 ),
 .UNSPECIFIED., .F., .F. ) 
 B_SPLINE_CURVE_WITH_KNOTS ( ( 3, 2, 2, 3 ),
 ( 0.1749999999999999056, 0.1833333333333332371, 0.1916666666666665964, 0.1999999999999999278 ),
 .UNSPECIFIED. ) 
 CURVE ( )  GEOMETRIC_REPRESENTATION_ITEM ( )  RATIONAL_B_SPLINE_CURVE ( ( 1.000000000000001332, 0.8660254037844373753, 1.000000000000000000, 0.8660254037844387076, 1.000000000000000000, 0.8660254037844400399, 0.9999999999999986677 ) ) 
 REPRESENTATION_ITEM ( '' )  );
#1663 = CARTESIAN_POINT ( 'NONE',  ( -1.836970198721033385E-16, -1.500000000000005551, -3.537500000000000977 ) ) ;
#1664 = CARTESIAN_POINT ( 'NONE',  ( -1.351959892270765184, -0.2312812350607418022, 1.100000000000000533 ) ) ;
#1665 = CARTESIAN_POINT ( 'NONE',  ( 0.6785254037844387076, -1.175240473580839051, -1.245833333333333126 ) ) ;
#1666 = DIRECTION ( 'NONE',  ( 0.000000000000000000, -0.7071067811865479058, 0.7071067811865471286 ) ) ;
#1667 = CARTESIAN_POINT ( 'NONE',  ( 1.017788105676658228, -0.5876202367904214130, -4.204166666666666607 ) ) ;
#1668 = CARTESIAN_POINT ( 'NONE',  ( -0.6785254037844389297, 1.175240473580833722, -2.058333333333334014 ) ) ;
#1669 = VERTEX_POINT ( 'NONE', #150 ) ;
#1670 = CARTESIAN_POINT ( 'NONE',  ( -1.017788105676658450, 0.5876202367904155288, -3.516666666666667052 ) ) ;
#1671 = CARTESIAN_POINT ( 'NONE',  ( -0.8816504037844398178, 1.527063293868263338, -6.761458333333333570 ) ) ;
#1672 = CARTESIAN_POINT ( 'NONE',  ( 0.8816504037844393737, -1.527063293868269112, -1.542708333333333348 ) ) ;
#1673 = CARTESIAN_POINT ( 'NONE',  ( 0.2793999999999999817, 0.8111205463046241571, 1.650000000000000355 ) ) ;
#1674 = ORIENTED_EDGE ( 'NONE', *, *, #4081, .F. ) ;
#1675 = CARTESIAN_POINT ( 'NONE',  ( -1.836970198721033385E-16, -1.500000000000005773, -4.599999999999999645 ) ) ;
#1676 = CARTESIAN_POINT ( 'NONE',  ( 1.357050807568878303, -2.932007029070127676E-15, -4.725000000000000533 ) ) ;
#1677 = ADVANCED_FACE ( 'NONE', ( #3257 ), #3302, .T. ) ;
#1678 = CARTESIAN_POINT ( 'NONE',  ( -1.836970198721033385E-16, -1.500000000000005773, -6.099999999999998757 ) ) ;
#1679 = EDGE_CURVE ( 'NONE', #557, #372, #3131, .T. ) ;
#1680 = CARTESIAN_POINT ( 'NONE',  ( 0.6785254037844397068, 1.175240473580833500, 1.420833333333332948 ) ) ;
#1681 = ORIENTED_EDGE ( 'NONE', *, *, #3134, .F. ) ;
#1682 = CARTESIAN_POINT ( 'NONE',  ( 0.000000000000000000, 1.175240473580833722, -2.537499999999999645 ) ) ;
#1683 = CARTESIAN_POINT ( 'NONE',  ( -1.836970198721033385E-16, -1.500000000000005773, -5.599999999999998757 ) ) ;
#1684 = CARTESIAN_POINT ( 'NONE',  ( 1.299038105676661115, 0.7499999999999976685, 0.1291666666666659302 ) ) ;
#1685 = CARTESIAN_POINT ( 'NONE',  ( 0.8816504037844393737, -1.527063293868269112, -0.5114583333333342363 ) ) ;
#1686 = CARTESIAN_POINT ( 'NONE',  ( 1.732050807568880746, -3.000893411522166591E-15, -0.4749999999999993117 ) ) ;
#1687 = CARTESIAN_POINT ( 'NONE',  ( 0.000000000000000000, 1.500000000000000222, -5.287500000000001421 ) ) ;
#1688 = CARTESIAN_POINT ( 'NONE',  ( 0.6785254037844397068, 1.175240473580833500, -0.5791666666666670515 ) ) ;
#1689 = CARTESIAN_POINT ( 'NONE',  ( -1.299038105676660226, 0.7499999999999988898, -7.204166666666667496 ) ) ;
#1690 = CARTESIAN_POINT ( 'NONE',  ( -0.6785254037844389297, 1.175240473580833944, -4.995833333333333570 ) ) ;
#1691 = CARTESIAN_POINT ( 'NONE',  ( -1.439254484199190858E-16, -1.175240473580839051, -0.8500000000000000888 ) ) ;
#1692 = CARTESIAN_POINT ( 'NONE',  ( 0.6785254037844397068, 1.175240473580833500, -4.141666666666666607 ) ) ;
#1693 = CARTESIAN_POINT ( 'NONE',  ( -0.8816504037844398178, 1.527063293868263338, -7.261458333333332682 ) ) ;
#1694 = CARTESIAN_POINT ( 'NONE',  ( 0.000000000000000000, 1.527063293868263338, -1.334374999999999645 ) ) ;
#1695 = CARTESIAN_POINT ( 'NONE',  ( 1.357050807568877859, -2.932007029070127676E-15, -7.225000000000001421 ) ) ;
#1696 = LOCAL_TIME ( 16, 43, 28.00000000000000000, #710 ) ;
#1697 = VERTEX_POINT ( 'NONE', #3690 ) ;
#1698 = CARTESIAN_POINT ( 'NONE',  ( 0.6785254037844387076, -1.175240473580839051, -8.245833333333333570 ) ) ;
#1699 = CARTESIAN_POINT ( 'NONE',  ( 1.017788105676659116, 0.5876202367904146406, -5.183333333333333570 ) ) ;
#1700 = DIRECTION ( 'NONE',  ( -0.000000000000000000, -1.554359398917796077E-16, 1.000000000000000000 ) ) ;
#1701 = CARTESIAN_POINT ( 'NONE',  ( 0.8660254037844445918, 1.499999999999994005, -4.329166666666667496 ) ) ;
#1702 = AXIS2_PLACEMENT_3D ( 'NONE', #208, #569, #2645 ) ;
#1703 = ORIENTED_EDGE ( 'NONE', *, *, #1154, .F. ) ;
#1704 = CARTESIAN_POINT ( 'NONE',  ( -1.017788105676658450, 0.5876202367904155288, -3.454166666666667052 ) ) ;
#1705 = DIRECTION ( 'NONE',  ( -0.9238795325112879597, -0.3826834323650868397, 0.000000000000000000 ) ) ;
#1706 = EDGE_CURVE ( 'NONE', #3875, #4321, #2355, .T. ) ;
#1707 = DIRECTION ( 'NONE',  ( 1.000000000000000000, 0.000000000000000000, 0.000000000000000000 ) ) ;
#1708 = EDGE_CURVE ( 'NONE', #2258, #2422, #2040, .T. ) ;
#1709 = CARTESIAN_POINT ( 'NONE',  ( -1.299038105676660448, -0.7500000000000037748, -4.120833333333333570 ) ) ;
#1710 = CARTESIAN_POINT ( 'NONE',  ( 1.322475605676660448, 0.7635316469341292267, -0.3864583333333341253 ) ) ;
#1711 = ORIENTED_EDGE ( 'NONE', *, *, #2554, .T. ) ;
#1712 = LINE ( 'NONE', #4171, #3757 ) ;
#1713 = CARTESIAN_POINT ( 'NONE',  ( 1.353234713057825625E-16, 1.104999999999999982, -8.349999999999999645 ) ) ;
#1714 = ADVANCED_FACE ( 'NONE', ( #618 ), #1323, .T. ) ;
#1715 = AXIS2_PLACEMENT_3D ( 'NONE', #2818, #2794, #1824 ) ;
#1716 = CARTESIAN_POINT ( 'NONE',  ( -1.732050807568880746, -2.576663316032202938E-15, -7.162500000000001421 ) ) ;
#1717 = CARTESIAN_POINT ( 'NONE',  ( -1.357050807568878303, -2.599625443516216173E-15, -3.412500000000000089 ) ) ;
#1718 = DIRECTION ( 'NONE',  ( -0.000000000000000000, 4.984837574645996626E-17, -1.000000000000000000 ) ) ;
#1719 = CARTESIAN_POINT ( 'NONE',  ( -1.017788105676658450, 0.5876202367904155288, -4.016666666666666607 ) ) ;
#1720 = CARTESIAN_POINT ( 'NONE',  ( -1.322475605676660004, 0.7635316469341305590, -4.219791666666666607 ) ) ;
#1721 = CARTESIAN_POINT ( 'NONE',  ( -1.322475605676660226, -0.7635316469341354439, -0.6677083333333335702 ) ) ;
#1722 = ORIENTED_EDGE ( 'NONE', *, *, #1895, .T. ) ;
#1723 = CARTESIAN_POINT ( 'NONE',  ( -1.439254484199190858E-16, -1.175240473580839051, -7.787500000000000533 ) ) ;
#1724 = CARTESIAN_POINT ( 'NONE',  ( -1.357050807568878303, -2.599625443516216173E-15, -3.975000000000000089 ) ) ;
#1725 = CARTESIAN_POINT ( 'NONE',  ( -0.9371982922805172089, 0.7261692709332892015, 0.02524047358083841494 ) ) ;
#1726 = CARTESIAN_POINT ( 'NONE',  ( 1.299038105676659782, -0.7500000000000047740, -4.454166666666667496 ) ) ;
#1727 = EDGE_LOOP ( 'NONE', ( #4155, #4421, #2234, #3984 ) ) ;
#1728 = CARTESIAN_POINT ( 'NONE',  ( -1.439254484199190858E-16, -1.175240473580839051, -2.787500000000000089 ) ) ;
#1729 = CARTESIAN_POINT ( 'NONE',  ( 0.5586099637188332023, 1.142624329442051723, -8.188541310135933671 ) ) ;
#1730 = DIRECTION ( 'NONE',  ( -0.000000000000000000, 4.984837574645996626E-17, -1.000000000000000000 ) ) ;
#1731 = CARTESIAN_POINT ( 'NONE',  ( 0.8816504037844408170, 1.527063293868263116, -0.3447916666666668850 ) ) ;
#1732 =( BOUNDED_CURVE ( )  B_SPLINE_CURVE ( 2, ( #4359, #888, #1272, #2664, #2298, #4048, #3683 ),
 .UNSPECIFIED., .F., .F. ) 
 B_SPLINE_CURVE_WITH_KNOTS ( ( 3, 2, 2, 3 ),
 ( 0.6750000000000001554, 0.6833333333333334592, 0.6916666666666666519, 0.6999999999999999556 ),
 .UNSPECIFIED. ) 
 CURVE ( )  GEOMETRIC_REPRESENTATION_ITEM ( )  RATIONAL_B_SPLINE_CURVE ( ( 0.9999999999999982236, 0.8660254037844404840, 1.000000000000000000, 0.8660254037844387076, 1.000000000000000000, 0.8660254037844387076, 1.000000000000000000 ) ) 
 REPRESENTATION_ITEM ( '' )  );
#1733 = ORIENTED_EDGE ( 'NONE', *, *, #1841, .T. ) ;
#1734 = CARTESIAN_POINT ( 'NONE',  ( 1.346166921035992337, 0.2634155365841113761, 1.467296747124817058 ) ) ;
#1735 = EDGE_CURVE ( 'NONE', #2871, #3806, #1007, .T. ) ;
#1736 = CARTESIAN_POINT ( 'NONE',  ( -0.6785254037844394848, -1.175240473580838829, -3.329166666666667496 ) ) ;
#1737 = AXIS2_PLACEMENT_3D ( 'NONE', #2303, #3709, #236 ) ;
#1738 = ADVANCED_FACE ( 'NONE', ( #3051 ), #688, .T. ) ;
#1739 = CARTESIAN_POINT ( 'NONE',  ( 0.3983088340601602106, 0.3983088340601602662, 1.100000000000000533 ) ) ;
#1740 = CARTESIAN_POINT ( 'NONE',  ( 0.000000000000000000, 1.175240473580833722, -0.1000000000000011297 ) ) ;
#1741 = CARTESIAN_POINT ( 'NONE',  ( 0.8816504037844393737, -1.527063293868269112, -3.511458333333333126 ) ) ;
#1742 = CARTESIAN_POINT ( 'NONE',  ( -1.322475605676660226, -0.7635316469341354439, -2.167708333333333126 ) ) ;
#1743 = ORIENTED_EDGE ( 'NONE', *, *, #1291, .F. ) ;
#1744 = CARTESIAN_POINT ( 'NONE',  ( 1.017788105676658228, -0.5876202367904214130, -8.204166666666667496 ) ) ;
#1745 = CARTESIAN_POINT ( 'NONE',  ( 1.357050807568878303, -2.932007029070127676E-15, -3.725000000000000089 ) ) ;
#1746 = CARTESIAN_POINT ( 'NONE',  ( -1.175687005579298949, 0.1530441570700667442, 0.02524047358084028150 ) ) ;
#1747 = CARTESIAN_POINT ( 'NONE',  ( -0.8761443883973815128, -1.217526595471237094, 0.3500000000000013101 ) ) ;
#1748 = ORIENTED_EDGE ( 'NONE', *, *, #1649, .F. ) ;
#1749 = CARTESIAN_POINT ( 'NONE',  ( 0.6785254037844397068, 1.175240473580833056, -3.579166666666667052 ) ) ;
#1750 = DIRECTION ( 'NONE',  ( -0.000000000000000000, 4.984837574645996626E-17, -1.000000000000000000 ) ) ;
#1751 = COORDINATED_UNIVERSAL_TIME_OFFSET ( 6, 0, .BEHIND. ) ;
#1752 = CARTESIAN_POINT ( 'NONE',  ( 0.6773290171844053020, -1.102858582277275179, 0.1322398408591512198 ) ) ;
#1753 = CARTESIAN_POINT ( 'NONE',  ( -1.870113174931186087E-16, -1.527063293868268667, -0.05312500000000108802 ) ) ;
#1754 = VERTEX_POINT ( 'NONE', #4432 ) ;
#1755 = CARTESIAN_POINT ( 'NONE',  ( -1.836970198721033385E-16, -1.500000000000005773, -6.599999999999999645 ) ) ;
#1756 = DIRECTION ( 'NONE',  ( 0.000000000000000000, 1.000000000000000000, 0.000000000000000000 ) ) ;
#1757 = CARTESIAN_POINT ( 'NONE',  ( 0.000000000000000000, -1.104999999999999982, -8.349999999999999645 ) ) ;
#1758 =( BOUNDED_CURVE ( )  B_SPLINE_CURVE ( 3, ( #1664, #554, #2630, #3350 ),
 .UNSPECIFIED., .F., .F. ) 
 B_SPLINE_CURVE_WITH_KNOTS ( ( 4, 4 ),
 ( 4.881819945452527065, 4.917528446445841972 ),
 .UNSPECIFIED. ) 
 CURVE ( )  GEOMETRIC_REPRESENTATION_ITEM ( )  RATIONAL_B_SPLINE_CURVE ( ( 1.000000000000000000, 0.9998937447357327812, 0.9998937447357327812, 1.000000000000000000 ) ) 
 REPRESENTATION_ITEM ( '' )  );
#1759 = CARTESIAN_POINT ( 'NONE',  ( -1.439254484199190858E-16, -1.175240473580839051, -2.787500000000000089 ) ) ;
#1760 = CARTESIAN_POINT ( 'NONE',  ( 1.299038105676661115, 0.7499999999999976685, -1.370833333333334458 ) ) ;
#1761 = CARTESIAN_POINT ( 'NONE',  ( 1.017788105676658228, -0.5876202367904214130, -2.266666666666666607 ) ) ;
#1762 = EDGE_CURVE ( 'NONE', #958, #3978, #1545, .T. ) ;
#1763 = EDGE_CURVE ( 'NONE', #670, #3048, #10, .T. ) ;
#1764 = CARTESIAN_POINT ( 'NONE',  ( -1.870113174931186087E-16, -1.527063293868268667, -5.053125000000000533 ) ) ;
#1765 = CARTESIAN_POINT ( 'NONE',  ( 0.8816504037844408170, 1.527063293868263116, -0.8760416666666664964 ) ) ;
#1766 = ORIENTED_EDGE ( 'NONE', *, *, #2968, .F. ) ;
#1767 = CARTESIAN_POINT ( 'NONE',  ( 1.017788105676659116, 0.5876202367904146406, -5.120833333333333570 ) ) ;
#1768 = CARTESIAN_POINT ( 'NONE',  ( -0.6785254037844394848, -1.175240473580838829, -2.891666666666666607 ) ) ;
#1769 = CARTESIAN_POINT ( 'NONE',  ( -1.536117151722525929E-16, -1.254334843966467439, 0.1043348439664727040 ) ) ;
#1770 = CARTESIAN_POINT ( 'NONE',  ( 1.732050807568880746, -3.000893411522166591E-15, -0.4125000000000000333 ) ) ;
#1771 = PRODUCT_DEFINITION_FORMATION_WITH_SPECIFIED_SOURCE ( 'ANY', '', #2108, .NOT_KNOWN. ) ;
#1772 = VECTOR ( 'NONE', #3650, 1000.000000000000000 ) ;
#1773 = ORIENTED_EDGE ( 'NONE', *, *, #103, .T. ) ;
#1774 = DIRECTION ( 'NONE',  ( 0.000000000000000000, -1.153251463704931673E-32, 1.000000000000000000 ) ) ;
#1775 = CARTESIAN_POINT ( 'NONE',  ( 0.9917025237887416855, 0.7573507769365557252, -8.212612824772026698 ) ) ;
#1776 = CARTESIAN_POINT ( 'NONE',  ( -0.2312812350607276746, 1.351959892270767183, 1.100000000000000533 ) ) ;
#1777 = CARTESIAN_POINT ( 'NONE',  ( 0.000000000000000000, 1.500000000000000222, -8.349999999999999645 ) ) ;
#1778 = ORIENTED_EDGE ( 'NONE', *, *, #1291, .T. ) ;
#1779 = CARTESIAN_POINT ( 'NONE',  ( 0.4351373423164073828, -0.4351373423164103249, 1.650000000000000355 ) ) ;
#1780 = CARTESIAN_POINT ( 'NONE',  ( 1.299038105676660004, -0.7500000000000048850, -2.016666666666666163 ) ) ;
#1781 = VECTOR ( 'NONE', #162, 1000.000000000000000 ) ;
#1782 = CARTESIAN_POINT ( 'NONE',  ( -0.6785254037844394848, -1.175240473580838829, -2.329166666666666607 ) ) ;
#1783 = AXIS2_PLACEMENT_3D ( 'NONE', #3075, #2016, #668 ) ;
#1784 = CARTESIAN_POINT ( 'NONE',  ( 1.357050807568877859, -2.932007029070127676E-15, -1.225000000000000533 ) ) ;
#1785 = CARTESIAN_POINT ( 'NONE',  ( -1.357050807568878303, -2.599625443516216173E-15, -0.9750000000000000888 ) ) ;
#1786 = CARTESIAN_POINT ( 'NONE',  ( -1.322475605676660226, -0.7635316469341354439, -5.636458333333333570 ) ) ;
#1787 = CIRCLE ( 'NONE', #4306, 1.371600000000000374 ) ;
#1788 = CARTESIAN_POINT ( 'NONE',  ( -0.8816504037844403729, -1.527063293868268001, -0.1260416666666666630 ) ) ;
#1789 = VERTEX_POINT ( 'NONE', #3739 ) ;
#1790 = CARTESIAN_POINT ( 'NONE',  ( -0.6785254037844394848, -1.175240473580838829, -3.829166666666666607 ) ) ;
#1791 = CARTESIAN_POINT ( 'NONE',  ( -1.017788105676658450, 0.5876202367904155288, -2.016666666666666607 ) ) ;
#1792 = CARTESIAN_POINT ( 'NONE',  ( 0.8816504037844408170, 1.527063293868263116, -7.876041666666667496 ) ) ;
#1793 = CARTESIAN_POINT ( 'NONE',  ( 0.8660254037844331565, -1.500000000000017542, -3.058333333333333570 ) ) ;
#1794 = ADVANCED_FACE ( 'NONE', ( #1639 ), #644, .T. ) ;
#1795 = ORIENTED_EDGE ( 'NONE', *, *, #3778, .T. ) ;
#1796 = CARTESIAN_POINT ( 'NONE',  ( -0.6785254037844389297, 1.175240473580833722, -0.4958333333333342363 ) ) ;
#1797 = CARTESIAN_POINT ( 'NONE',  ( 1.299038105676661115, 0.7499999999999977796, -2.433333333333333126 ) ) ;
#1798 = FACE_OUTER_BOUND ( 'NONE', #1907, .T. ) ;
#1799 = CARTESIAN_POINT ( 'NONE',  ( -1.732050807568880746, -2.576663316032202149E-15, -2.724999999999999645 ) ) ;
#1800 = ORIENTED_EDGE ( 'NONE', *, *, #1846, .F. ) ;
#1801 = CARTESIAN_POINT ( 'NONE',  ( 1.299038105676660004, -0.7500000000000048850, -7.516666666666665719 ) ) ;
#1802 = CYLINDRICAL_SURFACE ( 'NONE', #82, 1.500000000000000222 ) ;
#1803 = APPLICATION_CONTEXT ( 'configuration controlled 3d designs of mechanical parts and assemblies' ) ;
#1804 = CARTESIAN_POINT ( 'NONE',  ( 1.017788105676658228, -0.5876202367904214130, -0.7041666666666671626 ) ) ;
#1805 = FACE_OUTER_BOUND ( 'NONE', #2580, .T. ) ;
#1806 = CARTESIAN_POINT ( 'NONE',  ( 1.017788105676659116, 0.5876202367904146406, -2.183333333333333126 ) ) ;
#1807 = CARTESIAN_POINT ( 'NONE',  ( -1.763300807568879858, -2.574749805408535596E-15, -5.178124999999999645 ) ) ;
#1808 = CARTESIAN_POINT ( 'NONE',  ( 0.000000000000000000, 1.527063293868263338, -0.3343749999999995892 ) ) ;
#1809 = ORIENTED_EDGE ( 'NONE', *, *, #2200, .F. ) ;
#1810 = CARTESIAN_POINT ( 'NONE',  ( 0.6785254037844387076, -1.175240473580839051, -4.745833333333332682 ) ) ;
#1811 = CARTESIAN_POINT ( 'NONE',  ( 1.017788105676659116, 0.5876202367904146406, -3.183333333333333126 ) ) ;
#1812 = CARTESIAN_POINT ( 'NONE',  ( -1.322475605676660004, 0.7635316469341305590, -8.251041666666667496 ) ) ;
#1813 = CARTESIAN_POINT ( 'NONE',  ( 0.8660254037844478114, 1.499999999999987788, -7.329166666666667496 ) ) ;
#1814 = ORIENTED_EDGE ( 'NONE', *, *, #489, .F. ) ;
#1815 = CARTESIAN_POINT ( 'NONE',  ( 1.357050807568877859, -2.932007029070127676E-15, -1.162500000000000311 ) ) ;
#1816 = CARTESIAN_POINT ( 'NONE',  ( 1.044505365179571044, -0.5707669051772432667, -8.270481079614695474 ) ) ;
#1817 = CARTESIAN_POINT ( 'NONE',  ( 0.6696015659696186173, 1.228162384383049366, 0.2377457216260731865 ) ) ;
#1818 = EDGE_CURVE ( 'NONE', #443, #4399, #3346, .T. ) ;
#1819 = CARTESIAN_POINT ( 'NONE',  ( -1.299038105676660448, -0.7500000000000037748, -3.120833333333334458 ) ) ;
#1820 = CARTESIAN_POINT ( 'NONE',  ( 1.017788105676659116, 0.5876202367904146406, -4.183333333333333570 ) ) ;
#1821 = EDGE_LOOP ( 'NONE', ( #914, #4068, #3728, #379, #1795, #1733, #3571, #2528 ) ) ;
#1822 = CARTESIAN_POINT ( 'NONE',  ( -0.2473742437992215437, -1.349206843930975008, 1.283943931589622611 ) ) ;
#1823 = DIRECTION ( 'NONE',  ( 5.766257318524658366E-33, -5.766257318524678892E-33, 1.000000000000000000 ) ) ;
#1824 = DIRECTION ( 'NONE',  ( 0.3826834323650900593, -0.9238795325112867385, 0.000000000000000000 ) ) ;
#1825 = FACE_OUTER_BOUND ( 'NONE', #3362, .T. ) ;
#1826 = CARTESIAN_POINT ( 'NONE',  ( -1.357050807568878303, -2.599625443516216173E-15, -1.475000000000000533 ) ) ;
#1827 = CARTESIAN_POINT ( 'NONE',  ( 0.8816504037844408170, 1.527063293868263116, -0.8447916666666672736 ) ) ;
#1828 = CARTESIAN_POINT ( 'NONE',  ( 1.763300807568879858, -3.006633943393169801E-15, 1.540625000000000133 ) ) ;
#1829 = CARTESIAN_POINT ( 'NONE',  ( -1.357050807568878303, -2.599625443516216173E-15, -8.474999999999999645 ) ) ;
#1830 = ORIENTED_EDGE ( 'NONE', *, *, #596, .F. ) ;
#1831 = CARTESIAN_POINT ( 'NONE',  ( -1.439254484199190858E-16, -1.175240473580839051, -5.287500000000000533 ) ) ;
#1832 = CARTESIAN_POINT ( 'NONE',  ( -0.6785254037844394848, -1.175240473580838829, -1.391666666666667052 ) ) ;
#1833 = CARTESIAN_POINT ( 'NONE',  ( 0.8816504037844408170, 1.527063293868263116, -6.876041666666665719 ) ) ;
#1834 = CARTESIAN_POINT ( 'NONE',  ( -1.342841092609248665, -0.2794000000000001482, 1.650000000000000355 ) ) ;
#1835 = ORIENTED_EDGE ( 'NONE', *, *, #3077, .F. ) ;
#1836 = DIRECTION ( 'NONE',  ( 0.3826834323650989966, 0.9238795325112829637, 0.000000000000000000 ) ) ;
#1837 = PLANE ( 'NONE',  #551 ) ;
#1838 = DIRECTION ( 'NONE',  ( -1.000000000000000000, 0.000000000000000000, 0.000000000000000000 ) ) ;
#1839 = CARTESIAN_POINT ( 'NONE',  ( -1.357050807568877859, -2.599625443516215778E-15, -4.975000000000000533 ) ) ;
#1840 = VERTEX_POINT ( 'NONE', #328 ) ;
#1841 = EDGE_CURVE ( 'NONE', #3505, #59, #1200, .T. ) ;
#1842 = CARTESIAN_POINT ( 'NONE',  ( -0.6785254037844389297, 1.175240473580833722, -7.995833333333333570 ) ) ;
#1843 = CARTESIAN_POINT ( 'NONE',  ( 1.299038105676659782, -0.7500000000000047740, -6.954166666666666607 ) ) ;
#1844 = AXIS2_PLACEMENT_3D ( 'NONE', #872, #3117, #1707 ) ;
#1845 = DIRECTION ( 'NONE',  ( -0.9961946980917455452, -3.046928870990532109E-16, 0.08715574274765836016 ) ) ;
#1846 = EDGE_CURVE ( 'NONE', #514, #952, #4347, .T. ) ;
#1847 = CARTESIAN_POINT ( 'NONE',  ( -0.3167732265011041770, -1.211320186259279508, 0.09204841013297831998 ) ) ;
#1848 = AXIS2_PLACEMENT_3D ( 'NONE', #3186, #2787, #1838 ) ;
#1849 = CARTESIAN_POINT ( 'NONE',  ( -0.8816504037844403729, -1.527063293868268001, -2.094791666666666607 ) ) ;
#1850 = CARTESIAN_POINT ( 'NONE',  ( 0.6785254037844387076, -1.175240473580839051, -8.245833333333333570 ) ) ;
#1851 = CARTESIAN_POINT ( 'NONE',  ( -1.357050807568878303, -2.599625443516216173E-15, 0.08749999999999903688 ) ) ;
#1852 = ORIENTED_EDGE ( 'NONE', *, *, #3267, .T. ) ;
#1853 = CARTESIAN_POINT ( 'NONE',  ( 0.000000000000000000, 1.175240473580833722, -7.100000000000000533 ) ) ;
#1854 = CARTESIAN_POINT ( 'NONE',  ( -1.017788105676658672, -0.5876202367904206358, -3.870833333333333570 ) ) ;
#1855 = CARTESIAN_POINT ( 'NONE',  ( -0.8816504037844398178, 1.527063293868263338, -8.761458333333333570 ) ) ;
#1856 = CARTESIAN_POINT ( 'NONE',  ( -1.322475605676660226, -0.7635316469341354439, -7.167708333333333570 ) ) ;
#1857 = CYLINDRICAL_SURFACE ( 'NONE', #2789, 1.500000000000000222 ) ;
#1858 = VERTEX_POINT ( 'NONE', #3010 ) ;
#1859 = CARTESIAN_POINT ( 'NONE',  ( -0.5252572366576269136, 0.2175686711582096311, 1.650000000000000355 ) ) ;
#1860 = CARTESIAN_POINT ( 'NONE',  ( 0.6785254037844397068, 1.175240473580833500, -8.141666666666665719 ) ) ;
#1861 = CARTESIAN_POINT ( 'NONE',  ( -1.299038105676660448, 0.7499999999999990008, -2.766666666666666163 ) ) ;
#1862 = CARTESIAN_POINT ( 'NONE',  ( -1.017788105676658672, -0.5876202367904206358, -4.933333333333332682 ) ) ;
#1863 = ORIENTED_EDGE ( 'NONE', *, *, #357, .F. ) ;
#1864 = CARTESIAN_POINT ( 'NONE',  ( -1.336572450234823961, 0.2950720891593504591, -8.098005686243890722 ) ) ;
#1865 = CARTESIAN_POINT ( 'NONE',  ( -1.338191513123455412, -0.2704329854944981792, 0.2118448001468945241 ) ) ;
#1866 =( BOUNDED_CURVE ( )  B_SPLINE_CURVE ( 2, ( #3977, #884, #3382, #250, #606, #1648, #1602 ),
 .UNSPECIFIED., .F., .F. ) 
 B_SPLINE_CURVE_WITH_KNOTS ( ( 3, 2, 2, 3 ),
 ( 0.7750000000000000222, 0.7833333333333333259, 0.7916666666666666297, 0.8000000000000000444 ),
 .UNSPECIFIED. ) 
 CURVE ( )  GEOMETRIC_REPRESENTATION_ITEM ( )  RATIONAL_B_SPLINE_CURVE ( ( 1.000000000000000000, 0.8660254037844387076, 1.000000000000000000, 0.8660254037844387076, 1.000000000000000000, 0.8660254037844387076, 1.000000000000000000 ) ) 
 REPRESENTATION_ITEM ( '' )  );
#1867 = CARTESIAN_POINT ( 'NONE',  ( 1.456159331941398127, 0.3599999999999846101, -7.955000000000000071 ) ) ;
#1868 = EDGE_CURVE ( 'NONE', #1635, #471, #511, .T. ) ;
#1869 = EDGE_CURVE ( 'NONE', #2379, #3269, #2786, .T. ) ;
#1870 = CARTESIAN_POINT ( 'NONE',  ( -0.8816504037844403729, -1.527063293868268001, 1.373958333333332948 ) ) ;
#1871 =( BOUNDED_CURVE ( )  B_SPLINE_CURVE ( 2, ( #1371, #4414, #4104, #3099, #3717, #381, #312 ),
 .UNSPECIFIED., .F., .T. ) 
 B_SPLINE_CURVE_WITH_KNOTS ( ( 3, 2, 2, 3 ),
 ( 0.5500000000000000444, 0.5583333333333333481, 0.5666666666666667629, 0.5750000000000000666 ),
 .UNSPECIFIED. ) 
 CURVE ( )  GEOMETRIC_REPRESENTATION_ITEM ( )  RATIONAL_B_SPLINE_CURVE ( ( 1.000000000000000000, 0.8660254037844387076, 1.000000000000000000, 0.8660254037844387076, 1.000000000000000000, 0.8660254037844369313, 1.000000000000001776 ) ) 
 REPRESENTATION_ITEM ( '' )  );
#1872 = CARTESIAN_POINT ( 'NONE',  ( 0.6785254037844397068, 1.175240473580833500, -0.07916666666666663521 ) ) ;
#1873 = ORIENTED_EDGE ( 'NONE', *, *, #3293, .T. ) ;
#1874 = CARTESIAN_POINT ( 'NONE',  ( -0.6785254037844394848, -1.175240473580838829, -6.891666666666666607 ) ) ;
#1875 = CARTESIAN_POINT ( 'NONE',  ( -0.6785254037844394848, -1.175240473580838829, -2.829166666666666607 ) ) ;
#1876 = CARTESIAN_POINT ( 'NONE',  ( -0.6785254037844389297, 1.175240473580833944, -1.058333333333333792 ) ) ;
#1877 = CARTESIAN_POINT ( 'NONE',  ( 1.763300807568879858, -3.006633943393169801E-15, -5.959374999999998757 ) ) ;
#1878 = DIRECTION ( 'NONE',  ( 5.766257318524658366E-33, -5.766257318524678892E-33, 1.000000000000000000 ) ) ;
#1879 = ORIENTED_EDGE ( 'NONE', *, *, #2526, .F. ) ;
#1880 = LINE ( 'NONE', #587, #3059 ) ;
#1881 = CARTESIAN_POINT ( 'NONE',  ( -1.017788105676658672, -0.5876202367904206358, -6.933333333333332682 ) ) ;
#1882 = CARTESIAN_POINT ( 'NONE',  ( -1.836970198721033385E-16, -1.500000000000005551, -6.537500000000000533 ) ) ;
#1883 = VECTOR ( 'NONE', #4310, 1000.000000000000000 ) ;
#1884 = CARTESIAN_POINT ( 'NONE',  ( -1.357050807568877859, -2.599625443516215778E-15, -4.474999999999999645 ) ) ;
#1885 = CARTESIAN_POINT ( 'NONE',  ( 1.357050807568878303, -2.932007029070127676E-15, -1.162500000000000311 ) ) ;
#1886 = EDGE_LOOP ( 'NONE', ( #2512, #3577, #2911, #1830 ) ) ;
#1887 = CARTESIAN_POINT ( 'NONE',  ( -1.439254484199190858E-16, -1.175240473580839051, -7.287499999999999645 ) ) ;
#1888 = CARTESIAN_POINT ( 'NONE',  ( -1.836970198721033385E-16, -1.500000000000005773, -1.099999999999999867 ) ) ;
#1889 = DIRECTION ( 'NONE',  ( -0.000000000000000000, 4.984837574645996626E-17, -1.000000000000000000 ) ) ;
#1890 = CARTESIAN_POINT ( 'NONE',  ( 0.8660254037844432595, -1.500000000000000444, -0.05833333333333309140 ) ) ;
#1891 = CARTESIAN_POINT ( 'NONE',  ( -1.017788105676658450, 0.5876202367904155288, -6.454166666666667496 ) ) ;
#1892 = CARTESIAN_POINT ( 'NONE',  ( 1.017788105676659116, 0.5876202367904146406, 1.379166666666665764 ) ) ;
#1893 = ADVANCED_FACE ( 'NONE', ( #1798 ), #99, .T. ) ;
#1894 = LINE ( 'NONE', #2289, #1883 ) ;
#1895 = EDGE_CURVE ( 'NONE', #349, #864, #1163, .T. ) ;
#1896 = CARTESIAN_POINT ( 'NONE',  ( -0.6785254037844389297, 1.175240473580833944, -7.058333333333333570 ) ) ;
#1897 = CARTESIAN_POINT ( 'NONE',  ( -1.017788105676658672, -0.5876202367904206358, -3.370833333333333126 ) ) ;
#1898 = CARTESIAN_POINT ( 'NONE',  ( 0.6785254037844387076, -1.175240473580839051, 0.1916666666666663743 ) ) ;
#1899 = CARTESIAN_POINT ( 'NONE',  ( -1.322475605676660004, 0.7635316469341305590, -4.251041666666666607 ) ) ;
#1900 = CARTESIAN_POINT ( 'NONE',  ( 0.000000000000000000, 1.500000000000000444, -7.849999999999999645 ) ) ;
#1901 =( BOUNDED_CURVE ( )  B_SPLINE_CURVE ( 2, ( #1059, #718, #673, #694, #624, #3123, #2068 ),
 .UNSPECIFIED., .F., .T. ) 
 B_SPLINE_CURVE_WITH_KNOTS ( ( 3, 2, 2, 3 ),
 ( 0.1749999999999999889, 0.1833333333333333204, 0.1916666666666666796, 0.2000000000000000111 ),
 .UNSPECIFIED. ) 
 CURVE ( )  GEOMETRIC_REPRESENTATION_ITEM ( )  RATIONAL_B_SPLINE_CURVE ( ( 1.000000000000000888, 0.8660254037844378194, 1.000000000000000000, 0.8660254037844387076, 1.000000000000000000, 0.8660254037844378194, 1.000000000000000888 ) ) 
 REPRESENTATION_ITEM ( '' )  );
#1902 = ORIENTED_EDGE ( 'NONE', *, *, #1075, .T. ) ;
#1903 = DIRECTION ( 'NONE',  ( -0.000000000000000000, 4.984837574645996626E-17, -1.000000000000000000 ) ) ;
#1904 = DIRECTION ( 'NONE',  ( 5.766257318524658366E-33, -5.766257318524678892E-33, 1.000000000000000000 ) ) ;
#1905 = CARTESIAN_POINT ( 'NONE',  ( 0.6785254037844397068, 1.175240473580833056, -5.141666666666666607 ) ) ;
#1906 = CARTESIAN_POINT ( 'NONE',  ( 0.6785254037844397068, 1.175240473580833500, -1.579166666666666829 ) ) ;
#1907 = EDGE_LOOP ( 'NONE', ( #2079, #1214, #257, #2029 ) ) ;
#1908 = CARTESIAN_POINT ( 'NONE',  ( -0.6785254037844394848, -1.175240473580838829, -5.829166666666666607 ) ) ;
#1909 = CARTESIAN_POINT ( 'NONE',  ( -1.836970198721033385E-16, -1.500000000000005551, -5.537500000000001421 ) ) ;
#1910 = CARTESIAN_POINT ( 'NONE',  ( -1.439254484199190858E-16, -1.175240473580839051, 1.149999999999999911 ) ) ;
#1911 = CARTESIAN_POINT ( 'NONE',  ( -1.836970198721033385E-16, -1.500000000000005773, -1.099999999999999867 ) ) ;
#1912 = VECTOR ( 'NONE', #1774, 1000.000000000000000 ) ;
#1913 = CARTESIAN_POINT ( 'NONE',  ( -1.836970198721033385E-16, -1.500000000000005773, -3.599999999999999645 ) ) ;
#1914 = CARTESIAN_POINT ( 'NONE',  ( -1.017788105676658450, 0.5876202367904155288, -6.954166666666666607 ) ) ;
#1915 = CARTESIAN_POINT ( 'NONE',  ( 0.000000000000000000, 1.175240473580833722, 0.9624999999999998002 ) ) ;
#1916 = ORIENTED_EDGE ( 'NONE', *, *, #3303, .T. ) ;
#1917 = CARTESIAN_POINT ( 'NONE',  ( 1.017788105676658228, -0.5876202367904214130, -5.766666666666666607 ) ) ;
#1918 = CARTESIAN_POINT ( 'NONE',  ( 1.357050807568878303, -2.932007029070127676E-15, 0.7749999999999995781 ) ) ;
#1919 = CARTESIAN_POINT ( 'NONE',  ( -0.8816504037844403729, -1.527063293868268001, -4.626041666666667496 ) ) ;
#1920 = CARTESIAN_POINT ( 'NONE',  ( 0.9666507277169676948, -0.6761927735824585506, -8.272947121517052693 ) ) ;
#1921 = AXIS2_PLACEMENT_3D ( 'NONE', #1253, #3945, #3625 ) ;
#1922 = ORIENTED_EDGE ( 'NONE', *, *, #489, .T. ) ;
#1923 = DIRECTION ( 'NONE',  ( -3.491481338843133355E-15, -1.000000000000000000, 0.000000000000000000 ) ) ;
#1924 = ADVANCED_FACE ( 'NONE', ( #2811 ), #1837, .T. ) ;
#1925 = CARTESIAN_POINT ( 'NONE',  ( -0.2175686711582041355, -0.5252572366576291341, 1.650000000000000355 ) ) ;
#1926 = CARTESIAN_POINT ( 'NONE',  ( 0.000000000000000000, -1.104999999999999982, -8.349999999999999645 ) ) ;
#1927 = ORIENTED_EDGE ( 'NONE', *, *, #1347, .T. ) ;
#1928 = CARTESIAN_POINT ( 'NONE',  ( -0.6785254037844394848, -1.175240473580838829, -4.829166666666667496 ) ) ;
#1929 = DIRECTION ( 'NONE',  ( -0.000000000000000000, 4.984837574645996626E-17, -1.000000000000000000 ) ) ;
#1930 = CARTESIAN_POINT ( 'NONE',  ( -1.017788105676658672, -0.5876202367904206358, 1.066666666666667096 ) ) ;
#1931 = CARTESIAN_POINT ( 'NONE',  ( -0.8660254037844408170, -1.500000000000004885, -1.579166666666667496 ) ) ;
#1932 = CARTESIAN_POINT ( 'NONE',  ( -1.763300807568879858, -2.574749805408535596E-15, -2.178125000000000089 ) ) ;
#1933 = CARTESIAN_POINT ( 'NONE',  ( -0.4351373423164088261, -0.4351373423164088816, 1.650000000000000355 ) ) ;
#1934 = FACE_OUTER_BOUND ( 'NONE', #901, .T. ) ;
#1935 = CARTESIAN_POINT ( 'NONE',  ( 1.017788105676659116, 0.5876202367904146406, -7.120833333333333570 ) ) ;
#1936 = CARTESIAN_POINT ( 'NONE',  ( -1.017788105676658672, -0.5876202367904206358, -2.433333333333333570 ) ) ;
#1937 = CARTESIAN_POINT ( 'NONE',  ( -1.836970198721033385E-16, -1.500000000000005773, -2.100000000000000089 ) ) ;
#1938 = CARTESIAN_POINT ( 'NONE',  ( -1.439254484199190858E-16, -1.175240473580839051, -5.850000000000000533 ) ) ;
#1939 = CARTESIAN_POINT ( 'NONE',  ( -1.017788105676658672, -0.5876202367904206358, 1.066666666666667096 ) ) ;
#1940 = CARTESIAN_POINT ( 'NONE',  ( -1.322475605676660226, -0.7635316469341354439, -5.667708333333333570 ) ) ;
#1941 = CARTESIAN_POINT ( 'NONE',  ( -1.439254484199190858E-16, -1.175240473580839051, -7.349999999999999645 ) ) ;
#1942 = ORIENTED_EDGE ( 'NONE', *, *, #80, .F. ) ;
#1943 = CARTESIAN_POINT ( 'NONE',  ( 0.1274299286885669236, -1.451724405048996802, -8.003275594949748495 ) ) ;
#1944 = CARTESIAN_POINT ( 'NONE',  ( -1.357050807568878303, -2.599625443516216173E-15, -7.474999999999999645 ) ) ;
#1945 = LINE ( 'NONE', #980, #543 ) ;
#1946 = CARTESIAN_POINT ( 'NONE',  ( 1.017788105676659116, 0.5876202367904146406, 0.3791666666666665408 ) ) ;
#1947 = ORIENTED_EDGE ( 'NONE', *, *, #3107, .F. ) ;
#1948 = CARTESIAN_POINT ( 'NONE',  ( -1.017788105676658450, 0.5876202367904155288, -4.954166666666666607 ) ) ;
#1949 = DIRECTION ( 'NONE',  ( -0.000000000000000000, 4.984837574645996626E-17, -1.000000000000000000 ) ) ;
#1950 = ADVANCED_FACE ( 'NONE', ( #2173 ), #3851, .T. ) ;
#1951 = FACE_OUTER_BOUND ( 'NONE', #2268, .T. ) ;
#1952 = ADVANCED_FACE ( 'NONE', ( #2530 ), #2129, .F. ) ;
#1953 = CARTESIAN_POINT ( 'NONE',  ( 0.8816504037844393737, -1.527063293868269112, -1.011458333333333792 ) ) ;
#1954 = CARTESIAN_POINT ( 'NONE',  ( -0.8660254037844336006, 1.500000000000011990, -7.808333333333333570 ) ) ;
#1955 = CARTESIAN_POINT ( 'NONE',  ( 0.5026094933077801530, -1.131862076068733014, -8.220169311057491157 ) ) ;
#1956 = AXIS2_PLACEMENT_3D ( 'NONE', #850, #1823, #2241 ) ;
#1957 = CARTESIAN_POINT ( 'NONE',  ( 1.357050807568878303, -2.932007029070127676E-15, -6.162499999999999645 ) ) ;
#1958 = CARTESIAN_POINT ( 'NONE',  ( -0.6785254037844394848, -1.175240473580838829, -3.391666666666667052 ) ) ;
#1959 = CARTESIAN_POINT ( 'NONE',  ( -0.8660254037844443697, -1.499999999999999334, -2.141666666666666607 ) ) ;
#1960 = CARTESIAN_POINT ( 'NONE',  ( 1.357050807568878303, -2.932007029070127676E-15, -3.725000000000000089 ) ) ;
#1961 = CARTESIAN_POINT ( 'NONE',  ( -1.322475605676660226, -0.7635316469341354439, -6.636458333333333570 ) ) ;
#1962 = CARTESIAN_POINT ( 'NONE',  ( 0.8816504037844393737, -1.527063293868269112, -3.542708333333333570 ) ) ;
#1963 = CARTESIAN_POINT ( 'NONE',  ( 0.000000000000000000, 1.500000000000000222, -5.287500000000001421 ) ) ;
#1964 = VERTEX_POINT ( 'NONE', #3531 ) ;
#1965 = CARTESIAN_POINT ( 'NONE',  ( 0.000000000000000000, 1.500000000000000222, -0.7875000000000004219 ) ) ;
#1966 = CARTESIAN_POINT ( 'NONE',  ( -1.357050807568878303, -2.599625443516216173E-15, -4.474999999999999645 ) ) ;
#1967 = LINE ( 'NONE', #1226, #1191 ) ;
#1968 = CARTESIAN_POINT ( 'NONE',  ( -1.357050807568878303, -2.599625443516216173E-15, 0.5874999999999994671 ) ) ;
#1969 = VERTEX_POINT ( 'NONE', #1776 ) ;
#1970 = CARTESIAN_POINT ( 'NONE',  ( 0.6785254037844397068, 1.175240473580833056, -5.579166666666666607 ) ) ;
#1971 = CARTESIAN_POINT ( 'NONE',  ( -1.193197272606544290, 0.6248895367877012053, -8.111035503364579569 ) ) ;
#1972 = PLANE ( 'NONE',  #3640 ) ;
#1973 = DIRECTION ( 'NONE',  ( 0.000000000000000000, 1.000000000000000000, 0.000000000000000000 ) ) ;
#1974 = CARTESIAN_POINT ( 'NONE',  ( 0.000000000000000000, 1.527063293868263338, -1.303125000000000533 ) ) ;
#1975 = CARTESIAN_POINT ( 'NONE',  ( 0.000000000000000000, 1.475982003772366631E-16, 1.100000000000000533 ) ) ;
#1976 = CARTESIAN_POINT ( 'NONE',  ( 0.5959933053612861409, -1.102949385531460491, -8.204888342782025390 ) ) ;
#1977 = CARTESIAN_POINT ( 'NONE',  ( 0.6785254037844387076, -1.175240473580839051, -1.745833333333333348 ) ) ;
#1978 = EDGE_CURVE ( 'NONE', #478, #2342, #1435, .T. ) ;
#1979 = CARTESIAN_POINT ( 'NONE',  ( 1.017788105676658228, -0.5876202367904214130, -5.704166666666666607 ) ) ;
#1980 = CARTESIAN_POINT ( 'NONE',  ( 0.6785254037844397068, 1.175240473580833056, -2.141666666666666607 ) ) ;
#1981 = CARTESIAN_POINT ( 'NONE',  ( 1.017788105676658228, -0.5876202367904214130, -4.766666666666667496 ) ) ;
#1982 = CARTESIAN_POINT ( 'NONE',  ( 0.000000000000000000, 1.527063293868263338, -8.303124999999999645 ) ) ;
#1983 = CARTESIAN_POINT ( 'NONE',  ( -1.763300807568879858, -2.574749805408535596E-15, -3.209374999999999645 ) ) ;
#1984 = AXIS2_PLACEMENT_3D ( 'NONE', #956, #3704, #612 ) ;
#1985 = ORIENTED_EDGE ( 'NONE', *, *, #155, .T. ) ;
#1986 = CARTESIAN_POINT ( 'NONE',  ( -1.357050807568878303, -2.599625443516216173E-15, -7.412500000000000533 ) ) ;
#1987 = CARTESIAN_POINT ( 'NONE',  ( -1.017788105676658672, -0.5876202367904206358, -5.933333333333333570 ) ) ;
#1988 = CARTESIAN_POINT ( 'NONE',  ( 1.351959892270764740, -0.2312812350607461598, 1.100000000000000533 ) ) ;
#1989 = CARTESIAN_POINT ( 'NONE',  ( 0.000000000000000000, 4.814824860968089633E-32, -8.349999999999999645 ) ) ;
#1990 = ORIENTED_EDGE ( 'NONE', *, *, #574, .F. ) ;
#1991 = CARTESIAN_POINT ( 'NONE',  ( -1.017788105676658450, 0.5876202367904155288, -5.454166666666666607 ) ) ;
#1992 = CARTESIAN_POINT ( 'NONE',  ( 1.836970198721030181E-16, -1.500000000000000222, -8.349999999999999645 ) ) ;
#1993 = PERSON_AND_ORGANIZATION ( #3214, #4146 ) ;
#1994 = CARTESIAN_POINT ( 'NONE',  ( 0.000000000000000000, 4.814824860968089633E-32, -8.349999999999999645 ) ) ;
#1995 = CARTESIAN_POINT ( 'NONE',  ( 0.000000000000000000, 4.814824860968089633E-32, -8.349999999999999645 ) ) ;
#1996 = CARTESIAN_POINT ( 'NONE',  ( 1.461993123783645876, -0.02611355067667821966, -8.005396575621066546 ) ) ;
#1997 = CARTESIAN_POINT ( 'NONE',  ( -1.357050807568878303, -2.599625443516216173E-15, -1.412500000000000311 ) ) ;
#1998 = CARTESIAN_POINT ( 'NONE',  ( -0.4141511542204261431, 1.369763661025880541, 0.2771778497963232057 ) ) ;
#1999 = CARTESIAN_POINT ( 'NONE',  ( -1.357050807568878303, -2.599625443516216173E-15, -4.412499999999999645 ) ) ;
#2000 = CARTESIAN_POINT ( 'NONE',  ( 1.017788105676659116, 0.5876202367904146406, -3.683333333333333570 ) ) ;
#2001 = CARTESIAN_POINT ( 'NONE',  ( -0.6785254037844389297, 1.175240473580833944, -3.058333333333334014 ) ) ;
#2002 = EDGE_CURVE ( 'NONE', #2791, #2826, #54, .T. ) ;
#2003 = CARTESIAN_POINT ( 'NONE',  ( -1.322475605676660226, -0.7635316469341354439, -7.636458333333333570 ) ) ;
#2004 =( BOUNDED_CURVE ( )  B_SPLINE_CURVE ( 2, ( #3113, #7, #2057, #1114, #2830, #3482, #348 ),
 .UNSPECIFIED., .F., .F. ) 
 B_SPLINE_CURVE_WITH_KNOTS ( ( 3, 2, 2, 3 ),
 ( 0.4750000000000000888, 0.4833333333333333370, 0.4916666666666666963, 0.4999999999999999445 ),
 .UNSPECIFIED. ) 
 CURVE ( )  GEOMETRIC_REPRESENTATION_ITEM ( )  RATIONAL_B_SPLINE_CURVE ( ( 0.9999999999999982236, 0.8660254037844404840, 1.000000000000000000, 0.8660254037844387076, 1.000000000000000000, 0.8660254037844395958, 0.9999999999999991118 ) ) 
 REPRESENTATION_ITEM ( '' )  );
#2005 = CARTESIAN_POINT ( 'NONE',  ( 1.322475605676659560, -0.7635316469341363321, -3.001041666666666607 ) ) ;
#2006 = CARTESIAN_POINT ( 'NONE',  ( 0.8660254037844478114, 1.499999999999987788, -5.329166666666666607 ) ) ;
#2007 = VERTEX_POINT ( 'NONE', #121 ) ;
#2008 = CARTESIAN_POINT ( 'NONE',  ( 0.6785254037844387076, -1.175240473580839051, -6.745833333333332682 ) ) ;
#2009 = CARTESIAN_POINT ( 'NONE',  ( 1.017788105676658228, -0.5876202367904214130, -4.766666666666667496 ) ) ;
#2010 = CARTESIAN_POINT ( 'NONE',  ( 1.299038105676661115, 0.7499999999999977796, -3.433333333333333126 ) ) ;
#2011 = CARTESIAN_POINT ( 'NONE',  ( -1.439254484199190858E-16, -1.175240473580839051, 0.7124999999999995781 ) ) ;
#2012 = ORIENTED_EDGE ( 'NONE', *, *, #3383, .F. ) ;
#2013 = CARTESIAN_POINT ( 'NONE',  ( 0.000000000000000000, 1.175240473580833722, -1.537499999999999867 ) ) ;
#2014 = CARTESIAN_POINT ( 'NONE',  ( -1.836970198721033385E-16, -1.500000000000005773, -0.5999999999999994227 ) ) ;
#2015 = DATE_TIME_ROLE ( 'classification_date' ) ;
#2016 = DIRECTION ( 'NONE',  ( -0.000000000000000000, 4.984837574645996626E-17, -1.000000000000000000 ) ) ;
#2017 = CARTESIAN_POINT ( 'NONE',  ( -1.763300807568879858, -2.574749805408535596E-15, 0.8218749999999996891 ) ) ;
#2018 = CARTESIAN_POINT ( 'NONE',  ( -1.523479285761369467E-11, 1.289203446758868221, -8.165796553241136735 ) ) ;
#2019 = LINE ( 'NONE', #3146, #3861 ) ;
#2020 = CARTESIAN_POINT ( 'NONE',  ( 1.017788105676659116, 0.5876202367904146406, -1.120833333333334014 ) ) ;
#2021 = CARTESIAN_POINT ( 'NONE',  ( -1.248014927871101465, 0.7727592904362953208, 0.3142001498346397304 ) ) ;
#2022 = CARTESIAN_POINT ( 'NONE',  ( 0.6785254037844397068, 1.175240473580833500, -4.579166666666667496 ) ) ;
#2023 = CARTESIAN_POINT ( 'NONE',  ( 0.6785254037844387076, -1.175240473580839273, -1.808333333333333570 ) ) ;
#2024 = CARTESIAN_POINT ( 'NONE',  ( 0.6785254037844387076, -1.175240473580839051, -2.808333333333333570 ) ) ;
#2025 = CARTESIAN_POINT ( 'NONE',  ( 1.763300807568879858, -3.006633943393169801E-15, -6.428125000000000533 ) ) ;
#2026 = CARTESIAN_POINT ( 'NONE',  ( 0.8816504037844393737, -1.527063293868269112, -1.042708333333332904 ) ) ;
#2027 = CARTESIAN_POINT ( 'NONE',  ( -1.017788105676658672, -0.5876202367904206358, -6.933333333333332682 ) ) ;
#2028 = EDGE_CURVE ( 'NONE', #24, #591, #460, .T. ) ;
#2029 = ORIENTED_EDGE ( 'NONE', *, *, #1592, .F. ) ;
#2030 = CARTESIAN_POINT ( 'NONE',  ( -0.6785254037844394848, -1.175240473580838829, -6.329166666666666607 ) ) ;
#2031 = CARTESIAN_POINT ( 'NONE',  ( 1.017788105676658228, -0.5876202367904214130, -4.266666666666666607 ) ) ;
#2032 = CARTESIAN_POINT ( 'NONE',  ( 0.2312812350607371670, -1.351959892270766073, 1.100000000000000533 ) ) ;
#2033 = CARTESIAN_POINT ( 'NONE',  ( 1.299038105676661115, 0.7499999999999976685, -4.370833333333333570 ) ) ;
#2034 = EDGE_CURVE ( 'NONE', #131, #814, #629, .T. ) ;
#2035 = EDGE_LOOP ( 'NONE', ( #4456, #1748, #3906, #3361 ) ) ;
#2036 = CARTESIAN_POINT ( 'NONE',  ( 0.6785254037844387076, -1.175240473580839273, -3.745833333333333570 ) ) ;
#2037 = CARTESIAN_POINT ( 'NONE',  ( 1.299038105676659782, -0.7500000000000047740, -2.454166666666667496 ) ) ;
#2038 = CARTESIAN_POINT ( 'NONE',  ( 1.371600000000000374, -1.475982003772366877E-16, 1.100000000000000533 ) ) ;
#2039 = CARTESIAN_POINT ( 'NONE',  ( -1.322475605676660226, -0.7635316469341354439, -0.6364583333333343473 ) ) ;
#2040 =( BOUNDED_CURVE ( )  B_SPLINE_CURVE ( 2, ( #3417, #3711, #3031, #4120, #1684, #964, #3394 ),
 .UNSPECIFIED., .F., .F. ) 
 B_SPLINE_CURVE_WITH_KNOTS ( ( 3, 2, 2, 3 ),
 ( 0.8749999999999998890, 0.8833333333333331927, 0.8916666666666667185, 0.9000000000000000222 ),
 .UNSPECIFIED. ) 
 CURVE ( )  GEOMETRIC_REPRESENTATION_ITEM ( )  RATIONAL_B_SPLINE_CURVE ( ( 1.000000000000001776, 0.8660254037844369313, 1.000000000000000000, 0.8660254037844387076, 1.000000000000000000, 0.8660254037844387076, 1.000000000000000000 ) ) 
 REPRESENTATION_ITEM ( '' )  );
#2041 = ORIENTED_EDGE ( 'NONE', *, *, #2446, .T. ) ;
#2042 = CARTESIAN_POINT ( 'NONE',  ( -0.8660254037844408170, -1.500000000000005107, -7.141666666666664831 ) ) ;
#2043 = CARTESIAN_POINT ( 'NONE',  ( -1.732050807568880746, -2.576663316032202149E-15, -2.225000000000000089 ) ) ;
#2044 = CARTESIAN_POINT ( 'NONE',  ( -0.6785254037844394848, -1.175240473580838829, -0.8291666666666672736 ) ) ;
#2045 = DIRECTION ( 'NONE',  ( 0.3826834323650989966, 0.9238795325112829637, 7.533978258331657694E-33 ) ) ;
#2046 = AXIS2_PLACEMENT_3D ( 'NONE', #2845, #3924, #510 ) ;
#2047 = CARTESIAN_POINT ( 'NONE',  ( -1.439254484199190858E-16, -1.175240473580839051, -3.287500000000000533 ) ) ;
#2048 = CARTESIAN_POINT ( 'NONE',  ( 1.017788105676658228, -0.5876202367904214130, -0.2666666666666667740 ) ) ;
#2049 = CARTESIAN_POINT ( 'NONE',  ( -1.017788105676658672, -0.5876202367904206358, -4.933333333333332682 ) ) ;
#2050 = CARTESIAN_POINT ( 'NONE',  ( 0.000000000000000000, 1.527063293868263338, -4.303125000000000533 ) ) ;
#2051 = CARTESIAN_POINT ( 'NONE',  ( -1.322475605676660226, -0.7635316469341354439, -2.667708333333333570 ) ) ;
#2052 =( GEOMETRIC_REPRESENTATION_CONTEXT ( 3 ) GLOBAL_UNCERTAINTY_ASSIGNED_CONTEXT ( ( #1257 ) ) GLOBAL_UNIT_ASSIGNED_CONTEXT ( ( #4342, #1611, #193 ) ) REPRESENTATION_CONTEXT ( 'NONE', 'WORKASPACE' ) );
#2053 = VERTEX_POINT ( 'NONE', #844 ) ;
#2054 = CARTESIAN_POINT ( 'NONE',  ( 0.000000000000000000, 1.175240473580833722, -7.037500000000000533 ) ) ;
#2055 = CARTESIAN_POINT ( 'NONE',  ( -1.017788105676658450, 0.5876202367904155288, -4.016666666666666607 ) ) ;
#2056 = CARTESIAN_POINT ( 'NONE',  ( 4.715928681911956862E-17, 0.2312812350607421907, 1.100000000000000533 ) ) ;
#2057 = CARTESIAN_POINT ( 'NONE',  ( -1.299038105676660670, -0.7500000000000037748, -3.183333333333332682 ) ) ;
#2058 = VECTOR ( 'NONE', #4230, 1000.000000000000000 ) ;
#2059 = ORIENTED_EDGE ( 'NONE', *, *, #1762, .F. ) ;
#2060 = CARTESIAN_POINT ( 'NONE',  ( 1.357050807568877859, -2.932007029070127676E-15, -2.662500000000000089 ) ) ;
#2061 = LINE ( 'NONE', #3828, #2665 ) ;
#2062 = PERSON_AND_ORGANIZATION ( #3214, #4146 ) ;
#2063 = CARTESIAN_POINT ( 'NONE',  ( 0.000000000000000000, 1.500000000000000222, -3.787500000000000533 ) ) ;
#2064 = EDGE_CURVE ( 'NONE', #2390, #3961, #2551, .T. ) ;
#2065 = CARTESIAN_POINT ( 'NONE',  ( 1.322475605676659560, -0.7635316469341363321, 0.03020833333333347581 ) ) ;
#2066 = ORIENTED_EDGE ( 'NONE', *, *, #991, .F. ) ;
#2067 = CARTESIAN_POINT ( 'NONE',  ( 0.000000000000000000, 1.500000000000000444, -1.849999999999999645 ) ) ;
#2068 = CARTESIAN_POINT ( 'NONE',  ( 0.000000000000000000, 1.500000000000000444, -0.3499999999999992006 ) ) ;
#2069 = CARTESIAN_POINT ( 'NONE',  ( 0.6785254037844397068, 1.175240473580833500, -5.079166666666666607 ) ) ;
#2070 = CYLINDRICAL_SURFACE ( 'NONE', #3054, 1.500000000000000222 ) ;
#2071 = CARTESIAN_POINT ( 'NONE',  ( 1.017788105676659116, 0.5876202367904146406, -0.1833333333333339588 ) ) ;
#2072 = CARTESIAN_POINT ( 'NONE',  ( -0.8816504037844403729, -1.527063293868268001, -3.594791666666667052 ) ) ;
#2073 = CARTESIAN_POINT ( 'NONE',  ( 0.000000000000000000, 1.527063293868263338, -2.834375000000000089 ) ) ;
#2074 = ORIENTED_EDGE ( 'NONE', *, *, #386, .T. ) ;
#2075 = CARTESIAN_POINT ( 'NONE',  ( -0.6785254037844389297, 1.175240473580833944, -8.495833333333331794 ) ) ;
#2076 = CARTESIAN_POINT ( 'NONE',  ( 0.6785254037844387076, -1.175240473580839051, -2.308333333333333126 ) ) ;
#2077 = DIRECTION ( 'NONE',  ( 1.000000000000000000, 0.000000000000000000, 0.000000000000000000 ) ) ;
#2078 = CARTESIAN_POINT ( 'NONE',  ( 0.8660254037844464792, -1.499999999999994227, -0.4958333333333339032 ) ) ;
#2079 = ORIENTED_EDGE ( 'NONE', *, *, #3215, .F. ) ;
#2080 = CARTESIAN_POINT ( 'NONE',  ( 1.357050807568877859, -2.932007029070127676E-15, -3.662500000000000533 ) ) ;
#2081 = CARTESIAN_POINT ( 'NONE',  ( -1.836970198721033385E-16, -1.500000000000005773, -2.599999999999999645 ) ) ;
#2082 = APPROVAL_STATUS ( 'not_yet_approved' ) ;
#2083 = CARTESIAN_POINT ( 'NONE',  ( -0.2175686711581990840, 0.5252572366576314655, 1.650000000000000355 ) ) ;
#2084 = CARTESIAN_POINT ( 'NONE',  ( -0.8816504037844403729, -1.527063293868268001, -0.5947916666666670515 ) ) ;
#2085 = EDGE_CURVE ( 'NONE', #4399, #2729, #1787, .T. ) ;
#2086 = ORIENTED_EDGE ( 'NONE', *, *, #1616, .F. ) ;
#2087 = ADVANCED_FACE ( 'NONE', ( #1182 ), #346, .T. ) ;
#2088 = CARTESIAN_POINT ( 'NONE',  ( -1.836970198721033385E-16, -1.500000000000005773, -1.599999999999999423 ) ) ;
#2089 = DIRECTION ( 'NONE',  ( -0.000000000000000000, 4.984837574645996626E-17, -1.000000000000000000 ) ) ;
#2090 = LINE ( 'NONE', #1757, #3249 ) ;
#2091 = B_SPLINE_CURVE_WITH_KNOTS ( 'NONE', 3,
 ( #4307, #3216, #3518, #3193, #108, #490, #87, #1847, #2158, #3559 ),
 .UNSPECIFIED., .F., .F.,
 ( 4, 2, 2, 2, 4 ),
 ( 3.134021904840911255E-20, 0.0004749612103932014857, 0.0009499224207864028630, 0.001424883631179604294, 0.001899844841572805726 ),
 .UNSPECIFIED. ) ;
#2092 = CARTESIAN_POINT ( 'NONE',  ( -1.017788105676658672, -0.5876202367904206358, -4.870833333333332682 ) ) ;
#2093 = VECTOR ( 'NONE', #1929, 1000.000000000000000 ) ;
#2094 = CARTESIAN_POINT ( 'NONE',  ( -1.836970198721033385E-16, -1.500000000000005551, -1.537500000000001199 ) ) ;
#2095 = CARTESIAN_POINT ( 'NONE',  ( -1.017788105676658450, 0.5876202367904155288, -2.016666666666666607 ) ) ;
#2096 = CARTESIAN_POINT ( 'NONE',  ( 0.000000000000000000, 1.527063293868263338, -3.803125000000000089 ) ) ;
#2097 = CARTESIAN_POINT ( 'NONE',  ( 1.322475605676659560, -0.7635316469341363321, -2.501041666666667052 ) ) ;
#2098 = EDGE_LOOP ( 'NONE', ( #753, #1201, #1491, #1239 ) ) ;
#2099 = CARTESIAN_POINT ( 'NONE',  ( 0.000000000000000000, 1.175240473580833722, -4.537499999999999645 ) ) ;
#2100 = CARTESIAN_POINT ( 'NONE',  ( -0.6785254037844394848, -1.175240473580838829, -2.391666666666667496 ) ) ;
#2101 = CARTESIAN_POINT ( 'NONE',  ( 1.732050807568880746, -3.000893411522166591E-15, -1.474999999999999201 ) ) ;
#2102 = CARTESIAN_POINT ( 'NONE',  ( -1.836970198721033385E-16, -1.500000000000005773, -3.100000000000000089 ) ) ;
#2103 = ORIENTED_EDGE ( 'NONE', *, *, #875, .F. ) ;
#2104 = CARTESIAN_POINT ( 'NONE',  ( 0.6785254037844397068, 1.175240473580833056, -2.079166666666666607 ) ) ;
#2105 = CARTESIAN_POINT ( 'NONE',  ( 0.8408110011586062971, 0.9346445967824168477, -8.203203107481291667 ) ) ;
#2106 = CARTESIAN_POINT ( 'NONE',  ( 1.333335078643040461, 0.2362063112571555767, 0.1929092827191693504 ) ) ;
#2107 = DIRECTION ( 'NONE',  ( 0.9203638919632243232, 0.3812272063696537927, 0.08715574274765840179 ) ) ;
#2108 = PRODUCT ( '92010A120_Passivated 18-8 Stainless Steel Phillips Flat Head Screw', '92010A120_Passivated 18-8 Stainless Steel Phillips Flat Head Screw', '', ( #3464 ) ) ;
#2109 = ORIENTED_EDGE ( 'NONE', *, *, #107, .T. ) ;
#2110 = DIRECTION ( 'NONE',  ( -0.9238795325112879597, -0.3826834323650867842, 3.120675973225029110E-33 ) ) ;
#2111 = LINE ( 'NONE', #1058, #3764 ) ;
#2112 = CARTESIAN_POINT ( 'NONE',  ( -1.350580645263914192, 0.5916829607605708086, 0.3208299368203496593 ) ) ;
#2113 = CARTESIAN_POINT ( 'NONE',  ( 1.357050807568878303, -2.932007029070127676E-15, -2.662499999999999645 ) ) ;
#2114 = CARTESIAN_POINT ( 'NONE',  ( 0.000000000000000000, 5.089401953351997540E-32, -8.349999999999999645 ) ) ;
#2115 = CARTESIAN_POINT ( 'NONE',  ( -1.439254484199190858E-16, -1.175240473580839051, -1.850000000000000089 ) ) ;
#2116 = CARTESIAN_POINT ( 'NONE',  ( 0.8816504037844408170, 1.527063293868263116, -4.344791666666667496 ) ) ;
#2117 = EDGE_CURVE ( 'NONE', #4316, #4170, #4056, .T. ) ;
#2118 = CARTESIAN_POINT ( 'NONE',  ( -1.870113174931186087E-16, -1.527063293868268667, -0.08437499999999938105 ) ) ;
#2119 =( BOUNDED_CURVE ( )  B_SPLINE_CURVE ( 2, ( #2864, #3233, #2179, #485, #1209, #2560, #1888 ),
 .UNSPECIFIED., .F., .F. ) 
 B_SPLINE_CURVE_WITH_KNOTS ( ( 3, 2, 2, 3 ),
 ( 0.2500000000000000555, 0.2583333333333333592, 0.2666666666666667740, 0.2750000000000000777 ),
 .UNSPECIFIED. ) 
 CURVE ( )  GEOMETRIC_REPRESENTATION_ITEM ( )  RATIONAL_B_SPLINE_CURVE ( ( 0.9999999999999991118, 0.8660254037844395958, 1.000000000000000000, 0.8660254037844387076, 1.000000000000000000, 0.8660254037844378194, 1.000000000000000888 ) ) 
 REPRESENTATION_ITEM ( '' )  );
#2120 = ORIENTED_EDGE ( 'NONE', *, *, #2306, .T. ) ;
#2121 = CARTESIAN_POINT ( 'NONE',  ( 0.6785254037844387076, -1.175240473580839051, -6.245833333333333570 ) ) ;
#2122 = CARTESIAN_POINT ( 'NONE',  ( 1.017788105676659116, 0.5876202367904146406, -3.683333333333333570 ) ) ;
#2123 = CARTESIAN_POINT ( 'NONE',  ( 0.8660254037844362651, -1.500000000000011768, -1.558333333333332904 ) ) ;
#2124 = CARTESIAN_POINT ( 'NONE',  ( -1.732050807568880746, -2.576663316032202149E-15, 0.2749999999999996336 ) ) ;
#2125 = AXIS2_PLACEMENT_3D ( 'NONE', #2193, #459, #3506 ) ;
#2126 = ORIENTED_EDGE ( 'NONE', *, *, #2200, .T. ) ;
#2127 = CARTESIAN_POINT ( 'NONE',  ( 1.017788105676658228, -0.5876202367904214130, -1.204166666666666829 ) ) ;
#2128 = DIRECTION ( 'NONE',  ( 0.01733375049386025324, 0.08714264840443951277, 0.9960450290638855897 ) ) ;
#2129 = CYLINDRICAL_SURFACE ( 'NONE', #993, 1.371600000000000152 ) ;
#2130 = DIRECTION ( 'NONE',  ( -0.000000000000000000, 4.984837574645996626E-17, -1.000000000000000000 ) ) ;
#2131 = VECTOR ( 'NONE', #2371, 1000.000000000000000 ) ;
#2132 = ORIENTED_EDGE ( 'NONE', *, *, #768, .T. ) ;
#2133 = CARTESIAN_POINT ( 'NONE',  ( 0.000000000000000000, 1.500000000000000444, -7.349999999999999645 ) ) ;
#2134 = DIRECTION ( 'NONE',  ( -0.000000000000000000, 4.984837574645996626E-17, -1.000000000000000000 ) ) ;
#2135 = CARTESIAN_POINT ( 'NONE',  ( -1.012531769980557828, -1.076298662820888152, 0.3245293074542214828 ) ) ;
#2136 = CARTESIAN_POINT ( 'NONE',  ( -1.017788105676658450, 0.5876202367904155288, -1.954166666666666607 ) ) ;
#2137 = AXIS2_PLACEMENT_3D ( 'NONE', #85, #106, #2515 ) ;
#2138 = CARTESIAN_POINT ( 'NONE',  ( -1.439254484199190858E-16, -1.175240473580839051, -1.350000000000000533 ) ) ;
#2139 = CARTESIAN_POINT ( 'NONE',  ( 1.763300807568879858, -3.006633943393169801E-15, -5.928124999999999645 ) ) ;
#2140 = CARTESIAN_POINT ( 'NONE',  ( 0.000000000000000000, 1.527063293868263338, 1.665625000000000355 ) ) ;
#2141 = EDGE_CURVE ( 'NONE', #591, #4170, #3601, .T. ) ;
#2142 = EDGE_LOOP ( 'NONE', ( #1033, #3549, #586, #4203 ) ) ;
#2143 = EDGE_CURVE ( 'NONE', #557, #2534, #1032, .T. ) ;
#2144 = CARTESIAN_POINT ( 'NONE',  ( 1.017788105676659116, 0.5876202367904146406, -6.120833333333333570 ) ) ;
#2145 = CARTESIAN_POINT ( 'NONE',  ( -1.357050807568878303, -2.599625443516216173E-15, -1.475000000000000533 ) ) ;
#2146 = CARTESIAN_POINT ( 'NONE',  ( -0.8816504037844398178, 1.527063293868263338, -8.292708333333331794 ) ) ;
#2147 = CARTESIAN_POINT ( 'NONE',  ( 1.836970198721030181E-16, -1.500000000000000222, -8.349999999999999645 ) ) ;
#2148 = ORIENTED_EDGE ( 'NONE', *, *, #2920, .T. ) ;
#2149 = CARTESIAN_POINT ( 'NONE',  ( -1.357050807568877859, -2.599625443516215778E-15, -0.4124999999999996447 ) ) ;
#2150 = DIRECTION ( 'NONE',  ( 0.000000000000000000, -0.000000000000000000, -1.000000000000000000 ) ) ;
#2151 = CARTESIAN_POINT ( 'NONE',  ( 1.171245695610849680, -0.6098523977037357824, 0.1590009937919432681 ) ) ;
#2152 = DIRECTION ( 'NONE',  ( -0.3826834323650900593, 0.9238795325112867385, 0.000000000000000000 ) ) ;
#2153 = CARTESIAN_POINT ( 'NONE',  ( -1.017788105676658450, 0.5876202367904155288, -5.516666666666666607 ) ) ;
#2154 = ORIENTED_EDGE ( 'NONE', *, *, #4298, .F. ) ;
#2155 = CARTESIAN_POINT ( 'NONE',  ( 1.357050807568877859, -2.932007029070127676E-15, -6.662499999999998757 ) ) ;
#2156 = DIRECTION ( 'NONE',  ( -0.000000000000000000, 4.984837574645996626E-17, -1.000000000000000000 ) ) ;
#2157 = CARTESIAN_POINT ( 'NONE',  ( -1.288073563392480914, -0.5610036401226373703, 0.2515876315987856104 ) ) ;
#2158 = CARTESIAN_POINT ( 'NONE',  ( -0.1584510983657201610, -1.248555174413058744, 0.09855517441309688542 ) ) ;
#2159 = CARTESIAN_POINT ( 'NONE',  ( -0.6785254037844394848, -1.175240473580838829, -1.891666666666666385 ) ) ;
#2160 = CARTESIAN_POINT ( 'NONE',  ( -1.322475605676660226, -0.7635316469341354439, -2.136458333333334014 ) ) ;
#2161 = CARTESIAN_POINT ( 'NONE',  ( -1.322475605676660004, 0.7635316469341305590, 1.248958333333332726 ) ) ;
#2162 = CARTESIAN_POINT ( 'NONE',  ( -1.017788105676658672, -0.5876202367904206358, -0.3708333333333341253 ) ) ;
#2163 = ORIENTED_EDGE ( 'NONE', *, *, #3966, .T. ) ;
#2164 = VECTOR ( 'NONE', #4387, 1000.000000000000227 ) ;
#2165 = CARTESIAN_POINT ( 'NONE',  ( 1.357050807568878303, -2.932007029070127676E-15, -5.162500000000000533 ) ) ;
#2166 = CARTESIAN_POINT ( 'NONE',  ( 1.017788105676659116, 0.5876202367904146406, -1.183333333333334014 ) ) ;
#2167 = CARTESIAN_POINT ( 'NONE',  ( -1.870113174931186087E-16, -1.527063293868268667, -7.584374999999999645 ) ) ;
#2168 = EDGE_CURVE ( 'NONE', #4237, #3934, #4455, .T. ) ;
#2169 = AXIS2_PLACEMENT_3D ( 'NONE', #1503, #507, #1482 ) ;
#2170 = LINE ( 'NONE', #2147, #1781 ) ;
#2171 = ORIENTED_EDGE ( 'NONE', *, *, #214, .T. ) ;
#2172 = LINE ( 'NONE', #3550, #3272 ) ;
#2173 = FACE_OUTER_BOUND ( 'NONE', #3730, .T. ) ;
#2174 = CARTESIAN_POINT ( 'NONE',  ( 0.000000000000000000, 1.500000000000000444, -6.349999999999998757 ) ) ;
#2175 = EDGE_CURVE ( 'NONE', #3314, #273, #4064, .T. ) ;
#2176 = CARTESIAN_POINT ( 'NONE',  ( -0.6785254037844394848, -1.175240473580838829, -5.391666666666665719 ) ) ;
#2177 = ORIENTED_EDGE ( 'NONE', *, *, #3778, .F. ) ;
#2178 = CARTESIAN_POINT ( 'NONE',  ( -1.017788105676658672, -0.5876202367904206358, -7.870833333333333570 ) ) ;
#2179 = CARTESIAN_POINT ( 'NONE',  ( 1.299038105676661115, 0.7499999999999977796, -0.9333333333333333481 ) ) ;
#2180 = CARTESIAN_POINT ( 'NONE',  ( 0.000000000000000000, 1.500000000000000222, -6.287500000000000533 ) ) ;
#2181 = CARTESIAN_POINT ( 'NONE',  ( 1.299038105676660004, -0.7500000000000048850, -0.01666666666666612520 ) ) ;
#2182 = CARTESIAN_POINT ( 'NONE',  ( -1.870113174931186087E-16, -1.527063293868268667, -1.553125000000000755 ) ) ;
#2183 = CARTESIAN_POINT ( 'NONE',  ( -0.8816504037844398178, 1.527063293868263338, -0.2927083333333340698 ) ) ;
#2184 =( BOUNDED_CURVE ( )  B_SPLINE_CURVE ( 2, ( #3374, #2674, #3034, #285, #4412, #1327, #2697 ),
 .UNSPECIFIED., .F., .F. ) 
 B_SPLINE_CURVE_WITH_KNOTS ( ( 3, 2, 2, 3 ),
 ( 0.8000000000000000444, 0.8083333333333333481, 0.8166666666666667629, 0.8250000000000000666 ),
 .UNSPECIFIED. ) 
 CURVE ( )  GEOMETRIC_REPRESENTATION_ITEM ( )  RATIONAL_B_SPLINE_CURVE ( ( 1.000000000000000000, 0.8660254037844387076, 1.000000000000000000, 0.8660254037844387076, 1.000000000000000000, 0.8660254037844369313, 1.000000000000001776 ) ) 
 REPRESENTATION_ITEM ( '' )  );
#2185 = CARTESIAN_POINT ( 'NONE',  ( -1.017788105676658672, -0.5876202367904206358, -7.933333333333333570 ) ) ;
#2186 = ORIENTED_EDGE ( 'NONE', *, *, #1042, .T. ) ;
#2187 = CARTESIAN_POINT ( 'NONE',  ( -1.439254484199190858E-16, -1.175240473580839051, -7.349999999999999645 ) ) ;
#2188 = CARTESIAN_POINT ( 'NONE',  ( -1.357050807568878303, -2.599625443516216173E-15, -3.912500000000000533 ) ) ;
#2189 = CARTESIAN_POINT ( 'NONE',  ( 1.017788105676659116, 0.5876202367904146406, 1.316666666666665542 ) ) ;
#2190 = CARTESIAN_POINT ( 'NONE',  ( -0.8816504037844398178, 1.527063293868263338, -6.292708333333333570 ) ) ;
#2191 = CARTESIAN_POINT ( 'NONE',  ( 0.8660254037844478114, 1.499999999999988454, -7.891666666666666607 ) ) ;
#2192 = VERTEX_POINT ( 'NONE', #757 ) ;
#2193 = CARTESIAN_POINT ( 'NONE',  ( 0.000000000000000000, -4.336808689942017243E-16, 0.3500000000000013656 ) ) ;
#2194 = CARTESIAN_POINT ( 'NONE',  ( -1.357050807568878303, -2.599625443516216173E-15, -6.974999999999999645 ) ) ;
#2195 = CARTESIAN_POINT ( 'NONE',  ( -1.836970198721033385E-16, -1.500000000000005773, -6.599999999999999645 ) ) ;
#2196 = CARTESIAN_POINT ( 'NONE',  ( 0.6785254037844387076, -1.175240473580839273, -5.808333333333332682 ) ) ;
#2197 = ORIENTED_EDGE ( 'NONE', *, *, #2365, .T. ) ;
#2198 = CARTESIAN_POINT ( 'NONE',  ( 0.6785254037844387076, -1.175240473580839273, -7.245833333333333570 ) ) ;
#2199 = CARTESIAN_POINT ( 'NONE',  ( -1.368007062791907646, -0.2421225556911038301, -8.077231195542163178 ) ) ;
#2200 = EDGE_CURVE ( 'NONE', #3919, #4004, #2632, .T. ) ;
#2201 = CARTESIAN_POINT ( 'NONE',  ( 0.8660254037844381525, -1.500000000000008660, -6.495833333333335347 ) ) ;
#2202 = CYLINDRICAL_SURFACE ( 'NONE', #2982, 1.500000000000000222 ) ;
#2203 = CIRCLE ( 'NONE', #1984, 1.104999999999999982 ) ;
#2204 = CARTESIAN_POINT ( 'NONE',  ( -1.763300807568879858, -2.574749805408535596E-15, 1.290625000000000133 ) ) ;
#2205 = CARTESIAN_POINT ( 'NONE',  ( -0.6785254037844389297, 1.175240473580833944, 1.004166666666667096 ) ) ;
#2206 = EDGE_LOOP ( 'NONE', ( #3707, #570, #4186, #2957 ) ) ;
#2207 = CARTESIAN_POINT ( 'NONE',  ( 1.357050807568878303, -2.932007029070127676E-15, -6.724999999999999645 ) ) ;
#2208 = CARTESIAN_POINT ( 'NONE',  ( 1.017788105676659116, 0.5876202367904146406, -3.120833333333333126 ) ) ;
#2209 = CARTESIAN_POINT ( 'NONE',  ( 0.000000000000000000, 1.175240473580833722, -0.5999999999999998668 ) ) ;
#2210 = CARTESIAN_POINT ( 'NONE',  ( 0.000000000000000000, 1.527063293868263338, -8.334374999999999645 ) ) ;
#2211 = CYLINDRICAL_SURFACE ( 'NONE', #3355, 1.500000000000000222 ) ;
#2212 =( BOUNDED_CURVE ( )  B_SPLINE_CURVE ( 2, ( #2397, #394, #2037, #4452, #1073, #351, #1364 ),
 .UNSPECIFIED., .F., .F. ) 
 B_SPLINE_CURVE_WITH_KNOTS ( ( 3, 2, 2, 3 ),
 ( 0.6249999999999998890, 0.6333333333333331927, 0.6416666666666666075, 0.6499999999999999112 ),
 .UNSPECIFIED. ) 
 CURVE ( )  GEOMETRIC_REPRESENTATION_ITEM ( )  RATIONAL_B_SPLINE_CURVE ( ( 1.000000000000001776, 0.8660254037844369313, 1.000000000000000000, 0.8660254037844387076, 1.000000000000000000, 0.8660254037844404840, 0.9999999999999982236 ) ) 
 REPRESENTATION_ITEM ( '' )  );
#2213 = ORIENTED_EDGE ( 'NONE', *, *, #1210, .F. ) ;
#2214 = ORIENTED_EDGE ( 'NONE', *, *, #1763, .F. ) ;
#2215 = CARTESIAN_POINT ( 'NONE',  ( 0.000000000000000000, 1.500000000000000444, -4.850000000000000533 ) ) ;
#2216 = CARTESIAN_POINT ( 'NONE',  ( 1.017788105676658228, -0.5876202367904214130, -8.266666666666667496 ) ) ;
#2217 = CYLINDRICAL_SURFACE ( 'NONE', #3800, 1.500000000000000222 ) ;
#2218 = CARTESIAN_POINT ( 'NONE',  ( -0.6785254037844394848, -1.175240473580838829, -5.891666666666666607 ) ) ;
#2219 = CARTESIAN_POINT ( 'NONE',  ( 0.6785254037844387076, -1.175240473580839051, -1.745833333333333348 ) ) ;
#2220 = ORIENTED_EDGE ( 'NONE', *, *, #3636, .T. ) ;
#2221 = CARTESIAN_POINT ( 'NONE',  ( -0.6785254037844389297, 1.175240473580833722, -7.495833333333334458 ) ) ;
#2222 = DIRECTION ( 'NONE',  ( -0.000000000000000000, 4.984837574645996626E-17, -1.000000000000000000 ) ) ;
#2223 = LINE ( 'NONE', #2261, #195 ) ;
#2224 = EDGE_CURVE ( 'NONE', #2342, #3961, #377, .T. ) ;
#2225 = EDGE_CURVE ( 'NONE', #102, #3254, #4169, .T. ) ;
#2226 = DIRECTION ( 'NONE',  ( 0.000000000000000000, 1.000000000000000000, 0.000000000000000000 ) ) ;
#2227 = CARTESIAN_POINT ( 'NONE',  ( 1.017788105676659116, 0.5876202367904146406, -6.120833333333333570 ) ) ;
#2228 = CARTESIAN_POINT ( 'NONE',  ( -1.017788105676658672, -0.5876202367904206358, 1.129166666666667318 ) ) ;
#2229 = ORIENTED_EDGE ( 'NONE', *, *, #4403, .T. ) ;
#2230 = CARTESIAN_POINT ( 'NONE',  ( 0.6785254037844387076, -1.175240473580839051, -5.808333333333332682 ) ) ;
#2231 = CARTESIAN_POINT ( 'NONE',  ( -0.6785254037844394848, -1.175240473580838829, -3.329166666666667496 ) ) ;
#2232 = CARTESIAN_POINT ( 'NONE',  ( -1.017788105676658672, -0.5876202367904206358, -0.4333333333333341808 ) ) ;
#2233 = CARTESIAN_POINT ( 'NONE',  ( 0.8816504037844393737, -1.527063293868269112, -8.042708333333331794 ) ) ;
#2234 = ORIENTED_EDGE ( 'NONE', *, *, #386, .F. ) ;
#2235 = DIRECTION ( 'NONE',  ( -1.000000000000000000, 2.039045096189232828E-16, 0.000000000000000000 ) ) ;
#2236 = VECTOR ( 'NONE', #399, 1000.000000000000227 ) ;
#2237 = CARTESIAN_POINT ( 'NONE',  ( 1.017788105676659116, 0.5876202367904146406, -6.683333333333333570 ) ) ;
#2238 = CARTESIAN_POINT ( 'NONE',  ( -1.357050807568878303, -2.599625443516216173E-15, -0.9125000000000000888 ) ) ;
#2239 = EDGE_LOOP ( 'NONE', ( #798, #848, #4050, #3801 ) ) ;
#2240 = CARTESIAN_POINT ( 'NONE',  ( 1.357050807568877859, -2.932007029070127676E-15, -5.162500000000000533 ) ) ;
#2241 = DIRECTION ( 'NONE',  ( -3.491481338843133355E-15, -1.000000000000000000, 0.000000000000000000 ) ) ;
#2242 = DIRECTION ( 'NONE',  ( 0.000000000000000000, 1.000000000000000000, 1.554359398917796077E-16 ) ) ;
#2243 = CARTESIAN_POINT ( 'NONE',  ( 0.000000000000000000, 1.500000000000000222, -1.787500000000000533 ) ) ;
#2244 = CARTESIAN_POINT ( 'NONE',  ( 0.8111205463046241571, 0.2794000000000002593, 1.650000000000000355 ) ) ;
#2245 = CARTESIAN_POINT ( 'NONE',  ( -1.439254484199190858E-16, -1.175240473580839051, -6.787500000000000533 ) ) ;
#2246 = CARTESIAN_POINT ( 'NONE',  ( 0.6785254037844387076, -1.175240473580839051, 0.2541666666666664298 ) ) ;
#2247 = ORIENTED_EDGE ( 'NONE', *, *, #2996, .F. ) ;
#2248 = CARTESIAN_POINT ( 'NONE',  ( -1.357050807568878303, -2.599625443516216173E-15, -6.474999999999998757 ) ) ;
#2249 = CARTESIAN_POINT ( 'NONE',  ( 0.6785254037844397068, 1.175240473580833500, -2.079166666666666607 ) ) ;
#2250 = ADVANCED_FACE ( 'NONE', ( #3553 ), #3206, .T. ) ;
#2251 = CARTESIAN_POINT ( 'NONE',  ( -1.017788105676658672, -0.5876202367904206358, 0.06666666666666626329 ) ) ;
#2252 = CARTESIAN_POINT ( 'NONE',  ( 0.8816504037844393737, -1.527063293868269112, -4.042708333333332682 ) ) ;
#2253 = CARTESIAN_POINT ( 'NONE',  ( -1.357050807568877859, -2.599625443516215778E-15, -7.975000000000000533 ) ) ;
#2254 = ORIENTED_EDGE ( 'NONE', *, *, #1535, .F. ) ;
#2255 = CARTESIAN_POINT ( 'NONE',  ( -0.6785254037844394848, -1.175240473580838829, -7.391666666666665719 ) ) ;
#2256 = CARTESIAN_POINT ( 'NONE',  ( 1.299038105676660004, -0.7500000000000048850, -6.016666666666666607 ) ) ;
#2257 = CARTESIAN_POINT ( 'NONE',  ( 1.017788105676658228, -0.5876202367904214130, -0.2041666666666667185 ) ) ;
#2258 = VERTEX_POINT ( 'NONE', #2836 ) ;
#2259 = CARTESIAN_POINT ( 'NONE',  ( 1.357050807568877859, -2.932007029070127676E-15, -6.162499999999999645 ) ) ;
#2260 = CYLINDRICAL_SURFACE ( 'NONE', #1737, 1.371600000000000374 ) ;
#2261 = CARTESIAN_POINT ( 'NONE',  ( 0.000000000000000000, 1.500000000000000222, -8.349999999999999645 ) ) ;
#2262 = CARTESIAN_POINT ( 'NONE',  ( 1.763300807568879858, -3.006633943393169801E-15, -2.428125000000000533 ) ) ;
#2263 = APPROVAL_PERSON_ORGANIZATION ( #1993, #2831, #3788 ) ;
#2264 = CARTESIAN_POINT ( 'NONE',  ( 0.000000000000000000, 1.500000000000000222, -4.287500000000001421 ) ) ;
#2265 = CARTESIAN_POINT ( 'NONE',  ( 1.299038105676661115, 0.7499999999999976685, -2.870833333333334014 ) ) ;
#2266 = CARTESIAN_POINT ( 'NONE',  ( -1.017788105676658672, -0.5876202367904206358, -6.370833333333333570 ) ) ;
#2267 = CARTESIAN_POINT ( 'NONE',  ( 0.6785254037844387076, -1.175240473580839273, -3.808333333333333570 ) ) ;
#2268 = EDGE_LOOP ( 'NONE', ( #2395, #3500, #356, #278 ) ) ;
#2269 = CARTESIAN_POINT ( 'NONE',  ( 1.017788105676659116, 0.5876202367904146406, -7.683333333333333570 ) ) ;
#2270 = CARTESIAN_POINT ( 'NONE',  ( -1.439254484199190858E-16, -1.175240473580839051, -0.3499999999999996447 ) ) ;
#2271 = CARTESIAN_POINT ( 'NONE',  ( 1.322475605676660448, 0.7635316469341292267, -4.917708333333332682 ) ) ;
#2272 = CARTESIAN_POINT ( 'NONE',  ( -1.357050807568877859, -2.599625443516215778E-15, -7.474999999999999645 ) ) ;
#2273 = EDGE_CURVE ( 'NONE', #46, #799, #57, .T. ) ;
#2274 = ORIENTED_EDGE ( 'NONE', *, *, #902, .F. ) ;
#2275 = LINE ( 'NONE', #2980, #2628 ) ;
#2276 = CARTESIAN_POINT ( 'NONE',  ( 0.000000000000000000, 1.175240473580833722, -8.099999999999999645 ) ) ;
#2277 = CARTESIAN_POINT ( 'NONE',  ( -1.732050807568880746, -2.576663316032202938E-15, -2.162500000000000977 ) ) ;
#2278 = CARTESIAN_POINT ( 'NONE',  ( -0.8660254037844475894, -1.499999999999993561, -4.141666666666667496 ) ) ;
#2279 = ORIENTED_EDGE ( 'NONE', *, *, #1210, .T. ) ;
#2280 = CARTESIAN_POINT ( 'NONE',  ( -1.439254484199190858E-16, -1.175240473580839051, -4.787499999999999645 ) ) ;
#2281 = CARTESIAN_POINT ( 'NONE',  ( 0.2781747951757046478, 0.8108768379124984271, 1.635995844776708896 ) ) ;
#2282 = CARTESIAN_POINT ( 'NONE',  ( 1.357050807568878303, -2.932007029070127676E-15, 1.274999999999999911 ) ) ;
#2283 = DIRECTION ( 'NONE',  ( 0.08715574274765836016, 0.000000000000000000, 0.9961946980917455452 ) ) ;
#2284 = CARTESIAN_POINT ( 'NONE',  ( 0.8816504037844393737, -1.527063293868269112, -2.011458333333333570 ) ) ;
#2285 = CARTESIAN_POINT ( 'NONE',  ( -1.732050807568880746, -2.576663316032202149E-15, -7.724999999999999645 ) ) ;
#2286 = DIRECTION ( 'NONE',  ( 0.9961946980917455452, -1.063771418612476408E-14, 0.08715574274765836016 ) ) ;
#2287 = CARTESIAN_POINT ( 'NONE',  ( 0.000000000000000000, 1.175240473580833722, -7.537499999999999645 ) ) ;
#2288 = CARTESIAN_POINT ( 'NONE',  ( 1.357050807568877859, -2.932007029070127676E-15, -3.225000000000000533 ) ) ;
#2289 = CARTESIAN_POINT ( 'NONE',  ( -8.900635060914814293E-16, -0.2794000000000002593, 1.650000000000000355 ) ) ;
#2290 = CARTESIAN_POINT ( 'NONE',  ( 1.357050807568878303, -2.932007029070127676E-15, -2.725000000000000533 ) ) ;
#2291 = CARTESIAN_POINT ( 'NONE',  ( -0.8816504037844403729, -1.527063293868268001, -6.094791666666666607 ) ) ;
#2292 = CARTESIAN_POINT ( 'NONE',  ( 1.322475605676660448, 0.7635316469341292267, -3.417708333333333570 ) ) ;
#2293 = DIRECTION ( 'NONE',  ( 1.000000000000000000, 0.000000000000000000, 0.000000000000000000 ) ) ;
#2294 = ORIENTED_EDGE ( 'NONE', *, *, #3242, .F. ) ;
#2295 = DIRECTION ( 'NONE',  ( -1.067834852614832266E-14, -1.000000000000000000, -0.000000000000000000 ) ) ;
#2296 = CARTESIAN_POINT ( 'NONE',  ( -1.439254484199190858E-16, -1.175240473580839051, -5.350000000000000533 ) ) ;
#2297 = EDGE_CURVE ( 'NONE', #2438, #443, #4011, .T. ) ;
#2298 = CARTESIAN_POINT ( 'NONE',  ( -1.299038105676660448, 0.7499999999999990008, -5.266666666666664831 ) ) ;
#2299 = VECTOR ( 'NONE', #572, 1000.000000000000227 ) ;
#2300 = CARTESIAN_POINT ( 'NONE',  ( -0.6785254037844394848, -1.175240473580838829, 0.1708333333333336146 ) ) ;
#2301 = ORIENTED_EDGE ( 'NONE', *, *, #432, .T. ) ;
#2302 = CARTESIAN_POINT ( 'NONE',  ( -1.439254484199190858E-16, -1.175240473580839051, -4.287500000000000533 ) ) ;
#2303 = CARTESIAN_POINT ( 'NONE',  ( -1.475982003772366877E-16, 5.089934792135742154E-31, 1.100000000000000533 ) ) ;
#2304 = CARTESIAN_POINT ( 'NONE',  ( -1.357050807568878303, -2.599625443516216173E-15, 0.5249999999999994671 ) ) ;
#2305 = CARTESIAN_POINT ( 'NONE',  ( -1.836970198721033385E-16, -1.500000000000005773, -7.099999999999999645 ) ) ;
#2306 = EDGE_CURVE ( 'NONE', #4004, #3227, #802, .T. ) ;
#2307 = CARTESIAN_POINT ( 'NONE',  ( -1.870113174931186087E-16, -1.527063293868268667, -2.553125000000000533 ) ) ;
#2308 = CARTESIAN_POINT ( 'NONE',  ( -1.299038105676660670, -0.7500000000000037748, -5.683333333333333570 ) ) ;
#2309 = CARTESIAN_POINT ( 'NONE',  ( 1.732050807568880746, -3.000893411522166591E-15, -2.912500000000000533 ) ) ;
#2310 = CARTESIAN_POINT ( 'NONE',  ( -0.6785254037844394848, -1.175240473580838829, -7.829166666666666607 ) ) ;
#2311 = CARTESIAN_POINT ( 'NONE',  ( -0.6785254037844389297, 1.175240473580833722, -4.058333333333332682 ) ) ;
#2312 = CARTESIAN_POINT ( 'NONE',  ( -0.6785254037844394848, -1.175240473580838829, -4.391666666666667496 ) ) ;
#2313 = CARTESIAN_POINT ( 'NONE',  ( -1.322475605676660004, 0.7635316469341305590, -7.719791666666666607 ) ) ;
#2314 =( BOUNDED_SURFACE ( )  B_SPLINE_SURFACE ( 1, 2, ( 
 ( #2210, #2146, #1812, #95, #1494, #1139, #3180, #2233, #161, #139, #3867, #1792, #1113, #3954, #2915, #117, #775, #3889, #2167, #4292, #2874, #2895, #1450, #2505, #431, #1178, #1198, #3525, #1856, #795, #1472, #2524, #3159, #456, #3225, #1833, #3911, #3200, #818, #2853, #3568, #71, #497, #3591, #4251, #1515, #3614, #2480, #1159, #2190, #476, #4270, #2547, #2572, #3932, #2829, #840, #1877, #3244, #862, #4206, #2999, #4314, #906, #1940, #1312, #3976, #519, #3698, #4397, #3678, #537, #583, #3634, #3312, #948, #2937, #4066, #3997, #1553, #2659, #2955, #2271, #2682, #3657, #974, #4377, #561, #883, #1919, #3288, #227, #4333, #202, #2339, #3359, #3334, #2593, #1899, #1221, #3265, #1647, #1601, #2252, #2615, #2977, #3018, #4354, #1625, #181, #1242, #1576, #1287, #1265, #2638, #1962, #4019, #927, #2292, #248, #4043, #2315, #605, #1983, #271, #2752, #317, #1041, #2005, #2431, #4153, #997, #2073, #1086, #3041, #4089, #2051, #2366, #4419, #2407, #2097, #3108, #3381, #22, #365, #1400, #2773, #1065, #1742, #1333, #4111, #678, #44, #2704, #3726, #3821, #3129, #3799, #3752, #702, #655, #3430, #722, #1672, #2801, #2728, #293, #3477, #1694, #1020, #1426, #2388, #4179, #387, #3775, #2026, #3405, #3455, #3064, #1765, #1356, #342, #4444, #633, #1721, #3086, #4465, #1379, #4130, #67, #3882, #1467, #1808, #2183, #4202, #2869, #3585, #1788, #2118, #746, #2541, #2848, #3195, #3863, #3542, #833, #3499, #3176, #4224, #2475, #133, #3904, #2824, #4245, #3236, #2887, #1132, #3926, #1109, #1508, #3562, #1489, #153, #491, #2498, #770, #790, #90, #1528, #3154, #2161, #2204, #451, #1870, #1152, #2909, #2518, #1828, #1445, #4286, #2140 ),
 ( #3521, #812, #2452, #4264, #427, #112, #469, #1850, #3218, #1172, #3843, #405, #4014, #3259, #1190, #512, #3354, #2310, #3991, #174, #3282, #1571, #3694, #898, #2287, #856, #3627, #4308, #578, #601, #1547, #1258, #531, #2929, #1935, #2565, #198, #2631, #1914, #3307, #2950, #221, #2245, #2972, #3948, #4371, #1619, #1215, #922, #3014, #1891, #2587, #2266, #3970, #877, #4349, #4037, #1957, #2227, #3329, #3673, #243, #2992, #1282, #2654, #4328, #1237, #2610, #1979, #3651, #3608, #944, #265, #1643, #555, #1596, #3037, #2724, #361, #2335, #3473, #3401, #970, #2069, #2361, #1690, #3816, #313, #2092, #2403, #3060, #4061, #4415, #1373, #2700, #2022, #2767, #4085, #4106, #1999, #1352, #4440, #3745, #4126, #1667, #337, #1061, #3721, #628, #2678, #16, #1014, #674, #1329, #2384, #4149, #3377, #650, #3771, #992, #3450, #2745, #288, #1717, #719, #1736, #2047, #3425, #3082, #4461, #1037, #3795, #382, #2427, #696, #3101, #4393, #1395, #1759, #1308, #1463, #2113, #764, #3517, #4320, #2843, #4300, #2795, #1105, #1782, #2578, #1228, #3492, #3253, #2469, #401, #3940, #3124, #2136, #168, #3857, #847, #423, #2219, #4197, #504, #1421, #1906, #3620, #3150, #1540, #546, #2448, #63, #4218, #1441, #3839, #1885, #1563, #3960, #4174, #868, #1206, #2238, #524, #3274, #189, #741, #1804, #86, #3982, #2819, #40, #2943, #2599, #2922, #3172, #889, #1127, #2557, #2257, #1082, #3642, #3598, #2962, #4072, #4360, #3684, #1340, #2300, #4095, #4404, #590, #1583, #1946, #3366, #233, #1655, #4027, #1968, #913, #639, #2011, #1318, #4003, #3341, #1634, #2372, #934, #256, #613, #3006, #2983, #4384, #1297, #3388, #1273, #2688, #302, #1680, #2666 ) ),
 .UNSPECIFIED., .F., .F., .F. ) 
 B_SPLINE_SURFACE_WITH_KNOTS ( ( 2, 2 ),
 ( 3, 2, 2, 2, 2, 2, 2, 2, 2, 2, 2, 2, 2, 2, 2, 2, 2, 2, 2, 2, 2, 2, 2, 2, 2, 2, 2, 2, 2, 2, 2, 2, 2, 2, 2, 2, 2, 2, 2, 2, 2, 2, 2, 2, 2, 2, 2, 2, 2, 2, 2, 2, 2, 2, 2, 2, 2, 2, 2, 2, 2, 2, 2, 2, 2, 2, 2, 2, 2, 2, 2, 2, 2, 2, 2, 2, 2, 2, 2, 2, 2, 2, 2, 2, 2, 2, 2, 2, 2, 2, 2, 2, 2, 2, 2, 2, 2, 2, 2, 2, 2, 2, 2, 2, 2, 2, 2, 2, 2, 2, 2, 2, 2, 2, 2, 2, 2, 2, 2, 2, 3 ),
 ( 0.000000000000000000, 1.000000000000000000 ),
 ( 0.000000000000000000, 0.008333333333333333218, 0.01666666666666666644, 0.02500000000000000139, 0.03333333333333333287, 0.04166666666666666435, 0.05000000000000000278, 0.05833333333333333426, 0.06666666666666666574, 0.07499999999999999722, 0.08333333333333332871, 0.09166666666666666019, 0.1000000000000000056, 0.1083333333333333370, 0.1166666666666666685, 0.1250000000000000000, 0.1333333333333333315, 0.1416666666666666630, 0.1499999999999999944, 0.1583333333333333259, 0.1666666666666666574, 0.1749999999999999889, 0.1833333333333333204, 0.1916666666666666796, 0.2000000000000000111, 0.2083333333333333426, 0.2166666666666666741, 0.2250000000000000056, 0.2333333333333333370, 0.2416666666666666685, 0.2500000000000000000, 0.2583333333333333592, 0.2666666666666666630, 0.2750000000000000222, 0.2833333333333333259, 0.2916666666666666852, 0.2999999999999999889, 0.3083333333333333481, 0.3166666666666666519, 0.3250000000000000111, 0.3333333333333333148, 0.3416666666666666741, 0.3499999999999999778, 0.3583333333333333370, 0.3666666666666666408, 0.3750000000000000000, 0.3833333333333333592, 0.3916666666666666630, 0.4000000000000000222, 0.4083333333333333259, 0.4166666666666666852, 0.4249999999999999889, 0.4333333333333333481, 0.4416666666666666519, 0.4500000000000000111, 0.4583333333333333148, 0.4666666666666666741, 0.4749999999999999778, 0.4833333333333333370, 0.4916666666666666408, 0.5000000000000000000, 0.5083333333333333037, 0.5166666666666667185, 0.5250000000000000222, 0.5333333333333333259, 0.5416666666666666297, 0.5500000000000000444, 0.5583333333333333481, 0.5666666666666666519, 0.5749999999999999556, 0.5833333333333333703, 0.5916666666666666741, 0.5999999999999999778, 0.6083333333333332815, 0.6166666666666666963, 0.6250000000000000000, 0.6333333333333333037, 0.6416666666666667185, 0.6500000000000000222, 0.6583333333333333259, 0.6666666666666666297, 0.6750000000000000444, 0.6833333333333333481, 0.6916666666666666519, 0.6999999999999999556, 0.7083333333333333703, 0.7166666666666666741, 0.7249999999999999778, 0.7333333333333332815, 0.7416666666666666963, 0.7500000000000000000, 0.7583333333333333037, 0.7666666666666667185, 0.7750000000000000222, 0.7833333333333333259, 0.7916666666666666297, 0.8000000000000000444, 0.8083333333333333481, 0.8166666666666666519, 0.8249999999999999556, 0.8333333333333333703, 0.8416666666666666741, 0.8499999999999999778, 0.8583333333333332815, 0.8666666666666666963, 0.8750000000000000000, 0.8833333333333333037, 0.8916666666666667185, 0.9000000000000000222, 0.9083333333333333259, 0.9166666666666666297, 0.9250000000000000444, 0.9333333333333333481, 0.9416666666666666519, 0.9499999999999999556, 0.9583333333333333703, 0.9666666666666666741, 0.9749999999999999778, 0.9833333333333332815, 0.9916666666666666963, 1.000000000000000000 ),
 .UNSPECIFIED. ) 
 GEOMETRIC_REPRESENTATION_ITEM ( )  RATIONAL_B_SPLINE_SURFACE ( (
 ( 1.000000000000000000, 0.8660254037844387076, 1.000000000000000000, 0.8660254037844387076, 1.000000000000000000, 0.8660254037844387076, 1.000000000000000000, 0.8660254037844387076, 1.000000000000000000, 0.8660254037844387076, 1.000000000000000000, 0.8660254037844387076, 1.000000000000000000, 0.8660254037844387076, 1.000000000000000000, 0.8660254037844387076, 1.000000000000000000, 0.8660254037844387076, 1.000000000000000000, 0.8660254037844387076, 1.000000000000000000, 0.8660254037844387076, 1.000000000000000000, 0.8660254037844387076, 1.000000000000000000, 0.8660254037844387076, 1.000000000000000000, 0.8660254037844387076, 1.000000000000000000, 0.8660254037844387076, 1.000000000000000000, 0.8660254037844387076, 1.000000000000000000, 0.8660254037844387076, 1.000000000000000000, 0.8660254037844387076, 1.000000000000000000, 0.8660254037844387076, 1.000000000000000000, 0.8660254037844387076, 1.000000000000000000, 0.8660254037844387076, 1.000000000000000000, 0.8660254037844387076, 1.000000000000000000, 0.8660254037844387076, 1.000000000000000000, 0.8660254037844387076, 1.000000000000000000, 0.8660254037844387076, 1.000000000000000000, 0.8660254037844387076, 1.000000000000000000, 0.8660254037844387076, 1.000000000000000000, 0.8660254037844387076, 1.000000000000000000, 0.8660254037844387076, 1.000000000000000000, 0.8660254037844387076, 1.000000000000000000, 0.8660254037844387076, 1.000000000000000000, 0.8660254037844387076, 1.000000000000000000, 0.8660254037844387076, 1.000000000000000000, 0.8660254037844387076, 1.000000000000000000, 0.8660254037844387076, 1.000000000000000000, 0.8660254037844387076, 1.000000000000000000, 0.8660254037844387076, 1.000000000000000000, 0.8660254037844387076, 1.000000000000000000, 0.8660254037844387076, 1.000000000000000000, 0.8660254037844387076, 1.000000000000000000, 0.8660254037844387076, 1.000000000000000000, 0.8660254037844387076, 1.000000000000000000, 0.8660254037844387076, 1.000000000000000000, 0.8660254037844387076, 1.000000000000000000, 0.8660254037844387076, 1.000000000000000000, 0.8660254037844387076, 1.000000000000000000, 0.8660254037844387076, 1.000000000000000000, 0.8660254037844387076, 1.000000000000000000, 0.8660254037844387076, 1.000000000000000000, 0.8660254037844387076, 1.000000000000000000, 0.8660254037844387076, 1.000000000000000000, 0.8660254037844387076, 1.000000000000000000, 0.8660254037844387076, 1.000000000000000000, 0.8660254037844387076, 1.000000000000000000, 0.8660254037844387076, 1.000000000000000000, 0.8660254037844387076, 1.000000000000000000, 0.8660254037844387076, 1.000000000000000000, 0.8660254037844387076, 1.000000000000000000, 0.8660254037844387076, 1.000000000000000000, 0.8660254037844387076, 1.000000000000000000, 0.8660254037844387076, 1.000000000000000000, 0.8660254037844387076, 1.000000000000000000, 0.8660254037844387076, 1.000000000000000000, 0.8660254037844387076, 1.000000000000000000, 0.8660254037844387076, 1.000000000000000000, 0.8660254037844387076, 1.000000000000000000, 0.8660254037844387076, 1.000000000000000000, 0.8660254037844387076, 1.000000000000000000, 0.8660254037844387076, 1.000000000000000000, 0.8660254037844387076, 1.000000000000000000, 0.8660254037844387076, 1.000000000000000000, 0.8660254037844387076, 1.000000000000000000, 0.8660254037844387076, 1.000000000000000000, 0.8660254037844387076, 1.000000000000000000, 0.8660254037844387076, 1.000000000000000000, 0.8660254037844387076, 1.000000000000000000, 0.8660254037844387076, 1.000000000000000000, 0.8660254037844387076, 1.000000000000000000, 0.8660254037844387076, 1.000000000000000000, 0.8660254037844387076, 1.000000000000000000, 0.8660254037844387076, 1.000000000000000000, 0.8660254037844387076, 1.000000000000000000, 0.8660254037844387076, 1.000000000000000000, 0.8660254037844387076, 1.000000000000000000, 0.8660254037844387076, 1.000000000000000000, 0.8660254037844387076, 1.000000000000000000, 0.8660254037844387076, 1.000000000000000000, 0.8660254037844387076, 1.000000000000000000, 0.8660254037844387076, 1.000000000000000000, 0.8660254037844387076, 1.000000000000000000, 0.8660254037844387076, 1.000000000000000000, 0.8660254037844387076, 1.000000000000000000, 0.8660254037844387076, 1.000000000000000000, 0.8660254037844387076, 1.000000000000000000, 0.8660254037844387076, 1.000000000000000000, 0.8660254037844387076, 1.000000000000000000, 0.8660254037844387076, 1.000000000000000000, 0.8660254037844387076, 1.000000000000000000, 0.8660254037844387076, 1.000000000000000000, 0.8660254037844387076, 1.000000000000000000, 0.8660254037844387076, 1.000000000000000000, 0.8660254037844387076, 1.000000000000000000, 0.8660254037844387076, 1.000000000000000000, 0.8660254037844387076, 1.000000000000000000, 0.8660254037844387076, 1.000000000000000000, 0.8660254037844387076, 1.000000000000000000, 0.8660254037844387076, 1.000000000000000000, 0.8660254037844387076, 1.000000000000000000, 0.8660254037844387076, 1.000000000000000000, 0.8660254037844387076, 1.000000000000000000, 0.8660254037844387076, 1.000000000000000000, 0.8660254037844387076, 1.000000000000000000, 0.8660254037844387076, 1.000000000000000000, 0.8660254037844387076, 1.000000000000000000, 0.8660254037844387076, 1.000000000000000000, 0.8660254037844387076, 1.000000000000000000, 0.8660254037844387076, 1.000000000000000000, 0.8660254037844387076, 1.000000000000000000, 0.8660254037844387076, 1.000000000000000000, 0.8660254037844387076, 1.000000000000000000),
 ( 1.000000000000000000, 0.8660254037844387076, 1.000000000000000000, 0.8660254037844387076, 1.000000000000000000, 0.8660254037844387076, 1.000000000000000000, 0.8660254037844387076, 1.000000000000000000, 0.8660254037844387076, 1.000000000000000000, 0.8660254037844387076, 1.000000000000000000, 0.8660254037844387076, 1.000000000000000000, 0.8660254037844387076, 1.000000000000000000, 0.8660254037844387076, 1.000000000000000000, 0.8660254037844387076, 1.000000000000000000, 0.8660254037844387076, 1.000000000000000000, 0.8660254037844387076, 1.000000000000000000, 0.8660254037844387076, 1.000000000000000000, 0.8660254037844387076, 1.000000000000000000, 0.8660254037844387076, 1.000000000000000000, 0.8660254037844387076, 1.000000000000000000, 0.8660254037844387076, 1.000000000000000000, 0.8660254037844387076, 1.000000000000000000, 0.8660254037844387076, 1.000000000000000000, 0.8660254037844387076, 1.000000000000000000, 0.8660254037844387076, 1.000000000000000000, 0.8660254037844387076, 1.000000000000000000, 0.8660254037844387076, 1.000000000000000000, 0.8660254037844387076, 1.000000000000000000, 0.8660254037844387076, 1.000000000000000000, 0.8660254037844387076, 1.000000000000000000, 0.8660254037844387076, 1.000000000000000000, 0.8660254037844387076, 1.000000000000000000, 0.8660254037844387076, 1.000000000000000000, 0.8660254037844387076, 1.000000000000000000, 0.8660254037844387076, 1.000000000000000000, 0.8660254037844387076, 1.000000000000000000, 0.8660254037844387076, 1.000000000000000000, 0.8660254037844387076, 1.000000000000000000, 0.8660254037844387076, 1.000000000000000000, 0.8660254037844387076, 1.000000000000000000, 0.8660254037844387076, 1.000000000000000000, 0.8660254037844387076, 1.000000000000000000, 0.8660254037844387076, 1.000000000000000000, 0.8660254037844387076, 1.000000000000000000, 0.8660254037844387076, 1.000000000000000000, 0.8660254037844387076, 1.000000000000000000, 0.8660254037844387076, 1.000000000000000000, 0.8660254037844387076, 1.000000000000000000, 0.8660254037844387076, 1.000000000000000000, 0.8660254037844387076, 1.000000000000000000, 0.8660254037844387076, 1.000000000000000000, 0.8660254037844387076, 1.000000000000000000, 0.8660254037844387076, 1.000000000000000000, 0.8660254037844387076, 1.000000000000000000, 0.8660254037844387076, 1.000000000000000000, 0.8660254037844387076, 1.000000000000000000, 0.8660254037844387076, 1.000000000000000000, 0.8660254037844387076, 1.000000000000000000, 0.8660254037844387076, 1.000000000000000000, 0.8660254037844387076, 1.000000000000000000, 0.8660254037844387076, 1.000000000000000000, 0.8660254037844387076, 1.000000000000000000, 0.8660254037844387076, 1.000000000000000000, 0.8660254037844387076, 1.000000000000000000, 0.8660254037844387076, 1.000000000000000000, 0.8660254037844387076, 1.000000000000000000, 0.8660254037844387076, 1.000000000000000000, 0.8660254037844387076, 1.000000000000000000, 0.8660254037844387076, 1.000000000000000000, 0.8660254037844387076, 1.000000000000000000, 0.8660254037844387076, 1.000000000000000000, 0.8660254037844387076, 1.000000000000000000, 0.8660254037844387076, 1.000000000000000000, 0.8660254037844387076, 1.000000000000000000, 0.8660254037844387076, 1.000000000000000000, 0.8660254037844387076, 1.000000000000000000, 0.8660254037844387076, 1.000000000000000000, 0.8660254037844387076, 1.000000000000000000, 0.8660254037844387076, 1.000000000000000000, 0.8660254037844387076, 1.000000000000000000, 0.8660254037844387076, 1.000000000000000000, 0.8660254037844387076, 1.000000000000000000, 0.8660254037844387076, 1.000000000000000000, 0.8660254037844387076, 1.000000000000000000, 0.8660254037844387076, 1.000000000000000000, 0.8660254037844387076, 1.000000000000000000, 0.8660254037844387076, 1.000000000000000000, 0.8660254037844387076, 1.000000000000000000, 0.8660254037844387076, 1.000000000000000000, 0.8660254037844387076, 1.000000000000000000, 0.8660254037844387076, 1.000000000000000000, 0.8660254037844387076, 1.000000000000000000, 0.8660254037844387076, 1.000000000000000000, 0.8660254037844387076, 1.000000000000000000, 0.8660254037844387076, 1.000000000000000000, 0.8660254037844387076, 1.000000000000000000, 0.8660254037844387076, 1.000000000000000000, 0.8660254037844387076, 1.000000000000000000, 0.8660254037844387076, 1.000000000000000000, 0.8660254037844387076, 1.000000000000000000, 0.8660254037844387076, 1.000000000000000000, 0.8660254037844387076, 1.000000000000000000, 0.8660254037844387076, 1.000000000000000000, 0.8660254037844387076, 1.000000000000000000, 0.8660254037844387076, 1.000000000000000000, 0.8660254037844387076, 1.000000000000000000, 0.8660254037844387076, 1.000000000000000000, 0.8660254037844387076, 1.000000000000000000, 0.8660254037844387076, 1.000000000000000000, 0.8660254037844387076, 1.000000000000000000, 0.8660254037844387076, 1.000000000000000000, 0.8660254037844387076, 1.000000000000000000, 0.8660254037844387076, 1.000000000000000000, 0.8660254037844387076, 1.000000000000000000, 0.8660254037844387076, 1.000000000000000000, 0.8660254037844387076, 1.000000000000000000, 0.8660254037844387076, 1.000000000000000000, 0.8660254037844387076, 1.000000000000000000, 0.8660254037844387076, 1.000000000000000000, 0.8660254037844387076, 1.000000000000000000, 0.8660254037844387076, 1.000000000000000000, 0.8660254037844387076, 1.000000000000000000, 0.8660254037844387076, 1.000000000000000000, 0.8660254037844387076, 1.000000000000000000) ) ) 
 REPRESENTATION_ITEM ( '' )  SURFACE ( )  );
#2315 = CARTESIAN_POINT ( 'NONE',  ( -0.8816504037844398178, 1.527063293868263338, -3.292708333333333570 ) ) ;
#2316 = CARTESIAN_POINT ( 'NONE',  ( -1.836970198721033385E-16, -1.500000000000005551, -5.537500000000001421 ) ) ;
#2317 = VERTEX_POINT ( 'NONE', #439 ) ;
#2318 = CARTESIAN_POINT ( 'NONE',  ( -1.017788105676658672, -0.5876202367904206358, -8.370833333333331794 ) ) ;
#2319 = CARTESIAN_POINT ( 'NONE',  ( 1.017788105676659116, 0.5876202367904146406, -6.183333333333333570 ) ) ;
#2320 = CARTESIAN_POINT ( 'NONE',  ( -4.936514004734479961E-15, -1.371600000000000374, 1.100000000000000533 ) ) ;
#2321 = CARTESIAN_POINT ( 'NONE',  ( 0.5252572366576283569, -0.2175686711582059951, 1.650000000000000355 ) ) ;
#2322 = ORIENTED_EDGE ( 'NONE', *, *, #1708, .T. ) ;
#2323 = CARTESIAN_POINT ( 'NONE',  ( -0.6785254037844394848, -1.175240473580838829, -6.329166666666666607 ) ) ;
#2324 =( BOUNDED_CURVE ( )  B_SPLINE_CURVE ( 2, ( #4420, #1920, #2956, #928, #2616, #203, #950, #3727, #3019, #2253, #1313, #3699, #634, #3042, #2594, #3635, #1577, #4355, #4020, #3998, #907, #2272, #3658, #562, #1941, #1266, #2639, #1695, #1334, #2706, #4090, #3406, #3066, #998, #2027, #3753, #318, #656, #2367, #867, #2237, #782, #1145, #2556, #3896, #846, #3207, #1164, #101, #4299, #1205, #124, #3959, #804, #3918, #3187, #2533, #1500, #462, #2218, #2860, #2196, #3619, #145, #2577, #1521, #4256, #2880, #2153, #2511, #3939, #2176, #3597, #826, #3575, #1479, #523, #1905, #483, #3273, #3554, #1839, #1862, #3231, #188, #442, #2903, #1562, #4277, #2942, #1185, #1120, #503, #1884, #4236, #2486, #3252, #167, #3874, #1539, #1820, #2921, #3533, #2311, #3378, #3722, #3695, #2993, #4062, #2267, #579, #4329, #2000, #4086, #630, #3356, #1283, #1259, #2655, #1958, #1309, #2973, #2679, #2288, #3330, #1330, #4372, #971, #1238, #2633, #3308, #2336, #2701, #3652, #267, #4015, #556, #945, #199, #3674, #1644, #602, #1936, #994, #1620, #2362, #1597, #244, #289, #1980, #1572, #1668, #3038, #3746, #3015, #651, #2951, #2023, #4394, #4416, #2611, #3992, #4038, #899, #222, #923, #4350, #1396, #1442, #4175, #1038, #1784, #3151, #3772, #64, #2820, #1422, #1083, #4199, #314, #1691, #2471, #2404, #4441, #2449, #1375, #698, #1106, #3796, #3858, #2796, #41, #3061, #2746, #2048, #3840, #765, #2385, #3474, #4127, #675, #3102, #3426 ),
 .UNSPECIFIED., .F., .F. ) 
 B_SPLINE_CURVE_WITH_KNOTS ( ( 3, 2, 2, 2, 2, 2, 2, 2, 2, 2, 2, 2, 2, 2, 2, 2, 2, 2, 2, 2, 2, 2, 2, 2, 2, 2, 2, 2, 2, 2, 2, 2, 2, 2, 2, 2, 2, 2, 2, 2, 2, 2, 2, 2, 2, 2, 2, 2, 2, 2, 2, 2, 2, 2, 2, 2, 2, 2, 2, 2, 2, 2, 2, 2, 2, 2, 2, 2, 2, 2, 2, 2, 2, 2, 2, 2, 2, 2, 2, 2, 2, 2, 2, 2, 2, 2, 2, 2, 2, 2, 2, 2, 2, 2, 2, 2, 2, 2, 2, 2, 2, 3 ),
 ( 0.03191597460296509425, 0.03333333333333333287, 0.04166666666666666435, 0.05000000000000000278, 0.05833333333333333426, 0.06666666666666666574, 0.07499999999999999722, 0.08333333333333334259, 0.09166666666666666019, 0.1000000000000000056, 0.1083333333333333370, 0.1166666666666666824, 0.1250000000000000000, 0.1333333333333333315, 0.1416666666666666630, 0.1499999999999999944, 0.1583333333333333259, 0.1666666666666666297, 0.1749999999999999889, 0.1833333333333332926, 0.1916666666666666519, 0.2000000000000000111, 0.2083333333333333148, 0.2166666666666666741, 0.2249999999999999778, 0.2333333333333333370, 0.2416666666666666408, 0.2500000000000000000, 0.2583333333333333592, 0.2666666666666666630, 0.2750000000000000222, 0.2833333333333333259, 0.2916666666666666852, 0.2999999999999999889, 0.3083333333333333481, 0.3166666666666666519, 0.3250000000000000111, 0.3333333333333333703, 0.3416666666666666741, 0.3499999999999999778, 0.3583333333333333370, 0.3666666666666666408, 0.3750000000000000000, 0.3833333333333333037, 0.3916666666666666630, 0.4000000000000000222, 0.4083333333333333259, 0.4166666666666666852, 0.4249999999999999889, 0.4333333333333332926, 0.4416666666666666519, 0.4500000000000000111, 0.4583333333333333148, 0.4666666666666666741, 0.4749999999999999778, 0.4833333333333332815, 0.4916666666666665853, 0.5000000000000000000, 0.5083333333333333037, 0.5166666666666667185, 0.5250000000000000222, 0.5333333333333333259, 0.5416666666666666297, 0.5500000000000000444, 0.5583333333333333481, 0.5666666666666666519, 0.5749999999999999556, 0.5833333333333333703, 0.5916666666666666741, 0.5999999999999999778, 0.6083333333333332815, 0.6166666666666666963, 0.6250000000000000000, 0.6333333333333333037, 0.6416666666666667185, 0.6500000000000000222, 0.6583333333333333259, 0.6666666666666666297, 0.6750000000000000444, 0.6833333333333333481, 0.6916666666666666519, 0.6999999999999999556, 0.7083333333333333703, 0.7166666666666665630, 0.7249999999999999778, 0.7333333333333331705, 0.7416666666666666963, 0.7500000000000000000, 0.7583333333333333037, 0.7666666666666667185, 0.7750000000000000222, 0.7833333333333333259, 0.7916666666666666297, 0.8000000000000000444, 0.8083333333333333481, 0.8166666666666667629, 0.8249999999999999556, 0.8333333333333333703, 0.8416666666666666741, 0.8499999999999999778, 0.8583333333333332815, 0.8625224365372476942 ),
 .UNSPECIFIED. ) 
 CURVE ( )  GEOMETRIC_REPRESENTATION_ITEM ( )  RATIONAL_B_SPLINE_CURVE ( ( 0.9621776841135225578, 0.9772131923687576993, 1.000000000000000000, 0.8660254037844387076, 1.000000000000000000, 0.8660254037844387076, 1.000000000000000000, 0.8660254037844387076, 1.000000000000000000, 0.8660254037844387076, 1.000000000000000000, 0.8660254037844387076, 1.000000000000000000, 0.8660254037844387076, 1.000000000000000000, 0.8660254037844387076, 1.000000000000000000, 0.8660254037844387076, 1.000000000000000000, 0.8660254037844387076, 1.000000000000000000, 0.8660254037844387076, 1.000000000000000000, 0.8660254037844387076, 1.000000000000000000, 0.8660254037844387076, 1.000000000000000000, 0.8660254037844387076, 1.000000000000000000, 0.8660254037844387076, 1.000000000000000000, 0.8660254037844387076, 1.000000000000000000, 0.8660254037844387076, 1.000000000000000000, 0.8660254037844387076, 1.000000000000000000, 0.8660254037844387076, 1.000000000000000000, 0.8660254037844387076, 1.000000000000000000, 0.8660254037844387076, 1.000000000000000000, 0.8660254037844387076, 1.000000000000000000, 0.8660254037844387076, 1.000000000000000000, 0.8660254037844387076, 1.000000000000000000, 0.8660254037844387076, 1.000000000000000000, 0.8660254037844387076, 1.000000000000000000, 0.8660254037844387076, 1.000000000000000000, 0.8660254037844387076, 1.000000000000000000, 0.8660254037844387076, 1.000000000000000000, 0.8660254037844387076, 1.000000000000000000, 0.8660254037844387076, 1.000000000000000000, 0.8660254037844387076, 1.000000000000000000, 0.8660254037844387076, 1.000000000000000000, 0.8660254037844387076, 1.000000000000000000, 0.8660254037844387076, 1.000000000000000000, 0.8660254037844387076, 1.000000000000000000, 0.8660254037844387076, 1.000000000000000000, 0.8660254037844387076, 1.000000000000000000, 0.8660254037844387076, 1.000000000000000000, 0.8660254037844387076, 1.000000000000000000, 0.8660254037844387076, 1.000000000000000000, 0.8660254037844387076, 1.000000000000000000, 0.8660254037844387076, 1.000000000000000000, 0.8660254037844387076, 1.000000000000000000, 0.8660254037844387076, 1.000000000000000000, 0.8660254037844387076, 1.000000000000000000, 0.8660254037844387076, 1.000000000000000000, 0.8660254037844387076, 1.000000000000000000, 0.8660254037844387076, 1.000000000000000000, 0.8660254037844387076, 1.000000000000000000, 0.8660254037844387076, 1.000000000000000000, 0.8660254037844387076, 1.000000000000000000, 0.8660254037844387076, 1.000000000000000000, 0.8660254037844387076, 1.000000000000000000, 0.8660254037844387076, 1.000000000000000000, 0.8660254037844387076, 1.000000000000000000, 0.8660254037844387076, 1.000000000000000000, 0.8660254037844387076, 1.000000000000000000, 0.8660254037844387076, 1.000000000000000000, 0.8660254037844387076, 1.000000000000000000, 0.8660254037844387076, 1.000000000000000000, 0.8660254037844387076, 1.000000000000000000, 0.8660254037844387076, 1.000000000000000000, 0.8660254037844387076, 1.000000000000000000, 0.8660254037844387076, 1.000000000000000000, 0.8660254037844387076, 1.000000000000000000, 0.8660254037844387076, 1.000000000000000000, 0.8660254037844387076, 1.000000000000000000, 0.8660254037844387076, 1.000000000000000000, 0.8660254037844387076, 1.000000000000000000, 0.8660254037844387076, 1.000000000000000000, 0.8660254037844387076, 1.000000000000000000, 0.8660254037844387076, 1.000000000000000000, 0.8660254037844387076, 1.000000000000000000, 0.8660254037844387076, 1.000000000000000000, 0.8660254037844387076, 1.000000000000000000, 0.8660254037844387076, 1.000000000000000000, 0.8660254037844387076, 1.000000000000000000, 0.8660254037844387076, 1.000000000000000000, 0.8660254037844387076, 1.000000000000000000, 0.8660254037844387076, 1.000000000000000000, 0.8660254037844387076, 1.000000000000000000, 0.8660254037844387076, 1.000000000000000000, 0.8660254037844387076, 1.000000000000000000, 0.8660254037844387076, 1.000000000000000000, 0.8660254037844387076, 1.000000000000000000, 0.8660254037844387076, 1.000000000000000000, 0.8660254037844387076, 1.000000000000000000, 0.8660254037844387076, 1.000000000000000000, 0.8660254037844387076, 1.000000000000000000, 0.8660254037844387076, 1.000000000000000000, 0.8660254037844387076, 1.000000000000000000, 0.8660254037844387076, 1.000000000000000000, 0.8660254037844387076, 1.000000000000000000, 0.8660254037844387076, 1.000000000000000000, 0.8660254037844387076, 1.000000000000000000, 0.8660254037844387076, 1.000000000000000000, 0.8660254037844387076, 1.000000000000000000, 0.8660254037844387076, 1.000000000000000000, 0.8660254037844387076, 1.000000000000000000, 0.9326519907700310252, 0.9330146442382662997 ) ) 
 REPRESENTATION_ITEM ( '' )  );
#2325 = PLANE ( 'NONE',  #3606 ) ;
#2326 = CARTESIAN_POINT ( 'NONE',  ( 1.357050807568878303, -2.932007029070127676E-15, 0.7749999999999995781 ) ) ;
#2327 = CARTESIAN_POINT ( 'NONE',  ( -0.8816504037844403729, -1.527063293868268001, -0.09479166666666663521 ) ) ;
#2328 = ADVANCED_FACE ( 'NONE', ( #3916 ), #1144, .T. ) ;
#2329 = PLANE ( 'NONE',  #4041 ) ;
#2330 = EDGE_CURVE ( 'NONE', #2802, #146, #1405, .T. ) ;
#2331 = CARTESIAN_POINT ( 'NONE',  ( 1.254033867832465843, -0.5640063884036169428, -8.083271369745094859 ) ) ;
#2332 = CARTESIAN_POINT ( 'NONE',  ( -0.6785254037844389297, 1.175240473580833944, -1.495833333333333348 ) ) ;
#2333 = CARTESIAN_POINT ( 'NONE',  ( -0.2084328469655081784, 1.408274344151900337, 0.2697689352252831685 ) ) ;
#2334 = CONICAL_SURFACE ( 'NONE', #3347, 1.500000000000000000, 0.7853981633974483900 ) ;
#2335 = CARTESIAN_POINT ( 'NONE',  ( 0.6785254037844387076, -1.175240473580839051, -5.245833333333334458 ) ) ;
#2336 = CARTESIAN_POINT ( 'NONE',  ( -0.6785254037844394848, -1.175240473580838829, -2.891666666666666607 ) ) ;
#2337 = CARTESIAN_POINT ( 'NONE',  ( 0.000000000000000000, 1.175240473580833722, -3.600000000000000089 ) ) ;
#2338 = CARTESIAN_POINT ( 'NONE',  ( -1.870113174931186087E-16, -1.527063293868268667, -7.053125000000000533 ) ) ;
#2339 = CARTESIAN_POINT ( 'NONE',  ( 1.322475605676660448, 0.7635316469341292267, -4.417708333333333570 ) ) ;
#2340 = VECTOR ( 'NONE', #824, 1000.000000000000000 ) ;
#2341 = CARTESIAN_POINT ( 'NONE',  ( -1.732050807568880746, -2.576663316032202938E-15, -6.662500000000001421 ) ) ;
#2342 = VERTEX_POINT ( 'NONE', #2174 ) ;
#2343 = CARTESIAN_POINT ( 'NONE',  ( 0.000000000000000000, 1.175240473580833722, -6.537499999999999645 ) ) ;
#2344 = CARTESIAN_POINT ( 'NONE',  ( -1.439254484199190858E-16, -1.175240473580839051, -4.850000000000000533 ) ) ;
#2345 = CARTESIAN_POINT ( 'NONE',  ( 1.732050807568880746, -3.000893411522166591E-15, -3.474999999999999201 ) ) ;
#2346 = CARTESIAN_POINT ( 'NONE',  ( -1.836970198721033385E-16, -1.500000000000005773, -4.099999999999999645 ) ) ;
#2347 = VECTOR ( 'NONE', #801, 1000.000000000000000 ) ;
#2348 = ORIENTED_EDGE ( 'NONE', *, *, #2446, .F. ) ;
#2349 = CARTESIAN_POINT ( 'NONE',  ( 1.357050807568877859, -2.932007029070127676E-15, -1.662499999999999867 ) ) ;
#2350 = DIRECTION ( 'NONE',  ( 0.3826834323650900593, -0.9238795325112867385, 0.000000000000000000 ) ) ;
#2351 = CALENDAR_DATE ( 2026, 7, 1 ) ;
#2352 = DIRECTION ( 'NONE',  ( 3.695385848462056737E-15, 1.000000000000000000, 5.766257318524656997E-33 ) ) ;
#2353 = VECTOR ( 'NONE', #1074, 1000.000000000000000 ) ;
#2354 = CARTESIAN_POINT ( 'NONE',  ( -1.322475605676660226, -0.7635316469341354439, 0.8635416666666669849 ) ) ;
#2355 =( BOUNDED_CURVE ( )  B_SPLINE_CURVE ( 2, ( #4454, #1302, #1660, #1054, #307, #1366, #4054 ),
 .UNSPECIFIED., .F., .F. ) 
 B_SPLINE_CURVE_WITH_KNOTS ( ( 3, 2, 2, 3 ),
 ( 0.6749999999999999334, 0.6833333333333332371, 0.6916666666666666519, 0.6999999999999999556 ),
 .UNSPECIFIED. ) 
 CURVE ( )  GEOMETRIC_REPRESENTATION_ITEM ( )  RATIONAL_B_SPLINE_CURVE ( ( 1.000000000000001776, 0.8660254037844369313, 1.000000000000000000, 0.8660254037844387076, 1.000000000000000000, 0.8660254037844387076, 1.000000000000000000 ) ) 
 REPRESENTATION_ITEM ( '' )  );
#2356 = LINE ( 'NONE', #263, #1588 ) ;
#2357 = DIRECTION ( 'NONE',  ( 0.000000000000000000, -1.000000000000000000, -1.548860246407863583E-16 ) ) ;
#2358 = CARTESIAN_POINT ( 'NONE',  ( -1.439254484199190858E-16, -1.175240473580839051, -1.287500000000000533 ) ) ;
#2359 = CARTESIAN_POINT ( 'NONE',  ( -1.299038105676660448, -0.7500000000000037748, -1.120833333333334236 ) ) ;
#2360 = EDGE_CURVE ( 'NONE', #131, #3766, #3230, .T. ) ;
#2361 = CARTESIAN_POINT ( 'NONE',  ( 0.000000000000000000, 1.175240473580833722, -5.037500000000000533 ) ) ;
#2362 = CARTESIAN_POINT ( 'NONE',  ( 0.6785254037844387076, -1.175240473580839273, -2.308333333333333126 ) ) ;
#2363 = CARTESIAN_POINT ( 'NONE',  ( -1.357050807568878303, -2.599625443516216173E-15, -4.474999999999999645 ) ) ;
#2364 = CARTESIAN_POINT ( 'NONE',  ( -1.870113174931186087E-16, -1.527063293868268667, -6.553124999999999645 ) ) ;
#2365 = EDGE_CURVE ( 'NONE', #2438, #1115, #165, .T. ) ;
#2366 = CARTESIAN_POINT ( 'NONE',  ( -0.8816504037844403729, -1.527063293868268001, -2.626041666666666163 ) ) ;
#2367 = CARTESIAN_POINT ( 'NONE',  ( 1.017788105676658228, -0.5876202367904214130, -6.766666666666666607 ) ) ;
#2368 = ORIENTED_EDGE ( 'NONE', *, *, #932, .T. ) ;
#2369 = CARTESIAN_POINT ( 'NONE',  ( -1.017788105676658672, -0.5876202367904206358, -6.370833333333333570 ) ) ;
#2370 = CARTESIAN_POINT ( 'NONE',  ( -0.6785254037844394848, -1.175240473580838829, -5.891666666666666607 ) ) ;
#2371 = DIRECTION ( 'NONE',  ( -1.000000000000000000, 2.039045096189232828E-16, -0.000000000000000000 ) ) ;
#2372 = CARTESIAN_POINT ( 'NONE',  ( 0.6785254037844397068, 1.175240473580833500, 0.9208333333333326154 ) ) ;
#2373 = ORIENTED_EDGE ( 'NONE', *, *, #3720, .T. ) ;
#2374 = CARTESIAN_POINT ( 'NONE',  ( -0.6785254037844389297, 1.175240473580833722, -3.495833333333333570 ) ) ;
#2375 = CARTESIAN_POINT ( 'NONE',  ( -0.8660254037844468122, 1.499999999999988676, -2.745833333333333570 ) ) ;
#2376 = SHAPE_DEFINITION_REPRESENTATION ( #18, #2788 ) ;
#2377 = CARTESIAN_POINT ( 'NONE',  ( -1.836970198721033385E-16, -1.500000000000005551, -4.037500000000000533 ) ) ;
#2378 = CARTESIAN_POINT ( 'NONE',  ( 1.322475605676659560, -0.7635316469341363321, 1.030208333333332726 ) ) ;
#2379 = VERTEX_POINT ( 'NONE', #144 ) ;
#2380 = LINE ( 'NONE', #4082, #975 ) ;
#2381 = DIRECTION ( 'NONE',  ( 0.01733375049385993405, -0.08714264840443987359, 0.9960450290638855897 ) ) ;
#2382 = CARTESIAN_POINT ( 'NONE',  ( -1.017788105676658450, 0.5876202367904155288, -0.9541666666666664964 ) ) ;
#2383 = CARTESIAN_POINT ( 'NONE',  ( -0.8660254037844457020, -1.499999999999996447, -7.079166666666666607 ) ) ;
#2384 = CARTESIAN_POINT ( 'NONE',  ( -1.439254484199190858E-16, -1.175240473580839051, -3.787500000000000089 ) ) ;
#2385 = CARTESIAN_POINT ( 'NONE',  ( 0.6785254037844397068, 1.175240473580833056, -0.1416666666666666630 ) ) ;
#2386 = CARTESIAN_POINT ( 'NONE',  ( -0.6785254037844389297, 1.175240473580833944, -5.058333333333333570 ) ) ;
#2387 = CARTESIAN_POINT ( 'NONE',  ( 0.8816504037844393737, -1.527063293868269112, -8.011458333333333570 ) ) ;
#2388 = CARTESIAN_POINT ( 'NONE',  ( -1.763300807568879858, -2.574749805408535596E-15, -1.209375000000000311 ) ) ;
#2389 = ADVANCED_FACE ( 'NONE', ( #502 ), #2217, .T. ) ;
#2390 = VERTEX_POINT ( 'NONE', #1882 ) ;
#2391 = CARTESIAN_POINT ( 'NONE',  ( 0.000000000000000000, 1.175240473580833722, -7.537499999999999645 ) ) ;
#2392 = CARTESIAN_POINT ( 'NONE',  ( 0.6785254037844397068, 1.175240473580833500, -4.641666666666666607 ) ) ;
#2393 = LINE ( 'NONE', #2056, #2131 ) ;
#2394 = CARTESIAN_POINT ( 'NONE',  ( 1.299038105676661115, 0.7499999999999976685, -7.870833333333333570 ) ) ;
#2395 = ORIENTED_EDGE ( 'NONE', *, *, #4195, .T. ) ;
#2396 = CARTESIAN_POINT ( 'NONE',  ( -0.6785254037844394848, -1.175240473580838829, -3.329166666666667496 ) ) ;
#2397 = CARTESIAN_POINT ( 'NONE',  ( -1.836970198721033385E-16, -1.500000000000005551, -2.537500000000000977 ) ) ;
#2398 = DIRECTION ( 'NONE',  ( 0.000000000000000000, 1.000000000000000000, 0.000000000000000000 ) ) ;
#2399 = ORIENTED_EDGE ( 'NONE', *, *, #768, .F. ) ;
#2400 = CARTESIAN_POINT ( 'NONE',  ( 0.000000000000000000, 1.500000000000000222, -0.2875000000000016986 ) ) ;
#2401 = CARTESIAN_POINT ( 'NONE',  ( 0.2312812350607415524, 1.351959892270764962, 1.100000000000000533 ) ) ;
#2402 = CARTESIAN_POINT ( 'NONE',  ( -0.8259043664192740053, 0.8361053452000423158, 0.02524047358083909148 ) ) ;
#2403 = CARTESIAN_POINT ( 'NONE',  ( -0.6785254037844394848, -1.175240473580838829, -4.829166666666667496 ) ) ;
#2404 = CARTESIAN_POINT ( 'NONE',  ( 1.017788105676658228, -0.5876202367904214130, -0.7666666666666672736 ) ) ;
#2405 = CARTESIAN_POINT ( 'NONE',  ( 0.6785254037844387076, -1.175240473580839051, -0.3083333333333340698 ) ) ;
#2406 = CARTESIAN_POINT ( 'NONE',  ( -1.870113174931186087E-16, -1.527063293868268667, -4.053125000000000533 ) ) ;
#2407 = CARTESIAN_POINT ( 'NONE',  ( 0.8816504037844393737, -1.527063293868269112, -2.542708333333333570 ) ) ;
#2408 = ORIENTED_EDGE ( 'NONE', *, *, #3965, .T. ) ;
#2409 = CARTESIAN_POINT ( 'NONE',  ( 0.6785254037844397068, 1.175240473580833500, -6.579166666666667496 ) ) ;
#2410 = CARTESIAN_POINT ( 'NONE',  ( 0.6785254037844397068, 1.175240473580833500, -1.141666666666666607 ) ) ;
#2411 = EDGE_CURVE ( 'NONE', #3314, #125, #845, .T. ) ;
#2412 = DIRECTION ( 'NONE',  ( 0.08714264840443959603, -0.01733375049386069733, 0.9960450290638855897 ) ) ;
#2413 = EDGE_CURVE ( 'NONE', #443, #2, #1548, .T. ) ;
#2414 = CARTESIAN_POINT ( 'NONE',  ( 0.000000000000000000, 1.500000000000000222, -0.2875000000000016986 ) ) ;
#2415 = VECTOR ( 'NONE', #2412, 1000.000000000000227 ) ;
#2416 = ORIENTED_EDGE ( 'NONE', *, *, #3552, .F. ) ;
#2417 = CARTESIAN_POINT ( 'NONE',  ( -1.017788105676658672, -0.5876202367904206358, -2.870833333333333570 ) ) ;
#2418 = CARTESIAN_POINT ( 'NONE',  ( 0.000000000000000000, 1.500000000000000444, -2.349999999999999201 ) ) ;
#2419 = PERSON_AND_ORGANIZATION_ROLE ( 'creator' ) ;
#2420 = CARTESIAN_POINT ( 'NONE',  ( -0.8660254037844474784, -1.499999999999993117, -3.579166666666668384 ) ) ;
#2421 = CARTESIAN_POINT ( 'NONE',  ( 1.322475605676659560, -0.7635316469341363321, -0.4697916666666669405 ) ) ;
#2422 = VERTEX_POINT ( 'NONE', #2621 ) ;
#2423 = CARTESIAN_POINT ( 'NONE',  ( -1.351959892270765184, -0.2312812350607418022, 1.100000000000000533 ) ) ;
#2424 = CARTESIAN_POINT ( 'NONE',  ( 1.732050807568880746, -3.000893411522166591E-15, -1.974999999999999867 ) ) ;
#2425 = CIRCLE ( 'NONE', #3437, 1.371600000000000374 ) ;
#2426 = DIRECTION ( 'NONE',  ( 0.000000000000000000, 1.000000000000000000, 0.000000000000000000 ) ) ;
#2427 = CARTESIAN_POINT ( 'NONE',  ( -0.6785254037844389297, 1.175240473580833944, -2.995833333333333570 ) ) ;
#2428 = FACE_OUTER_BOUND ( 'NONE', #1821, .T. ) ;
#2429 = CARTESIAN_POINT ( 'NONE',  ( 0.6785254037844397068, 1.175240473580833500, -1.641666666666667052 ) ) ;
#2430 = CARTESIAN_POINT ( 'NONE',  ( -1.870113174931186087E-16, -1.527063293868268667, -3.553125000000000533 ) ) ;
#2431 = CARTESIAN_POINT ( 'NONE',  ( 1.763300807568879858, -3.006633943393169801E-15, -2.959375000000000533 ) ) ;
#2432 = ORIENTED_EDGE ( 'NONE', *, *, #823, .T. ) ;
#2433 = CC_DESIGN_DATE_AND_TIME_ASSIGNMENT ( #2441, #2015, ( #2855 ) ) ;
#2434 = CARTESIAN_POINT ( 'NONE',  ( -0.6785254037844389297, 1.175240473580833944, -5.995833333333334458 ) ) ;
#2435 = CARTESIAN_POINT ( 'NONE',  ( -1.439254484199190858E-16, -1.175240473580839051, -3.350000000000000533 ) ) ;
#2436 = DIRECTION ( 'NONE',  ( 0.000000000000000000, -1.000000000000000000, -1.445602896647339163E-16 ) ) ;
#2437 = CARTESIAN_POINT ( 'NONE',  ( 1.294722174537531245, -0.7574754120149441716, -7.954581967334163117 ) ) ;
#2438 = VERTEX_POINT ( 'NONE', #1988 ) ;
#2439 = CARTESIAN_POINT ( 'NONE',  ( 0.6785254037844387076, -1.175240473580839273, -2.245833333333333126 ) ) ;
#2440 = CARTESIAN_POINT ( 'NONE',  ( -1.836970198721033385E-16, -1.500000000000005551, -2.537500000000000977 ) ) ;
#2441 = DATE_AND_TIME ( #4408, #3794 ) ;
#2442 = CARTESIAN_POINT ( 'NONE',  ( -1.475982003772366877E-16, 5.058220376883856502E-31, 1.650000000000000355 ) ) ;
#2443 = DIRECTION ( 'NONE',  ( 1.000000000000000000, -2.039045096189232828E-16, 0.000000000000000000 ) ) ;
#2444 = ORIENTED_EDGE ( 'NONE', *, *, #1075, .F. ) ;
#2445 = CARTESIAN_POINT ( 'NONE',  ( -1.836970198721033385E-16, -1.500000000000005773, -2.100000000000000089 ) ) ;
#2446 = EDGE_CURVE ( 'NONE', #1141, #163, #232, .T. ) ;
#2447 = CARTESIAN_POINT ( 'NONE',  ( 0.8660254037844432595, -1.500000000000000222, -3.995833333333334902 ) ) ;
#2448 = CARTESIAN_POINT ( 'NONE',  ( -1.017788105676658672, -0.5876202367904206358, -1.370833333333333348 ) ) ;
#2449 = CARTESIAN_POINT ( 'NONE',  ( 1.017788105676659116, 0.5876202367904146406, -0.6833333333333344584 ) ) ;
#2450 = CARTESIAN_POINT ( 'NONE',  ( 0.6785254037844387076, -1.175240473580839051, -2.308333333333333126 ) ) ;
#2451 = CARTESIAN_POINT ( 'NONE',  ( -0.8816504037844398178, 1.527063293868263338, -4.761458333333333570 ) ) ;
#2452 = CARTESIAN_POINT ( 'NONE',  ( -1.017788105676658450, 0.5876202367904155288, -8.454166666666667496 ) ) ;
#2453 = ORIENTED_EDGE ( 'NONE', *, *, #823, .F. ) ;
#2454 = CARTESIAN_POINT ( 'NONE',  ( 0.000000000000000000, 1.175240473580833722, -4.037500000000000533 ) ) ;
#2455 = CARTESIAN_POINT ( 'NONE',  ( -1.439254484199190858E-16, -1.175240473580839051, -1.850000000000000089 ) ) ;
#2456 = DIRECTION ( 'NONE',  ( -0.000000000000000000, 4.984837574645996626E-17, -1.000000000000000000 ) ) ;
#2457 = CARTESIAN_POINT ( 'NONE',  ( 1.299038105676661115, 0.7499999999999976685, -0.3708333333333345139 ) ) ;
#2458 = VERTEX_POINT ( 'NONE', #1606 ) ;
#2459 = LINE ( 'NONE', #3979, #535 ) ;
#2460 = CARTESIAN_POINT ( 'NONE',  ( -1.299038105676660226, 0.7499999999999988898, -2.704166666666667496 ) ) ;
#2461 = CARTESIAN_POINT ( 'NONE',  ( -0.2794000000000002593, -8.545637998129087999E-17, 1.650000000000000355 ) ) ;
#2462 = CARTESIAN_POINT ( 'NONE',  ( 1.349206843930974564, -0.2473742437992254573, 1.283943931589613952 ) ) ;
#2463 =( BOUNDED_CURVE ( )  B_SPLINE_CURVE ( 2, ( #2926, #1525, #3280, #172, #1568, #2584, #2305 ),
 .UNSPECIFIED., .F., .T. ) 
 B_SPLINE_CURVE_WITH_KNOTS ( ( 3, 2, 2, 3 ),
 ( 0.8500000000000000888, 0.8583333333333335036, 0.8666666666666666963, 0.8750000000000000000 ),
 .UNSPECIFIED. ) 
 CURVE ( )  GEOMETRIC_REPRESENTATION_ITEM ( )  RATIONAL_B_SPLINE_CURVE ( ( 0.9999999999999982236, 0.8660254037844404840, 1.000000000000000000, 0.8660254037844387076, 1.000000000000000000, 0.8660254037844387076, 1.000000000000000000 ) ) 
 REPRESENTATION_ITEM ( '' )  );
#2464 = ORIENTED_EDGE ( 'NONE', *, *, #2526, .T. ) ;
#2465 = CARTESIAN_POINT ( 'NONE',  ( 1.017788105676658228, -0.5876202367904214130, -7.204166666666666607 ) ) ;
#2466 = DIRECTION ( 'NONE',  ( -0.000000000000000000, 4.984837574645996626E-17, -1.000000000000000000 ) ) ;
#2467 = CARTESIAN_POINT ( 'NONE',  ( -1.101425254654363028, 0.5626641254991390229, 0.08306928868328483651 ) ) ;
#2468 = EDGE_CURVE ( 'NONE', #4181, #2646, #1945, .T. ) ;
#2469 = CARTESIAN_POINT ( 'NONE',  ( 1.017788105676659116, 0.5876202367904146406, -2.120833333333333126 ) ) ;
#2470 = EDGE_CURVE ( 'NONE', #125, #2192, #1440, .T. ) ;
#2471 = CARTESIAN_POINT ( 'NONE',  ( 0.6785254037844387076, -1.175240473580839273, -0.8083333333333335702 ) ) ;
#2472 = CARTESIAN_POINT ( 'NONE',  ( -1.017788105676658450, 0.5876202367904155288, -1.016666666666666607 ) ) ;
#2473 = CARTESIAN_POINT ( 'NONE',  ( -0.8816504037844403729, -1.527063293868268001, -5.094791666666668384 ) ) ;
#2474 = VECTOR ( 'NONE', #854, 1000.000000000000000 ) ;
#2475 = CARTESIAN_POINT ( 'NONE',  ( -0.8816504037844403729, -1.527063293868268001, 0.3739583333333337811 ) ) ;
#2476 = ORIENTED_EDGE ( 'NONE', *, *, #2891, .T. ) ;
#2477 = CARTESIAN_POINT ( 'NONE',  ( 1.357050807568878303, -2.932007029070127676E-15, -5.662499999999999645 ) ) ;
#2478 = B_SPLINE_CURVE_WITH_KNOTS ( 'NONE', 3,
 ( #2884, #128, #2135, #2842, #3838, #830, #2157, #3580, #1865, #2490, #1419, #1104, #2467, #2865, #738, #3878 ),
 .UNSPECIFIED., .F., .F.,
 ( 4, 2, 2, 2, 2, 2, 2, 4 ),
 ( 1.395221290234030264E-16, 0.0002954287912992554273, 0.0005908575825983716431, 0.0008862863738974877505, 0.001181715165196603858, 0.001772572747794836073, 0.002068001539093952505, 0.002363430330393068504 ),
 .UNSPECIFIED. ) ;
#2479 = CARTESIAN_POINT ( 'NONE',  ( -0.6785254037844389297, 1.175240473580833944, -1.558333333333333570 ) ) ;
#2480 = CARTESIAN_POINT ( 'NONE',  ( 0.8816504037844408170, 1.527063293868263116, -6.376041666666666607 ) ) ;
#2481 = ORIENTED_EDGE ( 'NONE', *, *, #441, .F. ) ;
#2482 = CARTESIAN_POINT ( 'NONE',  ( -0.6785254037844389297, 1.175240473580833722, -0.9958333333333337922 ) ) ;
#2483 = CARTESIAN_POINT ( 'NONE',  ( 0.9009819863189205691, -0.7546003121330687735, -8.279759526419162796 ) ) ;
#2484 = CARTESIAN_POINT ( 'NONE',  ( 1.297290503372259263, 0.4112397023507793903, 0.1997068033130269260 ) ) ;
#2485 = CARTESIAN_POINT ( 'NONE',  ( -1.299038105676660670, -0.7500000000000037748, -2.683333333333333126 ) ) ;
#2486 = CARTESIAN_POINT ( 'NONE',  ( -0.6785254037844394848, -1.175240473580838829, -4.391666666666666607 ) ) ;
#2487 = ORIENTED_EDGE ( 'NONE', *, *, #2470, .F. ) ;
#2488 = CARTESIAN_POINT ( 'NONE',  ( -1.299038105676660226, 0.7499999999999988898, -4.704166666666668384 ) ) ;
#2489 = CARTESIAN_POINT ( 'NONE',  ( 0.2473742437992214327, 1.349206843930974564, 1.283943931589620391 ) ) ;
#2490 = CARTESIAN_POINT ( 'NONE',  ( -1.333743961358760943, 0.02138759526986139248, 0.1699444384839817190 ) ) ;
#2491 = CIRCLE ( 'NONE', #1133, 1.371600000000000374 ) ;
#2492 = AXIS2_PLACEMENT_3D ( 'NONE', #4168, #1098, #416 ) ;
#2493 = CARTESIAN_POINT ( 'NONE',  ( 1.732050807568880746, -3.000893411522166591E-15, -5.912500000000001421 ) ) ;
#2494 = CARTESIAN_POINT ( 'NONE',  ( -1.439254484199190858E-16, -1.175240473580839051, -0.3499999999999996447 ) ) ;
#2495 = EDGE_CURVE ( 'NONE', #2053, #3875, #1267, .T. ) ;
#2496 = EDGE_CURVE ( 'NONE', #223, #814, #3025, .T. ) ;
#2497 = CARTESIAN_POINT ( 'NONE',  ( 1.763300807568879858, -3.006633943393169801E-15, -4.428125000000000533 ) ) ;
#2498 = CARTESIAN_POINT ( 'NONE',  ( 1.322475605676659560, -0.7635316469341363321, 0.9989583333333326154 ) ) ;
#2499 =( BOUNDED_CURVE ( )  B_SPLINE_CURVE ( 2, ( #1256, #897, #4391, #2309, #2265, #1594, #1641 ),
 .UNSPECIFIED., .F., .F. ) 
 B_SPLINE_CURVE_WITH_KNOTS ( ( 3, 2, 2, 3 ),
 ( 0.5750000000000000666, 0.5833333333333334814, 0.5916666666666667851, 0.6000000000000000888 ),
 .UNSPECIFIED. ) 
 CURVE ( )  GEOMETRIC_REPRESENTATION_ITEM ( )  RATIONAL_B_SPLINE_CURVE ( ( 0.9999999999999982236, 0.8660254037844404840, 1.000000000000000000, 0.8660254037844387076, 1.000000000000000000, 0.8660254037844369313, 1.000000000000001776 ) ) 
 REPRESENTATION_ITEM ( '' )  );
#2500 = CARTESIAN_POINT ( 'NONE',  ( 0.6785254037844397068, 1.175240473580833500, -8.141666666666665719 ) ) ;
#2501 = VERTEX_POINT ( 'NONE', #3365 ) ;
#2502 = CARTESIAN_POINT ( 'NONE',  ( -0.6785254037844394848, -1.175240473580838829, -5.829166666666666607 ) ) ;
#2503 = ADVANCED_FACE ( 'NONE', ( #1654 ), #3981, .T. ) ;
#2504 = CARTESIAN_POINT ( 'NONE',  ( 0.6785254037844387076, -1.175240473580839051, -1.308333333333333348 ) ) ;
#2505 = CARTESIAN_POINT ( 'NONE',  ( 0.8816504037844408170, 1.527063293868263116, -7.376041666666664831 ) ) ;
#2506 = DIRECTION ( 'NONE',  ( -3.491481338843133355E-15, -1.000000000000000000, 0.000000000000000000 ) ) ;
#2507 = ORIENTED_EDGE ( 'NONE', *, *, #2064, .F. ) ;
#2508 = CARTESIAN_POINT ( 'NONE',  ( 1.017788105676658228, -0.5876202367904214130, -0.2041666666666667185 ) ) ;
#2509 = CARTESIAN_POINT ( 'NONE',  ( 1.195409381696967532, 0.6521612324769411329, 0.2089425267427579558 ) ) ;
#2510 = CARTESIAN_POINT ( 'NONE',  ( 0.8660254037844410391, 1.500000000000000000, -6.391666666666665719 ) ) ;
#2511 = CARTESIAN_POINT ( 'NONE',  ( -1.357050807568877859, -2.599625443516215778E-15, -5.475000000000000533 ) ) ;
#2512 = ORIENTED_EDGE ( 'NONE', *, *, #1708, .F. ) ;
#2513 = CARTESIAN_POINT ( 'NONE',  ( -0.8660254037844506980, -1.499999999999987566, -4.579166666666668384 ) ) ;
#2514 = CYLINDRICAL_SURFACE ( 'NONE', #3104, 1.500000000000000222 ) ;
#2515 = DIRECTION ( 'NONE',  ( 0.000000000000000000, 1.000000000000000000, 0.000000000000000000 ) ) ;
#2516 = CARTESIAN_POINT ( 'NONE',  ( 0.8660254037844478114, 1.499999999999988454, 0.1083333333333333093 ) ) ;
#2517 = CARTESIAN_POINT ( 'NONE',  ( -0.8816504037844398178, 1.527063293868263338, -0.7614583333333345694 ) ) ;
#2518 = CARTESIAN_POINT ( 'NONE',  ( 1.322475605676659560, -0.7635316469341363321, 1.498958333333332948 ) ) ;
#2519 = CARTESIAN_POINT ( 'NONE',  ( 1.017788105676659116, 0.5876202367904146406, 0.3791666666666665408 ) ) ;
#2520 = EDGE_LOOP ( 'NONE', ( #3826, #1453, #2444, #665 ) ) ;
#2521 = CARTESIAN_POINT ( 'NONE',  ( 0.6785254037844397068, 1.175240473580833500, -6.141666666666666607 ) ) ;
#2522 = CARTESIAN_POINT ( 'NONE',  ( -0.6785254037844389297, 1.175240473580833944, -5.495833333333333570 ) ) ;
#2523 = CARTESIAN_POINT ( 'NONE',  ( 0.000000000000000000, 1.175240473580833722, -0.1000000000000011297 ) ) ;
#2524 = CARTESIAN_POINT ( 'NONE',  ( 0.8816504037844393737, -1.527063293868269112, -7.042708333333332682 ) ) ;
#2525 = CARTESIAN_POINT ( 'NONE',  ( -1.299038105676660226, 0.7499999999999988898, 0.2958333333333333370 ) ) ;
#2526 = EDGE_CURVE ( 'NONE', #4191, #1121, #2961, .T. ) ;
#2527 = EDGE_CURVE ( 'NONE', #3599, #4301, #1732, .T. ) ;
#2528 = ORIENTED_EDGE ( 'NONE', *, *, #1184, .F. ) ;
#2529 = CARTESIAN_POINT ( 'NONE',  ( -1.439254484199190858E-16, -1.175240473580839051, -0.2874999999999995337 ) ) ;
#2531 = VECTOR ( 'NONE', #2536, 1000.000000000000000 ) ;
#2530 = FACE_OUTER_BOUND ( 'NONE', #119, .T. ) ;
#2532 = CARTESIAN_POINT ( 'NONE',  ( -0.8660254037844340447, -1.500000000000016431, -3.079166666666666163 ) ) ;
#2533 = CARTESIAN_POINT ( 'NONE',  ( -1.017788105676658450, 0.5876202367904155288, -6.016666666666666607 ) ) ;
#2534 = VERTEX_POINT ( 'NONE', #4383 ) ;
#2535 = CARTESIAN_POINT ( 'NONE',  ( 0.6785254037844397068, 1.175240473580833056, -6.579166666666667496 ) ) ;
#2536 = DIRECTION ( 'NONE',  ( -0.000000000000000000, 4.984837574645996626E-17, -1.000000000000000000 ) ) ;
#2537 = CYLINDRICAL_SURFACE ( 'NONE', #4235, 1.371600000000000374 ) ;
#2538 = B_SPLINE_CURVE_WITH_KNOTS ( 'NONE', 3,
 ( #171, #3899, #2925, #1188, #3943, #3963, #4259, #807, #4303, #3557, #871, #1167, #2199, #3579, #1864, #4407, #1971, #3050, #1321, #3392, #3645, #211, #1344, #1276, #3300, #2691 ),
 .UNSPECIFIED., .F., .F.,
 ( 4, 2, 2, 2, 2, 2, 2, 2, 2, 2, 2, 2, 4 ),
 ( 0.001523000059273465307, 0.001791223785053713650, 0.002059447510833962210, 0.002327671236614210337, 0.002595894962394458029, 0.003132342413954954281, 0.003668789865515449666, 0.004205237317075945919, 0.004473461042856193177, 0.004741684768636442171, 0.005278132220196938423, 0.005546355945977186550, 0.005814579671757433808 ),
 .UNSPECIFIED. ) ;
#2539 = DIRECTION ( 'NONE',  ( -0.000000000000000000, 4.984837574645996626E-17, -1.000000000000000000 ) ) ;
#2540 = CARTESIAN_POINT ( 'NONE',  ( 0.8816504037844408170, 1.527063293868263116, -2.844791666666667052 ) ) ;
#2541 = CARTESIAN_POINT ( 'NONE',  ( 1.322475605676659560, -0.7635316469341363321, -0.001041666666666551944 ) ) ;
#2542 = CARTESIAN_POINT ( 'NONE',  ( 1.357050807568878303, -2.932007029070127676E-15, 0.3374999999999992450 ) ) ;
#2543 = VERTEX_POINT ( 'NONE', #276 ) ;
#2544 = CARTESIAN_POINT ( 'NONE',  ( 0.000000000000000000, 1.175240473580833722, -7.599999999999999645 ) ) ;
#2545 = CARTESIAN_POINT ( 'NONE',  ( 0.6785254037844397068, 1.175240473580833500, -3.079166666666667052 ) ) ;
#2546 = CARTESIAN_POINT ( 'NONE',  ( 1.357050807568878303, -2.932007029070127676E-15, -0.2249999999999995337 ) ) ;
#2547 = CARTESIAN_POINT ( 'NONE',  ( -1.322475605676660226, -0.7635316469341354439, -6.167708333333333570 ) ) ;
#2548 = DIRECTION ( 'NONE',  ( 0.000000000000000000, 1.000000000000000000, 0.000000000000000000 ) ) ;
#2549 = VERTEX_POINT ( 'NONE', #589 ) ;
#2550 = CARTESIAN_POINT ( 'NONE',  ( 0.000000000000000000, 1.175240473580833722, -1.037500000000000311 ) ) ;
#2551 = LINE ( 'NONE', #522, #1204 ) ;
#2552 = EDGE_CURVE ( 'NONE', #3384, #4112, #1967, .T. ) ;
#2553 = CARTESIAN_POINT ( 'NONE',  ( 0.000000000000000000, -1.475982003772366877E-16, 1.100000000000000533 ) ) ;
#2554 = EDGE_CURVE ( 'NONE', #2944, #2856, #2203, .T. ) ;
#2555 = VECTOR ( 'NONE', #954, 1000.000000000000000 ) ;
#2556 = CARTESIAN_POINT ( 'NONE',  ( -0.6785254037844389297, 1.175240473580833722, -6.558333333333332682 ) ) ;
#2557 = CARTESIAN_POINT ( 'NONE',  ( 0.6785254037844387076, -1.175240473580839051, -0.2458333333333340420 ) ) ;
#2558 = ORIENTED_EDGE ( 'NONE', *, *, #1649, .T. ) ;
#2559 = CARTESIAN_POINT ( 'NONE',  ( -1.017788105676658450, 0.5876202367904155288, -7.954166666666666607 ) ) ;
#2560 = CARTESIAN_POINT ( 'NONE',  ( 0.8660254037844362651, -1.500000000000011768, -1.058333333333332682 ) ) ;
#2561 = DIRECTION ( 'NONE',  ( 0.08715574274765836016, 0.000000000000000000, 0.9961946980917455452 ) ) ;
#2562 = CONICAL_SURFACE ( 'NONE', #4229, 1.500000000000000000, 0.7853981633974483900 ) ;
#2563 = CARTESIAN_POINT ( 'NONE',  ( 0.000000000000000000, 4.814824860968089633E-32, -8.349999999999999645 ) ) ;
#2564 = ORIENTED_EDGE ( 'NONE', *, *, #773, .T. ) ;
#2565 = CARTESIAN_POINT ( 'NONE',  ( 0.6785254037844397068, 1.175240473580833500, -7.079166666666666607 ) ) ;
#2566 = VECTOR ( 'NONE', #2352, 1000.000000000000000 ) ;
#2567 = CARTESIAN_POINT ( 'NONE',  ( -0.6785254037844389297, 1.175240473580833944, 0.5041666666666666519 ) ) ;
#2568 = LINE ( 'NONE', #1621, #3317 ) ;
#2569 = CARTESIAN_POINT ( 'NONE',  ( 0.6785254037844387076, -1.175240473580839051, -6.308333333333333570 ) ) ;
#2570 = CARTESIAN_POINT ( 'NONE',  ( 0.000000000000000000, 1.175240473580833722, -3.537499999999999645 ) ) ;
#2571 = CARTESIAN_POINT ( 'NONE',  ( -0.6785254037844394848, -1.175240473580838829, -0.8916666666666673846 ) ) ;
#2572 = CARTESIAN_POINT ( 'NONE',  ( -0.8816504037844403729, -1.527063293868268001, -6.126041666666666607 ) ) ;
#2573 = CARTESIAN_POINT ( 'NONE',  ( -0.8015491288551711557, -0.2312812350607418577, 1.100000000000000533 ) ) ;
#2574 = ORIENTED_EDGE ( 'NONE', *, *, #3835, .F. ) ;
#2575 = CARTESIAN_POINT ( 'NONE',  ( 1.290320496447436627, -0.7649006578946397905, -7.955000000000003624 ) ) ;
#2576 = CARTESIAN_POINT ( 'NONE',  ( 0.6785254037844387076, -1.175240473580839051, -6.808333333333332682 ) ) ;
#2577 = CARTESIAN_POINT ( 'NONE',  ( 1.017788105676659116, 0.5876202367904146406, -5.683333333333333570 ) ) ;
#2578 = CARTESIAN_POINT ( 'NONE',  ( -1.439254484199190858E-16, -1.175240473580839051, -2.287500000000000533 ) ) ;
#2579 =( BOUNDED_CURVE ( )  B_SPLINE_CURVE ( 2, ( #3345, #259, #4429, #1251, #1586, #3737, #1683 ),
 .UNSPECIFIED., .F., .F. ) 
 B_SPLINE_CURVE_WITH_KNOTS ( ( 3, 2, 2, 3 ),
 ( 0.6999999999999999556, 0.7083333333333332593, 0.7166666666666666741, 0.7249999999999999778 ),
 .UNSPECIFIED. ) 
 CURVE ( )  GEOMETRIC_REPRESENTATION_ITEM ( )  RATIONAL_B_SPLINE_CURVE ( ( 1.000000000000000000, 0.8660254037844387076, 1.000000000000000000, 0.8660254037844387076, 1.000000000000000000, 0.8660254037844387076, 1.000000000000000000 ) ) 
 REPRESENTATION_ITEM ( '' )  );
#2580 = EDGE_LOOP ( 'NONE', ( #2247, #3522, #2719, #3007 ) ) ;
#2581 = CARTESIAN_POINT ( 'NONE',  ( -1.017788105676658450, 0.5876202367904155288, -3.954166666666666607 ) ) ;
#2582 = DIRECTION ( 'NONE',  ( 0.000000000000000000, 1.000000000000000000, 0.000000000000000000 ) ) ;
#2583 = CARTESIAN_POINT ( 'NONE',  ( -0.6785254037844394848, -1.175240473580838829, 0.6083333333333321713 ) ) ;
#2584 = CARTESIAN_POINT ( 'NONE',  ( 0.8660254037844398178, -1.500000000000005995, -7.058333333333332682 ) ) ;
#2585 = EDGE_CURVE ( 'NONE', #2534, #3956, #979, .T. ) ;
#2586 = CARTESIAN_POINT ( 'NONE',  ( 0.000000000000000000, 1.500000000000000222, -8.349999999999999645 ) ) ;
#2587 = CARTESIAN_POINT ( 'NONE',  ( -1.357050807568878303, -2.599625443516216173E-15, -6.412500000000000533 ) ) ;
#2588 = CARTESIAN_POINT ( 'NONE',  ( 0.000000000000000000, 1.175240473580833722, 1.462500000000000355 ) ) ;
#2589 = ORIENTED_EDGE ( 'NONE', *, *, #2034, .T. ) ;
#2590 = CARTESIAN_POINT ( 'NONE',  ( -0.6785254037844389297, 1.175240473580833944, -7.558333333333333570 ) ) ;
#2591 = CARTESIAN_POINT ( 'NONE',  ( 1.017788105676658228, -0.5876202367904214130, -2.204166666666666607 ) ) ;
#2592 = CARTESIAN_POINT ( 'NONE',  ( 0.000000000000000000, 1.175240473580833722, 0.3999999999999993006 ) ) ;
#2593 = CARTESIAN_POINT ( 'NONE',  ( -0.8816504037844398178, 1.527063293868263338, -4.292708333333332682 ) ) ;
#2594 = CARTESIAN_POINT ( 'NONE',  ( 1.017788105676658228, -0.5876202367904214130, -7.766666666666666607 ) ) ;
#2595 = EDGE_LOOP ( 'NONE', ( #982, #614, #3290, #935 ) ) ;
#2596 = DIRECTION ( 'NONE',  ( -0.000000000000000000, 4.984837574645996626E-17, -1.000000000000000000 ) ) ;
#2597 = CARTESIAN_POINT ( 'NONE',  ( -0.6785254037844394848, -1.175240473580838829, -8.391666666666667496 ) ) ;
#2598 = CARTESIAN_POINT ( 'NONE',  ( 0.000000000000000000, 1.500000000000000444, -5.849999999999998757 ) ) ;
#2599 = CARTESIAN_POINT ( 'NONE',  ( -1.017788105676658450, 0.5876202367904155288, -0.4541666666666669405 ) ) ;
#2600 = VERTEX_POINT ( 'NONE', #207 ) ;
#2601 = ORIENTED_EDGE ( 'NONE', *, *, #3662, .F. ) ;
#2602 = CARTESIAN_POINT ( 'NONE',  ( -1.439254484199190858E-16, -1.175240473580839051, -5.787500000000000533 ) ) ;
#2603 = CARTESIAN_POINT ( 'NONE',  ( 0.000000000000000000, 1.500000000000000222, -6.287500000000000533 ) ) ;
#2604 = CARTESIAN_POINT ( 'NONE',  ( 1.017788105676659116, 0.5876202367904146406, 0.8166666666666668739 ) ) ;
#2605 = DIRECTION ( 'NONE',  ( -0.000000000000000000, 4.984837574645996626E-17, -1.000000000000000000 ) ) ;
#2606 = CARTESIAN_POINT ( 'NONE',  ( -1.299038105676660670, -0.7500000000000037748, -3.683333333333333126 ) ) ;
#2607 = EDGE_LOOP ( 'NONE', ( #2558, #1711 ) ) ;
#2608 = EDGE_CURVE ( 'NONE', #2617, #234, #1383, .T. ) ;
#2609 = EDGE_CURVE ( 'NONE', #2, #8, #2393, .T. ) ;
#2610 = CARTESIAN_POINT ( 'NONE',  ( 0.6785254037844387076, -1.175240473580839051, -5.745833333333334458 ) ) ;
#2611 = CARTESIAN_POINT ( 'NONE',  ( 1.017788105676659116, 0.5876202367904146406, -1.683333333333333570 ) ) ;
#2612 = ORIENTED_EDGE ( 'NONE', *, *, #3636, .F. ) ;
#2613 = CARTESIAN_POINT ( 'NONE',  ( 1.017788105676658228, -0.5876202367904214130, -5.266666666666666607 ) ) ;
#2614 = CARTESIAN_POINT ( 'NONE',  ( 0.6785254037844387076, -1.175240473580839051, 0.6916666666666668739 ) ) ;
#2615 = CARTESIAN_POINT ( 'NONE',  ( 1.322475605676659560, -0.7635316469341363321, -4.001041666666666607 ) ) ;
#2616 = CARTESIAN_POINT ( 'NONE',  ( 1.017788105676659116, 0.5876202367904146406, -8.183333333333333570 ) ) ;
#2617 = VERTEX_POINT ( 'NONE', #2732 ) ;
#2618 = CARTESIAN_POINT ( 'NONE',  ( 0.8660254037844410391, 1.499999999999999778, -3.329166666666667496 ) ) ;
#2619 = CARTESIAN_POINT ( 'NONE',  ( -1.357050807568878303, -2.599625443516216173E-15, -8.474999999999999645 ) ) ;
#2620 =( BOUNDED_CURVE ( )  B_SPLINE_CURVE ( 2, ( #444, #1187, #2488, #1147, #419, #2513, #104 ),
 .UNSPECIFIED., .F., .F. ) 
 B_SPLINE_CURVE_WITH_KNOTS ( ( 3, 2, 2, 3 ),
 ( 0.3999999999999999112, 0.4083333333333332149, 0.4166666666666665186, 0.4249999999999998224 ),
 .UNSPECIFIED. ) 
 CURVE ( )  GEOMETRIC_REPRESENTATION_ITEM ( )  RATIONAL_B_SPLINE_CURVE ( ( 1.000000000000001776, 0.8660254037844369313, 1.000000000000000000, 0.8660254037844387076, 1.000000000000000000, 0.8660254037844413721, 0.9999999999999973355 ) ) 
 REPRESENTATION_ITEM ( '' )  );
#2621 = CARTESIAN_POINT ( 'NONE',  ( 0.000000000000000000, 1.500000000000000222, 0.2124999999999988010 ) ) ;
#2622 = VERTEX_POINT ( 'NONE', #3481 ) ;
#2623 = CARTESIAN_POINT ( 'NONE',  ( 0.000000000000000000, 1.175240473580833722, -5.037500000000000533 ) ) ;
#2624 = LINE ( 'NONE', #2281, #2299 ) ;
#2625 = CARTESIAN_POINT ( 'NONE',  ( -1.439254484199190858E-16, -1.175240473580839051, 0.6499999999999995781 ) ) ;
#2626 = CARTESIAN_POINT ( 'NONE',  ( 0.000000000000000000, 5.089401953351997540E-32, -8.349999999999999645 ) ) ;
#2627 = CARTESIAN_POINT ( 'NONE',  ( 0.8816504037844393737, -1.527063293868269112, -3.011458333333334014 ) ) ;
#2628 = VECTOR ( 'NONE', #2596, 1000.000000000000000 ) ;
#2629 = CARTESIAN_POINT ( 'NONE',  ( 1.836970198721030181E-16, -1.500000000000000222, -8.349999999999999645 ) ) ;
#2630 = CARTESIAN_POINT ( 'NONE',  ( -1.346166921035992337, -0.2634155365841113206, 1.467296747124817724 ) ) ;
#2631 = CARTESIAN_POINT ( 'NONE',  ( -0.6785254037844389297, 1.175240473580833944, -6.995833333333332682 ) ) ;
#2632 = CIRCLE ( 'NONE', #1848, 1.371600000000000374 ) ;
#2633 = CARTESIAN_POINT ( 'NONE',  ( -1.357050807568877859, -2.599625443516215778E-15, -2.975000000000000089 ) ) ;
#2634 = CARTESIAN_POINT ( 'NONE',  ( 1.732050807568880746, -3.000893411522166591E-15, -0.9125000000000003109 ) ) ;
#2635 = ADVANCED_FACE ( 'NONE', ( #2756 ), #727, .T. ) ;
#2636 = CARTESIAN_POINT ( 'NONE',  ( -1.017788105676658450, 0.5876202367904155288, -5.016666666666666607 ) ) ;
#2637 = CARTESIAN_POINT ( 'NONE',  ( -1.322475605676660226, -0.7635316469341354439, -7.136458333333333570 ) ) ;
#2638 = CARTESIAN_POINT ( 'NONE',  ( -1.870113174931186087E-16, -1.527063293868268667, -3.584375000000000089 ) ) ;
#2639 = CARTESIAN_POINT ( 'NONE',  ( 1.017788105676658228, -0.5876202367904214130, -7.266666666666666607 ) ) ;
#2640 = ADVANCED_FACE ( 'NONE', ( #4135 ), #751, .T. ) ;
#2641 = ORIENTED_EDGE ( 'NONE', *, *, #567, .T. ) ;
#2642 = CARTESIAN_POINT ( 'NONE',  ( -1.299038105676660670, -0.7500000000000037748, -6.683333333333331794 ) ) ;
#2643 = CARTESIAN_POINT ( 'NONE',  ( -1.017788105676658450, 0.5876202367904155288, -4.516666666666667496 ) ) ;
#2644 = CARTESIAN_POINT ( 'NONE',  ( 1.299038105676660004, -0.7500000000000048850, -3.516666666666665719 ) ) ;
#2645 = DIRECTION ( 'NONE',  ( -1.000000000000000000, 0.000000000000000000, 0.000000000000000000 ) ) ;
#2646 = VERTEX_POINT ( 'NONE', #3804 ) ;
#2647 = CARTESIAN_POINT ( 'NONE',  ( -1.017788105676658672, -0.5876202367904206358, -5.870833333333333570 ) ) ;
#2648 =( BOUNDED_CURVE ( )  B_SPLINE_CURVE ( 2, ( #2400, #2720, #3398, #2764, #3490, #3469, #3742 ),
 .UNSPECIFIED., .F., .F. ) 
 B_SPLINE_CURVE_WITH_KNOTS ( ( 3, 2, 2, 3 ),
 ( 0.8499999999999998668, 0.8583333333333331705, 0.8666666666666665853, 0.8749999999999998890 ),
 .UNSPECIFIED. ) 
 CURVE ( )  GEOMETRIC_REPRESENTATION_ITEM ( )  RATIONAL_B_SPLINE_CURVE ( ( 1.000000000000001776, 0.8660254037844369313, 1.000000000000000000, 0.8660254037844387076, 1.000000000000000000, 0.8660254037844404840, 0.9999999999999982236 ) ) 
 REPRESENTATION_ITEM ( '' )  );
#2649 = CARTESIAN_POINT ( 'NONE',  ( 0.000000000000000000, 4.814824860968089633E-32, -8.349999999999999645 ) ) ;
#2650 = DIRECTION ( 'NONE',  ( 0.000000000000000000, 1.000000000000000000, 0.000000000000000000 ) ) ;
#2651 = CARTESIAN_POINT ( 'NONE',  ( -0.8816504037844403729, -1.527063293868268001, -1.094791666666667496 ) ) ;
#2652 = CARTESIAN_POINT ( 'NONE',  ( 0.8660254037844445918, 1.499999999999994449, -0.3916666666666667740 ) ) ;
#2653 = CARTESIAN_POINT ( 'NONE',  ( 1.380247829582211150, -0.3046272981948002778, -8.044789756460144048 ) ) ;
#2654 = CARTESIAN_POINT ( 'NONE',  ( -1.017788105676658672, -0.5876202367904206358, -5.870833333333333570 ) ) ;
#2655 = CARTESIAN_POINT ( 'NONE',  ( -1.017788105676658672, -0.5876202367904206358, -3.433333333333333570 ) ) ;
#2656 = ORIENTED_EDGE ( 'NONE', *, *, #797, .T. ) ;
#2657 = CARTESIAN_POINT ( 'NONE',  ( -0.6785254037844394848, -1.175240473580838829, -3.891666666666666607 ) ) ;
#2658 = CARTESIAN_POINT ( 'NONE',  ( 1.322475605676660448, 0.7635316469341292267, -7.386458333333333570 ) ) ;
#2659 = CARTESIAN_POINT ( 'NONE',  ( 1.322475605676659560, -0.7635316469341363321, -5.001041666666666607 ) ) ;
#2660 = ORIENTED_EDGE ( 'NONE', *, *, #3303, .F. ) ;
#2661 = CARTESIAN_POINT ( 'NONE',  ( 1.299038105676661115, 0.7499999999999977796, -4.933333333333332682 ) ) ;
#2662 = CARTESIAN_POINT ( 'NONE',  ( 1.357050807568878303, -2.932007029070127676E-15, -5.225000000000000533 ) ) ;
#2663 = ADVANCED_FACE ( 'NONE', ( #3070 ), #2562, .T. ) ;
#2664 = CARTESIAN_POINT ( 'NONE',  ( -1.732050807568880746, -2.576663316032202149E-15, -5.224999999999999645 ) ) ;
#2665 = VECTOR ( 'NONE', #3074, 1000.000000000000000 ) ;
#2666 = CARTESIAN_POINT ( 'NONE',  ( 0.000000000000000000, 1.175240473580833722, 1.462500000000000355 ) ) ;
#2667 = ORIENTED_EDGE ( 'NONE', *, *, #3811, .T. ) ;
#2668 = CARTESIAN_POINT ( 'NONE',  ( -1.017788105676658450, 0.5876202367904155288, -6.454166666666667496 ) ) ;
#2669 = LINE ( 'NONE', #4006, #3387 ) ;
#2670 = CARTESIAN_POINT ( 'NONE',  ( -1.836970198721033385E-16, -1.500000000000005773, -1.099999999999999867 ) ) ;
#2671 = CARTESIAN_POINT ( 'NONE',  ( 1.322475605676659560, -0.7635316469341363321, -0.9697916666666673846 ) ) ;
#2672 =( BOUNDED_CURVE ( )  B_SPLINE_CURVE ( 2, ( #4411, #4345, #4012, #2285, #3692, #1954, #920 ),
 .UNSPECIFIED., .F., .T. ) 
 B_SPLINE_CURVE_WITH_KNOTS ( ( 3, 2, 2, 3 ),
 ( 0.9250000000000000444, 0.9333333333333333481, 0.9416666666666667629, 0.9500000000000000666 ),
 .UNSPECIFIED. ) 
 CURVE ( )  GEOMETRIC_REPRESENTATION_ITEM ( )  RATIONAL_B_SPLINE_CURVE ( ( 1.000000000000000000, 0.8660254037844387076, 1.000000000000000000, 0.8660254037844387076, 1.000000000000000000, 0.8660254037844369313, 1.000000000000001776 ) ) 
 REPRESENTATION_ITEM ( '' )  );
#2673 = CARTESIAN_POINT ( 'NONE',  ( 1.342841092609247555, -0.2794000000000044781, 1.650000000000000355 ) ) ;
#2674 = CARTESIAN_POINT ( 'NONE',  ( -0.8660254037844401509, 1.500000000000000222, -0.7458333333333346804 ) ) ;
#2675 = CARTESIAN_POINT ( 'NONE',  ( -1.439254484199190858E-16, -1.175240473580839051, -3.287500000000000533 ) ) ;
#2676 = CARTESIAN_POINT ( 'NONE',  ( -7.529062669428890369E-14, 1.412828493020360288, 0.2628284930203630410 ) ) ;
#2677 = AXIS2_PLACEMENT_3D ( 'NONE', #1975, #3349, #620 ) ;
#2678 = CARTESIAN_POINT ( 'NONE',  ( -0.6785254037844389297, 1.175240473580833944, -3.995833333333333570 ) ) ;
#2679 = CARTESIAN_POINT ( 'NONE',  ( 1.017788105676658228, -0.5876202367904214130, -3.266666666666667052 ) ) ;
#2680 = CARTESIAN_POINT ( 'NONE',  ( -0.6785254037844394848, -1.175240473580838829, -3.391666666666667052 ) ) ;
#2681 = CARTESIAN_POINT ( 'NONE',  ( 1.322475605676659560, -0.7635316469341363321, -7.469791666666667496 ) ) ;
#2682 = CARTESIAN_POINT ( 'NONE',  ( 0.8816504037844408170, 1.527063293868263116, -4.876041666666666607 ) ) ;
#2683 = CARTESIAN_POINT ( 'NONE',  ( -1.346166921035989672, 0.2634155365841256979, 1.467296747124822609 ) ) ;
#2684 = ORIENTED_EDGE ( 'NONE', *, *, #2585, .F. ) ;
#2685 = CARTESIAN_POINT ( 'NONE',  ( -0.6785254037844389297, 1.175240473580833944, -6.995833333333332682 ) ) ;
#2686 = CARTESIAN_POINT ( 'NONE',  ( -0.6785254037844394848, -1.175240473580838829, -6.391666666666667496 ) ) ;
#2687 = CARTESIAN_POINT ( 'NONE',  ( -1.836970198721033385E-16, -1.500000000000005551, -2.037500000000000533 ) ) ;
#2688 = CARTESIAN_POINT ( 'NONE',  ( 1.357050807568878303, -2.932007029070127676E-15, 1.337500000000000133 ) ) ;
#2689 = ORIENTED_EDGE ( 'NONE', *, *, #3448, .F. ) ;
#2690 = CARTESIAN_POINT ( 'NONE',  ( -1.439254484199190858E-16, -1.175240473580839051, -1.787500000000000089 ) ) ;
#2691 = CARTESIAN_POINT ( 'NONE',  ( -1.523479285761369467E-11, 1.289203446758868221, -8.165796553241136735 ) ) ;
#2692 = EDGE_CURVE ( 'NONE', #471, #3913, #3894, .T. ) ;
#2693 = PERSON_AND_ORGANIZATION ( #3214, #4146 ) ;
#2694 = EDGE_CURVE ( 'NONE', #2317, #3048, #4114, .T. ) ;
#2695 = CARTESIAN_POINT ( 'NONE',  ( -1.732050807568880746, -2.576663316032202938E-15, -4.162500000000001421 ) ) ;
#2696 = CARTESIAN_POINT ( 'NONE',  ( 1.763300807568879858, -3.006633943393169801E-15, 0.5718749999999993561 ) ) ;
#2697 = CARTESIAN_POINT ( 'NONE',  ( -1.836970198721033385E-16, -1.500000000000005551, -0.5375000000000001998 ) ) ;
#2698 = CARTESIAN_POINT ( 'NONE',  ( 1.357050807568878303, -2.932007029070127676E-15, -2.162500000000000533 ) ) ;
#2699 = CARTESIAN_POINT ( 'NONE',  ( -1.299038105676660448, -0.7500000000000037748, -7.120833333333333570 ) ) ;
#2700 = CARTESIAN_POINT ( 'NONE',  ( 1.017788105676659116, 0.5876202367904146406, -4.620833333333333570 ) ) ;
#2701 = CARTESIAN_POINT ( 'NONE',  ( -1.439254484199190858E-16, -1.175240473580839051, -2.850000000000000089 ) ) ;
#2702 = CARTESIAN_POINT ( 'NONE',  ( 1.357050807568878303, -2.932007029070127676E-15, -3.225000000000000533 ) ) ;
#2703 = CARTESIAN_POINT ( 'NONE',  ( 1.763300807568879858, -3.006633943393169801E-15, -7.928124999999998757 ) ) ;
#2704 = CARTESIAN_POINT ( 'NONE',  ( 1.763300807568879858, -3.006633943393169801E-15, -1.959374999999999867 ) ) ;
#2705 = CIRCLE ( 'NONE', #1702, 1.371600000000000374 ) ;
#2706 = CARTESIAN_POINT ( 'NONE',  ( 0.6785254037844397068, 1.175240473580833056, -7.141666666666666607 ) ) ;
#2707 = ORIENTED_EDGE ( 'NONE', *, *, #4403, .F. ) ;
#2708 = CARTESIAN_POINT ( 'NONE',  ( -1.017788105676658450, 0.5876202367904155288, -6.454166666666667496 ) ) ;
#2709 = CARTESIAN_POINT ( 'NONE',  ( -1.439254484199190858E-16, -1.175240473580839051, -4.350000000000000533 ) ) ;
#2710 = CARTESIAN_POINT ( 'NONE',  ( 1.342841092609248665, 0.2794000000000001482, 1.650000000000000355 ) ) ;
#2711 = CARTESIAN_POINT ( 'NONE',  ( -1.299038105676660448, 0.7499999999999990008, -4.266666666666666607 ) ) ;
#2712 = AXIS2_PLACEMENT_3D ( 'NONE', #2626, #509, #194 ) ;
#2713 = VERTEX_POINT ( 'NONE', #6 ) ;
#2714 = CARTESIAN_POINT ( 'NONE',  ( 0.6785254037844387076, -1.175240473580839273, -2.745833333333333570 ) ) ;
#2715 = DESIGN_CONTEXT ( 'detailed design', #3933, 'design' ) ;
#2716 = CARTESIAN_POINT ( 'NONE',  ( 0.000000000000000000, 1.500000000000000222, -5.787500000000001421 ) ) ;
#2717 = DIRECTION ( 'NONE',  ( -0.000000000000000000, 4.984837574645996626E-17, -1.000000000000000000 ) ) ;
#2718 = CARTESIAN_POINT ( 'NONE',  ( 1.322475605676660448, 0.7635316469341292267, 0.6135416666666667629 ) ) ;
#2719 = ORIENTED_EDGE ( 'NONE', *, *, #4402, .F. ) ;
#2720 = CARTESIAN_POINT ( 'NONE',  ( -0.8660254037844334896, 1.500000000000011990, -0.2458333333333350412 ) ) ;
#2721 = CARTESIAN_POINT ( 'NONE',  ( 1.357050807568878303, -2.932007029070127676E-15, -0.6624999999999999778 ) ) ;
#2722 = CARTESIAN_POINT ( 'NONE',  ( -1.299038105676660226, 0.7499999999999988898, -1.204166666666667274 ) ) ;
#2723 = ADVANCED_FACE ( 'NONE', ( #411 ), #3046, .T. ) ;
#2724 = CARTESIAN_POINT ( 'NONE',  ( -0.6785254037844394848, -1.175240473580838829, -5.329166666666665719 ) ) ;
#2725 = DIRECTION ( 'NONE',  ( 0.000000000000000000, -1.000000000000000000, 0.000000000000000000 ) ) ;
#2726 = CARTESIAN_POINT ( 'NONE',  ( 1.357050807568878303, -2.932007029070127676E-15, -4.225000000000000533 ) ) ;
#2727 = CARTESIAN_POINT ( 'NONE',  ( 1.322475605676659560, -0.7635316469341363321, -8.469791666666667496 ) ) ;
#2728 = CARTESIAN_POINT ( 'NONE',  ( 1.763300807568879858, -3.006633943393169801E-15, -1.459374999999999645 ) ) ;
#2729 = VERTEX_POINT ( 'NONE', #2710 ) ;
#2730 = CARTESIAN_POINT ( 'NONE',  ( 1.299038105676660004, -0.7500000000000048850, -4.516666666666667496 ) ) ;
#2731 = CARTESIAN_POINT ( 'NONE',  ( 0.000000000000000000, 1.175240473580833722, -5.599999999999999645 ) ) ;
#2732 = CARTESIAN_POINT ( 'NONE',  ( -0.8111205463046212705, 0.2794000000000084749, 1.650000000000000355 ) ) ;
#2733 = MANIFOLD_SOLID_BREP ( 'Boss-Extrude1', #2896 ) ;
#2734 = CARTESIAN_POINT ( 'NONE',  ( 0.000000000000000000, 1.500000000000000444, 0.1499999999999995226 ) ) ;
#2735 = EDGE_LOOP ( 'NONE', ( #428, #332, #304, #1522, #2214, #343, #1244, #3114, #1357, #2041, #3869, #3145, #2012, #81, #1290, #2803, #2876, #4143, #3488, #736, #1537, #547, #1579 ) ) ;
#2736 = CARTESIAN_POINT ( 'NONE',  ( -1.439254484199190858E-16, -1.175240473580839051, -3.787500000000000089 ) ) ;
#2737 = CARTESIAN_POINT ( 'NONE',  ( 0.1159787534831030753, 1.285087419710026380, -8.169912580291224913 ) ) ;
#2738 = CARTESIAN_POINT ( 'NONE',  ( 0.000000000000000000, -1.969010841985161127E-17, -7.955000000000000071 ) ) ;
#2739 = DIRECTION ( 'NONE',  ( 0.06666269134683215636, -0.06666269134683268371, 0.9955461672694008168 ) ) ;
#2740 = AXIS2_PLACEMENT_3D ( 'NONE', #779, #2150, #4209 ) ;
#2741 = ORIENTED_EDGE ( 'NONE', *, *, #2413, .T. ) ;
#2742 = DIRECTION ( 'NONE',  ( 0.000000000000000000, 1.000000000000000000, 0.000000000000000000 ) ) ;
#2743 = DIRECTION ( 'NONE',  ( -0.000000000000000000, 4.984837574645996626E-17, -1.000000000000000000 ) ) ;
#2744 = CARTESIAN_POINT ( 'NONE',  ( -1.732050807568880746, -2.576663316032202938E-15, -1.162500000000000755 ) ) ;
#2745 = CARTESIAN_POINT ( 'NONE',  ( -0.6785254037844389297, 1.175240473580833944, -3.495833333333333570 ) ) ;
#2746 = CARTESIAN_POINT ( 'NONE',  ( 0.6785254037844387076, -1.175240473580839273, -0.3083333333333340698 ) ) ;
#2747 = CARTESIAN_POINT ( 'NONE',  ( 1.017788105676659116, 0.5876202367904146406, -0.6833333333333344584 ) ) ;
#2748 = VECTOR ( 'NONE', #148, 1000.000000000000227 ) ;
#2749 = ADVANCED_FACE ( 'NONE', ( #683 ), #1069, .F. ) ;
#2750 = EDGE_CURVE ( 'NONE', #1319, #219, #4198, .T. ) ;
#2751 = CARTESIAN_POINT ( 'NONE',  ( 0.8816504037844408170, 1.527063293868263116, -3.844791666666667052 ) ) ;
#2752 = CARTESIAN_POINT ( 'NONE',  ( -0.8816504037844403729, -1.527063293868268001, -3.126041666666666607 ) ) ;
#2753 = EDGE_LOOP ( 'NONE', ( #92, #2294, #252, #1603 ) ) ;
#2754 = CARTESIAN_POINT ( 'NONE',  ( 1.357050807568878303, -2.932007029070127676E-15, -7.162500000000000533 ) ) ;
#2755 = CARTESIAN_POINT ( 'NONE',  ( -1.439254484199190858E-16, -1.175240473580839051, -2.850000000000000089 ) ) ;
#2756 = FACE_OUTER_BOUND ( 'NONE', #4123, .T. ) ;
#2757 = VERTEX_POINT ( 'NONE', #28 ) ;
#2758 = CARTESIAN_POINT ( 'NONE',  ( -0.6785254037844389297, 1.175240473580833722, -1.995833333333333792 ) ) ;
#2759 = DIRECTION ( 'NONE',  ( -0.000000000000000000, 4.984837574645996626E-17, -1.000000000000000000 ) ) ;
#2760 = CALENDAR_DATE ( 2026, 7, 1 ) ;
#2761 = CARTESIAN_POINT ( 'NONE',  ( -1.299038105676660448, -0.7500000000000037748, -3.620833333333333570 ) ) ;
#2762 = CARTESIAN_POINT ( 'NONE',  ( -0.8816504037844398178, 1.527063293868263338, 0.7385416666666668739 ) ) ;
#2763 = VERTEX_POINT ( 'NONE', #2032 ) ;
#2764 = CARTESIAN_POINT ( 'NONE',  ( -1.732050807568880746, -2.576663316032202938E-15, -0.1625000000000015321 ) ) ;
#2765 = CARTESIAN_POINT ( 'NONE',  ( 0.8660254037844362651, -1.500000000000011768, -2.058333333333332682 ) ) ;
#2766 = CARTESIAN_POINT ( 'NONE',  ( -1.475982003772366877E-16, 5.089934792135742154E-31, 1.100000000000000533 ) ) ;
#2767 = CARTESIAN_POINT ( 'NONE',  ( 0.000000000000000000, 1.175240473580833722, -4.537499999999999645 ) ) ;
#2768 = CC_DESIGN_PERSON_AND_ORGANIZATION_ASSIGNMENT ( #1365, #2419, ( #1771 ) ) ;
#2769 = PLANE ( 'NONE',  #1406 ) ;
#2770 = CARTESIAN_POINT ( 'NONE',  ( 0.6785254037844397068, 1.175240473580833500, -2.141666666666666607 ) ) ;
#2771 = CARTESIAN_POINT ( 'NONE',  ( 1.322475605676659560, -0.7635316469341363321, -5.469791666666667496 ) ) ;
#2772 = CC_DESIGN_SECURITY_CLASSIFICATION ( #2855, ( #1771 ) ) ;
#2773 = CARTESIAN_POINT ( 'NONE',  ( -1.322475605676660004, 0.7635316469341305590, -2.251041666666666607 ) ) ;
#2774 = ORIENTED_EDGE ( 'NONE', *, *, #3605, .F. ) ;
#2775 = CARTESIAN_POINT ( 'NONE',  ( -0.6785254037844394848, -1.175240473580838829, -8.329166666666667496 ) ) ;
#2776 = AXIS2_PLACEMENT_3D ( 'NONE', #599, #3328, #1615 ) ;
#2777 = CARTESIAN_POINT ( 'NONE',  ( -1.357050807568878303, -2.599625443516216173E-15, -2.475000000000000533 ) ) ;
#2778 = PLANE ( 'NONE',  #3718 ) ;
#2779 = CARTESIAN_POINT ( 'NONE',  ( 0.000000000000000000, 4.814824860968089633E-32, -8.349999999999999645 ) ) ;
#2780 = ADVANCED_FACE ( 'NONE', ( #3411 ), #2778, .T. ) ;
#2781 = AXIS2_PLACEMENT_3D ( 'NONE', #1099, #3895, #78 ) ;
#2782 = VERTEX_POINT ( 'NONE', #322 ) ;
#2783 = CARTESIAN_POINT ( 'NONE',  ( -1.357050807568877859, -2.599625443516215778E-15, -2.912499999999999645 ) ) ;
#2784 = DIRECTION ( 'NONE',  ( 0.000000000000000000, 1.000000000000000000, 0.000000000000000000 ) ) ;
#2785 = PERSON_AND_ORGANIZATION_ROLE ( 'classification_officer' ) ;
#2786 = LINE ( 'NONE', #395, #2347 ) ;
#2787 = DIRECTION ( 'NONE',  ( 0.000000000000000000, -1.153251463704931673E-32, 1.000000000000000000 ) ) ;
#2788 = ADVANCED_BREP_SHAPE_REPRESENTATION ( '92010A120_Passivated 18-8 Stainless Steel Phillips Flat Head Screw', ( #2733, #1844 ), #2052 ) ;
#2789 = AXIS2_PLACEMENT_3D ( 'NONE', #3890, #3226, #1179 ) ;
#2790 =( BOUNDED_CURVE ( )  B_SPLINE_CURVE ( 2, ( #1483, #2447, #1125, #62, #1462, #3558, #3537 ),
 .UNSPECIFIED., .F., .T. ) 
 B_SPLINE_CURVE_WITH_KNOTS ( ( 3, 2, 2, 3 ),
 ( 0.4750000000000000333, 0.4833333333333333370, 0.4916666666666666408, 0.4999999999999999445 ),
 .UNSPECIFIED. ) 
 CURVE ( )  GEOMETRIC_REPRESENTATION_ITEM ( )  RATIONAL_B_SPLINE_CURVE ( ( 0.9999999999999991118, 0.8660254037844395958, 1.000000000000000000, 0.8660254037844387076, 1.000000000000000000, 0.8660254037844395958, 0.9999999999999991118 ) ) 
 REPRESENTATION_ITEM ( '' )  );
#2791 = VERTEX_POINT ( 'NONE', #1769 ) ;
#2792 = CARTESIAN_POINT ( 'NONE',  ( 0.2175686711582027200, -0.5252572366576299112, 1.650000000000000355 ) ) ;
#2793 = DIRECTION ( 'NONE',  ( -0.3812272063696506286, 0.9203638919632255444, 0.08715574274765848506 ) ) ;
#2794 = DIRECTION ( 'NONE',  ( -0.9203638919632243232, -0.3812272063696537927, 0.08715574274765830465 ) ) ;
#2795 = CARTESIAN_POINT ( 'NONE',  ( -1.357050807568878303, -2.599625443516216173E-15, -2.412500000000000533 ) ) ;
#2796 = CARTESIAN_POINT ( 'NONE',  ( -1.017788105676658672, -0.5876202367904206358, -0.4333333333333341808 ) ) ;
#2797 = ORIENTED_EDGE ( 'NONE', *, *, #2141, .F. ) ;
#2798 = CARTESIAN_POINT ( 'NONE',  ( -1.017788105676658450, 0.5876202367904155288, -1.516666666666667052 ) ) ;
#2799 =( BOUNDED_CURVE ( )  B_SPLINE_CURVE ( 2, ( #1006, #2375, #2460, #1052, #3808, #1029, #2440 ),
 .UNSPECIFIED., .F., .F. ) 
 B_SPLINE_CURVE_WITH_KNOTS ( ( 3, 2, 2, 3 ),
 ( 0.6000000000000000888, 0.6083333333333332815, 0.6166666666666666963, 0.6249999999999998890 ),
 .UNSPECIFIED. ) 
 CURVE ( )  GEOMETRIC_REPRESENTATION_ITEM ( )  RATIONAL_B_SPLINE_CURVE ( ( 0.9999999999999982236, 0.8660254037844404840, 1.000000000000000000, 0.8660254037844387076, 1.000000000000000000, 0.8660254037844404840, 0.9999999999999982236 ) ) 
 REPRESENTATION_ITEM ( '' )  );
#2800 = CARTESIAN_POINT ( 'NONE',  ( -0.8816504037844398178, 1.527063293868263338, -5.761458333333334458 ) ) ;
#2801 = CARTESIAN_POINT ( 'NONE',  ( 1.322475605676659560, -0.7635316469341363321, -1.501041666666667052 ) ) ;
#2802 = VERTEX_POINT ( 'NONE', #3137 ) ;
#2803 = ORIENTED_EDGE ( 'NONE', *, *, #1154, .T. ) ;
#2804 = CARTESIAN_POINT ( 'NONE',  ( 1.017788105676659116, 0.5876202367904146406, -5.620833333333333570 ) ) ;
#2805 = CARTESIAN_POINT ( 'NONE',  ( 1.017788105676659116, 0.5876202367904146406, -2.683333333333333570 ) ) ;
#2806 = CARTESIAN_POINT ( 'NONE',  ( 0.000000000000000000, 1.500000000000000444, -1.349999999999999201 ) ) ;
#2807 = CARTESIAN_POINT ( 'NONE',  ( 1.299038105676659782, -0.7500000000000047740, -0.4541666666666673291 ) ) ;
#2808 = EDGE_LOOP ( 'NONE', ( #3785, #2220, #2399, #1681 ) ) ;
#2809 = CARTESIAN_POINT ( 'NONE',  ( 0.000000000000000000, 1.500000000000000444, -0.8499999999999996447 ) ) ;
#2810 = CARTESIAN_POINT ( 'NONE',  ( 1.232488268032772227, 0.09826655296416743346, -8.240683341519503102 ) ) ;
#2811 = FACE_OUTER_BOUND ( 'NONE', #1432, .T. ) ;
#2812 = EDGE_CURVE ( 'NONE', #2258, #1669, #49, .T. ) ;
#2813 = CARTESIAN_POINT ( 'NONE',  ( 1.732050807568880746, -3.000893411522166591E-15, -4.912500000000000533 ) ) ;
#2814 = ADVANCED_FACE ( 'NONE', ( #3547 ), #2314, .T. ) ;
#2815 = ORIENTED_EDGE ( 'NONE', *, *, #2947, .F. ) ;
#2816 = CARTESIAN_POINT ( 'NONE',  ( 0.8660254037844398178, -1.500000000000005995, -7.558333333333332682 ) ) ;
#2817 = FACE_OUTER_BOUND ( 'NONE', #3120, .T. ) ;
#2818 = CARTESIAN_POINT ( 'NONE',  ( 0.5252572366576291341, 0.2175686711582045796, 1.650000000000000355 ) ) ;
#2819 = CARTESIAN_POINT ( 'NONE',  ( 0.6785254037844397068, 1.175240473580833500, -0.5791666666666670515 ) ) ;
#2820 = CARTESIAN_POINT ( 'NONE',  ( -0.6785254037844389297, 1.175240473580833722, -1.058333333333333792 ) ) ;
#2821 = CARTESIAN_POINT ( 'NONE',  ( 0.000000000000000000, 1.175240473580833722, -0.5999999999999998668 ) ) ;
#2822 = CARTESIAN_POINT ( 'NONE',  ( 0.000000000000000000, 1.527063293868263338, -5.303125000000000533 ) ) ;
#2823 = VECTOR ( 'NONE', #2089, 1000.000000000000000 ) ;
#2824 = CARTESIAN_POINT ( 'NONE',  ( 1.322475605676659560, -0.7635316469341363321, 0.4989583333333338921 ) ) ;
#2825 =( BOUNDED_CURVE ( )  B_SPLINE_CURVE ( 2, ( #4136, #2078, #2807, #1770, #2457, #3847, #2414 ),
 .UNSPECIFIED., .F., .F. ) 
 B_SPLINE_CURVE_WITH_KNOTS ( ( 3, 2, 2, 3 ),
 ( 0.8250000000000000666, 0.8333333333333333703, 0.8416666666666666741, 0.8499999999999998668 ),
 .UNSPECIFIED. ) 
 CURVE ( )  GEOMETRIC_REPRESENTATION_ITEM ( )  RATIONAL_B_SPLINE_CURVE ( ( 0.9999999999999982236, 0.8660254037844404840, 1.000000000000000000, 0.8660254037844387076, 1.000000000000000000, 0.8660254037844404840, 0.9999999999999982236 ) ) 
 REPRESENTATION_ITEM ( '' )  );
#2826 = VERTEX_POINT ( 'NONE', #4049 ) ;
#2827 = CARTESIAN_POINT ( 'NONE',  ( -1.439254484199190858E-16, -1.175240473580839051, -4.787499999999999645 ) ) ;
#2828 = CARTESIAN_POINT ( 'NONE',  ( -0.6785254037844389297, 1.175240473580833944, -3.558333333333333570 ) ) ;
#2829 = CARTESIAN_POINT ( 'NONE',  ( 0.8816504037844393737, -1.527063293868269112, -6.042708333333332682 ) ) ;
#2830 = CARTESIAN_POINT ( 'NONE',  ( -1.299038105676660448, 0.7499999999999990008, -3.266666666666666607 ) ) ;
#2831 = APPROVAL ( #1322, 'UNSPECIFIED' ) ;
#2832 = ORIENTED_EDGE ( 'NONE', *, *, #961, .T. ) ;
#2833 = CARTESIAN_POINT ( 'NONE',  ( 1.357050807568877859, -2.932007029070127676E-15, -0.6624999999999997558 ) ) ;
#2834 = CARTESIAN_POINT ( 'NONE',  ( -4.936514004734479961E-15, -1.371600000000000374, 1.650000000000000355 ) ) ;
#2835 = CARTESIAN_POINT ( 'NONE',  ( 0.08714138976776129863, -1.257513417308484760, 0.1075134173085128680 ) ) ;
#2836 = CARTESIAN_POINT ( 'NONE',  ( -1.836970198721033385E-16, -1.500000000000005551, -0.03750000000000144884 ) ) ;
#2837 = ADVANCED_FACE ( 'NONE', ( #957 ), #981, .T. ) ;
#2838 = ORIENTED_EDGE ( 'NONE', *, *, #1735, .F. ) ;
#2839 = EDGE_CURVE ( 'NONE', #1840, #4181, #1248, .T. ) ;
#2840 = CARTESIAN_POINT ( 'NONE',  ( -1.357050807568877859, -2.599625443516215778E-15, -6.912500000000000533 ) ) ;
#2841 = FACE_OUTER_BOUND ( 'NONE', #3853, .T. ) ;
#2842 = CARTESIAN_POINT ( 'NONE',  ( -1.126465979773016768, -0.9173793690408077461, 0.2995198487979137125 ) ) ;
#2843 = CARTESIAN_POINT ( 'NONE',  ( -0.6785254037844389297, 1.175240473580833944, -2.495833333333333570 ) ) ;
#2844 = EDGE_CURVE ( 'NONE', #4330, #3133, #3428, .T. ) ;
#2845 = CARTESIAN_POINT ( 'NONE',  ( 0.000000000000000000, 4.814824860968089633E-32, -8.349999999999999645 ) ) ;
#2846 = CARTESIAN_POINT ( 'NONE',  ( 0.000000000000000000, 1.175240473580833722, -2.100000000000000089 ) ) ;
#2847 = CARTESIAN_POINT ( 'NONE',  ( 1.763300807568879858, -3.006633943393169801E-15, -5.428125000000000533 ) ) ;
#2848 = CARTESIAN_POINT ( 'NONE',  ( 1.763300807568879858, -3.006633943393169801E-15, 0.04062500000000072997 ) ) ;
#2849 = CARTESIAN_POINT ( 'NONE',  ( -1.017788105676658450, 0.5876202367904155288, 1.045833333333332726 ) ) ;
#2850 = ORIENTED_EDGE ( 'NONE', *, *, #51, .T. ) ;
#2851 = CARTESIAN_POINT ( 'NONE',  ( 0.6785254037844397068, 1.175240473580833500, -6.079166666666666607 ) ) ;
#2852 = CARTESIAN_POINT ( 'NONE',  ( 1.357050807568878303, -2.932007029070127676E-15, -2.225000000000000089 ) ) ;
#2853 = CARTESIAN_POINT ( 'NONE',  ( -1.763300807568879858, -2.574749805408535596E-15, -6.709374999999998757 ) ) ;
#2854 = CARTESIAN_POINT ( 'NONE',  ( 1.405201096396078819, 0.5661203061905029088, -7.943548871878305384 ) ) ;
#2855 = SECURITY_CLASSIFICATION ( '', '', #3030 ) ;
#2856 = VERTEX_POINT ( 'NONE', #1926 ) ;
#2857 = LINE ( 'NONE', #2877, #3498 ) ;
#2858 = CARTESIAN_POINT ( 'NONE',  ( 0.000000000000000000, -1.475982003772366877E-16, 1.100000000000000533 ) ) ;
#2859 = CARTESIAN_POINT ( 'NONE',  ( 0.000000000000000000, 1.500000000000000222, -4.787500000000000533 ) ) ;
#2860 = CARTESIAN_POINT ( 'NONE',  ( -1.439254484199190858E-16, -1.175240473580839051, -5.850000000000000533 ) ) ;
#2861 = VECTOR ( 'NONE', #1582, 1000.000000000000000 ) ;
#2862 = ORIENTED_EDGE ( 'NONE', *, *, #2175, .F. ) ;
#2863 = CARTESIAN_POINT ( 'NONE',  ( -1.017788105676658672, -0.5876202367904206358, -6.870833333333332682 ) ) ;
#2864 = CARTESIAN_POINT ( 'NONE',  ( 0.000000000000000000, 1.500000000000000444, -0.8499999999999996447 ) ) ;
#2865 = CARTESIAN_POINT ( 'NONE',  ( -0.9774203251040600726, 0.7124850628127771257, 0.05570179465637959543 ) ) ;
#2866 = CARTESIAN_POINT ( 'NONE',  ( -1.299038105676660448, 0.7499999999999990008, -4.766666666666665719 ) ) ;
#2867 = CARTESIAN_POINT ( 'NONE',  ( -1.322475605676660004, 0.7635316469341305590, -3.219791666666666607 ) ) ;
#2868 = ADVANCED_FACE ( 'NONE', ( #3705 ), #3664, .T. ) ;
#2869 = CARTESIAN_POINT ( 'NONE',  ( -1.763300807568879858, -2.574749805408535596E-15, -0.2093749999999994782 ) ) ;
#2870 = CARTESIAN_POINT ( 'NONE',  ( -0.6785254037844389297, 1.175240473580833944, -8.058333333333333570 ) ) ;
#2871 = VERTEX_POINT ( 'NONE', #1607 ) ;
#2872 = CARTESIAN_POINT ( 'NONE',  ( -1.017788105676658450, 0.5876202367904155288, -5.954166666666666607 ) ) ;
#2873 = CARTESIAN_POINT ( 'NONE',  ( -0.6785254037844394848, -1.175240473580838829, 1.108333333333332726 ) ) ;
#2874 = CARTESIAN_POINT ( 'NONE',  ( 1.322475605676659560, -0.7635316469341363321, -7.501041666666666607 ) ) ;
#2875 = FACE_OUTER_BOUND ( 'NONE', #1223, .T. ) ;
#2876 = ORIENTED_EDGE ( 'NONE', *, *, #2552, .F. ) ;
#2877 = CARTESIAN_POINT ( 'NONE',  ( 2.841103278237025801E-15, 0.2794000000000002593, 1.650000000000000355 ) ) ;
#2878 = CARTESIAN_POINT ( 'NONE',  ( -1.536117151722525929E-16, -1.254334843966467439, 0.1043348439664727040 ) ) ;
#2879 = CARTESIAN_POINT ( 'NONE',  ( -0.2794000000000002593, -8.545637998129087999E-17, 1.650000000000000355 ) ) ;
#2880 = CARTESIAN_POINT ( 'NONE',  ( -0.6785254037844389297, 1.175240473580833722, -5.558333333333333570 ) ) ;
#2881 = ORIENTED_EDGE ( 'NONE', *, *, #77, .F. ) ;
#2882 = CARTESIAN_POINT ( 'NONE',  ( -1.836970198721033385E-16, -1.500000000000005773, -7.599999999999998757 ) ) ;
#2883 = DIRECTION ( 'NONE',  ( 8.659560562354934091E-17, 0.7071067811865474617, 0.7071067811865475727 ) ) ;
#2884 = CARTESIAN_POINT ( 'NONE',  ( -0.8761443883973815128, -1.217526595471237094, 0.3500000000000013101 ) ) ;
#2885 = CARTESIAN_POINT ( 'NONE',  ( 0.000000000000000000, 1.500000000000000444, -3.849999999999999645 ) ) ;
#2886 = CARTESIAN_POINT ( 'NONE',  ( 1.322475605676659560, -0.7635316469341363321, -2.469791666666667052 ) ) ;
#2887 = CARTESIAN_POINT ( 'NONE',  ( 0.8816504037844408170, 1.527063293868263116, 0.6239583333333339477 ) ) ;
#2888 = CARTESIAN_POINT ( 'NONE',  ( 0.6785254037844387076, -1.175240473580839051, 0.7541666666666668739 ) ) ;
#2889 = EDGE_CURVE ( 'NONE', #2007, #3162, #2705, .T. ) ;
#2890 = ORIENTED_EDGE ( 'NONE', *, *, #2608, .F. ) ;
#2891 = EDGE_CURVE ( 'NONE', #3564, #1249, #3389, .T. ) ;
#2892 = CARTESIAN_POINT ( 'NONE',  ( 0.6785254037844387076, -1.175240473580839051, -6.808333333333332682 ) ) ;
#2893 = CARTESIAN_POINT ( 'NONE',  ( -1.357050807568878303, -2.599625443516216173E-15, -1.912500000000000311 ) ) ;
#2894 = CARTESIAN_POINT ( 'NONE',  ( 1.017788105676658228, -0.5876202367904214130, 0.2333333333333336701 ) ) ;
#2895 = CARTESIAN_POINT ( 'NONE',  ( 1.763300807568879858, -3.006633943393169801E-15, -7.459375000000000533 ) ) ;
#2896 = CLOSED_SHELL ( 'NONE', ( #3353, #4272, #1077, #3862, #466, #1560, #2640, #1506, #3607, #3495, #2868, #3020, #540, #1536, #1234, #1893, #187, #3132, #2723, #2503, #3688, #2389, #3527, #3191, #1677, #303, #132, #1559, #1738, #2635, #852, #3160, #517, #3412, #1485, #3158, #2749, #2663, #4437, #4110, #1952, #1513, #1461, #3410, #4431, #4079, #2780, #2328, #157, #2837, #1617, #566, #1950, #2250, #742, #1131, #1101, #1017, #1924, #4105, #3776, #1049, #1714, #1794, #4430, #2087, #2814 ) ) ;
#2897 = CARTESIAN_POINT ( 'NONE',  ( -0.8660254037844401509, 1.500000000000000222, 0.2541666666666660968 ) ) ;
#2898 = ORIENTED_EDGE ( 'NONE', *, *, #2002, .F. ) ;
#2899 = CARTESIAN_POINT ( 'NONE',  ( -1.439254484199190858E-16, -1.175240473580839051, -0.7874999999999999778 ) ) ;
#2901 = CIRCLE ( 'NONE', #3396, 1.371600000000000374 ) ;
#2900 = CARTESIAN_POINT ( 'NONE',  ( -0.6785254037844389297, 1.175240473580833944, -8.558333333333331794 ) ) ;
#2902 = CARTESIAN_POINT ( 'NONE',  ( 0.000000000000000000, 1.500000000000000222, -8.349999999999999645 ) ) ;
#2903 = CARTESIAN_POINT ( 'NONE',  ( 1.017788105676658228, -0.5876202367904214130, -4.766666666666667496 ) ) ;
#2904 = EDGE_LOOP ( 'NONE', ( #2774, #1651, #2684, #783 ) ) ;
#2905 = CARTESIAN_POINT ( 'NONE',  ( 0.1223628245429984329, -1.168853074561714944, -8.279759526419162796 ) ) ;
#2906 = CARTESIAN_POINT ( 'NONE',  ( 0.000000000000000000, 1.500000000000000444, -1.349999999999999201 ) ) ;
#2907 = FACE_OUTER_BOUND ( 'NONE', #2808, .T. ) ;
#2908 = CARTESIAN_POINT ( 'NONE',  ( -1.836970198721033385E-16, -1.500000000000005773, -5.100000000000000533 ) ) ;
#2909 = CARTESIAN_POINT ( 'NONE',  ( 0.8816504037844393737, -1.527063293868269112, 1.457291666666665764 ) ) ;
#2910 = CARTESIAN_POINT ( 'NONE',  ( 1.357050807568878303, -2.932007029070127676E-15, 1.337500000000000133 ) ) ;
#2911 = ORIENTED_EDGE ( 'NONE', *, *, #3630, .F. ) ;
#2912 = CARTESIAN_POINT ( 'NONE',  ( -0.6785254037844389297, 1.175240473580833944, -6.058333333333333570 ) ) ;
#2913 = CARTESIAN_POINT ( 'NONE',  ( 1.017788105676659116, 0.5876202367904146406, -2.620833333333333570 ) ) ;
#2914 = CARTESIAN_POINT ( 'NONE',  ( -0.6785254037844389297, 1.175240473580833944, -0.5583333333333343473 ) ) ;
#2915 = CARTESIAN_POINT ( 'NONE',  ( -1.322475605676660004, 0.7635316469341305590, -7.751041666666666607 ) ) ;
#2916 = CARTESIAN_POINT ( 'NONE',  ( 1.732050807568880746, -3.000893411522166591E-15, -7.412500000000003197 ) ) ;
#2917 = ORIENTED_EDGE ( 'NONE', *, *, #2002, .T. ) ;
#2918 = CARTESIAN_POINT ( 'NONE',  ( 0.000000000000000000, 1.500000000000000444, -4.349999999999999645 ) ) ;
#2919 = CARTESIAN_POINT ( 'NONE',  ( -0.6785254037844389297, 1.175240473580833944, -7.058333333333333570 ) ) ;
#2920 = EDGE_CURVE ( 'NONE', #59, #102, #4036, .T. ) ;
#2921 = CARTESIAN_POINT ( 'NONE',  ( 0.6785254037844397068, 1.175240473580833056, -4.141666666666666607 ) ) ;
#2922 = CARTESIAN_POINT ( 'NONE',  ( -1.357050807568878303, -2.599625443516216173E-15, -0.4124999999999997002 ) ) ;
#2923 = EDGE_LOOP ( 'NONE', ( #659, #1362, #4156, #3528 ) ) ;
#2924 = CARTESIAN_POINT ( 'NONE',  ( -1.357050807568877859, -2.599625443516215778E-15, -6.412499999999999645 ) ) ;
#2925 = CARTESIAN_POINT ( 'NONE',  ( -0.1782061739496904884, -1.433622065530319123, -8.013102584236788672 ) ) ;
#2926 = CARTESIAN_POINT ( 'NONE',  ( 0.000000000000000000, 1.500000000000000444, -6.850000000000000533 ) ) ;
#2927 = VECTOR ( 'NONE', #3592, 999.9999999999998863 ) ;
#2928 = CARTESIAN_POINT ( 'NONE',  ( -1.836970198721033385E-16, -1.500000000000005773, -4.599999999999999645 ) ) ;
#2929 = CARTESIAN_POINT ( 'NONE',  ( 1.357050807568878303, -2.932007029070127676E-15, -7.162500000000000533 ) ) ;
#2930 =( BOUNDED_CURVE ( )  B_SPLINE_CURVE ( 2, ( #1048, #1408, #1726, #29, #2033, #1701, #1384 ),
 .UNSPECIFIED., .F., .F. ) 
 B_SPLINE_CURVE_WITH_KNOTS ( ( 3, 2, 2, 3 ),
 ( 0.4249999999999998224, 0.4333333333333332371, 0.4416666666666665408, 0.4499999999999999556 ),
 .UNSPECIFIED. ) 
 CURVE ( )  GEOMETRIC_REPRESENTATION_ITEM ( )  RATIONAL_B_SPLINE_CURVE ( ( 1.000000000000002665, 0.8660254037844360431, 1.000000000000000000, 0.8660254037844387076, 1.000000000000000000, 0.8660254037844395958, 0.9999999999999991118 ) ) 
 REPRESENTATION_ITEM ( '' )  );
#2931 = CARTESIAN_POINT ( 'NONE',  ( -0.6785254037844394848, -1.175240473580838829, 0.1708333333333336146 ) ) ;
#2932 = LINE ( 'NONE', #3278, #2748 ) ;
#2933 = CARTESIAN_POINT ( 'NONE',  ( -0.6785254037844394848, -1.175240473580838829, -7.891666666666666607 ) ) ;
#2934 = CARTESIAN_POINT ( 'NONE',  ( 0.000000000000000000, 1.175240473580833722, -2.037500000000000089 ) ) ;
#2935 = AXIS2_PLACEMENT_3D ( 'NONE', #2461, #3185, #34 ) ;
#2936 = CARTESIAN_POINT ( 'NONE',  ( 1.017788105676659116, 0.5876202367904146406, 0.8166666666666668739 ) ) ;
#2937 = CARTESIAN_POINT ( 'NONE',  ( -1.322475605676660226, -0.7635316469341354439, -5.167708333333333570 ) ) ;
#2938 = CARTESIAN_POINT ( 'NONE',  ( 0.000000000000000000, -1.500000000000000000, 0.3500000000000009215 ) ) ;
#2939 = ORIENTED_EDGE ( 'NONE', *, *, #295, .F. ) ;
#2940 = FACE_OUTER_BOUND ( 'NONE', #2520, .T. ) ;
#2941 = CARTESIAN_POINT ( 'NONE',  ( -1.017788105676658450, 0.5876202367904155288, -6.516666666666667496 ) ) ;
#2942 = CARTESIAN_POINT ( 'NONE',  ( 0.6785254037844397068, 1.175240473580833056, -4.641666666666667496 ) ) ;
#2943 = CARTESIAN_POINT ( 'NONE',  ( -0.6785254037844389297, 1.175240473580833944, -0.4958333333333341808 ) ) ;
#2944 = VERTEX_POINT ( 'NONE', #371 ) ;
#2945 = CARTESIAN_POINT ( 'NONE',  ( -0.6785254037844394848, -1.175240473580838829, -5.329166666666665719 ) ) ;
#2946 = CARTESIAN_POINT ( 'NONE',  ( 0.000000000000000000, 1.500000000000000222, -3.787500000000000533 ) ) ;
#2947 = EDGE_CURVE ( 'NONE', #799, #1004, #4211, .T. ) ;
#2948 = CARTESIAN_POINT ( 'NONE',  ( -1.017788105676658450, 0.5876202367904155288, 0.9833333333333326154 ) ) ;
#2949 = CARTESIAN_POINT ( 'NONE',  ( 0.000000000000000000, 4.814824860968089633E-32, -8.349999999999999645 ) ) ;
#2950 = CARTESIAN_POINT ( 'NONE',  ( -1.017788105676658672, -0.5876202367904206358, -6.870833333333332682 ) ) ;
#2951 = CARTESIAN_POINT ( 'NONE',  ( -1.439254484199190858E-16, -1.175240473580839051, -1.850000000000000089 ) ) ;
#2952 = CARTESIAN_POINT ( 'NONE',  ( 0.8660254037844398178, -1.500000000000005995, -0.9958333333333342363 ) ) ;
#2953 = CARTESIAN_POINT ( 'NONE',  ( -1.017788105676658450, 0.5876202367904155288, -6.516666666666667496 ) ) ;
#2954 = CARTESIAN_POINT ( 'NONE',  ( 0.6785254037844397068, 1.175240473580833500, -0.6416666666666670515 ) ) ;
#2955 = CARTESIAN_POINT ( 'NONE',  ( 1.763300807568879858, -3.006633943393169801E-15, -4.959375000000000533 ) ) ;
#2956 = CARTESIAN_POINT ( 'NONE',  ( 1.017788105676658228, -0.5876202367904214130, -8.266666666666667496 ) ) ;
#2957 = ORIENTED_EDGE ( 'NONE', *, *, #963, .F. ) ;
#2958 = CARTESIAN_POINT ( 'NONE',  ( 1.299038105676660004, -0.7500000000000048850, -5.016666666666665719 ) ) ;
#2959 = CARTESIAN_POINT ( 'NONE',  ( -0.6785254037844394848, -1.175240473580838829, -7.891666666666666607 ) ) ;
#2960 = VECTOR ( 'NONE', #2381, 1000.000000000000114 ) ;
#2961 = LINE ( 'NONE', #933, #1060 ) ;
#2962 = CARTESIAN_POINT ( 'NONE',  ( 0.000000000000000000, 1.175240473580833722, -0.03750000000000107414 ) ) ;
#2963 = ORIENTED_EDGE ( 'NONE', *, *, #1535, .T. ) ;
#2964 = CARTESIAN_POINT ( 'NONE',  ( -1.017788105676658672, -0.5876202367904206358, -4.370833333333333570 ) ) ;
#2965 =( BOUNDED_CURVE ( )  B_SPLINE_CURVE ( 2, ( #1687, #1034, #3079, #3420, #3814, #1349, #13 ),
 .UNSPECIFIED., .F., .F. ) 
 B_SPLINE_CURVE_WITH_KNOTS ( ( 3, 2, 2, 3 ),
 ( 0.3499999999999998668, 0.3583333333333332260, 0.3666666666666665853, 0.3749999999999999445 ),
 .UNSPECIFIED. ) 
 CURVE ( )  GEOMETRIC_REPRESENTATION_ITEM ( )  RATIONAL_B_SPLINE_CURVE ( ( 1.000000000000001776, 0.8660254037844369313, 1.000000000000000000, 0.8660254037844387076, 1.000000000000000000, 0.8660254037844395958, 0.9999999999999991118 ) ) 
 REPRESENTATION_ITEM ( '' )  );
#2966 = CARTESIAN_POINT ( 'NONE',  ( 0.000000000000000000, 1.500000000000000222, -8.349999999999999645 ) ) ;
#2967 = CARTESIAN_POINT ( 'NONE',  ( 0.000000000000000000, 1.527063293868263338, -2.303125000000000533 ) ) ;
#2968 = EDGE_CURVE ( 'NONE', #478, #3544, #625, .T. ) ;
#2969 = CARTESIAN_POINT ( 'NONE',  ( 0.000000000000000000, 5.089401953351997540E-32, -8.349999999999999645 ) ) ;
#2970 = LINE ( 'NONE', #3305, #2990 ) ;
#2971 = EDGE_CURVE ( 'NONE', #1004, #125, #2004, .T. ) ;
#2972 = CARTESIAN_POINT ( 'NONE',  ( 0.6785254037844387076, -1.175240473580839051, -6.745833333333332682 ) ) ;
#2973 = CARTESIAN_POINT ( 'NONE',  ( 0.6785254037844387076, -1.175240473580839273, -3.308333333333333126 ) ) ;
#2974 = CARTESIAN_POINT ( 'NONE',  ( 0.000000000000000000, 1.500000000000000444, -0.3499999999999992006 ) ) ;
#2975 = CARTESIAN_POINT ( 'NONE',  ( -0.6785254037844394848, -1.175240473580838829, -6.391666666666667496 ) ) ;
#2976 = CARTESIAN_POINT ( 'NONE',  ( -0.8816504037844398178, 1.527063293868263338, -8.261458333333333570 ) ) ;
#2977 = CARTESIAN_POINT ( 'NONE',  ( 1.763300807568879858, -3.006633943393169801E-15, -3.959375000000000089 ) ) ;
#2978 = CARTESIAN_POINT ( 'NONE',  ( 0.000000000000000000, 1.500000000000000444, -6.850000000000000533 ) ) ;
#2979 = ORIENTED_EDGE ( 'NONE', *, *, #3995, .T. ) ;
#2980 = CARTESIAN_POINT ( 'NONE',  ( 1.836970198721030181E-16, -1.500000000000000222, -8.349999999999999645 ) ) ;
#2981 = CARTESIAN_POINT ( 'NONE',  ( -1.017788105676658672, -0.5876202367904206358, -7.433333333333333570 ) ) ;
#2982 = AXIS2_PLACEMENT_3D ( 'NONE', #2563, #4220, #1213 ) ;
#2983 = CARTESIAN_POINT ( 'NONE',  ( -1.017788105676658672, -0.5876202367904206358, 1.129166666666667318 ) ) ;
#2984 = EDGE_LOOP ( 'NONE', ( #3306, #3239, #820, #3087 ) ) ;
#2985 = CARTESIAN_POINT ( 'NONE',  ( -1.357050807568877859, -2.599625443516215778E-15, -4.412499999999999645 ) ) ;
#2986 = CARTESIAN_POINT ( 'NONE',  ( 1.017788105676658228, -0.5876202367904214130, 1.233333333333332726 ) ) ;
#2987 = CARTESIAN_POINT ( 'NONE',  ( -1.732050807568880746, -2.576663316032202938E-15, -5.662500000000000533 ) ) ;
#2988 = CARTESIAN_POINT ( 'NONE',  ( 0.000000000000000000, 1.527063293868263338, -1.803125000000000089 ) ) ;
#2989 = CARTESIAN_POINT ( 'NONE',  ( 1.299038105676660004, -0.7500000000000048850, -0.5166666666666666075 ) ) ;
#2990 = VECTOR ( 'NONE', #241, 1000.000000000000227 ) ;
#2991 = CARTESIAN_POINT ( 'NONE',  ( 0.8583364548199698962, -0.9869328760850099025, -8.160753838985527864 ) ) ;
#2992 = CARTESIAN_POINT ( 'NONE',  ( -1.017788105676658450, 0.5876202367904155288, -5.954166666666666607 ) ) ;
#2993 = CARTESIAN_POINT ( 'NONE',  ( -0.6785254037844394848, -1.175240473580838829, -3.891666666666666607 ) ) ;
#2994 = CARTESIAN_POINT ( 'NONE',  ( -0.8660254037844441477, -1.499999999999999112, -7.579166666666669272 ) ) ;
#2995 = CARTESIAN_POINT ( 'NONE',  ( 0.6785254037844397068, 1.175240473580833500, -4.641666666666666607 ) ) ;
#2996 = EDGE_CURVE ( 'NONE', #3220, #958, #2930, .T. ) ;
#2997 = EDGE_CURVE ( 'NONE', #24, #3791, #2825, .T. ) ;
#2998 = CARTESIAN_POINT ( 'NONE',  ( 1.322475605676660448, 0.7635316469341292267, -6.386458333333333570 ) ) ;
#2999 = CARTESIAN_POINT ( 'NONE',  ( -0.8816504037844398178, 1.527063293868263338, -5.792708333333334458 ) ) ;
#3000 = CARTESIAN_POINT ( 'NONE',  ( -1.299038105676660226, 0.7499999999999988898, -6.704166666666667496 ) ) ;
#3001 = ORIENTED_EDGE ( 'NONE', *, *, #2411, .T. ) ;
#3002 = AXIS2_PLACEMENT_3D ( 'NONE', #467, #1845, #2561 ) ;
#3003 = EDGE_LOOP ( 'NONE', ( #3848, #1368, #885, #324 ) ) ;
#3004 = EDGE_LOOP ( 'NONE', ( #3, #1564, #2815, #3155 ) ) ;
#3005 = CARTESIAN_POINT ( 'NONE',  ( 1.357050807568878303, -2.932007029070127676E-15, -6.224999999999999645 ) ) ;
#3006 = CARTESIAN_POINT ( 'NONE',  ( -1.357050807568878303, -2.599625443516216173E-15, 1.087500000000000133 ) ) ;
#3007 = ORIENTED_EDGE ( 'NONE', *, *, #3966, .F. ) ;
#3008 = CARTESIAN_POINT ( 'NONE',  ( 1.357050807568877859, -2.932007029070127676E-15, -5.662499999999999645 ) ) ;
#3009 = CARTESIAN_POINT ( 'NONE',  ( -0.8108768379124988712, -0.2781747951757048698, 1.635995844776708674 ) ) ;
#3010 = CARTESIAN_POINT ( 'NONE',  ( 0.000000000000000000, 1.500000000000000222, -5.287500000000001421 ) ) ;
#3011 = CARTESIAN_POINT ( 'NONE',  ( -1.763300807568879858, -2.574749805408535596E-15, -3.178125000000000089 ) ) ;
#3012 = CARTESIAN_POINT ( 'NONE',  ( 0.000000000000000000, 1.500000000000000444, -0.3499999999999992006 ) ) ;
#3013 = CARTESIAN_POINT ( 'NONE',  ( 1.017788105676659116, 0.5876202367904146406, -1.620833333333333570 ) ) ;
#3014 = CARTESIAN_POINT ( 'NONE',  ( -0.6785254037844389297, 1.175240473580833944, -6.495833333333333570 ) ) ;
#3015 = CARTESIAN_POINT ( 'NONE',  ( -1.017788105676658672, -0.5876202367904206358, -1.933333333333333792 ) ) ;
#3016 = CARTESIAN_POINT ( 'NONE',  ( 1.017788105676658228, -0.5876202367904214130, -3.266666666666667052 ) ) ;
#3017 = CARTESIAN_POINT ( 'NONE',  ( 0.000000000000000000, 1.527063293868263338, -7.803125000000000533 ) ) ;
#3018 = CARTESIAN_POINT ( 'NONE',  ( 1.322475605676660448, 0.7635316469341292267, -3.917708333333333126 ) ) ;
#3019 = CARTESIAN_POINT ( 'NONE',  ( -1.017788105676658450, 0.5876202367904155288, -8.016666666666667496 ) ) ;
#3020 = ADVANCED_FACE ( 'NONE', ( #3460 ), #752, .T. ) ;
#3021 = EDGE_LOOP ( 'NONE', ( #3777, #1380, #1922, #96 ) ) ;
#3022 = ORIENTED_EDGE ( 'NONE', *, *, #1378, .T. ) ;
#3023 = CARTESIAN_POINT ( 'NONE',  ( 0.6785254037844397068, 1.175240473580833500, -7.079166666666666607 ) ) ;
#3024 = CARTESIAN_POINT ( 'NONE',  ( -0.6785254037844389297, 1.175240473580833944, -5.558333333333333570 ) ) ;
#3025 = LINE ( 'NONE', #2320, #2861 ) ;
#3026 = CARTESIAN_POINT ( 'NONE',  ( -1.732050807568880746, -2.576663316032202149E-15, -4.224999999999999645 ) ) ;
#3027 = ORIENTED_EDGE ( 'NONE', *, *, #2225, .F. ) ;
#3028 = CARTESIAN_POINT ( 'NONE',  ( -0.6785254037844389297, 1.175240473580833722, -2.495833333333333570 ) ) ;
#3029 = DIRECTION ( 'NONE',  ( -0.000000000000000000, 4.984837574645996626E-17, -1.000000000000000000 ) ) ;
#3030 = SECURITY_CLASSIFICATION_LEVEL ( 'unclassified' ) ;
#3031 = CARTESIAN_POINT ( 'NONE',  ( 1.299038105676659782, -0.7500000000000047740, 0.04583333333333312193 ) ) ;
#3032 = CARTESIAN_POINT ( 'NONE',  ( -0.8660254037844424824, -1.500000000000001998, -0.6416666666666669405 ) ) ;
#3033 = CARTESIAN_POINT ( 'NONE',  ( -1.836970198721033385E-16, -1.500000000000005773, -3.100000000000000089 ) ) ;
#3034 = CARTESIAN_POINT ( 'NONE',  ( -1.299038105676660226, 0.7499999999999988898, -0.7041666666666674956 ) ) ;
#3035 = CARTESIAN_POINT ( 'NONE',  ( -0.6785254037844389297, 1.175240473580833944, -2.995833333333333570 ) ) ;
#3036 = DIRECTION ( 'NONE',  ( -3.058567644283850721E-16, 1.000000000000000000, -0.000000000000000000 ) ) ;
#3037 = CARTESIAN_POINT ( 'NONE',  ( -1.017788105676658672, -0.5876202367904206358, -5.370833333333333570 ) ) ;
#3038 = CARTESIAN_POINT ( 'NONE',  ( -1.017788105676658450, 0.5876202367904155288, -2.016666666666666607 ) ) ;
#3039 = CARTESIAN_POINT ( 'NONE',  ( -1.017788105676658672, -0.5876202367904206358, -3.433333333333333570 ) ) ;
#3040 = CARTESIAN_POINT ( 'NONE',  ( -0.8816504037844403729, -1.527063293868268001, -8.094791666666667496 ) ) ;
#3041 = CARTESIAN_POINT ( 'NONE',  ( -1.322475605676660004, 0.7635316469341305590, -2.751041666666666607 ) ) ;
#3042 = CARTESIAN_POINT ( 'NONE',  ( 0.6785254037844387076, -1.175240473580839273, -7.808333333333333570 ) ) ;
#3043 = ORIENTED_EDGE ( 'NONE', *, *, #4055, .F. ) ;
#3044 = CARTESIAN_POINT ( 'NONE',  ( -1.017788105676658450, 0.5876202367904155288, -7.954166666666666607 ) ) ;
#3045 = CARTESIAN_POINT ( 'NONE',  ( 0.6785254037844387076, -1.175240473580839051, -5.808333333333332682 ) ) ;
#3046 = CYLINDRICAL_SURFACE ( 'NONE', #1487, 1.500000000000000222 ) ;
#3047 = CARTESIAN_POINT ( 'NONE',  ( -0.1991544170300752759, 0.4808012946005287835, 1.100000000000000533 ) ) ;
#3048 = VERTEX_POINT ( 'NONE', #4449 ) ;
#3049 = CARTESIAN_POINT ( 'NONE',  ( 1.017788105676659116, 0.5876202367904146406, -3.620833333333333570 ) ) ;
#3050 = CARTESIAN_POINT ( 'NONE',  ( -1.094814576737676903, 0.7739646570707019446, -8.117212964816182819 ) ) ;
#3051 = FACE_OUTER_BOUND ( 'NONE', #2206, .T. ) ;
#3052 = EDGE_CURVE ( 'NONE', #2791, #2543, #1361, .T. ) ;
#3053 = CARTESIAN_POINT ( 'NONE',  ( 0.000000000000000000, 1.527063293868263338, 1.196874999999999911 ) ) ;
#3054 = AXIS2_PLACEMENT_3D ( 'NONE', #3125, #1718, #3818 ) ;
#3055 = CARTESIAN_POINT ( 'NONE',  ( -1.836970198721033385E-16, -1.500000000000005773, -7.099999999999999645 ) ) ;
#3056 = CARTESIAN_POINT ( 'NONE',  ( -0.8660254037844402619, 1.500000000000000222, -7.308333333333334458 ) ) ;
#3057 = CARTESIAN_POINT ( 'NONE',  ( 1.017788105676659116, 0.5876202367904146406, -0.6208333333333343473 ) ) ;
#3058 = CARTESIAN_POINT ( 'NONE',  ( 0.000000000000000000, 1.500000000000000222, -7.287500000000001421 ) ) ;
#3059 = VECTOR ( 'NONE', #2295, 1000.000000000000000 ) ;
#3060 = CARTESIAN_POINT ( 'NONE',  ( -1.439254484199190858E-16, -1.175240473580839051, -4.787499999999999645 ) ) ;
#3061 = CARTESIAN_POINT ( 'NONE',  ( -1.439254484199190858E-16, -1.175240473580839051, -0.3499999999999996447 ) ) ;
#3062 = CARTESIAN_POINT ( 'NONE',  ( 1.017788105676659116, 0.5876202367904146406, -3.183333333333333126 ) ) ;
#3063 = CARTESIAN_POINT ( 'NONE',  ( 0.8816504037844408170, 1.527063293868263116, -6.344791666666667496 ) ) ;
#3064 = CARTESIAN_POINT ( 'NONE',  ( 1.322475605676660448, 0.7635316469341292267, -0.9177083333333337922 ) ) ;
#3065 = AXIS2_PLACEMENT_3D ( 'NONE', #3143, #1076, #58 ) ;
#3066 = CARTESIAN_POINT ( 'NONE',  ( -1.017788105676658450, 0.5876202367904155288, -7.016666666666666607 ) ) ;
#3067 = ORIENTED_EDGE ( 'NONE', *, *, #3917, .T. ) ;
#3068 = CARTESIAN_POINT ( 'NONE',  ( 0.000000000000000000, 1.175240473580833722, -8.037499999999999645 ) ) ;
#3069 = CARTESIAN_POINT ( 'NONE',  ( -1.357050807568878303, -2.599625443516216173E-15, -4.975000000000000533 ) ) ;
#3070 = FACE_OUTER_BOUND ( 'NONE', #1402, .T. ) ;
#3071 = DIRECTION ( 'NONE',  ( 0.000000000000000000, 1.000000000000000000, 0.000000000000000000 ) ) ;
#3072 = ORIENTED_EDGE ( 'NONE', *, *, #2496, .F. ) ;
#3073 = CARTESIAN_POINT ( 'NONE',  ( -1.357050807568877859, -2.599625443516215778E-15, -1.912499999999999867 ) ) ;
#3074 = DIRECTION ( 'NONE',  ( -0.000000000000000000, 4.984837574645996626E-17, -1.000000000000000000 ) ) ;
#3075 = CARTESIAN_POINT ( 'NONE',  ( 0.000000000000000000, 1.104999999999999982, -8.349999999999999645 ) ) ;
#3076 = CARTESIAN_POINT ( 'NONE',  ( -1.322475605676660004, 0.7635316469341305590, 0.2802083333333337256 ) ) ;
#3077 = EDGE_CURVE ( 'NONE', #2422, #2600, #3719, .T. ) ;
#3078 = ORIENTED_EDGE ( 'NONE', *, *, #2330, .T. ) ;
#3079 = CARTESIAN_POINT ( 'NONE',  ( -1.299038105676660226, 0.7499999999999988898, -5.204166666666667496 ) ) ;
#3080 = CARTESIAN_POINT ( 'NONE',  ( 0.2312812350607415524, 1.351959892270764962, 1.100000000000000533 ) ) ;
#3081 = DIRECTION ( 'NONE',  ( -0.000000000000000000, 4.984837574645996626E-17, -1.000000000000000000 ) ) ;
#3082 = CARTESIAN_POINT ( 'NONE',  ( 1.017788105676658228, -0.5876202367904214130, -3.204166666666666607 ) ) ;
#3083 = CARTESIAN_POINT ( 'NONE',  ( 0.8660254037844410391, 1.499999999999999778, -1.329166666666667052 ) ) ;
#3084 = CARTESIAN_POINT ( 'NONE',  ( 1.017788105676658228, -0.5876202367904214130, -3.766666666666666607 ) ) ;
#3085 = CARTESIAN_POINT ( 'NONE',  ( -0.8816504037844403729, -1.527063293868268001, -4.094791666666666607 ) ) ;
#3086 = CARTESIAN_POINT ( 'NONE',  ( -0.8816504037844403729, -1.527063293868268001, -0.6260416666666671626 ) ) ;
#3087 = ORIENTED_EDGE ( 'NONE', *, *, #626, .T. ) ;
#3088 = CARTESIAN_POINT ( 'NONE',  ( -0.6785254037844389297, 1.175240473580833944, -7.995833333333333570 ) ) ;
#3089 = CARTESIAN_POINT ( 'NONE',  ( 1.017788105676659116, 0.5876202367904146406, -4.683333333333333570 ) ) ;
#3090 = DIRECTION ( 'NONE',  ( -0.000000000000000000, 4.984837574645996626E-17, -1.000000000000000000 ) ) ;
#3091 = CARTESIAN_POINT ( 'NONE',  ( -1.299038105676660226, 0.7499999999999988898, -6.204166666666666607 ) ) ;
#3092 = EDGE_LOOP ( 'NONE', ( #685, #2476, #4361, #3275, #1902, #1050, #2074, #890, #1180, #141, #1985, #2850, #2132, #3177, #1095, #1229, #1314, #2667, #3864, #4257, #4247, #730, #3701, #1501, #4028, #3336, #1458, #91, #176, #418, #1517, #3067, #30, #2368, #4253, #2177, #1161 ) ) ;
#3093 = CARTESIAN_POINT ( 'NONE',  ( 1.017788105676658228, -0.5876202367904214130, -2.204166666666666607 ) ) ;
#3094 = LINE ( 'NONE', #1097, #149 ) ;
#3095 = DIRECTION ( 'NONE',  ( 0.000000000000000000, 1.000000000000000000, 0.000000000000000000 ) ) ;
#3096 = CARTESIAN_POINT ( 'NONE',  ( -1.322475605676660004, 0.7635316469341305590, -0.2197916666666667462 ) ) ;
#3097 = VERTEX_POINT ( 'NONE', #819 ) ;
#3098 = PLANE ( 'NONE',  #728 ) ;
#3099 = CARTESIAN_POINT ( 'NONE',  ( 1.732050807568880746, -3.000893411522166591E-15, -3.974999999999999201 ) ) ;
#3100 = EDGE_CURVE ( 'NONE', #3254, #3505, #1295, .T. ) ;
#3101 = CARTESIAN_POINT ( 'NONE',  ( -1.357050807568878303, -2.599625443516216173E-15, -2.912499999999999645 ) ) ;
#3102 = CARTESIAN_POINT ( 'NONE',  ( -1.176149542160031647, 0.3133301828416216184, 0.002782548204301719345 ) ) ;
#3103 = CARTESIAN_POINT ( 'NONE',  ( -1.017788105676658672, -0.5876202367904206358, -1.433333333333333348 ) ) ;
#3104 = AXIS2_PLACEMENT_3D ( 'NONE', #3602, #2222, #1524 ) ;
#3105 =( BOUNDED_CURVE ( )  B_SPLINE_CURVE ( 2, ( #647, #2042, #4102, #380, #398, #3056, #4144 ),
 .UNSPECIFIED., .F., .F. ) 
 B_SPLINE_CURVE_WITH_KNOTS ( ( 3, 2, 2, 3 ),
 ( 0.8750000000000000000, 0.8833333333333333037, 0.8916666666666666075, 0.9000000000000000222 ),
 .UNSPECIFIED. ) 
 CURVE ( )  GEOMETRIC_REPRESENTATION_ITEM ( )  RATIONAL_B_SPLINE_CURVE ( ( 1.000000000000000000, 0.8660254037844387076, 1.000000000000000000, 0.8660254037844387076, 1.000000000000000000, 0.8660254037844387076, 1.000000000000000000 ) ) 
 REPRESENTATION_ITEM ( '' )  );
#3106 = CARTESIAN_POINT ( 'NONE',  ( 1.322475605676659560, -0.7635316469341363321, -5.969791666666666607 ) ) ;
#3107 = EDGE_CURVE ( 'NONE', #3913, #413, #3921, .T. ) ;
#3108 = CARTESIAN_POINT ( 'NONE',  ( 1.763300807568879858, -3.006633943393169801E-15, -2.459375000000000089 ) ) ;
#3109 = ORIENTED_EDGE ( 'NONE', *, *, #2750, .F. ) ;
#3110 = CARTESIAN_POINT ( 'NONE',  ( -1.357050807568878303, -2.599625443516216173E-15, -7.912499999999999645 ) ) ;
#3111 = CARTESIAN_POINT ( 'NONE',  ( 0.6785254037844397068, 1.175240473580833500, -3.141666666666666607 ) ) ;
#3112 = CARTESIAN_POINT ( 'NONE',  ( 1.299038105676661115, 0.7499999999999977796, -1.433333333333332904 ) ) ;
#3113 = CARTESIAN_POINT ( 'NONE',  ( -1.836970198721033385E-16, -1.500000000000005773, -3.100000000000000089 ) ) ;
#3114 = ORIENTED_EDGE ( 'NONE', *, *, #2360, .T. ) ;
#3115 = CARTESIAN_POINT ( 'NONE',  ( -0.6785254037844389297, 1.175240473580833722, -2.995833333333334458 ) ) ;
#3116 = CARTESIAN_POINT ( 'NONE',  ( 1.732050807568880746, -3.000893411522166591E-15, -2.474999999999999201 ) ) ;
#3117 = DIRECTION ( 'NONE',  ( 0.000000000000000000, 0.000000000000000000, 1.000000000000000000 ) ) ;
#3118 = CARTESIAN_POINT ( 'NONE',  ( -0.8660254037844402619, 1.500000000000000222, -1.308333333333332682 ) ) ;
#3119 = CARTESIAN_POINT ( 'NONE',  ( -1.322475605676660226, -0.7635316469341354439, 0.3635416666666665408 ) ) ;
#3120 = EDGE_LOOP ( 'NONE', ( #1835, #3285, #3593, #3897 ) ) ;
#3121 = CARTESIAN_POINT ( 'NONE',  ( -0.2312812350607276746, 1.351959892270767183, 1.100000000000000533 ) ) ;
#3122 = CARTESIAN_POINT ( 'NONE',  ( -1.836970198721033385E-16, -1.500000000000005551, -7.037500000000001421 ) ) ;
#3123 = CARTESIAN_POINT ( 'NONE',  ( -0.8660254037844368202, 1.500000000000005995, -0.3083333333333339588 ) ) ;
#3124 = CARTESIAN_POINT ( 'NONE',  ( -0.6785254037844389297, 1.175240473580833944, -1.995833333333333792 ) ) ;
#3125 = CARTESIAN_POINT ( 'NONE',  ( 0.000000000000000000, 4.814824860968089633E-32, -8.349999999999999645 ) ) ;
#3126 = CARTESIAN_POINT ( 'NONE',  ( -0.6785254037844389297, 1.175240473580833944, -1.058333333333333792 ) ) ;
#3127 = CARTESIAN_POINT ( 'NONE',  ( -1.322475605676660004, 0.7635316469341305590, -3.719791666666667052 ) ) ;
#3128 = CIRCLE ( 'NONE', #2125, 1.500000000000000444 ) ;
#3129 = CARTESIAN_POINT ( 'NONE',  ( 0.000000000000000000, 1.527063293868263338, -1.834375000000000089 ) ) ;
#3130 = ORIENTED_EDGE ( 'NONE', *, *, #1869, .T. ) ;
#3131 =( BOUNDED_CURVE ( )  B_SPLINE_CURVE ( 2, ( #4009, #238, #1612, #2987, #1278, #4032, #939 ),
 .UNSPECIFIED., .F., .F. ) 
 B_SPLINE_CURVE_WITH_KNOTS ( ( 3, 2, 2, 3 ),
 ( 0.2999999999999999334, 0.3083333333333332926, 0.3166666666666665408, 0.3249999999999999001 ),
 .UNSPECIFIED. ) 
 CURVE ( )  GEOMETRIC_REPRESENTATION_ITEM ( )  RATIONAL_B_SPLINE_CURVE ( ( 1.000000000000000888, 0.8660254037844378194, 1.000000000000000000, 0.8660254037844387076, 1.000000000000000000, 0.8660254037844404840, 0.9999999999999982236 ) ) 
 REPRESENTATION_ITEM ( '' )  );
#3132 = ADVANCED_FACE ( 'NONE', ( #1495 ), #2211, .T. ) ;
#3133 = VERTEX_POINT ( 'NONE', #498 ) ;
#3134 = EDGE_CURVE ( 'NONE', #2053, #1964, #1516, .T. ) ;
#3135 = CARTESIAN_POINT ( 'NONE',  ( -1.017788105676658450, 0.5876202367904155288, -4.954166666666666607 ) ) ;
#3136 = CARTESIAN_POINT ( 'NONE',  ( 1.017788105676658228, -0.5876202367904214130, -2.266666666666666607 ) ) ;
#3137 = CARTESIAN_POINT ( 'NONE',  ( -1.836970198721033385E-16, -1.500000000000005551, -5.037500000000001421 ) ) ;
#3138 = CARTESIAN_POINT ( 'NONE',  ( 0.000000000000000000, 1.500000000000000444, -2.849999999999999645 ) ) ;
#3139 = ORIENTED_EDGE ( 'NONE', *, *, #740, .T. ) ;
#3140 = DIRECTION ( 'NONE',  ( -0.3826834323650900593, 0.9238795325112867385, 1.065465423155669433E-32 ) ) ;
#3141 = CYLINDRICAL_SURFACE ( 'NONE', #941, 1.500000000000000222 ) ;
#3142 = CARTESIAN_POINT ( 'NONE',  ( 0.8256271631914970932, -1.005785448696770112, 0.1394771932391739300 ) ) ;
#3143 = CARTESIAN_POINT ( 'NONE',  ( 0.000000000000000000, -1.475982003772366877E-16, 1.100000000000000533 ) ) ;
#3144 = VECTOR ( 'NONE', #4141, 1000.000000000000000 ) ;
#3145 = ORIENTED_EDGE ( 'NONE', *, *, #2889, .F. ) ;
#3146 = CARTESIAN_POINT ( 'NONE',  ( -0.2781747951756963766, 0.8108768379125017578, 1.635995844776708896 ) ) ;
#3147 = DIRECTION ( 'NONE',  ( 0.000000000000000000, 1.000000000000000000, 0.000000000000000000 ) ) ;
#3148 = VECTOR ( 'NONE', #76, 1000.000000000000000 ) ;
#3149 = CARTESIAN_POINT ( 'NONE',  ( 1.299038105676659782, -0.7500000000000047740, -6.454166666666667496 ) ) ;
#3150 = CARTESIAN_POINT ( 'NONE',  ( -0.6785254037844389297, 1.175240473580833944, -1.495833333333333348 ) ) ;
#3151 = CARTESIAN_POINT ( 'NONE',  ( 1.017788105676659116, 0.5876202367904146406, -1.183333333333334014 ) ) ;
#3152 = CARTESIAN_POINT ( 'NONE',  ( -1.017788105676658672, -0.5876202367904206358, -2.433333333333333570 ) ) ;
#3153 = CARTESIAN_POINT ( 'NONE',  ( 1.763300807568879858, -3.006633943393169801E-15, -3.428125000000000533 ) ) ;
#3154 = CARTESIAN_POINT ( 'NONE',  ( -0.8816504037844398178, 1.527063293868263338, 1.207291666666667096 ) ) ;
#3155 = ORIENTED_EDGE ( 'NONE', *, *, #330, .F. ) ;
#3156 = CARTESIAN_POINT ( 'NONE',  ( -1.017788105676658450, 0.5876202367904155288, -4.454166666666666607 ) ) ;
#3157 = CARTESIAN_POINT ( 'NONE',  ( 0.6785254037844387076, -1.175240473580839051, -3.308333333333333570 ) ) ;
#3158 = ADVANCED_FACE ( 'NONE', ( #2875 ), #3912, .F. ) ;
#3159 = CARTESIAN_POINT ( 'NONE',  ( 1.322475605676659560, -0.7635316469341363321, -7.001041666666666607 ) ) ;
#3160 = ADVANCED_FACE ( 'NONE', ( #4271 ), #1857, .T. ) ;
#3161 = CARTESIAN_POINT ( 'NONE',  ( -0.8660254037844474784, -1.499999999999993117, -6.079166666666666607 ) ) ;
#3162 = VERTEX_POINT ( 'NONE', #1834 ) ;
#3163 = FACE_OUTER_BOUND ( 'NONE', #4096, .T. ) ;
#3164 = CARTESIAN_POINT ( 'NONE',  ( 0.8660254037844398178, -1.500000000000005995, -2.558333333333333570 ) ) ;
#3165 = DIRECTION ( 'NONE',  ( 3.058567644283850721E-16, -1.000000000000000000, 0.000000000000000000 ) ) ;
#3166 = CARTESIAN_POINT ( 'NONE',  ( 0.000000000000000000, 1.500000000000000444, -2.849999999999999645 ) ) ;
#3167 = EDGE_CURVE ( 'NONE', #3544, #3956, #2170, .T. ) ;
#3168 = ORIENTED_EDGE ( 'NONE', *, *, #1289, .T. ) ;
#3169 = CARTESIAN_POINT ( 'NONE',  ( 1.357050807568877859, -2.932007029070127676E-15, -8.162499999999999645 ) ) ;
#3170 = CARTESIAN_POINT ( 'NONE',  ( 0.000000000000000000, 4.814824860968089633E-32, -8.349999999999999645 ) ) ;
#3171 = CARTESIAN_POINT ( 'NONE',  ( 1.732050807568880746, -3.000893411522166591E-15, -6.412499999999999645 ) ) ;
#3172 = CARTESIAN_POINT ( 'NONE',  ( -1.017788105676658672, -0.5876202367904206358, -0.3708333333333341253 ) ) ;
#3173 = CARTESIAN_POINT ( 'NONE',  ( 1.836970198721030181E-16, -1.500000000000000222, -8.349999999999999645 ) ) ;
#3174 = CARTESIAN_POINT ( 'NONE',  ( 1.017788105676658228, -0.5876202367904214130, -1.266666666666666829 ) ) ;
#3175 = CARTESIAN_POINT ( 'NONE',  ( 1.763300807568879858, -3.006633943393169801E-15, -4.928125000000000533 ) ) ;
#3176 = CARTESIAN_POINT ( 'NONE',  ( -1.763300807568879858, -2.574749805408535596E-15, 0.2906249999999992450 ) ) ;
#3177 = ORIENTED_EDGE ( 'NONE', *, *, #2273, .T. ) ;
#3178 = CARTESIAN_POINT ( 'NONE',  ( 1.017788105676659116, 0.5876202367904146406, -4.120833333333332682 ) ) ;
#3179 = CARTESIAN_POINT ( 'NONE',  ( 1.017788105676659116, 0.5876202367904146406, -2.183333333333333126 ) ) ;
#3180 = CARTESIAN_POINT ( 'NONE',  ( -1.870113174931186087E-16, -1.527063293868268667, -8.084374999999999645 ) ) ;
#3181 = DIRECTION ( 'NONE',  ( -0.000000000000000000, 4.984837574645996626E-17, -1.000000000000000000 ) ) ;
#3182 = ORIENTED_EDGE ( 'NONE', *, *, #2495, .F. ) ;
#3183 = CARTESIAN_POINT ( 'NONE',  ( -0.4825804840021946096, 1.175240473580833944, -0.007865855051838791662 ) ) ;
#3184 = CARTESIAN_POINT ( 'NONE',  ( 0.1223628245429984329, -1.168853074561714944, -8.279759526419162796 ) ) ;
#3185 = DIRECTION ( 'NONE',  ( 0.9961946980917455452, 3.046928870990532109E-16, 0.08715574274765836016 ) ) ;
#3186 = CARTESIAN_POINT ( 'NONE',  ( 0.000000000000000000, 1.475982003772366631E-16, 1.100000000000000533 ) ) ;
#3187 = CARTESIAN_POINT ( 'NONE',  ( -0.6785254037844389297, 1.175240473580833722, -6.058333333333332682 ) ) ;
#3188 = ORIENTED_EDGE ( 'NONE', *, *, #2468, .T. ) ;
#3189 = CARTESIAN_POINT ( 'NONE',  ( 0.8660254037844410391, 1.500000000000000000, -7.391666666666666607 ) ) ;
#3190 = CARTESIAN_POINT ( 'NONE',  ( 0.4808012946005267296, 0.1991544170300802719, 1.100000000000000533 ) ) ;
#3191 = ADVANCED_FACE ( 'NONE', ( #3548 ), #457, .T. ) ;
#3192 = CARTESIAN_POINT ( 'NONE',  ( -0.3983088340601602106, -0.3983088340601600996, 1.100000000000000533 ) ) ;
#3193 = CARTESIAN_POINT ( 'NONE',  ( -1.042538085351210730, -0.6196796561150516025, 0.05235130242230295883 ) ) ;
#3194 = CARTESIAN_POINT ( 'NONE',  ( 1.322475605676659560, -0.7635316469341363321, -1.969791666666667496 ) ) ;
#3195 = CARTESIAN_POINT ( 'NONE',  ( 1.322475605676660448, 0.7635316469341292267, 0.08229166666666627716 ) ) ;
#3196 = CARTESIAN_POINT ( 'NONE',  ( -1.439254484199190858E-16, -1.175240473580839051, -8.349999999999999645 ) ) ;
#3197 = ORIENTED_EDGE ( 'NONE', *, *, #269, .F. ) ;
#3198 = CARTESIAN_POINT ( 'NONE',  ( 0.6785254037844387076, -1.175240473580839051, -5.245833333333334458 ) ) ;
#3199 = CARTESIAN_POINT ( 'NONE',  ( -0.6785254037844389297, 1.175240473580833944, -3.058333333333334014 ) ) ;
#3200 = CARTESIAN_POINT ( 'NONE',  ( -0.8816504037844398178, 1.527063293868263338, -6.792708333333332682 ) ) ;
#3201 = CARTESIAN_POINT ( 'NONE',  ( -1.475982003772366877E-16, 5.089934792135742154E-31, 1.100000000000000533 ) ) ;
#3202 = VECTOR ( 'NONE', #2110, 1000.000000000000000 ) ;
#3203 = ORIENTED_EDGE ( 'NONE', *, *, #3326, .F. ) ;
#3204 = CARTESIAN_POINT ( 'NONE',  ( 0.6785254037844387076, -1.175240473580839273, -0.2458333333333340420 ) ) ;
#3205 = CARTESIAN_POINT ( 'NONE',  ( 1.836970198721030181E-16, -1.500000000000000222, -8.349999999999999645 ) ) ;
#3206 = PLANE ( 'NONE',  #1270 ) ;
#3207 = CARTESIAN_POINT ( 'NONE',  ( -1.017788105676658672, -0.5876202367904206358, -6.433333333333333570 ) ) ;
#3208 = VECTOR ( 'NONE', #4426, 1000.000000000000000 ) ;
#3209 = AXIS2_PLACEMENT_3D ( 'NONE', #4262, #1150, #2226 ) ;
#3210 = ORIENTED_EDGE ( 'NONE', *, *, #767, .T. ) ;
#3211 = CARTESIAN_POINT ( 'NONE',  ( -1.357050807568877859, -2.599625443516215778E-15, -7.912499999999999645 ) ) ;
#3212 = CARTESIAN_POINT ( 'NONE',  ( 0.000000000000000000, 1.500000000000000444, -1.849999999999999645 ) ) ;
#3213 = LINE ( 'NONE', #4173, #482 ) ;
#3214 = PERSON ( 'UNSPECIFIED', 'UNSPECIFIED', 'UNSPECIFIED', ('UNSPECIFIED'), ('UNSPECIFIED'), ('UNSPECIFIED') ) ;
#3215 = EDGE_CURVE ( 'NONE', #4137, #1342, #3277, .T. ) ;
#3216 = CARTESIAN_POINT ( 'NONE',  ( -1.181978001309493820, -0.1636878172356311667, 0.03244543118222879136 ) ) ;
#3217 = CARTESIAN_POINT ( 'NONE',  ( -1.870113174931186087E-16, -1.527063293868268667, -2.053125000000000089 ) ) ;
#3218 = CARTESIAN_POINT ( 'NONE',  ( 1.017788105676658228, -0.5876202367904214130, -8.204166666666667496 ) ) ;
#3219 = CARTESIAN_POINT ( 'NONE',  ( 0.6785254037844387076, -1.175240473580839051, -0.2458333333333340420 ) ) ;
#3220 = VERTEX_POINT ( 'NONE', #433 ) ;
#3221 = CARTESIAN_POINT ( 'NONE',  ( 0.000000000000000000, 1.175240473580833722, -6.099999999999999645 ) ) ;
#3222 = CARTESIAN_POINT ( 'NONE',  ( -0.6785254037844389297, 1.175240473580833944, -4.495833333333333570 ) ) ;
#3223 = CARTESIAN_POINT ( 'NONE',  ( -1.017788105676658450, 0.5876202367904155288, -0.01666666666666656582 ) ) ;
#3224 =( BOUNDED_CURVE ( )  B_SPLINE_CURVE ( 2, ( #3638, #1224, #1557, #3315, #865, #2618, #3338 ),
 .UNSPECIFIED., .F., .F. ) 
 B_SPLINE_CURVE_WITH_KNOTS ( ( 3, 2, 2, 3 ),
 ( 0.5249999999999999112, 0.5333333333333332149, 0.5416666666666666297, 0.5500000000000000444 ),
 .UNSPECIFIED. ) 
 CURVE ( )  GEOMETRIC_REPRESENTATION_ITEM ( )  RATIONAL_B_SPLINE_CURVE ( ( 1.000000000000001776, 0.8660254037844369313, 1.000000000000000000, 0.8660254037844387076, 1.000000000000000000, 0.8660254037844387076, 1.000000000000000000 ) ) 
 REPRESENTATION_ITEM ( '' )  );
#3225 = CARTESIAN_POINT ( 'NONE',  ( 1.322475605676660448, 0.7635316469341292267, -6.917708333333332682 ) ) ;
#3226 = DIRECTION ( 'NONE',  ( -0.000000000000000000, 4.984837574645996626E-17, -1.000000000000000000 ) ) ;
#3227 = VERTEX_POINT ( 'NONE', #2573 ) ;
#3228 = FACE_OUTER_BOUND ( 'NONE', #3643, .T. ) ;
#3229 = CARTESIAN_POINT ( 'NONE',  ( 1.357050807568878303, -2.932007029070127676E-15, -7.725000000000000533 ) ) ;
#3230 = LINE ( 'NONE', #2879, #2340 ) ;
#3231 = CARTESIAN_POINT ( 'NONE',  ( -0.6785254037844394848, -1.175240473580838829, -4.891666666666666607 ) ) ;
#3232 = ORIENTED_EDGE ( 'NONE', *, *, #875, .T. ) ;
#3233 = CARTESIAN_POINT ( 'NONE',  ( 0.8660254037844445918, 1.499999999999994449, -0.8916666666666664964 ) ) ;
#3234 = DIRECTION ( 'NONE',  ( -0.000000000000000000, -1.554359398917796077E-16, 1.000000000000000000 ) ) ;
#3235 = CARTESIAN_POINT ( 'NONE',  ( 1.299038105676661115, 0.7499999999999976685, -5.870833333333333570 ) ) ;
#3236 = CARTESIAN_POINT ( 'NONE',  ( 1.322475605676660448, 0.7635316469341292267, 0.5822916666666667629 ) ) ;
#3237 =( BOUNDED_CURVE ( )  B_SPLINE_CURVE ( 2, ( #987, #1280, #2308, #3671, #966, #576, #3714 ),
 .UNSPECIFIED., .F., .T. ) 
 B_SPLINE_CURVE_WITH_KNOTS ( ( 3, 2, 2, 3 ),
 ( 0.7249999999999999778, 0.7333333333333333925, 0.7416666666666666963, 0.7500000000000000000 ),
 .UNSPECIFIED. ) 
 CURVE ( )  GEOMETRIC_REPRESENTATION_ITEM ( )  RATIONAL_B_SPLINE_CURVE ( ( 1.000000000000000000, 0.8660254037844387076, 1.000000000000000000, 0.8660254037844387076, 1.000000000000000000, 0.8660254037844387076, 1.000000000000000000 ) ) 
 REPRESENTATION_ITEM ( '' )  );
#3238 = CARTESIAN_POINT ( 'NONE',  ( 1.017788105676659116, 0.5876202367904146406, 0.8791666666666669849 ) ) ;
#3239 = ORIENTED_EDGE ( 'NONE', *, *, #2694, .F. ) ;
#3240 = CARTESIAN_POINT ( 'NONE',  ( 0.6785254037844397068, 1.175240473580833500, -7.141666666666666607 ) ) ;
#3241 = CARTESIAN_POINT ( 'NONE',  ( -0.6785254037844394848, -1.175240473580838829, -2.329166666666666607 ) ) ;
#3242 = EDGE_CURVE ( 'NONE', #3337, #1584, #4375, .T. ) ;
#3243 = CARTESIAN_POINT ( 'NONE',  ( 0.6785254037844397068, 1.175240473580833500, 0.3583333333333337811 ) ) ;
#3244 = CARTESIAN_POINT ( 'NONE',  ( 1.322475605676660448, 0.7635316469341292267, -5.917708333333332682 ) ) ;
#3245 = CARTESIAN_POINT ( 'NONE',  ( 1.299038105676661115, 0.7499999999999977796, -7.933333333333333570 ) ) ;
#3246 = ORIENTED_EDGE ( 'NONE', *, *, #2997, .T. ) ;
#3247 = DIRECTION ( 'NONE',  ( 1.000000000000000000, -2.039045096189232828E-16, -2.351531741740595980E-48 ) ) ;
#3249 = VECTOR ( 'NONE', #1666, 1000.000000000000000 ) ;
#3248 = CARTESIAN_POINT ( 'NONE',  ( 1.017788105676658228, -0.5876202367904214130, -6.766666666666666607 ) ) ;
#3250 =( BOUNDED_CURVE ( )  B_SPLINE_CURVE ( 2, ( #3058, #1394, #1689, #1716, #2699, #2383, #4147 ),
 .UNSPECIFIED., .F., .F. ) 
 B_SPLINE_CURVE_WITH_KNOTS ( ( 3, 2, 2, 3 ),
 ( 0.1499999999999998834, 0.1583333333333332149, 0.1666666666666665741, 0.1749999999999999056 ),
 .UNSPECIFIED. ) 
 CURVE ( )  GEOMETRIC_REPRESENTATION_ITEM ( )  RATIONAL_B_SPLINE_CURVE ( ( 1.000000000000001776, 0.8660254037844369313, 1.000000000000000000, 0.8660254037844387076, 1.000000000000000000, 0.8660254037844400399, 0.9999999999999986677 ) ) 
 REPRESENTATION_ITEM ( '' )  );
#3251 = DIRECTION ( 'NONE',  ( -0.000000000000000000, 4.984837574645996626E-17, -1.000000000000000000 ) ) ;
#3252 = CARTESIAN_POINT ( 'NONE',  ( -1.439254484199190858E-16, -1.175240473580839051, -4.350000000000000533 ) ) ;
#3253 = CARTESIAN_POINT ( 'NONE',  ( 1.357050807568878303, -2.932007029070127676E-15, -2.162500000000000533 ) ) ;
#3254 = VERTEX_POINT ( 'NONE', #1900 ) ;
#3255 = CARTESIAN_POINT ( 'NONE',  ( 0.6785254037844397068, 1.175240473580833056, -7.079166666666665719 ) ) ;
#3256 = FACE_OUTER_BOUND ( 'NONE', #3461, .T. ) ;
#3257 = FACE_OUTER_BOUND ( 'NONE', #3735, .T. ) ;
#3258 = DIRECTION ( 'NONE',  ( -0.000000000000000000, 4.984837574645996626E-17, -1.000000000000000000 ) ) ;
#3259 = CARTESIAN_POINT ( 'NONE',  ( -0.6785254037844389297, 1.175240473580833944, -7.995833333333333570 ) ) ;
#3260 = CARTESIAN_POINT ( 'NONE',  ( -1.017788105676658672, -0.5876202367904206358, 0.1291666666666663188 ) ) ;
#3261 = CARTESIAN_POINT ( 'NONE',  ( -1.732050807568880746, -2.576663316032202938E-15, -7.662499999999999645 ) ) ;
#3262 = CARTESIAN_POINT ( 'NONE',  ( -0.6785254037844394848, -1.175240473580838829, -5.891666666666666607 ) ) ;
#3263 = CARTESIAN_POINT ( 'NONE',  ( -1.017788105676658450, 0.5876202367904155288, -2.954166666666666607 ) ) ;
#3264 = CARTESIAN_POINT ( 'NONE',  ( -1.017788105676658450, 0.5876202367904155288, -1.016666666666666607 ) ) ;
#3265 = CARTESIAN_POINT ( 'NONE',  ( -1.322475605676660226, -0.7635316469341354439, -4.167708333333333570 ) ) ;
#3266 = CARTESIAN_POINT ( 'NONE',  ( 0.000000000000000000, 1.500000000000000222, -8.349999999999999645 ) ) ;
#3267 = EDGE_CURVE ( 'NONE', #372, #1858, #1415, .T. ) ;
#3268 = EDGE_CURVE ( 'NONE', #3956, #2342, #1866, .T. ) ;
#3269 = VERTEX_POINT ( 'NONE', #2978 ) ;
#3270 = CARTESIAN_POINT ( 'NONE',  ( 1.221472043475901215, -0.8733131412317861608, -7.958941193459543761 ) ) ;
#3271 = CARTESIAN_POINT ( 'NONE',  ( 1.357050807568878303, -2.932007029070127676E-15, -7.225000000000001421 ) ) ;
#3272 = VECTOR ( 'NONE', #3140, 999.9999999999998863 ) ;
#3273 = CARTESIAN_POINT ( 'NONE',  ( -0.6785254037844389297, 1.175240473580833722, -5.058333333333333570 ) ) ;
#3274 = CARTESIAN_POINT ( 'NONE',  ( -0.6785254037844394848, -1.175240473580838829, -0.8291666666666672736 ) ) ;
#3275 = ORIENTED_EDGE ( 'NONE', *, *, #1324, .T. ) ;
#3276 = CARTESIAN_POINT ( 'NONE',  ( 0.000000000000000000, 1.175240473580833722, -6.037499999999999645 ) ) ;
#3277 =( BOUNDED_CURVE ( )  B_SPLINE_CURVE ( 2, ( #841, #776, #1534, #2916, #4293, #1813, #1199 ),
 .UNSPECIFIED., .F., .F. ) 
 B_SPLINE_CURVE_WITH_KNOTS ( ( 3, 2, 2, 3 ),
 ( 0.1249999999999999445, 0.1333333333333332482, 0.1416666666666665797, 0.1499999999999998834 ),
 .UNSPECIFIED. ) 
 CURVE ( )  GEOMETRIC_REPRESENTATION_ITEM ( )  RATIONAL_B_SPLINE_CURVE ( ( 1.000000000000000888, 0.8660254037844378194, 1.000000000000000000, 0.8660254037844387076, 1.000000000000000000, 0.8660254037844404840, 0.9999999999999982236 ) ) 
 REPRESENTATION_ITEM ( '' )  );
#3278 = CARTESIAN_POINT ( 'NONE',  ( 0.4345709708596059428, 0.4345709708596059984, 1.641541761640896491 ) ) ;
#3279 = CARTESIAN_POINT ( 'NONE',  ( -0.6785254037844394848, -1.175240473580838829, 0.1083333333333335313 ) ) ;
#3280 = CARTESIAN_POINT ( 'NONE',  ( 1.299038105676661115, 0.7499999999999977796, -6.933333333333331794 ) ) ;
#3281 = CARTESIAN_POINT ( 'NONE',  ( -0.8660254037844408170, -1.500000000000005107, -3.641666666666665719 ) ) ;
#3282 = CARTESIAN_POINT ( 'NONE',  ( 1.017788105676658228, -0.5876202367904214130, -7.704166666666666607 ) ) ;
#3283 = VECTOR ( 'NONE', #3165, 1000.000000000000000 ) ;
#3284 = CARTESIAN_POINT ( 'NONE',  ( 0.6785254037844387076, -1.175240473580839051, 1.254166666666665542 ) ) ;
#3285 = ORIENTED_EDGE ( 'NONE', *, *, #596, .T. ) ;
#3286 = CARTESIAN_POINT ( 'NONE',  ( 0.6785254037844387076, -1.175240473580839051, -7.808333333333333570 ) ) ;
#3287 = CARTESIAN_POINT ( 'NONE',  ( 1.017788105676658228, -0.5876202367904214130, 0.7333333333333323933 ) ) ;
#3288 = CARTESIAN_POINT ( 'NONE',  ( -1.870113174931186087E-16, -1.527063293868268667, -4.584374999999999645 ) ) ;
#3289 = CARTESIAN_POINT ( 'NONE',  ( -0.8660254037844423713, -1.500000000000001998, -6.579166666666666607 ) ) ;
#3290 = ORIENTED_EDGE ( 'NONE', *, *, #2085, .T. ) ;
#3291 = CARTESIAN_POINT ( 'NONE',  ( 1.732050807568880746, -3.000893411522166591E-15, -4.975000000000000533 ) ) ;
#3292 = CARTESIAN_POINT ( 'NONE',  ( -0.6785254037844389297, 1.175240473580833944, -8.058333333333333570 ) ) ;
#3293 = EDGE_CURVE ( 'NONE', #1115, #4399, #2491, .T. ) ;
#3294 = EDGE_CURVE ( 'NONE', #3337, #1840, #3360, .T. ) ;
#3295 = CARTESIAN_POINT ( 'NONE',  ( 0.8660254037844398178, -1.500000000000005995, -3.558333333333333126 ) ) ;
#3296 = DIRECTION ( 'NONE',  ( 0.000000000000000000, 1.000000000000000000, 0.000000000000000000 ) ) ;
#3297 = ORIENTED_EDGE ( 'NONE', *, *, #4249, .F. ) ;
#3298 = ORIENTED_EDGE ( 'NONE', *, *, #3965, .F. ) ;
#3299 = CARTESIAN_POINT ( 'NONE',  ( 0.000000000000000000, 1.175240473580833722, -4.537499999999999645 ) ) ;
#3300 = CARTESIAN_POINT ( 'NONE',  ( -0.08931487445393306024, 1.292373186284014874, -8.162626813714837226 ) ) ;
#3301 = CARTESIAN_POINT ( 'NONE',  ( 0.000000000000000000, 1.175240473580833722, 1.400000000000000133 ) ) ;
#3302 = CYLINDRICAL_SURFACE ( 'NONE', #266, 1.500000000000000222 ) ;
#3303 = EDGE_CURVE ( 'NONE', #2379, #2390, #3748, .T. ) ;
#3304 = CARTESIAN_POINT ( 'NONE',  ( 1.763300807568879858, -3.006633943393169801E-15, -2.928125000000000089 ) ) ;
#3305 = CARTESIAN_POINT ( 'NONE',  ( -0.2781747951757045922, -0.8108768379124984271, 1.635995844776708674 ) ) ;
#3306 = ORIENTED_EDGE ( 'NONE', *, *, #1763, .T. ) ;
#3307 = CARTESIAN_POINT ( 'NONE',  ( -1.357050807568878303, -2.599625443516216173E-15, -6.912500000000000533 ) ) ;
#3308 = CARTESIAN_POINT ( 'NONE',  ( -1.017788105676658672, -0.5876202367904206358, -2.933333333333334014 ) ) ;
#3309 = EDGE_LOOP ( 'NONE', ( #3680, #3182, #1556, #3414 ) ) ;
#3310 = CARTESIAN_POINT ( 'NONE',  ( 0.6785254037844387076, -1.175240473580839051, -7.308333333333332682 ) ) ;
#3311 = CARTESIAN_POINT ( 'NONE',  ( 1.322475605676659560, -0.7635316469341363321, -6.969791666666666607 ) ) ;
#3312 = CARTESIAN_POINT ( 'NONE',  ( -1.322475605676660004, 0.7635316469341305590, -5.251041666666665719 ) ) ;
#3313 = CARTESIAN_POINT ( 'NONE',  ( 1.299038105676661115, 0.7499999999999976685, -5.370833333333333570 ) ) ;
#3314 = VERTEX_POINT ( 'NONE', #3679 ) ;
#3315 = CARTESIAN_POINT ( 'NONE',  ( 1.732050807568880746, -3.000893411522166591E-15, -3.412500000000000977 ) ) ;
#3316 = CARTESIAN_POINT ( 'NONE',  ( -1.017788105676658672, -0.5876202367904206358, -8.433333333333331794 ) ) ;
#3317 = VECTOR ( 'NONE', #3653, 1000.000000000000000 ) ;
#3318 = CARTESIAN_POINT ( 'NONE',  ( -1.836970198721033385E-16, -1.500000000000005773, -3.599999999999999645 ) ) ;
#3319 = DIRECTION ( 'NONE',  ( -0.3826834323650925573, -0.9238795325112855172, 0.000000000000000000 ) ) ;
#3320 = VERTEX_POINT ( 'NONE', #1673 ) ;
#3321 = CARTESIAN_POINT ( 'NONE',  ( 1.017788105676659116, 0.5876202367904146406, -4.620833333333333570 ) ) ;
#3322 = CARTESIAN_POINT ( 'NONE',  ( 0.5252572366576291341, 0.2175686711582045796, 1.650000000000000355 ) ) ;
#3323 = CARTESIAN_POINT ( 'NONE',  ( -1.439254484199190858E-16, -1.175240473580839051, 0.1499999999999990785 ) ) ;
#3324 = CARTESIAN_POINT ( 'NONE',  ( 0.000000000000000000, 4.814824860968089633E-32, -8.349999999999999645 ) ) ;
#3325 = CARTESIAN_POINT ( 'NONE',  ( 0.000000000000000000, 1.527063293868263338, -2.803125000000000089 ) ) ;
#3326 = EDGE_CURVE ( 'NONE', #4132, #219, #2324, .T. ) ;
#3327 = DIRECTION ( 'NONE',  ( -1.012989270762634329E-14, -0.9961946980917455452, 0.08715574274765820750 ) ) ;
#3328 = DIRECTION ( 'NONE',  ( -0.000000000000000000, 4.984837574645996626E-17, -1.000000000000000000 ) ) ;
#3329 = CARTESIAN_POINT ( 'NONE',  ( 0.6785254037844397068, 1.175240473580833500, -6.079166666666666607 ) ) ;
#3330 = CARTESIAN_POINT ( 'NONE',  ( 1.017788105676659116, 0.5876202367904146406, -3.183333333333333126 ) ) ;
#3331 = CARTESIAN_POINT ( 'NONE',  ( 0.000000000000000000, 1.500000000000000222, -0.7875000000000004219 ) ) ;
#3332 = CARTESIAN_POINT ( 'NONE',  ( -1.439254484199190858E-16, -1.175240473580839051, -3.350000000000000533 ) ) ;
#3333 = CARTESIAN_POINT ( 'NONE',  ( -1.322475605676660004, 0.7635316469341305590, -8.219791666666667496 ) ) ;
#3334 = CARTESIAN_POINT ( 'NONE',  ( 0.000000000000000000, 1.527063293868263338, -4.334374999999999645 ) ) ;
#3335 = CARTESIAN_POINT ( 'NONE',  ( 1.299038105676659782, -0.7500000000000047740, -5.454166666666667496 ) ) ;
#3336 = ORIENTED_EDGE ( 'NONE', *, *, #963, .T. ) ;
#3337 = VERTEX_POINT ( 'NONE', #338 ) ;
#3338 = CARTESIAN_POINT ( 'NONE',  ( 0.000000000000000000, 1.500000000000000222, -3.287500000000000977 ) ) ;
#3339 = CARTESIAN_POINT ( 'NONE',  ( 1.017788105676658228, -0.5876202367904214130, -3.766666666666666607 ) ) ;
#3340 = DIRECTION ( 'NONE',  ( -0.9238795325112869605, 0.3826834323650893377, 4.413302285106664848E-33 ) ) ;
#3341 = CARTESIAN_POINT ( 'NONE',  ( 1.357050807568878303, -2.932007029070127676E-15, 0.8374999999999995781 ) ) ;
#3342 = ORIENTED_EDGE ( 'NONE', *, *, #3215, .T. ) ;
#3343 = AXIS2_PLACEMENT_3D ( 'NONE', #4462, #17, #3451 ) ;
#3344 = CARTESIAN_POINT ( 'NONE',  ( -1.017788105676658450, 0.5876202367904155288, -4.454166666666666607 ) ) ;
#3345 = CARTESIAN_POINT ( 'NONE',  ( 0.000000000000000000, 1.500000000000000444, -5.349999999999998757 ) ) ;
#3346 = LINE ( 'NONE', #2038, #3144 ) ;
#3347 = AXIS2_PLACEMENT_3D ( 'NONE', #435, #3484, #97 ) ;
#3348 = CARTESIAN_POINT ( 'NONE',  ( -0.8816504037844398178, 1.527063293868263338, -1.261458333333334014 ) ) ;
#3349 = DIRECTION ( 'NONE',  ( 0.000000000000000000, -1.153251463704931673E-32, 1.000000000000000000 ) ) ;
#3350 = CARTESIAN_POINT ( 'NONE',  ( -1.342841092609248665, -0.2794000000000001482, 1.650000000000000355 ) ) ;
#3351 = CARTESIAN_POINT ( 'NONE',  ( 1.017788105676658228, -0.5876202367904214130, -3.204166666666666607 ) ) ;
#3352 = VECTOR ( 'NONE', #3569, 1000.000000000000000 ) ;
#3353 = ADVANCED_FACE ( 'NONE', ( #3402 ), #2070, .T. ) ;
#3354 = CARTESIAN_POINT ( 'NONE',  ( -1.017788105676658672, -0.5876202367904206358, -7.870833333333333570 ) ) ;
#3355 = AXIS2_PLACEMENT_3D ( 'NONE', #1222, #3181, #1140 ) ;
#3356 = CARTESIAN_POINT ( 'NONE',  ( -0.6785254037844389297, 1.175240473580833722, -3.558333333333333570 ) ) ;
#3357 = CARTESIAN_POINT ( 'NONE',  ( 0.6785254037844387076, -1.175240473580839051, -3.808333333333334014 ) ) ;
#3358 = CARTESIAN_POINT ( 'NONE',  ( 0.8816504037844408170, 1.527063293868263116, -7.844791666666667496 ) ) ;
#3359 = CARTESIAN_POINT ( 'NONE',  ( 0.8816504037844408170, 1.527063293868263116, -4.376041666666666607 ) ) ;
#3360 = LINE ( 'NONE', #1626, #4231 ) ;
#3361 = ORIENTED_EDGE ( 'NONE', *, *, #539, .T. ) ;
#3362 = EDGE_LOOP ( 'NONE', ( #747, #2656, #953, #2481 ) ) ;
#3363 = CARTESIAN_POINT ( 'NONE',  ( -1.017788105676658672, -0.5876202367904206358, -7.370833333333333570 ) ) ;
#3364 = CARTESIAN_POINT ( 'NONE',  ( 0.6785254037844387076, -1.175240473580839051, -5.308333333333332682 ) ) ;
#3365 = CARTESIAN_POINT ( 'NONE',  ( -1.836970198721033385E-16, -1.500000000000005773, -5.599999999999998757 ) ) ;
#3366 = CARTESIAN_POINT ( 'NONE',  ( 0.6785254037844397068, 1.175240473580833500, 0.4208333333333338366 ) ) ;
#3367 = ORIENTED_EDGE ( 'NONE', *, *, #1978, .T. ) ;
#3368 = CARTESIAN_POINT ( 'NONE',  ( 1.017788105676658228, -0.5876202367904214130, -5.204166666666666607 ) ) ;
#3369 = LINE ( 'NONE', #1992, #4260 ) ;
#3370 = PERSON_AND_ORGANIZATION_ROLE ( 'design_supplier' ) ;
#3371 = CARTESIAN_POINT ( 'NONE',  ( 0.000000000000000000, 1.500000000000000222, -4.287500000000001421 ) ) ;
#3372 = CARTESIAN_POINT ( 'NONE',  ( 0.8816504037844408170, 1.527063293868263116, 0.1552083333333335868 ) ) ;
#3373 = FACE_OUTER_BOUND ( 'NONE', #3003, .T. ) ;
#3374 = CARTESIAN_POINT ( 'NONE',  ( 0.000000000000000000, 1.500000000000000222, -0.7875000000000004219 ) ) ;
#3375 = CARTESIAN_POINT ( 'NONE',  ( -1.017788105676658672, -0.5876202367904206358, -1.370833333333333348 ) ) ;
#3376 = CARTESIAN_POINT ( 'NONE',  ( -0.5154362606494465870, 1.339003384360852200, 0.2810169381006976663 ) ) ;
#3377 = CARTESIAN_POINT ( 'NONE',  ( 1.017788105676658228, -0.5876202367904214130, -3.704166666666666163 ) ) ;
#3378 = CARTESIAN_POINT ( 'NONE',  ( -1.017788105676658450, 0.5876202367904155288, -4.016666666666666607 ) ) ;
#3379 = CARTESIAN_POINT ( 'NONE',  ( 0.6785254037844387076, -1.175240473580839051, -4.308333333333333570 ) ) ;
#3380 = CARTESIAN_POINT ( 'NONE',  ( -1.763300807568879858, -2.574749805408535596E-15, -6.678125000000000533 ) ) ;
#3381 = CARTESIAN_POINT ( 'NONE',  ( 1.322475605676660448, 0.7635316469341292267, -2.417708333333333126 ) ) ;
#3382 = CARTESIAN_POINT ( 'NONE',  ( -1.299038105676660670, -0.7500000000000037748, -6.183333333333332682 ) ) ;
#3383 = EDGE_CURVE ( 'NONE', #1584, #2007, #249, .T. ) ;
#3384 = VERTEX_POINT ( 'NONE', #362 ) ;
#3385 = CARTESIAN_POINT ( 'NONE',  ( -0.6785254037844389297, 1.175240473580833944, -6.495833333333333570 ) ) ;
#3386 = CARTESIAN_POINT ( 'NONE',  ( 1.357050807568878303, -2.932007029070127676E-15, -5.725000000000000533 ) ) ;
#3387 = VECTOR ( 'NONE', #642, 1000.000000000000227 ) ;
#3388 = CARTESIAN_POINT ( 'NONE',  ( 0.6785254037844387076, -1.175240473580839051, 1.254166666666665542 ) ) ;
#3389 =( BOUNDED_CURVE ( )  B_SPLINE_CURVE ( 2, ( #1747, #3504, #4162, #2124, #1070, #3805, #2734 ),
 .UNSPECIFIED., .F., .F. ) 
 B_SPLINE_CURVE_WITH_KNOTS ( ( 3, 2, 2, 3 ),
 ( 0.1299461308080728517, 0.1333333333333333315, 0.1416666666666667740, 0.1500000000000001332 ),
 .UNSPECIFIED. ) 
 CURVE ( )  GEOMETRIC_REPRESENTATION_ITEM ( )  RATIONAL_B_SPLINE_CURVE ( ( 0.9353569697113190973, 0.9455441091253480312, 1.000000000000000000, 0.8660254037844387076, 1.000000000000000000, 0.8660254037844369313, 1.000000000000001776 ) ) 
 REPRESENTATION_ITEM ( '' )  );
#3390 = EDGE_LOOP ( 'NONE', ( #366, #3754, #1088, #2103 ) ) ;
#3391 = CARTESIAN_POINT ( 'NONE',  ( -0.6785254037844389297, 1.175240473580833722, -1.495833333333333348 ) ) ;
#3392 = CARTESIAN_POINT ( 'NONE',  ( -0.8466952918193371147, 1.034075656851776825, -8.130719614244814153 ) ) ;
#3393 = DATE_AND_TIME ( #2351, #111 ) ;
#3394 = CARTESIAN_POINT ( 'NONE',  ( 0.000000000000000000, 1.500000000000000222, 0.2124999999999988010 ) ) ;
#3395 = CARTESIAN_POINT ( 'NONE',  ( 1.763300807568879858, -3.006633943393169801E-15, 1.071874999999999911 ) ) ;
#3396 = AXIS2_PLACEMENT_3D ( 'NONE', #3986, #527, #465 ) ;
#3397 = CARTESIAN_POINT ( 'NONE',  ( -1.836970198721033385E-16, -1.500000000000005773, -0.5999999999999994227 ) ) ;
#3398 = CARTESIAN_POINT ( 'NONE',  ( -1.299038105676660226, 0.7499999999999988898, -0.2041666666666671071 ) ) ;
#3399 = CARTESIAN_POINT ( 'NONE',  ( 0.6785254037844397068, 1.175240473580833500, -1.079166666666666607 ) ) ;
#3400 = CARTESIAN_POINT ( 'NONE',  ( -0.2312812350607419687, -7.073893022867931287E-17, 1.100000000000000533 ) ) ;
#3401 = CARTESIAN_POINT ( 'NONE',  ( 1.357050807568878303, -2.932007029070127676E-15, -5.162500000000000533 ) ) ;
#3402 = FACE_OUTER_BOUND ( 'NONE', #1886, .T. ) ;
#3403 = CARTESIAN_POINT ( 'NONE',  ( 0.000000000000000000, 1.175240473580833722, -5.100000000000000533 ) ) ;
#3404 = CARTESIAN_POINT ( 'NONE',  ( 1.763300807568879858, -3.006633943393169801E-15, -7.428125000000000533 ) ) ;
#3405 = CARTESIAN_POINT ( 'NONE',  ( 1.322475605676659560, -0.7635316469341363321, -1.001041666666666607 ) ) ;
#3406 = CARTESIAN_POINT ( 'NONE',  ( -0.6785254037844389297, 1.175240473580833722, -7.058333333333333570 ) ) ;
#3407 = VERTEX_POINT ( 'NONE', #1739 ) ;
#3408 = CARTESIAN_POINT ( 'NONE',  ( 0.6785254037844397068, 1.175240473580833500, -8.079166666666667496 ) ) ;
#3409 = CARTESIAN_POINT ( 'NONE',  ( 1.357050807568878303, -2.932007029070127676E-15, -4.225000000000000533 ) ) ;
#3410 = ADVANCED_FACE ( 'NONE', ( #1062 ), #2769, .T. ) ;
#3411 = FACE_OUTER_BOUND ( 'NONE', #1022, .T. ) ;
#3412 = ADVANCED_FACE ( 'NONE', ( #2428 ), #4282, .T. ) ;
#3413 = DIRECTION ( 'NONE',  ( -0.000000000000000000, 4.984837574645996626E-17, -1.000000000000000000 ) ) ;
#3414 = ORIENTED_EDGE ( 'NONE', *, *, #51, .F. ) ;
#3415 = CARTESIAN_POINT ( 'NONE',  ( -0.6785254037844394848, -1.175240473580838829, -1.329166666666666829 ) ) ;
#3416 = CARTESIAN_POINT ( 'NONE',  ( -1.523479285761369467E-11, 1.289203446758868221, -8.165796553241136735 ) ) ;
#3417 = CARTESIAN_POINT ( 'NONE',  ( -1.836970198721033385E-16, -1.500000000000005551, -0.03750000000000144884 ) ) ;
#3418 = CARTESIAN_POINT ( 'NONE',  ( 0.8816504037844393737, -1.527063293868269112, -0.01145833333333380784 ) ) ;
#3419 = ORIENTED_EDGE ( 'NONE', *, *, #1592, .T. ) ;
#3420 = CARTESIAN_POINT ( 'NONE',  ( -1.732050807568880746, -2.576663316032202938E-15, -5.162500000000000533 ) ) ;
#3421 = CARTESIAN_POINT ( 'NONE',  ( 0.000000000000000000, 1.500000000000000222, -7.787500000000001421 ) ) ;
#3422 = CARTESIAN_POINT ( 'NONE',  ( 0.6785254037844387076, -1.175240473580839051, -0.7458333333333335702 ) ) ;
#3423 = CARTESIAN_POINT ( 'NONE',  ( 0.000000000000000000, 1.500000000000000222, -8.349999999999999645 ) ) ;
#3424 = APPROVAL_PERSON_ORGANIZATION ( #2693, #4240, #33 ) ;
#3425 = CARTESIAN_POINT ( 'NONE',  ( 0.6785254037844387076, -1.175240473580839051, -3.245833333333333570 ) ) ;
#3426 = CARTESIAN_POINT ( 'NONE',  ( -1.175235580359273113, -0.003391371420377444022, 0.02524047358084043069 ) ) ;
#3427 = CARTESIAN_POINT ( 'NONE',  ( 0.000000000000000000, 1.175240473580833722, -4.599999999999999645 ) ) ;
#3428 =( BOUNDED_CURVE ( )  B_SPLINE_CURVE ( 2, ( #2346, #2278, #3734, #3026, #2711, #1003, #3759 ),
 .UNSPECIFIED., .F., .F. ) 
 B_SPLINE_CURVE_WITH_KNOTS ( ( 3, 2, 2, 3 ),
 ( 0.5750000000000000666, 0.5833333333333333703, 0.5916666666666667851, 0.6000000000000000888 ),
 .UNSPECIFIED. ) 
 CURVE ( )  GEOMETRIC_REPRESENTATION_ITEM ( )  RATIONAL_B_SPLINE_CURVE ( ( 0.9999999999999982236, 0.8660254037844404840, 1.000000000000000000, 0.8660254037844387076, 1.000000000000000000, 0.8660254037844369313, 1.000000000000001776 ) ) 
 REPRESENTATION_ITEM ( '' )  );
#3429 = CARTESIAN_POINT ( 'NONE',  ( 1.322475605676660448, 0.7635316469341292267, -4.886458333333333570 ) ) ;
#3430 = CARTESIAN_POINT ( 'NONE',  ( -0.8816504037844403729, -1.527063293868268001, -1.626041666666666163 ) ) ;
#3431 = VECTOR ( 'NONE', #2130, 1000.000000000000000 ) ;
#3432 = EDGE_LOOP ( 'NONE', ( #909, #135, #1009, #499 ) ) ;
#3433 = LINE ( 'NONE', #1381, #2555 ) ;
#3434 = CARTESIAN_POINT ( 'NONE',  ( -1.017788105676658450, 0.5876202367904155288, -5.016666666666666607 ) ) ;
#3435 = DIRECTION ( 'NONE',  ( -0.000000000000000000, -0.000000000000000000, 1.000000000000000000 ) ) ;
#3436 = CARTESIAN_POINT ( 'NONE',  ( 0.000000000000000000, 1.500000000000000222, -7.787500000000001421 ) ) ;
#3437 = AXIS2_PLACEMENT_3D ( 'NONE', #2766, #3770, #4084 ) ;
#3438 = VERTEX_POINT ( 'NONE', #402 ) ;
#3439 = CARTESIAN_POINT ( 'NONE',  ( 0.6785254037844397068, 1.175240473580833056, -2.579166666666666607 ) ) ;
#3440 = CARTESIAN_POINT ( 'NONE',  ( 0.4542306674816825041, 1.193054402640315814, -8.183752213876976711 ) ) ;
#3441 = PERSON_AND_ORGANIZATION ( #3214, #4146 ) ;
#3442 = EDGE_CURVE ( 'NONE', #151, #2713, #832, .T. ) ;
#3443 = CARTESIAN_POINT ( 'NONE',  ( -0.8660254037844367092, 1.500000000000005995, -3.745833333333334014 ) ) ;
#3444 = CARTESIAN_POINT ( 'NONE',  ( -1.299038105676660448, 0.7499999999999990008, -0.7666666666666659413 ) ) ;
#3445 = ORIENTED_EDGE ( 'NONE', *, *, #2495, .T. ) ;
#3446 = CARTESIAN_POINT ( 'NONE',  ( -1.836970198721033385E-16, -1.500000000000005551, -4.037500000000000533 ) ) ;
#3447 = CARTESIAN_POINT ( 'NONE',  ( -1.836970198721033385E-16, -1.500000000000005551, -1.537500000000001199 ) ) ;
#3448 = EDGE_CURVE ( 'NONE', #2549, #1754, #197, .T. ) ;
#3449 = LINE ( 'NONE', #360, #735 ) ;
#3450 = CARTESIAN_POINT ( 'NONE',  ( 0.000000000000000000, 1.175240473580833722, -3.537499999999999645 ) ) ;
#3451 = DIRECTION ( 'NONE',  ( -1.000000000000000000, 0.000000000000000000, 0.000000000000000000 ) ) ;
#3452 = CARTESIAN_POINT ( 'NONE',  ( 0.6785254037844397068, 1.175240473580833500, -1.141666666666666607 ) ) ;
#3453 = CARTESIAN_POINT ( 'NONE',  ( -0.8816504037844398178, 1.527063293868263338, -3.761458333333333570 ) ) ;
#3454 = B_SPLINE_CURVE_WITH_KNOTS ( 'NONE', 3,
 ( #2676, #969, #2333, #1998, #3376, #990, #287, #649, #2021, #2112, #421, #4216, #486, #3516 ),
 .UNSPECIFIED., .F., .F.,
 ( 4, 2, 2, 2, 2, 2, 4 ),
 ( 0.006079181470866413042, 0.006391749554874914634, 0.006704317638883415358, 0.007329453806900418540, 0.007642021890908919264, 0.007954589974917420855, 0.008579726142934422303 ),
 .UNSPECIFIED. ) ;
#3455 = CARTESIAN_POINT ( 'NONE',  ( 1.763300807568879858, -3.006633943393169801E-15, -0.9593750000000001998 ) ) ;
#3456 = ORIENTED_EDGE ( 'NONE', *, *, #1372, .T. ) ;
#3457 = CARTESIAN_POINT ( 'NONE',  ( -0.6785254037844394848, -1.175240473580838829, -7.829166666666666607 ) ) ;
#3458 = CARTESIAN_POINT ( 'NONE',  ( -1.017788105676658672, -0.5876202367904206358, -1.933333333333333792 ) ) ;
#3459 = CARTESIAN_POINT ( 'NONE',  ( -1.024743851707667019, 0.5960066142087695473, 0.02524047358083936210 ) ) ;
#3460 = FACE_OUTER_BOUND ( 'NONE', #4207, .T. ) ;
#3461 = EDGE_LOOP ( 'NONE', ( #3760, #2186, #563, #2066 ) ) ;
#3462 = CARTESIAN_POINT ( 'NONE',  ( -1.017788105676658450, 0.5876202367904155288, -2.454166666666667052 ) ) ;
#3463 = DIRECTION ( 'NONE',  ( -0.000000000000000000, 4.984837574645996626E-17, -1.000000000000000000 ) ) ;
#3464 = MECHANICAL_CONTEXT ( 'NONE', #1803, 'mechanical' ) ;
#3465 = DIRECTION ( 'NONE',  ( 0.3812272063696441338, -0.9203638919632282089, 0.08715574274765819363 ) ) ;
#3466 = CARTESIAN_POINT ( 'NONE',  ( -1.763300807568879858, -2.574749805408535596E-15, 0.3218749999999992450 ) ) ;
#3467 = VECTOR ( 'NONE', #4435, 1000.000000000000000 ) ;
#3468 = ORIENTED_EDGE ( 'NONE', *, *, #3442, .F. ) ;
#3469 = CARTESIAN_POINT ( 'NONE',  ( -0.8660254037844474784, -1.499999999999993117, -0.07916666666666763441 ) ) ;
#3470 = CARTESIAN_POINT ( 'NONE',  ( 0.000000000000000000, 4.814824860968089633E-32, -8.349999999999999645 ) ) ;
#3471 = CARTESIAN_POINT ( 'NONE',  ( 0.000000000000000000, 4.814824860968089633E-32, -8.349999999999999645 ) ) ;
#3472 = EDGE_CURVE ( 'NONE', #2763, #2317, #3901, .T. ) ;
#3473 = CARTESIAN_POINT ( 'NONE',  ( 1.017788105676658228, -0.5876202367904214130, -5.204166666666666607 ) ) ;
#3474 = CARTESIAN_POINT ( 'NONE',  ( 0.000000000000000000, 1.175240473580833722, -0.1000000000000011297 ) ) ;
#3475 = CARTESIAN_POINT ( 'NONE',  ( -1.017788105676658450, 0.5876202367904155288, -2.516666666666667052 ) ) ;
#3476 = CARTESIAN_POINT ( 'NONE',  ( 1.322475605676659560, -0.7635316469341363321, -3.969791666666666607 ) ) ;
#3477 = CARTESIAN_POINT ( 'NONE',  ( 0.8816504037844408170, 1.527063293868263116, -1.376041666666666829 ) ) ;
#3478 = ORIENTED_EDGE ( 'NONE', *, *, #567, .F. ) ;
#3479 = CARTESIAN_POINT ( 'NONE',  ( 0.6785254037844387076, -1.175240473580839051, -5.745833333333334458 ) ) ;
#3480 = CARTESIAN_POINT ( 'NONE',  ( 0.000000000000000000, 1.175240473580833722, -3.600000000000000089 ) ) ;
#3481 = CARTESIAN_POINT ( 'NONE',  ( -1.836970198721033385E-16, -1.500000000000005773, -2.100000000000000089 ) ) ;
#3482 = CARTESIAN_POINT ( 'NONE',  ( -0.8660254037844437036, 1.499999999999994449, -3.308333333333333126 ) ) ;
#3483 = ORIENTED_EDGE ( 'NONE', *, *, #2297, .T. ) ;
#3484 = DIRECTION ( 'NONE',  ( -0.000000000000000000, -1.554359398917796077E-16, 1.000000000000000000 ) ) ;
#3485 = LINE ( 'NONE', #415, #508 ) ;
#3486 = CARTESIAN_POINT ( 'NONE',  ( 0.8147847664051809380, 1.128789483121318549, 0.2310414324127500196 ) ) ;
#3487 = CARTESIAN_POINT ( 'NONE',  ( -0.8660254037844368202, 1.500000000000005995, -2.808333333333333570 ) ) ;
#3488 = ORIENTED_EDGE ( 'NONE', *, *, #20, .T. ) ;
#3489 = AXIS2_PLACEMENT_3D ( 'NONE', #2114, #3493, #2725 ) ;
#3490 = CARTESIAN_POINT ( 'NONE',  ( -1.299038105676660448, -0.7500000000000037748, -0.1208333333333342779 ) ) ;
#3491 = CARTESIAN_POINT ( 'NONE',  ( -1.836970198721033385E-16, -1.500000000000005551, -6.537500000000000533 ) ) ;
#3492 = CARTESIAN_POINT ( 'NONE',  ( 1.017788105676658228, -0.5876202367904214130, -2.204166666666666607 ) ) ;
#3493 = DIRECTION ( 'NONE',  ( 0.000000000000000000, -4.984837574645996626E-17, 1.000000000000000000 ) ) ;
#3494 = CARTESIAN_POINT ( 'NONE',  ( 0.6785254037844387076, -1.175240473580839051, -1.308333333333333348 ) ) ;
#3495 = ADVANCED_FACE ( 'NONE', ( #1805 ), #787, .T. ) ;
#3496 = EDGE_CURVE ( 'NONE', #219, #2791, #2091, .T. ) ;
#3497 = CARTESIAN_POINT ( 'NONE',  ( 1.322475605676660448, 0.7635316469341292267, -3.386458333333333126 ) ) ;
#3498 = VECTOR ( 'NONE', #1518, 1000.000000000000000 ) ;
#3499 = CARTESIAN_POINT ( 'NONE',  ( -1.322475605676660004, 0.7635316469341305590, 0.2489583333333336701 ) ) ;
#3500 = ORIENTED_EDGE ( 'NONE', *, *, #767, .F. ) ;
#3501 = CARTESIAN_POINT ( 'NONE',  ( -0.6785254037844394848, -1.175240473580838829, -4.329166666666666607 ) ) ;
#3502 = CARTESIAN_POINT ( 'NONE',  ( -1.357050807568878303, -2.599625443516216173E-15, -3.474999999999999645 ) ) ;
#3503 = CARTESIAN_POINT ( 'NONE',  ( 0.2781747951757020387, -0.8108768379124997594, 1.635995844776708674 ) ) ;
#3504 = CARTESIAN_POINT ( 'NONE',  ( -1.137835564022927404, -1.029210992453508000, 0.3321783884696395961 ) ) ;
#3505 = VERTEX_POINT ( 'NONE', #1867 ) ;
#3506 = DIRECTION ( 'NONE',  ( 0.000000000000000000, 1.000000000000000000, 3.614007241618347292E-17 ) ) ;
#3507 = CARTESIAN_POINT ( 'NONE',  ( 0.1991544170300786065, -0.4808012946005273403, 1.100000000000000533 ) ) ;
#3508 =( BOUNDED_CURVE ( )  B_SPLINE_CURVE ( 3, ( #3080, #2489, #4172, #4194 ),
 .UNSPECIFIED., .F., .F. ) 
 B_SPLINE_CURVE_WITH_KNOTS ( ( 4, 4 ),
 ( 4.881819945452527065, 4.917528446445841972 ),
 .UNSPECIFIED. ) 
 CURVE ( )  GEOMETRIC_REPRESENTATION_ITEM ( )  RATIONAL_B_SPLINE_CURVE ( ( 1.000000000000000000, 0.9998937447357327812, 0.9998937447357327812, 1.000000000000000000 ) ) 
 REPRESENTATION_ITEM ( '' )  );
#3509 = CARTESIAN_POINT ( 'NONE',  ( -1.732050807568880746, -2.576663316032202149E-15, -1.224999999999999645 ) ) ;
#3510 = CARTESIAN_POINT ( 'NONE',  ( 0.8660254037844331565, -1.500000000000017542, -6.558333333333331794 ) ) ;
#3511 = CIRCLE ( 'NONE', #3725, 2.799999999999999822 ) ;
#3512 = ORIENTED_EDGE ( 'NONE', *, *, #539, .F. ) ;
#3513 = CARTESIAN_POINT ( 'NONE',  ( -1.017788105676658672, -0.5876202367904206358, -7.370833333333333570 ) ) ;
#3514 = DIRECTION ( 'NONE',  ( -0.3826834323650925573, -0.9238795325112855172, 0.000000000000000000 ) ) ;
#3515 = VECTOR ( 'NONE', #619, 1000.000000000000000 ) ;
#3516 = CARTESIAN_POINT ( 'NONE',  ( -1.483028994996383076, -0.2250000000000439426, 0.3500000000000013656 ) ) ;
#3517 = CARTESIAN_POINT ( 'NONE',  ( 0.6785254037844397068, 1.175240473580833500, -2.579166666666666607 ) ) ;
#3518 = CARTESIAN_POINT ( 'NONE',  ( -1.155851082815848807, -0.3225498114520290449, 0.03944954720252021041 ) ) ;
#3519 = CARTESIAN_POINT ( 'NONE',  ( -0.6785254037844394848, -1.175240473580838829, -0.8916666666666673846 ) ) ;
#3520 = CARTESIAN_POINT ( 'NONE',  ( -1.763300807568879858, -2.574749805408535596E-15, -4.678124999999999645 ) ) ;
#3521 = CARTESIAN_POINT ( 'NONE',  ( 0.000000000000000000, 1.175240473580833722, -8.537499999999999645 ) ) ;
#3522 = ORIENTED_EDGE ( 'NONE', *, *, #4298, .T. ) ;
#3523 = CARTESIAN_POINT ( 'NONE',  ( 1.357050807568878303, -2.932007029070127676E-15, -4.162500000000000533 ) ) ;
#3524 = CARTESIAN_POINT ( 'NONE',  ( 0.6785254037844387076, -1.175240473580839051, -2.808333333333333570 ) ) ;
#3525 = CARTESIAN_POINT ( 'NONE',  ( -1.763300807568879858, -2.574749805408535596E-15, -7.209374999999999645 ) ) ;
#3526 = CARTESIAN_POINT ( 'NONE',  ( -0.8660254037844336006, 1.500000000000011990, -1.808333333333333570 ) ) ;
#3527 = ADVANCED_FACE ( 'NONE', ( #1189 ), #2202, .T. ) ;
#3528 = ORIENTED_EDGE ( 'NONE', *, *, #1978, .F. ) ;
#3529 = CARTESIAN_POINT ( 'NONE',  ( 0.6785254037844397068, 1.175240473580833056, -0.07916666666666662133 ) ) ;
#3530 = CARTESIAN_POINT ( 'NONE',  ( 0.4189581062745867945, -1.108313696971769735, -8.279759526419166349 ) ) ;
#3531 = CARTESIAN_POINT ( 'NONE',  ( 0.000000000000000000, 1.500000000000000444, -2.349999999999999201 ) ) ;
#3532 = CARTESIAN_POINT ( 'NONE',  ( 1.732050807568880746, -3.000893411522166591E-15, -6.474999999999998757 ) ) ;
#3533 = CARTESIAN_POINT ( 'NONE',  ( 0.000000000000000000, 1.175240473580833722, -4.100000000000000533 ) ) ;
#3534 = ORIENTED_EDGE ( 'NONE', *, *, #717, .F. ) ;
#3535 = CARTESIAN_POINT ( 'NONE',  ( 1.017788105676659116, 0.5876202367904146406, -6.620833333333333570 ) ) ;
#3536 = FACE_OUTER_BOUND ( 'NONE', #976, .T. ) ;
#3537 = CARTESIAN_POINT ( 'NONE',  ( 0.000000000000000000, 1.500000000000000222, -3.787500000000000533 ) ) ;
#3538 = AXIS2_PLACEMENT_3D ( 'NONE', #2969, #240, #553 ) ;
#3539 = LINE ( 'NONE', #2586, #4007 ) ;
#3540 = CARTESIAN_POINT ( 'NONE',  ( 0.6785254037844387076, -1.175240473580839051, -1.808333333333333570 ) ) ;
#3541 = CARTESIAN_POINT ( 'NONE',  ( 1.763300807568879858, -3.006633943393169801E-15, -0.9281249999999999778 ) ) ;
#3542 = CARTESIAN_POINT ( 'NONE',  ( 0.000000000000000000, 1.527063293868263338, 0.1656249999999991063 ) ) ;
#3543 = CARTESIAN_POINT ( 'NONE',  ( -1.017788105676658450, 0.5876202367904155288, 0.04583333333333348969 ) ) ;
#3544 = VERTEX_POINT ( 'NONE', #1128 ) ;
#3545 = CARTESIAN_POINT ( 'NONE',  ( -1.017788105676658450, 0.5876202367904155288, -5.454166666666666607 ) ) ;
#3546 = CARTESIAN_POINT ( 'NONE',  ( -0.6785254037844394848, -1.175240473580838829, -1.891666666666666385 ) ) ;
#3547 = FACE_OUTER_BOUND ( 'NONE', #3092, .T. ) ;
#3548 = FACE_OUTER_BOUND ( 'NONE', #777, .T. ) ;
#3549 = ORIENTED_EDGE ( 'NONE', *, *, #3750, .F. ) ;
#3550 = CARTESIAN_POINT ( 'NONE',  ( -0.5252572366576291341, -0.2175686711582045796, 1.650000000000000355 ) ) ;
#3551 = CARTESIAN_POINT ( 'NONE',  ( -7.529062669428890369E-14, 1.412828493020360288, 0.2628284930203630410 ) ) ;
#3552 = EDGE_CURVE ( 'NONE', #4137, #4045, #1169, .T. ) ;
#3553 = FACE_OUTER_BOUND ( 'NONE', #2142, .T. ) ;
#3554 = CARTESIAN_POINT ( 'NONE',  ( -1.017788105676658450, 0.5876202367904155288, -5.016666666666666607 ) ) ;
#3555 = VERTEX_POINT ( 'NONE', #2885 ) ;
#3556 = CARTESIAN_POINT ( 'NONE',  ( -0.6785254037844394848, -1.175240473580838829, -6.829166666666666607 ) ) ;
#3557 = CARTESIAN_POINT ( 'NONE',  ( -1.088481608419783253, -0.9027450547141566695, -8.052190328942163688 ) ) ;
#3558 = CARTESIAN_POINT ( 'NONE',  ( 0.8660254037844445918, 1.499999999999994005, -3.829166666666668384 ) ) ;
#3559 = CARTESIAN_POINT ( 'NONE',  ( -1.536117151722525929E-16, -1.254334843966467439, 0.1043348439664727040 ) ) ;
#3560 = CARTESIAN_POINT ( 'NONE',  ( -1.322475605676660226, -0.7635316469341354439, -1.636458333333333570 ) ) ;
#3561 = B_SPLINE_CURVE_WITH_KNOTS ( 'NONE', 3,
 ( #1117, #1476, #3871, #3530, #98, #3184 ),
 .UNSPECIFIED., .F., .F.,
 ( 4, 2, 4 ),
 ( 6.135089984126529380E-18, 0.0004550632644147255376, 0.0009101265288294447869 ),
 .UNSPECIFIED. ) ;
#3562 = CARTESIAN_POINT ( 'NONE',  ( -1.322475605676660226, -0.7635316469341354439, 0.8322916666666669849 ) ) ;
#3563 = CARTESIAN_POINT ( 'NONE',  ( -1.439254484199190858E-16, -1.175240473580839051, 0.7124999999999995781 ) ) ;
#3564 = VERTEX_POINT ( 'NONE', #831 ) ;
#3565 = CARTESIAN_POINT ( 'NONE',  ( -1.017788105676658450, 0.5876202367904155288, -6.016666666666666607 ) ) ;
#3566 = CARTESIAN_POINT ( 'NONE',  ( 0.6785254037844387076, -1.175240473580839051, -4.245833333333333570 ) ) ;
#3567 = CARTESIAN_POINT ( 'NONE',  ( 0.000000000000000000, 1.175240473580833722, 1.400000000000000133 ) ) ;
#3568 = CARTESIAN_POINT ( 'NONE',  ( -1.322475605676660226, -0.7635316469341354439, -6.667708333333332682 ) ) ;
#3569 = DIRECTION ( 'NONE',  ( -0.000000000000000000, 4.984837574645996626E-17, -1.000000000000000000 ) ) ;
#3570 = CC_DESIGN_PERSON_AND_ORGANIZATION_ASSIGNMENT ( #667, #3370, ( #1771 ) ) ;
#3571 = ORIENTED_EDGE ( 'NONE', *, *, #4217, .T. ) ;
#3572 = PLANE ( 'NONE',  #904 ) ;
#3573 = CARTESIAN_POINT ( 'NONE',  ( -1.017788105676658450, 0.5876202367904155288, -8.016666666666667496 ) ) ;
#3574 =( BOUNDED_CURVE ( )  B_SPLINE_CURVE ( 3, ( #3121, #310, #37, #60 ),
 .UNSPECIFIED., .F., .F. ) 
 B_SPLINE_CURVE_WITH_KNOTS ( ( 4, 4 ),
 ( 4.881819945452527065, 4.917528446445841972 ),
 .UNSPECIFIED. ) 
 CURVE ( )  GEOMETRIC_REPRESENTATION_ITEM ( )  RATIONAL_B_SPLINE_CURVE ( ( 1.000000000000000000, 0.9998937447357327812, 0.9998937447357327812, 1.000000000000000000 ) ) 
 REPRESENTATION_ITEM ( '' )  );
#3575 = CARTESIAN_POINT ( 'NONE',  ( 1.017788105676658228, -0.5876202367904214130, -5.266666666666666607 ) ) ;
#3576 = AXIS2_PLACEMENT_3D ( 'NONE', #4184, #3090, #4448 ) ;
#3577 = ORIENTED_EDGE ( 'NONE', *, *, #2812, .T. ) ;
#3578 = CARTESIAN_POINT ( 'NONE',  ( 1.357050807568877859, -2.932007029070127676E-15, -7.162500000000000533 ) ) ;
#3579 = CARTESIAN_POINT ( 'NONE',  ( -1.370843046773535079, 0.1148924118926017562, -8.090965122179023084 ) ) ;
#3580 = CARTESIAN_POINT ( 'NONE',  ( -1.328623132604593637, -0.3695036144677443790, 0.2256313640310808055 ) ) ;
#3581 = EDGE_CURVE ( 'NONE', #3791, #73, #3539, .T. ) ;
#3582 = AXIS2_PLACEMENT_3D ( 'NONE', #1544, #894, #851 ) ;
#3583 = ORIENTED_EDGE ( 'NONE', *, *, #1868, .F. ) ;
#3584 = CARTESIAN_POINT ( 'NONE',  ( 0.2312812350607421352, -8.546734030582929561E-16, 1.100000000000000533 ) ) ;
#3585 = CARTESIAN_POINT ( 'NONE',  ( -1.322475605676660226, -0.7635316469341354439, -0.1677083333333339588 ) ) ;
#3586 = CARTESIAN_POINT ( 'NONE',  ( 1.017788105676658228, -0.5876202367904214130, -0.2041666666666667185 ) ) ;
#3587 = ORIENTED_EDGE ( 'NONE', *, *, #20, .F. ) ;
#3588 = CARTESIAN_POINT ( 'NONE',  ( 1.017788105676658228, -0.5876202367904214130, -6.766666666666666607 ) ) ;
#3589 = CARTESIAN_POINT ( 'NONE',  ( -1.017788105676658672, -0.5876202367904206358, -2.370833333333333126 ) ) ;
#3590 = CARTESIAN_POINT ( 'NONE',  ( -1.439254484199190858E-16, -1.175240473580839051, 0.6499999999999995781 ) ) ;
#3591 = CARTESIAN_POINT ( 'NONE',  ( 0.8816504037844393737, -1.527063293868269112, -6.542708333333332682 ) ) ;
#3592 = DIRECTION ( 'NONE',  ( 0.000000000000000000, -0.7071067811865477948, 0.7071067811865473507 ) ) ;
#3593 = ORIENTED_EDGE ( 'NONE', *, *, #2891, .F. ) ;
#3594 = CARTESIAN_POINT ( 'NONE',  ( 0.000000000000000000, 1.500000000000000444, -6.850000000000000533 ) ) ;
#3595 = CARTESIAN_POINT ( 'NONE',  ( -1.439254484199190858E-16, -1.175240473580839051, -7.349999999999999645 ) ) ;
#3596 = DIRECTION ( 'NONE',  ( -0.000000000000000000, 4.984837574645996626E-17, -1.000000000000000000 ) ) ;
#3597 = CARTESIAN_POINT ( 'NONE',  ( -1.439254484199190858E-16, -1.175240473580839051, -5.350000000000000533 ) ) ;
#3598 = CARTESIAN_POINT ( 'NONE',  ( 0.6785254037844397068, 1.175240473580833500, -0.07916666666666663521 ) ) ;
#3599 = VERTEX_POINT ( 'NONE', #2908 ) ;
#3600 = CARTESIAN_POINT ( 'NONE',  ( -0.2634155365841115426, -1.346166921035992337, 1.467296747124823053 ) ) ;
#3601 =( BOUNDED_CURVE ( )  B_SPLINE_CURVE ( 2, ( #690, #3032, #4078, #3740, #3444, #645, #4434 ),
 .UNSPECIFIED., .F., .F. ) 
 B_SPLINE_CURVE_WITH_KNOTS ( ( 3, 2, 2, 3 ),
 ( 0.2250000000000000056, 0.2333333333333333093, 0.2416666666666667518, 0.2500000000000000555 ),
 .UNSPECIFIED. ) 
 CURVE ( )  GEOMETRIC_REPRESENTATION_ITEM ( )  RATIONAL_B_SPLINE_CURVE ( ( 0.9999999999999995559, 0.8660254037844391517, 1.000000000000000000, 0.8660254037844387076, 1.000000000000000000, 0.8660254037844378194, 1.000000000000000888 ) ) 
 REPRESENTATION_ITEM ( '' )  );
#3602 = CARTESIAN_POINT ( 'NONE',  ( 0.000000000000000000, 4.814824860968089633E-32, -8.349999999999999645 ) ) ;
#3603 = FACE_OUTER_BOUND ( 'NONE', #2984, .T. ) ;
#3604 = CARTESIAN_POINT ( 'NONE',  ( 1.299038105676661115, 0.7499999999999977796, 0.06666666666666670737 ) ) ;
#3605 = EDGE_CURVE ( 'NONE', #3544, #557, #662, .T. ) ;
#3606 = AXIS2_PLACEMENT_3D ( 'NONE', #1387, #687, #32 ) ;
#3607 = ADVANCED_FACE ( 'NONE', ( #1825 ), #4242, .T. ) ;
#3608 = CARTESIAN_POINT ( 'NONE',  ( 1.017788105676659116, 0.5876202367904146406, -5.620833333333333570 ) ) ;
#3609 = CARTESIAN_POINT ( 'NONE',  ( -1.017788105676658450, 0.5876202367904155288, -0.4541666666666669405 ) ) ;
#3610 = CARTESIAN_POINT ( 'NONE',  ( -1.299038105676660226, 0.7499999999999988898, -7.704166666666666607 ) ) ;
#3611 = CARTESIAN_POINT ( 'NONE',  ( -0.6785254037844389297, 1.175240473580833944, -5.558333333333333570 ) ) ;
#3612 = CARTESIAN_POINT ( 'NONE',  ( -1.017788105676658450, 0.5876202367904155288, -2.454166666666667052 ) ) ;
#3613 = CARTESIAN_POINT ( 'NONE',  ( -0.6785254037844394848, -1.175240473580838829, 0.1083333333333335313 ) ) ;
#3614 = CARTESIAN_POINT ( 'NONE',  ( 1.322475605676660448, 0.7635316469341292267, -6.417708333333333570 ) ) ;
#3615 = CARTESIAN_POINT ( 'NONE',  ( -1.299038105676660448, 0.7499999999999990008, -1.766666666666665941 ) ) ;
#3616 = EDGE_LOOP ( 'NONE', ( #4380, #2229, #2487, #4445 ) ) ;
#3617 = CARTESIAN_POINT ( 'NONE',  ( -1.836970198721033385E-16, -1.500000000000005773, -5.100000000000000533 ) ) ;
#3618 = CARTESIAN_POINT ( 'NONE',  ( 1.357050807568878303, -2.932007029070127676E-15, -8.224999999999999645 ) ) ;
#3619 = CARTESIAN_POINT ( 'NONE',  ( 1.017788105676658228, -0.5876202367904214130, -5.766666666666666607 ) ) ;
#3620 = CARTESIAN_POINT ( 'NONE',  ( 0.000000000000000000, 1.175240473580833722, -1.537499999999999867 ) ) ;
#3621 = ORIENTED_EDGE ( 'NONE', *, *, #330, .T. ) ;
#3622 = CARTESIAN_POINT ( 'NONE',  ( 1.017788105676658228, -0.5876202367904214130, -4.704166666666667496 ) ) ;
#3623 = CARTESIAN_POINT ( 'NONE',  ( 0.000000000000000000, 1.500000000000000222, -6.787500000000001421 ) ) ;
#3624 = CARTESIAN_POINT ( 'NONE',  ( 0.000000000000000000, 1.175240473580833722, 0.8999999999999998002 ) ) ;
#3625 = DIRECTION ( 'NONE',  ( 0.000000000000000000, 1.000000000000000000, 0.000000000000000000 ) ) ;
#3626 = CC_DESIGN_DATE_AND_TIME_ASSIGNMENT ( #1053, #3830, ( #4369 ) ) ;
#3627 = CARTESIAN_POINT ( 'NONE',  ( -1.017788105676658450, 0.5876202367904155288, -7.454166666666666607 ) ) ;
#3628 = CARTESIAN_POINT ( 'NONE',  ( 1.357050807568878303, -2.932007029070127676E-15, 0.8374999999999995781 ) ) ;
#3629 = CARTESIAN_POINT ( 'NONE',  ( 0.8015491288551711557, 0.2312812350607420520, 1.100000000000000533 ) ) ;
#3630 = EDGE_CURVE ( 'NONE', #1249, #1669, #1126, .T. ) ;
#3631 = CARTESIAN_POINT ( 'NONE',  ( -1.439254484199190858E-16, -1.175240473580839051, -6.850000000000000533 ) ) ;
#3632 = CARTESIAN_POINT ( 'NONE',  ( -1.357050807568878303, -2.599625443516216173E-15, -2.912499999999999645 ) ) ;
#3633 = CARTESIAN_POINT ( 'NONE',  ( -1.439254484199190858E-16, -1.175240473580839051, 0.1499999999999990785 ) ) ;
#3634 = CARTESIAN_POINT ( 'NONE',  ( -0.8816504037844398178, 1.527063293868263338, -5.292708333333333570 ) ) ;
#3635 = CARTESIAN_POINT ( 'NONE',  ( 1.357050807568877859, -2.932007029070127676E-15, -7.725000000000000533 ) ) ;
#3636 = EDGE_CURVE ( 'NONE', #2757, #46, #4327, .T. ) ;
#3637 = ORIENTED_EDGE ( 'NONE', *, *, #3077, .T. ) ;
#3638 = CARTESIAN_POINT ( 'NONE',  ( -1.836970198721033385E-16, -1.500000000000005551, -3.537500000000000977 ) ) ;
#3639 = CARTESIAN_POINT ( 'NONE',  ( 0.6785254037844387076, -1.175240473580839051, -7.308333333333332682 ) ) ;
#3640 = AXIS2_PLACEMENT_3D ( 'NONE', #3668, #1587, #2242 ) ;
#3641 = DIRECTION ( 'NONE',  ( 0.3826834323650989966, 0.9238795325112829637, 0.000000000000000000 ) ) ;
#3642 = CARTESIAN_POINT ( 'NONE',  ( 1.017788105676659116, 0.5876202367904146406, -0.1208333333333339032 ) ) ;
#3643 = EDGE_LOOP ( 'NONE', ( #1207, #1927, #1674, #4226, #3779, #4073, #1416, #2254 ) ) ;
#3644 = CARTESIAN_POINT ( 'NONE',  ( 0.6785254037844387076, -1.175240473580839273, -5.245833333333333570 ) ) ;
#3645 = CARTESIAN_POINT ( 'NONE',  ( -0.6942024026476323328, 1.133576938803378287, -8.137961250093118437 ) ) ;
#3646 = CYLINDRICAL_SURFACE ( 'NONE', #3582, 1.500000000000000222 ) ;
#3647 = CARTESIAN_POINT ( 'NONE',  ( 0.8816504037844408170, 1.527063293868263116, -1.844791666666667274 ) ) ;
#3648 = AXIS2_PLACEMENT_3D ( 'NONE', #1989, #277, #3296 ) ;
#3649 = DIRECTION ( 'NONE',  ( 0.9238795325112870716, -0.3826834323650893377, 0.000000000000000000 ) ) ;
#3650 = DIRECTION ( 'NONE',  ( -1.000000000000000000, 3.185624574414748283E-15, -0.000000000000000000 ) ) ;
#3651 = CARTESIAN_POINT ( 'NONE',  ( 1.357050807568878303, -2.932007029070127676E-15, -5.662499999999999645 ) ) ;
#3652 = CARTESIAN_POINT ( 'NONE',  ( 0.6785254037844387076, -1.175240473580839273, -2.808333333333333570 ) ) ;
#3653 = DIRECTION ( 'NONE',  ( 3.058567644283850721E-16, -1.000000000000000000, 0.000000000000000000 ) ) ;
#3654 = CARTESIAN_POINT ( 'NONE',  ( -1.017788105676658672, -0.5876202367904206358, -7.433333333333333570 ) ) ;
#3655 = CARTESIAN_POINT ( 'NONE',  ( -0.6785254037844394848, -1.175240473580838829, -0.3916666666666668850 ) ) ;
#3656 = CIRCLE ( 'NONE', #761, 2.799999999999999822 ) ;
#3657 = CARTESIAN_POINT ( 'NONE',  ( 0.000000000000000000, 1.527063293868263338, -4.834375000000000533 ) ) ;
#3658 = CARTESIAN_POINT ( 'NONE',  ( -1.017788105676658672, -0.5876202367904206358, -7.433333333333333570 ) ) ;
#3659 = ORIENTED_EDGE ( 'NONE', *, *, #1706, .T. ) ;
#3660 = CARTESIAN_POINT ( 'NONE',  ( 1.424824154680374217E-11, -1.447697095812668033, -8.007302904187332260 ) ) ;
#3661 = DIRECTION ( 'NONE',  ( -0.000000000000000000, 4.984837574645996626E-17, -1.000000000000000000 ) ) ;
#3662 = EDGE_CURVE ( 'NONE', #2438, #3097, #218, .T. ) ;
#3663 = DIRECTION ( 'NONE',  ( 0.000000000000000000, 1.000000000000000000, 0.000000000000000000 ) ) ;
#3664 = CYLINDRICAL_SURFACE ( 'NONE', #3648, 1.500000000000000222 ) ;
#3665 = ORIENTED_EDGE ( 'NONE', *, *, #1484, .F. ) ;
#3666 = CARTESIAN_POINT ( 'NONE',  ( 0.6785254037844387076, -1.175240473580839273, -5.745833333333333570 ) ) ;
#3667 = LINE ( 'NONE', #549, #440 ) ;
#3668 = CARTESIAN_POINT ( 'NONE',  ( 0.000000000000000000, -2.020667218593133494E-16, 1.650000000000000355 ) ) ;
#3669 = CARTESIAN_POINT ( 'NONE',  ( 0.2794000000000003703, -1.032490806060300047E-15, 1.650000000000000355 ) ) ;
#3670 = CARTESIAN_POINT ( 'NONE',  ( 1.763300807568879858, -3.006633943393169801E-15, -1.428125000000000533 ) ) ;
#3671 = CARTESIAN_POINT ( 'NONE',  ( -1.732050807568880746, -2.576663316032202149E-15, -5.724999999999999645 ) ) ;
#3672 = CYLINDRICAL_SURFACE ( 'NONE', #2776, 1.500000000000000222 ) ;
#3673 = CARTESIAN_POINT ( 'NONE',  ( 0.000000000000000000, 1.175240473580833722, -6.037499999999999645 ) ) ;
#3674 = CARTESIAN_POINT ( 'NONE',  ( -0.6785254037844389297, 1.175240473580833722, -2.558333333333333570 ) ) ;
#3675 = CARTESIAN_POINT ( 'NONE',  ( 0.000000000000000000, 1.500000000000000444, -2.349999999999999201 ) ) ;
#3676 = CARTESIAN_POINT ( 'NONE',  ( 0.000000000000000000, 1.175240473580833722, -2.600000000000000089 ) ) ;
#3677 = CARTESIAN_POINT ( 'NONE',  ( -1.870113174931186087E-16, -1.527063293868268667, -6.053125000000000533 ) ) ;
#3678 = CARTESIAN_POINT ( 'NONE',  ( 1.322475605676660448, 0.7635316469341292267, -5.417708333333333570 ) ) ;
#3679 = CARTESIAN_POINT ( 'NONE',  ( 0.000000000000000000, 1.500000000000000222, -3.287500000000000977 ) ) ;
#3680 = ORIENTED_EDGE ( 'NONE', *, *, #1042, .F. ) ;
#3681 = CARTESIAN_POINT ( 'NONE',  ( 0.6238389721121667675, -1.336544346877985623, -7.985475470448641033 ) ) ;
#3682 = CARTESIAN_POINT ( 'NONE',  ( -0.6785254037844389297, 1.175240473580833944, -4.058333333333332682 ) ) ;
#3683 = CARTESIAN_POINT ( 'NONE',  ( 0.000000000000000000, 1.500000000000000444, -5.349999999999998757 ) ) ;
#3684 = CARTESIAN_POINT ( 'NONE',  ( -1.357050807568878303, -2.599625443516216173E-15, 0.08749999999999903688 ) ) ;
#3685 = ORIENTED_EDGE ( 'NONE', *, *, #2273, .F. ) ;
#3686 = VECTOR ( 'NONE', #892, 1000.000000000000227 ) ;
#3687 = CARTESIAN_POINT ( 'NONE',  ( -0.6785254037844389297, 1.175240473580833722, -6.495833333333333570 ) ) ;
#3688 = ADVANCED_FACE ( 'NONE', ( #1934 ), #3672, .T. ) ;
#3689 = CARTESIAN_POINT ( 'NONE',  ( 0.6785254037844387076, -1.175240473580839051, 1.191666666666665542 ) ) ;
#3690 = CARTESIAN_POINT ( 'NONE',  ( 0.2793999999999998152, 1.342841092609248443, 1.650000000000000355 ) ) ;
#3691 = CARTESIAN_POINT ( 'NONE',  ( 0.8816504037844393737, -1.527063293868269112, -2.511458333333333126 ) ) ;
#3692 = CARTESIAN_POINT ( 'NONE',  ( -1.299038105676660448, 0.7499999999999990008, -7.766666666666665719 ) ) ;
#3693 = CARTESIAN_POINT ( 'NONE',  ( 0.3145586258614169184, -1.166841746584287076, -8.250198954588688238 ) ) ;
#3694 = CARTESIAN_POINT ( 'NONE',  ( 1.017788105676659116, 0.5876202367904146406, -7.620833333333333570 ) ) ;
#3695 = CARTESIAN_POINT ( 'NONE',  ( -1.017788105676658672, -0.5876202367904206358, -3.933333333333334014 ) ) ;
#3696 = CARTESIAN_POINT ( 'NONE',  ( 1.017788105676659116, 0.5876202367904146406, -2.683333333333333570 ) ) ;
#3697 = CARTESIAN_POINT ( 'NONE',  ( 1.763300807568879858, -3.006633943393169801E-15, -8.428124999999999645 ) ) ;
#3698 = CARTESIAN_POINT ( 'NONE',  ( 1.322475605676659560, -0.7635316469341363321, -5.501041666666666607 ) ) ;
#3699 = CARTESIAN_POINT ( 'NONE',  ( -0.6785254037844394848, -1.175240473580838829, -7.891666666666666607 ) ) ;
#3700 = ORIENTED_EDGE ( 'NONE', *, *, #682, .F. ) ;
#3701 = ORIENTED_EDGE ( 'NONE', *, *, #4243, .T. ) ;
#3702 = CARTESIAN_POINT ( 'NONE',  ( 1.357050807568878303, -2.932007029070127676E-15, -7.662499999999999645 ) ) ;
#3703 = CARTESIAN_POINT ( 'NONE',  ( 0.000000000000000000, 1.175240473580833722, -5.100000000000000533 ) ) ;
#3704 = DIRECTION ( 'NONE',  ( -0.000000000000000000, 4.984837574645996626E-17, -1.000000000000000000 ) ) ;
#3705 = FACE_OUTER_BOUND ( 'NONE', #3390, .T. ) ;
#3706 =( BOUNDED_CURVE ( )  B_SPLINE_CURVE ( 3, ( #4279, #1822, #3600, #1502 ),
 .UNSPECIFIED., .F., .F. ) 
 B_SPLINE_CURVE_WITH_KNOTS ( ( 4, 4 ),
 ( 4.881819945452527065, 4.917528446445841972 ),
 .UNSPECIFIED. ) 
 CURVE ( )  GEOMETRIC_REPRESENTATION_ITEM ( )  RATIONAL_B_SPLINE_CURVE ( ( 1.000000000000000000, 0.9998937447357327812, 0.9998937447357327812, 1.000000000000000000 ) ) 
 REPRESENTATION_ITEM ( '' )  );
#3707 = ORIENTED_EDGE ( 'NONE', *, *, #773, .F. ) ;
#3708 = CARTESIAN_POINT ( 'NONE',  ( -0.6785254037844389297, 1.175240473580833722, -5.995833333333332682 ) ) ;
#3709 = DIRECTION ( 'NONE',  ( 5.766257318524658366E-33, -5.766257318524678892E-33, 1.000000000000000000 ) ) ;
#3710 = CARTESIAN_POINT ( 'NONE',  ( 1.017788105676659116, 0.5876202367904146406, 1.316666666666665542 ) ) ;
#3711 = CARTESIAN_POINT ( 'NONE',  ( 0.8660254037844331565, -1.500000000000017542, 0.004166666666665197298 ) ) ;
#3712 = AXIS2_PLACEMENT_3D ( 'NONE', #213, #4008, #617 ) ;
#3713 = CARTESIAN_POINT ( 'NONE',  ( -0.8816504037844403729, -1.527063293868268001, 0.9052083333333323933 ) ) ;
#3714 = CARTESIAN_POINT ( 'NONE',  ( 0.000000000000000000, 1.500000000000000444, -5.849999999999998757 ) ) ;
#3715 = CARTESIAN_POINT ( 'NONE',  ( 1.836970198721030181E-16, -1.500000000000000222, -8.349999999999999645 ) ) ;
#3716 = CARTESIAN_POINT ( 'NONE',  ( -1.357050807568878303, -2.599625443516216173E-15, -2.412500000000000533 ) ) ;
#3717 = CARTESIAN_POINT ( 'NONE',  ( 1.299038105676660004, -0.7500000000000048850, -4.016666666666666607 ) ) ;
#3718 = AXIS2_PLACEMENT_3D ( 'NONE', #4160, #3825, #391 ) ;
#3719 =( BOUNDED_CURVE ( )  B_SPLINE_CURVE ( 2, ( #863, #2897, #2525, #1473, #1554 ),
 .UNSPECIFIED., .F., .F. ) 
 B_SPLINE_CURVE_WITH_KNOTS ( ( 3, 2, 3 ),
 ( 0.9000000000000000222, 0.9083333333333333259, 0.9136729009801665136 ),
 .UNSPECIFIED. ) 
 CURVE ( )  GEOMETRIC_REPRESENTATION_ITEM ( )  RATIONAL_B_SPLINE_CURVE ( ( 1.000000000000000000, 0.8660254037844387076, 1.000000000000000000, 0.9141560296659815288, 0.9383207841330594157 ) ) 
 REPRESENTATION_ITEM ( '' )  );
#3720 = EDGE_CURVE ( 'NONE', #273, #1446, #2499, .T. ) ;
#3721 = CARTESIAN_POINT ( 'NONE',  ( 0.6785254037844397068, 1.175240473580833500, -4.079166666666666607 ) ) ;
#3722 = CARTESIAN_POINT ( 'NONE',  ( -1.357050807568877859, -2.599625443516215778E-15, -3.975000000000000089 ) ) ;
#3723 = CARTESIAN_POINT ( 'NONE',  ( -0.6785254037844394848, -1.175240473580838829, -4.891666666666667496 ) ) ;
#3724 = CARTESIAN_POINT ( 'NONE',  ( 1.763300807568879858, -3.006633943393169801E-15, -6.928125000000001421 ) ) ;
#3725 = AXIS2_PLACEMENT_3D ( 'NONE', #3988, #3234, #873 ) ;
#3726 = CARTESIAN_POINT ( 'NONE',  ( 1.322475605676660448, 0.7635316469341292267, -1.917708333333332904 ) ) ;
#3727 = CARTESIAN_POINT ( 'NONE',  ( -0.6785254037844389297, 1.175240473580833722, -8.058333333333333570 ) ) ;
#3728 = ORIENTED_EDGE ( 'NONE', *, *, #900, .T. ) ;
#3729 = AXIS2_PLACEMENT_3D ( 'NONE', #2442, #1904, #1923 ) ;
#3730 = EDGE_LOOP ( 'NONE', ( #3928, #1165, #1056, #3891 ) ) ;
#3731 = CARTESIAN_POINT ( 'NONE',  ( -0.6785254037844389297, 1.175240473580833944, -7.495833333333332682 ) ) ;
#3732 = CARTESIAN_POINT ( 'NONE',  ( -1.017788105676658672, -0.5876202367904206358, -5.433333333333333570 ) ) ;
#3733 = CARTESIAN_POINT ( 'NONE',  ( 1.732050807568880746, -3.000893411522166591E-15, -5.974999999999999645 ) ) ;
#3734 = CARTESIAN_POINT ( 'NONE',  ( -1.299038105676660670, -0.7500000000000037748, -4.183333333333332682 ) ) ;
#3735 = EDGE_LOOP ( 'NONE', ( #2707, #1800, #1298, #835 ) ) ;
#3736 = CARTESIAN_POINT ( 'NONE',  ( 1.357050807568877859, -2.932007029070127676E-15, -3.162500000000000533 ) ) ;
#3737 = CARTESIAN_POINT ( 'NONE',  ( 0.8660254037844398178, -1.500000000000005995, -5.558333333333331794 ) ) ;
#3738 = COORDINATED_UNIVERSAL_TIME_OFFSET ( 6, 0, .BEHIND. ) ;
#3739 = CARTESIAN_POINT ( 'NONE',  ( 3.429011037612588783E-16, 2.799999999999999822, 1.650000000000001243 ) ) ;
#3740 = CARTESIAN_POINT ( 'NONE',  ( -1.732050807568880746, -2.576663316032202149E-15, -0.7249999999999996447 ) ) ;
#3741 = LINE ( 'NONE', #217, #3467 ) ;
#3742 = CARTESIAN_POINT ( 'NONE',  ( -1.836970198721033385E-16, -1.500000000000005551, -0.03750000000000144884 ) ) ;
#3743 = CARTESIAN_POINT ( 'NONE',  ( 1.017788105676658228, -0.5876202367904214130, -1.204166666666666829 ) ) ;
#3744 = CARTESIAN_POINT ( 'NONE',  ( 0.000000000000000000, 1.500000000000000222, -1.287500000000000977 ) ) ;
#3745 = CARTESIAN_POINT ( 'NONE',  ( -1.439254484199190858E-16, -1.175240473580839051, -4.287500000000000533 ) ) ;
#3746 = CARTESIAN_POINT ( 'NONE',  ( -1.357050807568877859, -2.599625443516215778E-15, -1.975000000000000089 ) ) ;
#3747 = CARTESIAN_POINT ( 'NONE',  ( -1.439254484199190858E-16, -1.175240473580839051, -4.850000000000000533 ) ) ;
#3748 =( BOUNDED_CURVE ( )  B_SPLINE_CURVE ( 2, ( #294, #1243, #3000, #2341, #4378, #3289, #1288 ),
 .UNSPECIFIED., .F., .F. ) 
 B_SPLINE_CURVE_WITH_KNOTS ( ( 3, 2, 2, 3 ),
 ( 0.1999999999999999278, 0.2083333333333332871, 0.2166666666666666186, 0.2249999999999999778 ),
 .UNSPECIFIED. ) 
 CURVE ( )  GEOMETRIC_REPRESENTATION_ITEM ( )  RATIONAL_B_SPLINE_CURVE ( ( 1.000000000000001332, 0.8660254037844373753, 1.000000000000000000, 0.8660254037844387076, 1.000000000000000000, 0.8660254037844391517, 0.9999999999999995559 ) ) 
 REPRESENTATION_ITEM ( '' )  );
#3749 = EDGE_CURVE ( 'NONE', #4004, #3162, #1758, .T. ) ;
#3750 = EDGE_CURVE ( 'NONE', #3438, #3766, #2970, .T. ) ;
#3751 = CARTESIAN_POINT ( 'NONE',  ( 0.8816504037844393737, -1.527063293868269112, -6.511458333333334458 ) ) ;
#3752 = CARTESIAN_POINT ( 'NONE',  ( -1.322475605676660004, 0.7635316469341305590, -1.751041666666666385 ) ) ;
#3753 = CARTESIAN_POINT ( 'NONE',  ( -0.6785254037844394848, -1.175240473580838829, -6.891666666666666607 ) ) ;
#3754 = ORIENTED_EDGE ( 'NONE', *, *, #296, .T. ) ;
#3755 = CARTESIAN_POINT ( 'NONE',  ( 1.357050807568878303, -2.932007029070127676E-15, -8.162499999999999645 ) ) ;
#3756 = CARTESIAN_POINT ( 'NONE',  ( 0.000000000000000000, 1.175240473580833722, -4.599999999999999645 ) ) ;
#3757 = VECTOR ( 'NONE', #1369, 1000.000000000000227 ) ;
#3758 = CARTESIAN_POINT ( 'NONE',  ( 0.000000000000000000, -1.475982003772366877E-16, 1.100000000000000533 ) ) ;
#3759 = CARTESIAN_POINT ( 'NONE',  ( 0.000000000000000000, 1.500000000000000444, -4.349999999999999645 ) ) ;
#3760 = ORIENTED_EDGE ( 'NONE', *, *, #1706, .F. ) ;
#3761 = CARTESIAN_POINT ( 'NONE',  ( -0.6785254037844394848, -1.175240473580838829, -2.829166666666667052 ) ) ;
#3762 = PERSON_AND_ORGANIZATION_ROLE ( 'creator' ) ;
#3764 = VECTOR ( 'NONE', #3514, 1000.000000000000114 ) ;
#3763 = DIRECTION ( 'NONE',  ( 0.9238795325112869605, -0.3826834323650893377, 0.000000000000000000 ) ) ;
#3765 = CARTESIAN_POINT ( 'NONE',  ( 0.000000000000000000, 1.527063293868263338, -0.3031250000000013101 ) ) ;
#3766 = VERTEX_POINT ( 'NONE', #4013 ) ;
#3767 = CARTESIAN_POINT ( 'NONE',  ( 1.349206843930975008, 0.2473742437992214327, 1.283943931589616394 ) ) ;
#3768 = ORIENTED_EDGE ( 'NONE', *, *, #4219, .T. ) ;
#3769 = CARTESIAN_POINT ( 'NONE',  ( 1.017788105676658228, -0.5876202367904214130, -0.7041666666666671626 ) ) ;
#3770 = DIRECTION ( 'NONE',  ( 5.766257318524658366E-33, -5.766257318524678892E-33, 1.000000000000000000 ) ) ;
#3771 = CARTESIAN_POINT ( 'NONE',  ( 1.017788105676659116, 0.5876202367904146406, -3.620833333333333570 ) ) ;
#3772 = CARTESIAN_POINT ( 'NONE',  ( 0.6785254037844397068, 1.175240473580833056, -1.141666666666666607 ) ) ;
#3773 = CARTESIAN_POINT ( 'NONE',  ( -1.357050807568878303, -2.599625443516216173E-15, -3.975000000000000089 ) ) ;
#3774 = CARTESIAN_POINT ( 'NONE',  ( -0.8816504037844398178, 1.527063293868263338, -7.761458333333333570 ) ) ;
#3775 = CARTESIAN_POINT ( 'NONE',  ( -1.870113174931186087E-16, -1.527063293868268667, -1.084375000000000311 ) ) ;
#3776 = ADVANCED_FACE ( 'NONE', ( #4370 ), #967, .T. ) ;
#3777 = ORIENTED_EDGE ( 'NONE', *, *, #598, .F. ) ;
#3778 = EDGE_CURVE ( 'NONE', #2458, #3505, #853, .T. ) ;
#3779 = ORIENTED_EDGE ( 'NONE', *, *, #2750, .T. ) ;
#3780 = CARTESIAN_POINT ( 'NONE',  ( -1.439254484199190858E-16, -1.175240473580839051, -8.287499999999999645 ) ) ;
#3781 = CARTESIAN_POINT ( 'NONE',  ( -0.6785254037844394848, -1.175240473580838829, -4.391666666666667496 ) ) ;
#3782 = CARTESIAN_POINT ( 'NONE',  ( 0.000000000000000000, 4.814824860968089633E-32, -8.349999999999999645 ) ) ;
#3783 = CARTESIAN_POINT ( 'NONE',  ( -1.732050807568880746, -2.576663316032202938E-15, -6.162499999999999645 ) ) ;
#3784 = EDGE_CURVE ( 'NONE', #4316, #24, #2184, .T. ) ;
#3785 = ORIENTED_EDGE ( 'NONE', *, *, #876, .F. ) ;
#3786 = CARTESIAN_POINT ( 'NONE',  ( 1.017788105676659116, 0.5876202367904146406, -2.620833333333333570 ) ) ;
#3787 = FACE_OUTER_BOUND ( 'NONE', #805, .T. ) ;
#3788 = APPROVAL_ROLE ( '' ) ;
#3789 = VECTOR ( 'NONE', #2539, 1000.000000000000000 ) ;
#3790 = CARTESIAN_POINT ( 'NONE',  ( 0.000000000000000000, 1.500000000000000222, -3.287500000000000977 ) ) ;
#3791 = VERTEX_POINT ( 'NONE', #874 ) ;
#3792 = FACE_OUTER_BOUND ( 'NONE', #3822, .T. ) ;
#3793 = FACE_OUTER_BOUND ( 'NONE', #4285, .T. ) ;
#3794 = LOCAL_TIME ( 16, 43, 28.00000000000000000, #1751 ) ;
#3795 = CARTESIAN_POINT ( 'NONE',  ( 0.6785254037844397068, 1.175240473580833500, -3.079166666666667052 ) ) ;
#3796 = CARTESIAN_POINT ( 'NONE',  ( -1.017788105676658450, 0.5876202367904155288, -0.5166666666666670515 ) ) ;
#3797 = CARTESIAN_POINT ( 'NONE',  ( -1.017788105676658672, -0.5876202367904206358, -1.933333333333333792 ) ) ;
#3798 = CARTESIAN_POINT ( 'NONE',  ( 0.8816504037844393737, -1.527063293868269112, -4.511458333333333570 ) ) ;
#3799 = CARTESIAN_POINT ( 'NONE',  ( -0.8816504037844398178, 1.527063293868263338, -1.792708333333333348 ) ) ;
#3800 = AXIS2_PLACEMENT_3D ( 'NONE', #1183, #3596, #4276 ) ;
#3801 = ORIENTED_EDGE ( 'NONE', *, *, #3383, .T. ) ;
#3802 = CARTESIAN_POINT ( 'NONE',  ( 0.000000000000000000, 1.175240473580833722, -8.537499999999999645 ) ) ;
#3803 = CARTESIAN_POINT ( 'NONE',  ( 0.000000000000000000, 1.175240473580833722, -1.100000000000000311 ) ) ;
#3804 = CARTESIAN_POINT ( 'NONE',  ( -0.2312812350607335310, 0.8015491288551737092, 1.100000000000000533 ) ) ;
#3805 = CARTESIAN_POINT ( 'NONE',  ( -0.8660254037844336006, 1.500000000000011990, 0.1916666666666662078 ) ) ;
#3806 = VERTEX_POINT ( 'NONE', #2244 ) ;
#3807 = CARTESIAN_POINT ( 'NONE',  ( -0.6785254037844394848, -1.175240473580838829, -2.329166666666667052 ) ) ;
#3808 = CARTESIAN_POINT ( 'NONE',  ( -1.299038105676660448, -0.7500000000000037748, -2.620833333333333570 ) ) ;
#3809 = PERSON_AND_ORGANIZATION ( #3214, #4146 ) ;
#3810 = CARTESIAN_POINT ( 'NONE',  ( -1.836970198721033385E-16, -1.500000000000005551, -3.537500000000000977 ) ) ;
#3811 = EDGE_CURVE ( 'NONE', #2192, #3555, #1092, .T. ) ;
#3812 = CARTESIAN_POINT ( 'NONE',  ( 1.763300807568879858, -3.006633943393169801E-15, -0.4281249999999997002 ) ) ;
#3813 = EDGE_LOOP ( 'NONE', ( #1809, #397, #4116, #635 ) ) ;
#3814 = CARTESIAN_POINT ( 'NONE',  ( -1.299038105676660448, -0.7500000000000037748, -5.120833333333333570 ) ) ;
#3815 = CYLINDRICAL_SURFACE ( 'NONE', #4192, 1.500000000000000222 ) ;
#3816 = CARTESIAN_POINT ( 'NONE',  ( -1.017788105676658450, 0.5876202367904155288, -4.954166666666666607 ) ) ;
#3817 = B_SPLINE_CURVE_WITH_KNOTS ( 'NONE', 3,
 ( #2575, #3270, #521, #4335, #886, #3681, #3957, #4357, #1943, #1245 ),
 .UNSPECIFIED., .F., .F.,
 ( 4, 2, 2, 2, 4 ),
 ( 2.218023272039768639E-16, 0.0003807500148185326977, 0.0007615000296368435676, 0.001142250044455154438, 0.001523000059273465307 ),
 .UNSPECIFIED. ) ;
#3818 = DIRECTION ( 'NONE',  ( 0.000000000000000000, 1.000000000000000000, 0.000000000000000000 ) ) ;
#3819 = CARTESIAN_POINT ( 'NONE',  ( -1.357050807568878303, -2.599625443516216173E-15, 0.02499999999999898137 ) ) ;
#3820 = CARTESIAN_POINT ( 'NONE',  ( 1.322475605676659560, -0.7635316469341363321, -3.469791666666667052 ) ) ;
#3821 = CARTESIAN_POINT ( 'NONE',  ( 0.8816504037844408170, 1.527063293868263116, -1.876041666666666385 ) ) ;
#3822 = EDGE_LOOP ( 'NONE', ( #2154, #827, #3232, #2689 ) ) ;
#3823 = CARTESIAN_POINT ( 'NONE',  ( -1.357050807568878303, -2.599625443516216173E-15, -5.412500000000000533 ) ) ;
#3824 = CARTESIAN_POINT ( 'NONE',  ( -1.017788105676658450, 0.5876202367904155288, -3.516666666666667052 ) ) ;
#3825 = DIRECTION ( 'NONE',  ( -0.000000000000000000, 0.000000000000000000, 1.000000000000000000 ) ) ;
#3826 = ORIENTED_EDGE ( 'NONE', *, *, #2997, .F. ) ;
#3827 = CARTESIAN_POINT ( 'NONE',  ( -1.439254484199190858E-16, -1.175240473580839051, -3.287500000000000533 ) ) ;
#3828 = CARTESIAN_POINT ( 'NONE',  ( 0.000000000000000000, 1.500000000000000222, -8.349999999999999645 ) ) ;
#3829 =( BOUNDED_CURVE ( )  B_SPLINE_CURVE ( 2, ( #1937, #1959, #3950, #2043, #533, #858, #3675 ),
 .UNSPECIFIED., .F., .F. ) 
 B_SPLINE_CURVE_WITH_KNOTS ( ( 3, 2, 2, 3 ),
 ( 0.3750000000000000555, 0.3833333333333333592, 0.3916666666666667185, 0.4000000000000000222 ),
 .UNSPECIFIED. ) 
 CURVE ( )  GEOMETRIC_REPRESENTATION_ITEM ( )  RATIONAL_B_SPLINE_CURVE ( ( 0.9999999999999991118, 0.8660254037844395958, 1.000000000000000000, 0.8660254037844387076, 1.000000000000000000, 0.8660254037844387076, 1.000000000000000000 ) ) 
 REPRESENTATION_ITEM ( '' )  );
#3830 = DATE_TIME_ROLE ( 'creation_date' ) ;
#3831 = CARTESIAN_POINT ( 'NONE',  ( -1.299038105676660670, -0.7500000000000037748, -1.183333333333332682 ) ) ;
#3832 = CARTESIAN_POINT ( 'NONE',  ( 0.8660254037844478114, 1.499999999999987788, -4.829166666666667496 ) ) ;
#3833 = EDGE_CURVE ( 'NONE', #1858, #2802, #2965, .T. ) ;
#3834 = ORIENTED_EDGE ( 'NONE', *, *, #1569, .F. ) ;
#3835 = EDGE_CURVE ( 'NONE', #1397, #1141, #1712, .T. ) ;
#3836 = LINE ( 'NONE', #2792, #3202 ) ;
#3837 = CARTESIAN_POINT ( 'NONE',  ( -0.4351373423164043297, 0.4351373423164133780, 1.650000000000000355 ) ) ;
#3838 = CARTESIAN_POINT ( 'NONE',  ( -1.176320955435884663, -0.8311565539791030410, 0.2870601418169381192 ) ) ;
#3839 = CARTESIAN_POINT ( 'NONE',  ( 1.017788105676658228, -0.5876202367904214130, -1.204166666666666829 ) ) ;
#3840 = CARTESIAN_POINT ( 'NONE',  ( 1.357050807568877859, -2.932007029070127676E-15, -0.2249999999999995337 ) ) ;
#3841 = CARTESIAN_POINT ( 'NONE',  ( 1.357050807568878303, -2.932007029070127676E-15, -1.724999999999999867 ) ) ;
#3842 = CARTESIAN_POINT ( 'NONE',  ( -1.870113174931186087E-16, -1.527063293868268667, -4.553125000000000533 ) ) ;
#3843 = CARTESIAN_POINT ( 'NONE',  ( 1.017788105676659116, 0.5876202367904146406, -8.120833333333333570 ) ) ;
#3844 = ORIENTED_EDGE ( 'NONE', *, *, #2609, .T. ) ;
#3845 = CARTESIAN_POINT ( 'NONE',  ( -0.6785254037844389297, 1.175240473580833944, -3.995833333333333570 ) ) ;
#3846 = CARTESIAN_POINT ( 'NONE',  ( 0.6785254037844397068, 1.175240473580833500, -1.641666666666667052 ) ) ;
#3847 = CARTESIAN_POINT ( 'NONE',  ( 0.8660254037844478114, 1.499999999999987788, -0.3291666666666678842 ) ) ;
#3848 = ORIENTED_EDGE ( 'NONE', *, *, #4379, .T. ) ;
#3849 = CARTESIAN_POINT ( 'NONE',  ( 0.6785254037844397068, 1.175240473580833056, -0.5791666666666670515 ) ) ;
#3850 = CARTESIAN_POINT ( 'NONE',  ( 0.2312812350607416911, 0.8015491288551711557, 1.100000000000000533 ) ) ;
#3851 = PLANE ( 'NONE',  #2935 ) ;
#3852 = CARTESIAN_POINT ( 'NONE',  ( 1.346166921035991670, -0.2634155365841158170, 1.467296747124818612 ) ) ;
#3853 = EDGE_LOOP ( 'NONE', ( #23, #2059, #2163, #1437 ) ) ;
#3854 = CARTESIAN_POINT ( 'NONE',  ( -1.017788105676658450, 0.5876202367904155288, -6.954166666666666607 ) ) ;
#3855 = DIRECTION ( 'NONE',  ( -0.9238795325112879597, -0.3826834323650868397, 0.000000000000000000 ) ) ;
#3856 = DIRECTION ( 'NONE',  ( -1.000000000000000000, 0.000000000000000000, 0.000000000000000000 ) ) ;
#3857 = CARTESIAN_POINT ( 'NONE',  ( -1.017788105676658672, -0.5876202367904206358, -1.870833333333333792 ) ) ;
#3858 = CARTESIAN_POINT ( 'NONE',  ( -1.357050807568877859, -2.599625443516215778E-15, -0.4749999999999997558 ) ) ;
#3859 = CARTESIAN_POINT ( 'NONE',  ( 0.000000000000000000, 1.175240473580833722, -1.599999999999999867 ) ) ;
#3860 = CARTESIAN_POINT ( 'NONE',  ( 1.322475605676659560, -0.7635316469341363321, -4.969791666666667496 ) ) ;
#3861 = VECTOR ( 'NONE', #4124, 1000.000000000000227 ) ;
#3862 = ADVANCED_FACE ( 'NONE', ( #333 ), #4457, .T. ) ;
#3863 = CARTESIAN_POINT ( 'NONE',  ( 0.8816504037844408170, 1.527063293868263116, 0.1239583333333335452 ) ) ;
#3864 = ORIENTED_EDGE ( 'NONE', *, *, #1156, .T. ) ;
#3865 = CARTESIAN_POINT ( 'NONE',  ( 1.017788105676659116, 0.5876202367904146406, -4.620833333333333570 ) ) ;
#3866 = CARTESIAN_POINT ( 'NONE',  ( -1.017788105676658450, 0.5876202367904155288, -1.516666666666667052 ) ) ;
#3867 = CARTESIAN_POINT ( 'NONE',  ( 1.322475605676660448, 0.7635316469341292267, -7.917708333333333570 ) ) ;
#3868 = CARTESIAN_POINT ( 'NONE',  ( 0.000000000000000000, 4.814824860968089633E-32, -8.349999999999999645 ) ) ;
#3869 = ORIENTED_EDGE ( 'NONE', *, *, #4379, .F. ) ;
#3870 = DIRECTION ( 'NONE',  ( 0.9203638919632205484, -0.3812272063696627300, 0.08715574274765830465 ) ) ;
#3871 = CARTESIAN_POINT ( 'NONE',  ( 0.6849581235196320339, -0.9668078996020269544, -8.279759526419168125 ) ) ;
#3872 = CARTESIAN_POINT ( 'NONE',  ( 1.152870685774762149, 0.7301414062657342052, 0.2118500595296491928 ) ) ;
#3873 = CARTESIAN_POINT ( 'NONE',  ( -1.836970198721033385E-16, -1.500000000000005551, -5.037500000000001421 ) ) ;
#3874 = CARTESIAN_POINT ( 'NONE',  ( 1.017788105676658228, -0.5876202367904214130, -4.266666666666666607 ) ) ;
#3875 = VERTEX_POINT ( 'NONE', #715 ) ;
#3876 = CARTESIAN_POINT ( 'NONE',  ( 0.6785254037844387076, -1.175240473580839273, -6.745833333333332682 ) ) ;
#3877 = LINE ( 'NONE', #1713, #657 ) ;
#3878 = CARTESIAN_POINT ( 'NONE',  ( -0.8259043664192740053, 0.8361053452000423158, 0.02524047358083909148 ) ) ;
#3879 = CARTESIAN_POINT ( 'NONE',  ( 0.000000000000000000, 1.500000000000000222, -5.787500000000001421 ) ) ;
#3880 = CARTESIAN_POINT ( 'NONE',  ( 1.357050807568878303, -2.932007029070127676E-15, -0.7249999999999999778 ) ) ;
#3881 = CARTESIAN_POINT ( 'NONE',  ( 1.322475605676660448, 0.7635316469341292267, -4.386458333333333570 ) ) ;
#3882 = CARTESIAN_POINT ( 'NONE',  ( 1.322475605676660448, 0.7635316469341292267, -0.4177083333333341808 ) ) ;
#3883 = CARTESIAN_POINT ( 'NONE',  ( 0.000000000000000000, 1.175240473580833722, -8.099999999999999645 ) ) ;
#3884 = EDGE_CURVE ( 'NONE', #2543, #1789, #3656, .T. ) ;
#3885 = EDGE_LOOP ( 'NONE', ( #1703, #703, #3188, #1071 ) ) ;
#3886 = EDGE_CURVE ( 'NONE', #748, #3934, #3836, .T. ) ;
#3887 = CARTESIAN_POINT ( 'NONE',  ( 1.357050807568878303, -2.932007029070127676E-15, -3.662500000000000533 ) ) ;
#3888 = CARTESIAN_POINT ( 'NONE',  ( 1.017788105676658228, -0.5876202367904214130, -1.266666666666666829 ) ) ;
#3889 = CARTESIAN_POINT ( 'NONE',  ( -0.8816504037844403729, -1.527063293868268001, -7.626041666666665719 ) ) ;
#3890 = CARTESIAN_POINT ( 'NONE',  ( 0.000000000000000000, 4.814824860968089633E-32, -8.349999999999999645 ) ) ;
#3891 = ORIENTED_EDGE ( 'NONE', *, *, #3750, .T. ) ;
#3892 = DIRECTION ( 'NONE',  ( -0.000000000000000000, -0.000000000000000000, 1.000000000000000000 ) ) ;
#3893 = CARTESIAN_POINT ( 'NONE',  ( 1.055478467610260873, 0.8746388242018536818, 0.2180081000376203615 ) ) ;
#3894 =( BOUNDED_CURVE ( )  B_SPLINE_CURVE ( 2, ( #2806, #1093, #3112, #2101, #663, #2123, #1360 ),
 .UNSPECIFIED., .F., .F. ) 
 B_SPLINE_CURVE_WITH_KNOTS ( ( 3, 2, 2, 3 ),
 ( 0.3000000000000000444, 0.3083333333333333481, 0.3166666666666667074, 0.3250000000000000111 ),
 .UNSPECIFIED. ) 
 CURVE ( )  GEOMETRIC_REPRESENTATION_ITEM ( )  RATIONAL_B_SPLINE_CURVE ( ( 1.000000000000000000, 0.8660254037844387076, 1.000000000000000000, 0.8660254037844387076, 1.000000000000000000, 0.8660254037844378194, 1.000000000000000888 ) ) 
 REPRESENTATION_ITEM ( '' )  );
#3895 = DIRECTION ( 'NONE',  ( 3.173502311142745459E-15, 0.9961946980917455452, 0.08715574274765851281 ) ) ;
#3896 = CARTESIAN_POINT ( 'NONE',  ( -1.017788105676658450, 0.5876202367904155288, -6.516666666666667496 ) ) ;
#3897 = ORIENTED_EDGE ( 'NONE', *, *, #4081, .T. ) ;
#3898 = CARTESIAN_POINT ( 'NONE',  ( 1.017788105676658228, -0.5876202367904214130, -8.204166666666667496 ) ) ;
#3899 = CARTESIAN_POINT ( 'NONE',  ( -0.08976947842227998853, -1.444860011515370468, -8.010139988485510898 ) ) ;
#3900 = FACE_OUTER_BOUND ( 'NONE', #458, .T. ) ;
#3901 = LINE ( 'NONE', #3584, #2474 ) ;
#3902 = CARTESIAN_POINT ( 'NONE',  ( -1.322475605676660226, -0.7635316469341354439, -3.136458333333334014 ) ) ;
#3903 = CC_DESIGN_PERSON_AND_ORGANIZATION_ASSIGNMENT ( #3809, #2785, ( #2855 ) ) ;
#3904 = CARTESIAN_POINT ( 'NONE',  ( 0.8816504037844393737, -1.527063293868269112, 0.4572916666666666519 ) ) ;
#3905 = CARTESIAN_POINT ( 'NONE',  ( -1.357050807568878303, -2.599625443516216173E-15, 1.087500000000000133 ) ) ;
#3906 = ORIENTED_EDGE ( 'NONE', *, *, #1184, .T. ) ;
#3907 = CARTESIAN_POINT ( 'NONE',  ( -1.439254484199190858E-16, -1.175240473580839051, -7.849999999999999645 ) ) ;
#3908 = CARTESIAN_POINT ( 'NONE',  ( -1.017788105676658672, -0.5876202367904206358, -4.370833333333333570 ) ) ;
#3909 = CARTESIAN_POINT ( 'NONE',  ( -1.017788105676658450, 0.5876202367904155288, -0.5166666666666670515 ) ) ;
#3910 = EDGE_CURVE ( 'NONE', #3791, #2258, #2648, .T. ) ;
#3911 = CARTESIAN_POINT ( 'NONE',  ( 0.000000000000000000, 1.527063293868263338, -6.834375000000000533 ) ) ;
#3912 = CYLINDRICAL_SURFACE ( 'NONE', #45, 1.371600000000000374 ) ;
#3913 = VERTEX_POINT ( 'NONE', #2088 ) ;
#3914 = CARTESIAN_POINT ( 'NONE',  ( 1.017788105676659116, 0.5876202367904146406, -1.120833333333334014 ) ) ;
#3915 = CARTESIAN_POINT ( 'NONE',  ( -1.017788105676658450, 0.5876202367904155288, -8.516666666666667496 ) ) ;
#3916 = FACE_OUTER_BOUND ( 'NONE', #1155, .T. ) ;
#3917 = EDGE_CURVE ( 'NONE', #1121, #4266, #3105, .T. ) ;
#3918 = CARTESIAN_POINT ( 'NONE',  ( 0.000000000000000000, 1.175240473580833722, -6.099999999999999645 ) ) ;
#3919 = VERTEX_POINT ( 'NONE', #358 ) ;
#3920 = CARTESIAN_POINT ( 'NONE',  ( 1.017788105676659116, 0.5876202367904146406, -7.120833333333333570 ) ) ;
#3921 =( BOUNDED_CURVE ( )  B_SPLINE_CURVE ( 2, ( #1160, #140, #796, #477, #3615, #3526, #3955 ),
 .UNSPECIFIED., .F., .T. ) 
 B_SPLINE_CURVE_WITH_KNOTS ( ( 3, 2, 2, 3 ),
 ( 0.3250000000000000111, 0.3333333333333334259, 0.3416666666666667851, 0.3500000000000000888 ),
 .UNSPECIFIED. ) 
 CURVE ( )  GEOMETRIC_REPRESENTATION_ITEM ( )  RATIONAL_B_SPLINE_CURVE ( ( 0.9999999999999991118, 0.8660254037844395958, 1.000000000000000000, 0.8660254037844387076, 1.000000000000000000, 0.8660254037844369313, 1.000000000000001776 ) ) 
 REPRESENTATION_ITEM ( '' )  );
#3922 = CARTESIAN_POINT ( 'NONE',  ( 0.000000000000000000, 4.814824860968089633E-32, -8.349999999999999645 ) ) ;
#3923 = DIRECTION ( 'NONE',  ( -0.3826834323650925573, -0.9238795325112855172, -3.120675973225007899E-33 ) ) ;
#3924 = DIRECTION ( 'NONE',  ( -0.000000000000000000, 4.984837574645996626E-17, -1.000000000000000000 ) ) ;
#3925 = CARTESIAN_POINT ( 'NONE',  ( -0.8816504037844398178, 1.527063293868263338, -3.261458333333334014 ) ) ;
#3926 = CARTESIAN_POINT ( 'NONE',  ( -0.8816504037844398178, 1.527063293868263338, 0.7072916666666667629 ) ) ;
#3927 = CARTESIAN_POINT ( 'NONE',  ( -0.6785254037844394848, -1.175240473580838829, -0.3291666666666668295 ) ) ;
#3928 = ORIENTED_EDGE ( 'NONE', *, *, #2360, .F. ) ;
#3929 = CARTESIAN_POINT ( 'NONE',  ( 1.017788105676658228, -0.5876202367904214130, -6.266666666666666607 ) ) ;
#3930 = CARTESIAN_POINT ( 'NONE',  ( -1.017788105676658450, 0.5876202367904155288, -1.454166666666667052 ) ) ;
#3931 = CARTESIAN_POINT ( 'NONE',  ( 1.017788105676658228, -0.5876202367904214130, -0.7666666666666672736 ) ) ;
#3932 = CARTESIAN_POINT ( 'NONE',  ( -1.870113174931186087E-16, -1.527063293868268667, -6.084374999999999645 ) ) ;
#3933 = APPLICATION_CONTEXT ( 'configuration controlled 3d designs of mechanical parts and assemblies' ) ;
#3934 = VERTEX_POINT ( 'NONE', #1779 ) ;
#3935 = CARTESIAN_POINT ( 'NONE',  ( 1.357050807568877859, -2.932007029070127676E-15, -0.1624999999999994504 ) ) ;
#3936 = VECTOR ( 'NONE', #1002, 1000.000000000000000 ) ;
#3937 = CARTESIAN_POINT ( 'NONE',  ( -1.439254484199190858E-16, -1.175240473580839051, -8.349999999999999645 ) ) ;
#3938 = DIRECTION ( 'NONE',  ( -0.000000000000000000, 0.000000000000000000, 1.000000000000000000 ) ) ;
#3939 = CARTESIAN_POINT ( 'NONE',  ( -1.017788105676658672, -0.5876202367904206358, -5.433333333333333570 ) ) ;
#3940 = CARTESIAN_POINT ( 'NONE',  ( 0.000000000000000000, 1.175240473580833722, -2.037500000000000089 ) ) ;
#3941 = ORIENTED_EDGE ( 'NONE', *, *, #1762, .T. ) ;
#3942 = CARTESIAN_POINT ( 'NONE',  ( 0.6785254037844397068, 1.175240473580833056, -7.579166666666668384 ) ) ;
#3943 = CARTESIAN_POINT ( 'NONE',  ( -0.4391269574741522019, -1.366426657999145089, -8.022538984183581690 ) ) ;
#3944 = EDGE_CURVE ( 'NONE', #2646, #4112, #2019, .T. ) ;
#3945 = DIRECTION ( 'NONE',  ( -0.000000000000000000, 4.984837574645996626E-17, -1.000000000000000000 ) ) ;
#3946 = VECTOR ( 'NONE', #3763, 1000.000000000000000 ) ;
#3947 = CARTESIAN_POINT ( 'NONE',  ( 0.8660254037844331565, -1.500000000000017542, -5.995833333333335347 ) ) ;
#3948 = CARTESIAN_POINT ( 'NONE',  ( 1.017788105676658228, -0.5876202367904214130, -6.704166666666666607 ) ) ;
#3949 = CARTESIAN_POINT ( 'NONE',  ( -1.017788105676658672, -0.5876202367904206358, -8.433333333333331794 ) ) ;
#3950 = CARTESIAN_POINT ( 'NONE',  ( -1.299038105676660670, -0.7500000000000037748, -2.183333333333332682 ) ) ;
#3951 = CARTESIAN_POINT ( 'NONE',  ( -0.6785254037844394848, -1.175240473580838829, -5.391666666666666607 ) ) ;
#3952 = CARTESIAN_POINT ( 'NONE',  ( -1.439254484199190858E-16, -1.175240473580839051, -2.787500000000000089 ) ) ;
#3953 = CARTESIAN_POINT ( 'NONE',  ( 0.6785254037844387076, -1.175240473580839051, -0.3083333333333340698 ) ) ;
#3954 = CARTESIAN_POINT ( 'NONE',  ( -0.8816504037844398178, 1.527063293868263338, -7.792708333333332682 ) ) ;
#3955 = CARTESIAN_POINT ( 'NONE',  ( 0.000000000000000000, 1.500000000000000444, -1.849999999999999645 ) ) ;
#3956 = VERTEX_POINT ( 'NONE', #692 ) ;
#3957 = CARTESIAN_POINT ( 'NONE',  ( 0.5022584788299283565, -1.381912898394859646, -7.990106099290893660 ) ) ;
#3958 = CARTESIAN_POINT ( 'NONE',  ( 1.017788105676659116, 0.5876202367904146406, -6.683333333333333570 ) ) ;
#3959 = CARTESIAN_POINT ( 'NONE',  ( 1.017788105676659116, 0.5876202367904146406, -6.183333333333333570 ) ) ;
#3960 = CARTESIAN_POINT ( 'NONE',  ( 0.6785254037844397068, 1.175240473580833500, -1.079166666666666607 ) ) ;
#3961 = VERTEX_POINT ( 'NONE', #1755 ) ;
#3962 = CARTESIAN_POINT ( 'NONE',  ( -1.357050807568877859, -2.599625443516215778E-15, -3.912500000000000089 ) ) ;
#3963 = CARTESIAN_POINT ( 'NONE',  ( -0.6034049088617311485, -1.295050943809044952, -8.029081104528827950 ) ) ;
#3964 = PLANE ( 'NONE',  #4163 ) ;
#3965 = EDGE_CURVE ( 'NONE', #1969, #3384, #3574, .T. ) ;
#3966 = EDGE_CURVE ( 'NONE', #958, #3133, #2380, .T. ) ;
#3967 =( BOUNDED_CURVE ( )  B_SPLINE_CURVE ( 3, ( #1610, #4098, #593, #1658 ),
 .UNSPECIFIED., .F., .F. ) 
 B_SPLINE_CURVE_WITH_KNOTS ( ( 4, 4 ),
 ( 4.881819945452527065, 4.917528446445841972 ),
 .UNSPECIFIED. ) 
 CURVE ( )  GEOMETRIC_REPRESENTATION_ITEM ( )  RATIONAL_B_SPLINE_CURVE ( ( 1.000000000000000000, 0.9998937447357327812, 0.9998937447357327812, 1.000000000000000000 ) ) 
 REPRESENTATION_ITEM ( '' )  );
#3968 = CIRCLE ( 'NONE', #2740, 1.371600000000000152 ) ;
#3969 = EDGE_CURVE ( 'NONE', #2, #2729, #27, .T. ) ;
#3970 = CARTESIAN_POINT ( 'NONE',  ( -0.6785254037844394848, -1.175240473580838829, -6.329166666666666607 ) ) ;
#3971 = CARTESIAN_POINT ( 'NONE',  ( 0.6785254037844387076, -1.175240473580839051, -8.308333333333333570 ) ) ;
#3972 = CARTESIAN_POINT ( 'NONE',  ( -1.836970198721033385E-16, -1.500000000000005773, -2.599999999999999645 ) ) ;
#3973 = CARTESIAN_POINT ( 'NONE',  ( -1.017788105676658450, 0.5876202367904155288, -5.516666666666666607 ) ) ;
#3974 = CARTESIAN_POINT ( 'NONE',  ( -1.017788105676658672, -0.5876202367904206358, -1.870833333333333792 ) ) ;
#3975 = CARTESIAN_POINT ( 'NONE',  ( -1.017788105676658450, 0.5876202367904155288, 0.9833333333333326154 ) ) ;
#3976 = CARTESIAN_POINT ( 'NONE',  ( -1.870113174931186087E-16, -1.527063293868268667, -5.584374999999999645 ) ) ;
#3977 = CARTESIAN_POINT ( 'NONE',  ( -1.836970198721033385E-16, -1.500000000000005773, -6.099999999999998757 ) ) ;
#3978 = VERTEX_POINT ( 'NONE', #3446 ) ;
#3979 = CARTESIAN_POINT ( 'NONE',  ( 5.697091998752724511E-17, 0.2794000000000003703, 1.650000000000000355 ) ) ;
#3980 = DIRECTION ( 'NONE',  ( -0.000000000000000000, 0.000000000000000000, 1.000000000000000000 ) ) ;
#3981 = CYLINDRICAL_SURFACE ( 'NONE', #4367, 1.500000000000000222 ) ;
#3982 = CARTESIAN_POINT ( 'NONE',  ( 1.017788105676659116, 0.5876202367904146406, -0.6208333333333343473 ) ) ;
#3983 =( BOUNDED_CURVE ( )  B_SPLINE_CURVE ( 2, ( #2215, #930, #2661, #3291, #2958, #4046, #3617 ),
 .UNSPECIFIED., .F., .F. ) 
 B_SPLINE_CURVE_WITH_KNOTS ( ( 3, 2, 2, 3 ),
 ( 0.6500000000000000222, 0.6583333333333333259, 0.6666666666666668517, 0.6750000000000001554 ),
 .UNSPECIFIED. ) 
 CURVE ( )  GEOMETRIC_REPRESENTATION_ITEM ( )  RATIONAL_B_SPLINE_CURVE ( ( 1.000000000000000000, 0.8660254037844387076, 1.000000000000000000, 0.8660254037844387076, 1.000000000000000000, 0.8660254037844369313, 1.000000000000001776 ) ) 
 REPRESENTATION_ITEM ( '' )  );
#3984 = ORIENTED_EDGE ( 'NONE', *, *, #2117, .F. ) ;
#3985 = CARTESIAN_POINT ( 'NONE',  ( 1.357050807568877859, -2.932007029070127676E-15, -4.662499999999999645 ) ) ;
#3986 = CARTESIAN_POINT ( 'NONE',  ( -1.475982003772366877E-16, 5.058220376883856502E-31, 1.650000000000000355 ) ) ;
#3987 = CARTESIAN_POINT ( 'NONE',  ( -1.017788105676658672, -0.5876202367904206358, 0.5666666666666666519 ) ) ;
#3988 = CARTESIAN_POINT ( 'NONE',  ( 0.000000000000000000, -2.020667218593134234E-16, 1.650000000000000799 ) ) ;
#3989 = DIRECTION ( 'NONE',  ( 0.000000000000000000, 1.000000000000000000, 0.000000000000000000 ) ) ;
#3990 = CARTESIAN_POINT ( 'NONE',  ( -0.8660254037844402619, 1.500000000000000222, -3.808333333333332238 ) ) ;
#3991 = CARTESIAN_POINT ( 'NONE',  ( -1.439254484199190858E-16, -1.175240473580839051, -7.787500000000000533 ) ) ;
#3992 = CARTESIAN_POINT ( 'NONE',  ( 0.6785254037844397068, 1.175240473580833056, -1.641666666666667052 ) ) ;
#3993 = ORIENTED_EDGE ( 'NONE', *, *, #2175, .T. ) ;
#3994 = CARTESIAN_POINT ( 'NONE',  ( 0.000000000000000000, 1.175240473580833722, -6.599999999999999645 ) ) ;
#3995 = EDGE_CURVE ( 'NONE', #2782, #131, #3706, .T. ) ;
#3996 = CARTESIAN_POINT ( 'NONE',  ( 0.000000000000000000, 1.175240473580833722, 0.8999999999999998002 ) ) ;
#3997 = CARTESIAN_POINT ( 'NONE',  ( -1.870113174931186087E-16, -1.527063293868268667, -5.084375000000000533 ) ) ;
#3998 = CARTESIAN_POINT ( 'NONE',  ( -0.6785254037844389297, 1.175240473580833722, -7.558333333333333570 ) ) ;
#3999 = ORIENTED_EDGE ( 'NONE', *, *, #269, .T. ) ;
#4000 = CARTESIAN_POINT ( 'NONE',  ( 1.836970198721030181E-16, -1.500000000000000222, -8.349999999999999645 ) ) ;
#4001 = CARTESIAN_POINT ( 'NONE',  ( 0.6785254037844387076, -1.175240473580839051, -7.808333333333333570 ) ) ;
#4002 = CARTESIAN_POINT ( 'NONE',  ( -0.8660254037844334896, 1.500000000000011990, -2.245833333333335347 ) ) ;
#4003 = CARTESIAN_POINT ( 'NONE',  ( 1.017788105676658228, -0.5876202367904214130, 0.7958333333333323933 ) ) ;
#4004 = VERTEX_POINT ( 'NONE', #2423 ) ;
#4005 = CARTESIAN_POINT ( 'NONE',  ( -1.439254484199190858E-16, -1.175240473580839051, -6.287499999999999645 ) ) ;
#4006 = CARTESIAN_POINT ( 'NONE',  ( -0.8108768379124957626, 0.2781747951757130854, 1.635995844776708896 ) ) ;
#4007 = VECTOR ( 'NONE', #3258, 1000.000000000000000 ) ;
#4008 = DIRECTION ( 'NONE',  ( 0.000000000000000000, -1.153251463704931673E-32, 1.000000000000000000 ) ) ;
#4009 = CARTESIAN_POINT ( 'NONE',  ( 0.000000000000000000, 1.500000000000000222, -5.787500000000001421 ) ) ;
#4010 = CARTESIAN_POINT ( 'NONE',  ( -0.8816504037844398178, 1.527063293868263338, -1.761458333333333570 ) ) ;
#4011 = CIRCLE ( 'NONE', #3065, 1.371600000000000374 ) ;
#4012 = CARTESIAN_POINT ( 'NONE',  ( -1.299038105676660670, -0.7500000000000037748, -7.683333333333332682 ) ) ;
#4013 = CARTESIAN_POINT ( 'NONE',  ( -0.2793999999999999817, -0.8111205463046241571, 1.650000000000000355 ) ) ;
#4014 = CARTESIAN_POINT ( 'NONE',  ( 0.000000000000000000, 1.175240473580833722, -8.037499999999999645 ) ) ;
#4015 = CARTESIAN_POINT ( 'NONE',  ( 1.357050807568877859, -2.932007029070127676E-15, -2.724999999999999645 ) ) ;
#4016 = CARTESIAN_POINT ( 'NONE',  ( 1.299038105676661115, 0.7499999999999976685, -0.8708333333333349024 ) ) ;
#4017 = CARTESIAN_POINT ( 'NONE',  ( -1.357050807568878303, -2.599625443516216173E-15, -4.975000000000000533 ) ) ;
#4018 = CARTESIAN_POINT ( 'NONE',  ( -1.322475605676660226, -0.7635316469341354439, -6.136458333333334458 ) ) ;
#4019 = CARTESIAN_POINT ( 'NONE',  ( 1.322475605676659560, -0.7635316469341363321, -3.501041666666666163 ) ) ;
#4020 = CARTESIAN_POINT ( 'NONE',  ( 0.000000000000000000, 1.175240473580833722, -7.599999999999999645 ) ) ;
#4021 = EDGE_CURVE ( 'NONE', #4266, #4045, #951, .T. ) ;
#4022 = EDGE_CURVE ( 'NONE', #146, #3220, #2620, .T. ) ;
#4023 = ORIENTED_EDGE ( 'NONE', *, *, #4022, .T. ) ;
#4024 = CARTESIAN_POINT ( 'NONE',  ( -1.836970198721033385E-16, -1.500000000000005773, -4.099999999999999645 ) ) ;
#4025 = CARTESIAN_POINT ( 'NONE',  ( -0.6785254037844394848, -1.175240473580838829, -3.891666666666666607 ) ) ;
#4026 = CARTESIAN_POINT ( 'NONE',  ( -1.299038105676660226, 0.7499999999999988898, -2.204166666666667052 ) ) ;
#4027 = CARTESIAN_POINT ( 'NONE',  ( -1.017788105676658450, 0.5876202367904155288, 0.5458333333333339477 ) ) ;
#4028 = ORIENTED_EDGE ( 'NONE', *, *, #627, .T. ) ;
#4029 = CARTESIAN_POINT ( 'NONE',  ( 0.6785254037844387076, -1.175240473580839273, -6.245833333333333570 ) ) ;
#4030 = CARTESIAN_POINT ( 'NONE',  ( -1.836970198721033385E-16, -1.500000000000005551, -1.037500000000000755 ) ) ;
#4031 = PLANE ( 'NONE',  #607 ) ;
#4032 = CARTESIAN_POINT ( 'NONE',  ( -0.8660254037844474784, -1.499999999999993117, -5.579166666666667496 ) ) ;
#4033 = CARTESIAN_POINT ( 'NONE',  ( -1.322475605676660226, -0.7635316469341354439, -1.136458333333334014 ) ) ;
#4034 = CYLINDRICAL_SURFACE ( 'NONE', #1018, 1.500000000000000222 ) ;
#4035 = CARTESIAN_POINT ( 'NONE',  ( 1.478540934469363188, 0.1669941281503172226, -7.979593956320651493 ) ) ;
#4036 =( BOUNDED_CURVE ( )  B_SPLINE_CURVE ( 2, ( #1026, #2437, #1452, #1094, #2394, #684, #3436 ),
 .UNSPECIFIED., .F., .F. ) 
 B_SPLINE_CURVE_WITH_KNOTS ( ( 3, 2, 2, 3 ),
 ( 0.08323757141099753787, 0.08333333333333332871, 0.09166666666666661856, 0.09999999999999992228 ),
 .UNSPECIFIED. ) 
 CURVE ( )  GEOMETRIC_REPRESENTATION_ITEM ( )  RATIONAL_B_SPLINE_CURVE ( ( 0.9969562639184393893, 0.9984604402146683988, 1.000000000000000000, 0.8660254037844387076, 1.000000000000000000, 0.8660254037844400399, 0.9999999999999986677 ) ) 
 REPRESENTATION_ITEM ( '' )  );
#4037 = CARTESIAN_POINT ( 'NONE',  ( 1.017788105676658228, -0.5876202367904214130, -6.204166666666666607 ) ) ;
#4038 = CARTESIAN_POINT ( 'NONE',  ( 0.000000000000000000, 1.175240473580833722, -1.599999999999999867 ) ) ;
#4039 = ORIENTED_EDGE ( 'NONE', *, *, #2694, .T. ) ;
#4040 = CARTESIAN_POINT ( 'NONE',  ( 0.6785254037844397068, 1.175240473580833500, -5.141666666666666607 ) ) ;
#4041 = AXIS2_PLACEMENT_3D ( 'NONE', #1255, #3327, #1326 ) ;
#4042 = CARTESIAN_POINT ( 'NONE',  ( 0.8816504037844408170, 1.527063293868263116, -6.844791666666667496 ) ) ;
#4043 = CARTESIAN_POINT ( 'NONE',  ( 0.000000000000000000, 1.527063293868263338, -3.334374999999999645 ) ) ;
#4044 = CARTESIAN_POINT ( 'NONE',  ( 0.000000000000000000, -1.475982003772366877E-16, 1.650000000000000355 ) ) ;
#4045 = VERTEX_POINT ( 'NONE', #2882 ) ;
#4046 = CARTESIAN_POINT ( 'NONE',  ( 0.8660254037844331565, -1.500000000000017542, -5.058333333333331794 ) ) ;
#4047 = CARTESIAN_POINT ( 'NONE',  ( -1.357050807568878303, -2.599625443516216173E-15, -5.475000000000000533 ) ) ;
#4048 = CARTESIAN_POINT ( 'NONE',  ( -0.8660254037844402619, 1.500000000000000222, -5.308333333333331794 ) ) ;
#4049 = CARTESIAN_POINT ( 'NONE',  ( -7.529062669428890369E-14, 1.412828493020360288, 0.2628284930203630410 ) ) ;
#4050 = ORIENTED_EDGE ( 'NONE', *, *, #3242, .T. ) ;
#4051 = CARTESIAN_POINT ( 'NONE',  ( -1.357050807568877859, -2.599625443516215778E-15, -5.412500000000000533 ) ) ;
#4052 = LINE ( 'NONE', #2966, #220 ) ;
#4053 = CARTESIAN_POINT ( 'NONE',  ( 0.000000000000000000, 1.175240473580833722, 0.3999999999999993006 ) ) ;
#4054 = CARTESIAN_POINT ( 'NONE',  ( 0.000000000000000000, 1.500000000000000222, -1.787500000000000533 ) ) ;
#4055 = EDGE_CURVE ( 'NONE', #2458, #1319, #1527, .T. ) ;
#4056 = LINE ( 'NONE', #4142, #3515 ) ;
#4057 = PLANE ( 'NONE',  #653 ) ;
#4058 = DIRECTION ( 'NONE',  ( -0.000000000000000000, 4.984837574645996626E-17, -1.000000000000000000 ) ) ;
#4059 = CARTESIAN_POINT ( 'NONE',  ( 0.000000000000000000, 1.175240473580833722, -1.537499999999999867 ) ) ;
#4060 = CARTESIAN_POINT ( 'NONE',  ( -1.836970198721033385E-16, -1.500000000000005551, -1.037500000000000755 ) ) ;
#4061 = CARTESIAN_POINT ( 'NONE',  ( 0.6785254037844387076, -1.175240473580839051, -4.745833333333332682 ) ) ;
#4062 = CARTESIAN_POINT ( 'NONE',  ( -1.439254484199190858E-16, -1.175240473580839051, -3.850000000000000089 ) ) ;
#4063 = CARTESIAN_POINT ( 'NONE',  ( -1.439254484199190858E-16, -1.175240473580839051, -3.850000000000000089 ) ) ;
#4064 =( BOUNDED_CURVE ( )  B_SPLINE_CURVE ( 2, ( #3790, #396, #481, #1436, #1819, #2532, #100 ),
 .UNSPECIFIED., .F., .F. ) 
 B_SPLINE_CURVE_WITH_KNOTS ( ( 3, 2, 2, 3 ),
 ( 0.5500000000000000444, 0.5583333333333333481, 0.5666666666666667629, 0.5750000000000000666 ),
 .UNSPECIFIED. ) 
 CURVE ( )  GEOMETRIC_REPRESENTATION_ITEM ( )  RATIONAL_B_SPLINE_CURVE ( ( 1.000000000000000000, 0.8660254037844387076, 1.000000000000000000, 0.8660254037844387076, 1.000000000000000000, 0.8660254037844369313, 1.000000000000001776 ) ) 
 REPRESENTATION_ITEM ( '' )  );
#4065 = CARTESIAN_POINT ( 'NONE',  ( -1.322475605676660004, 0.7635316469341305590, -7.219791666666666607 ) ) ;
#4066 = CARTESIAN_POINT ( 'NONE',  ( -0.8816504037844403729, -1.527063293868268001, -5.126041666666666607 ) ) ;
#4067 = CARTESIAN_POINT ( 'NONE',  ( -1.349206843930972344, 0.2473742437992356991, 1.283943931589622167 ) ) ;
#4068 = ORIENTED_EDGE ( 'NONE', *, *, #242, .T. ) ;
#4069 = CARTESIAN_POINT ( 'NONE',  ( -1.439254484199190858E-16, -1.175240473580839051, -6.787500000000000533 ) ) ;
#4070 = CARTESIAN_POINT ( 'NONE',  ( -1.017788105676658450, 0.5876202367904155288, -6.016666666666666607 ) ) ;
#4071 = CARTESIAN_POINT ( 'NONE',  ( 1.299038105676661115, 0.7499999999999977796, -5.933333333333331794 ) ) ;
#4072 = CARTESIAN_POINT ( 'NONE',  ( -0.6785254037844389297, 1.175240473580833944, 0.004166666666666207774 ) ) ;
#4073 = ORIENTED_EDGE ( 'NONE', *, *, #3496, .T. ) ;
#4074 = CARTESIAN_POINT ( 'NONE',  ( -1.357050807568877859, -2.599625443516215778E-15, -3.412500000000000089 ) ) ;
#4075 = LINE ( 'NONE', #984, #2093 ) ;
#4076 = COORDINATED_UNIVERSAL_TIME_OFFSET ( 6, 0, .BEHIND. ) ;
#4077 = CARTESIAN_POINT ( 'NONE',  ( 0.2794000000000003703, -1.032490806060300047E-15, 1.650000000000000355 ) ) ;
#4078 = CARTESIAN_POINT ( 'NONE',  ( -1.299038105676660670, -0.7500000000000037748, -0.6833333333333331261 ) ) ;
#4079 = ADVANCED_FACE ( 'NONE', ( #3163 ), #821, .F. ) ;
#4080 = FACE_OUTER_BOUND ( 'NONE', #1727, .T. ) ;
#4081 = EDGE_CURVE ( 'NONE', #3564, #2600, #3128, .T. ) ;
#4082 = CARTESIAN_POINT ( 'NONE',  ( 0.000000000000000000, 1.500000000000000222, -8.349999999999999645 ) ) ;
#4083 = CARTESIAN_POINT ( 'NONE',  ( 1.357050807568878303, -2.932007029070127676E-15, -3.162500000000000533 ) ) ;
#4084 = DIRECTION ( 'NONE',  ( -3.491481338843133355E-15, -1.000000000000000000, 0.000000000000000000 ) ) ;
#4085 = CARTESIAN_POINT ( 'NONE',  ( -0.6785254037844389297, 1.175240473580833944, -4.495833333333333570 ) ) ;
#4086 = CARTESIAN_POINT ( 'NONE',  ( 0.6785254037844397068, 1.175240473580833056, -3.641666666666667052 ) ) ;
#4087 = CARTESIAN_POINT ( 'NONE',  ( -1.357050807568878303, -2.599625443516216173E-15, -2.975000000000000533 ) ) ;
#4088 = CARTESIAN_POINT ( 'NONE',  ( 0.8816504037844408170, 1.527063293868263116, -7.344791666666666607 ) ) ;
#4089 = CARTESIAN_POINT ( 'NONE',  ( -1.763300807568879858, -2.574749805408535596E-15, -2.709375000000000089 ) ) ;
#4090 = CARTESIAN_POINT ( 'NONE',  ( 0.000000000000000000, 1.175240473580833722, -7.100000000000000533 ) ) ;
#4091 = ORIENTED_EDGE ( 'NONE', *, *, #1616, .T. ) ;
#4092 = CARTESIAN_POINT ( 'NONE',  ( 1.017788105676659116, 0.5876202367904146406, -6.620833333333333570 ) ) ;
#4093 = CARTESIAN_POINT ( 'NONE',  ( 1.017788105676658228, -0.5876202367904214130, -6.266666666666666607 ) ) ;
#4094 = CARTESIAN_POINT ( 'NONE',  ( -1.175235580359273113, -0.003391371420377443588, 0.02524047358084043069 ) ) ;
#4095 = CARTESIAN_POINT ( 'NONE',  ( -1.439254484199190858E-16, -1.175240473580839051, 0.2124999999999991340 ) ) ;
#4096 = EDGE_LOOP ( 'NONE', ( #1469, #4339, #2197, #1873 ) ) ;
#4097 = CARTESIAN_POINT ( 'NONE',  ( -1.017788105676658672, -0.5876202367904206358, -1.370833333333333348 ) ) ;
#4098 = CARTESIAN_POINT ( 'NONE',  ( 0.2473742437992167420, -1.349206843930975896, 1.283943931589616838 ) ) ;
#4099 = CARTESIAN_POINT ( 'NONE',  ( -0.8660254037844367092, 1.500000000000005995, -4.245833333333333570 ) ) ;
#4100 = CARTESIAN_POINT ( 'NONE',  ( -1.870113174931186087E-16, -1.527063293868268667, 0.9468749999999998002 ) ) ;
#4101 = ORIENTED_EDGE ( 'NONE', *, *, #3917, .F. ) ;
#4102 = CARTESIAN_POINT ( 'NONE',  ( -1.299038105676660670, -0.7500000000000037748, -7.183333333333332682 ) ) ;
#4103 = CARTESIAN_POINT ( 'NONE',  ( -1.017788105676658672, -0.5876202367904206358, -0.8708333333333336812 ) ) ;
#4104 = CARTESIAN_POINT ( 'NONE',  ( 1.299038105676661115, 0.7499999999999977796, -3.933333333333332238 ) ) ;
#4105 = ADVANCED_FACE ( 'NONE', ( #1116 ), #3572, .T. ) ;
#4106 = CARTESIAN_POINT ( 'NONE',  ( -1.017788105676658450, 0.5876202367904155288, -4.454166666666666607 ) ) ;
#4107 = CARTESIAN_POINT ( 'NONE',  ( 1.299038105676659782, -0.7500000000000047740, -1.454166666666667496 ) ) ;
#4108 = CARTESIAN_POINT ( 'NONE',  ( 0.6785254037844397068, 1.175240473580833500, -3.641666666666667052 ) ) ;
#4109 = CARTESIAN_POINT ( 'NONE',  ( -0.8816504037844403729, -1.527063293868268001, -7.094791666666666607 ) ) ;
#4110 = ADVANCED_FACE ( 'NONE', ( #3228 ), #2334, .T. ) ;
#4111 = CARTESIAN_POINT ( 'NONE',  ( -1.870113174931186087E-16, -1.527063293868268667, -2.084375000000000089 ) ) ;
#4112 = VERTEX_POINT ( 'NONE', #1475 ) ;
#4113 = CARTESIAN_POINT ( 'NONE',  ( 0.000000000000000000, 1.175240473580833722, -4.100000000000000533 ) ) ;
#4114 = LINE ( 'NONE', #3503, #2415 ) ;
#4115 = CARTESIAN_POINT ( 'NONE',  ( -1.836970198721033385E-16, -1.500000000000005551, -6.037500000000001421 ) ) ;
#4116 = ORIENTED_EDGE ( 'NONE', *, *, #2889, .T. ) ;
#4117 = CARTESIAN_POINT ( 'NONE',  ( 0.000000000000000000, 1.175240473580833722, -3.037500000000000089 ) ) ;
#4118 = CARTESIAN_POINT ( 'NONE',  ( 1.836970198721030181E-16, -1.500000000000000222, -8.349999999999999645 ) ) ;
#4119 = CALENDAR_DATE ( 2026, 7, 1 ) ;
#4121 = CIRCLE ( 'NONE', #2169, 1.371600000000000152 ) ;
#4120 = CARTESIAN_POINT ( 'NONE',  ( 1.732050807568880746, -3.000893411522166591E-15, 0.08749999999999866218 ) ) ;
#4122 = CARTESIAN_POINT ( 'NONE',  ( -0.8816504037844403729, -1.527063293868268001, 0.4052083333333320603 ) ) ;
#4123 = EDGE_LOOP ( 'NONE', ( #1174, #1766, #3367, #842 ) ) ;
#4124 = DIRECTION ( 'NONE',  ( -0.08714264840443947113, 0.01733375049386101999, 0.9960450290638855897 ) ) ;
#4125 = FACE_OUTER_BOUND ( 'NONE', #2098, .T. ) ;
#4126 = CARTESIAN_POINT ( 'NONE',  ( 0.6785254037844387076, -1.175240473580839051, -4.245833333333333570 ) ) ;
#4127 = CARTESIAN_POINT ( 'NONE',  ( -0.6785254037844389297, 1.175240473580833722, -0.05833333333333386161 ) ) ;
#4128 = CARTESIAN_POINT ( 'NONE',  ( 0.6785254037844397068, 1.175240473580833500, -0.6416666666666670515 ) ) ;
#4129 = CARTESIAN_POINT ( 'NONE',  ( -0.8816504037844398178, 1.527063293868263338, -4.261458333333333570 ) ) ;
#4130 = CARTESIAN_POINT ( 'NONE',  ( 1.322475605676659560, -0.7635316469341363321, -0.5010416666666670515 ) ) ;
#4131 = EDGE_CURVE ( 'NONE', #1584, #2617, #2857, .T. ) ;
#4132 = VERTEX_POINT ( 'NONE', #4233 ) ;
#4133 = CARTESIAN_POINT ( 'NONE',  ( -0.6785254037844394848, -1.175240473580838829, -6.829166666666665719 ) ) ;
#4134 = CARTESIAN_POINT ( 'NONE',  ( 1.017788105676658228, -0.5876202367904214130, -3.266666666666667052 ) ) ;
#4135 = FACE_OUTER_BOUND ( 'NONE', #3004, .T. ) ;
#4136 = CARTESIAN_POINT ( 'NONE',  ( -1.836970198721033385E-16, -1.500000000000005551, -0.5375000000000001998 ) ) ;
#4137 = VERTEX_POINT ( 'NONE', #800 ) ;
#4138 = CARTESIAN_POINT ( 'NONE',  ( 0.6785254037844387076, -1.175240473580839273, -3.245833333333332682 ) ) ;
#4139 = CARTESIAN_POINT ( 'NONE',  ( 0.000000000000000000, 1.500000000000000444, -2.849999999999999645 ) ) ;
#4140 = APPROVAL_STATUS ( 'not_yet_approved' ) ;
#4141 = DIRECTION ( 'NONE',  ( -0.000000000000000000, -0.000000000000000000, 1.000000000000000000 ) ) ;
#4142 = CARTESIAN_POINT ( 'NONE',  ( 0.000000000000000000, 1.500000000000000222, -8.349999999999999645 ) ) ;
#4143 = ORIENTED_EDGE ( 'NONE', *, *, #357, .T. ) ;
#4144 = CARTESIAN_POINT ( 'NONE',  ( 0.000000000000000000, 1.500000000000000444, -7.349999999999999645 ) ) ;
#4145 = DIRECTION ( 'NONE',  ( 8.659560562354937789E-17, 0.7071067811865479058, 0.7071067811865471286 ) ) ;
#4146 = ORGANIZATION ( 'UNSPECIFIED', 'UNSPECIFIED', '' ) ;
#4147 = CARTESIAN_POINT ( 'NONE',  ( -1.836970198721033385E-16, -1.500000000000005551, -7.037500000000001421 ) ) ;
#4148 = CC_DESIGN_APPROVAL ( #4240, ( #2855 ) ) ;
#4149 = CARTESIAN_POINT ( 'NONE',  ( 0.6785254037844387076, -1.175240473580839051, -3.745833333333333570 ) ) ;
#4150 = DIRECTION ( 'NONE',  ( 0.9238795325112870716, -0.3826834323650893377, 0.000000000000000000 ) ) ;
#4151 = CARTESIAN_POINT ( 'NONE',  ( -1.017788105676658450, 0.5876202367904155288, -0.01666666666666656582 ) ) ;
#4152 = CARTESIAN_POINT ( 'NONE',  ( -0.8816504037844398178, 1.527063293868263338, -5.261458333333333570 ) ) ;
#4153 = CARTESIAN_POINT ( 'NONE',  ( 1.322475605676660448, 0.7635316469341292267, -2.917708333333333126 ) ) ;
#4154 =( BOUNDED_SURFACE ( )  B_SPLINE_SURFACE ( 1, 2, ( 
 ( #3802, #2075, #1023, #367, #2318, #2775, #3780, #1698, #1744, #3755, #680, #3408, #3068, #3088, #3044, #3110, #4446, #3457, #1723, #4423, #25, #3702, #610, #977, #2391, #3731, #4, #1986, #3363, #274, #1652, #1358, #344, #2754, #1337, #3023, #2054, #2685, #4400, #1315, #299, #4133, #4069, #2008, #636, #1045, #4092, #2409, #2343, #3385, #2708, #1000, #2369, #2030, #4204, #2121, #429, #1470, #2144, #2851, #1090, #2434, #2872, #115, #1428, #2502, #1512, #3479, #47, #2477, #2804, #389, #4227, #2522, #3545, #3823, #454, #793, #1831, #3198, #1492, #2165, #1767, #69, #1111, #473, #3135, #4157, #4248, #137, #2827, #1810, #1067, #4182, #3865, #1157, #2099, #3222, #3156, #725, #3908, #3501, #1448, #3566, #772, #3523, #3178, #1136, #2454, #3845, #816, #2188, #1854, #1790, #93, #749, #409, #3887, #516, #1328, #2570, #1219, #495, #4312, #1897, #2231, #2675, #159, #3351, #4083, #2208, #2545, #1176, #3035, #3263, #3632, #4290, #1875, #3952, #881, #4413, #178, #2913, #623, #4392, #1195, #3612, #3716, #3589, #3241, #860, #1551, #2591, #2698, #264, #2249, #2934, #1306, #1532, #2893, #3974, #600, #837, #1977, #968, #1642, #3013, #989, #4059, #2332, #3930, #1997, #3375, #286, #2358, #1665, #3743, #648, #2020, #3399, #311, #4268, #2382, #672, #4103, #2044, #1012, #3422, #3769, #2721, #3057, #1688, #4438, #1350, #3609, #492, #2162, #3927, #134, #3219, #3586, #175, #513, #1872, #4265, #857, #3543, #1851, #3260, #2931, #470, #2246, #154, #2542, #2519, #834, #1509, #2567, #1549, #4246, #4309, #1216, #3563, #2888, #791, #3628, #3238, #532, #1915, #2205, #2849, #3905, #2228, #1173, #1529, #3284, #113, #2910, #1892, #4287, #2588 ),
 ( #1192, #1468, #452, #1829, #3949, #1490, #3196, #3971, #878, #4225, #1134, #2500, #3883, #2870, #1153, #813, #2185, #2933, #3907, #3286, #158, #903, #2269, #4352, #2544, #2590, #836, #200, #3654, #815, #2187, #3310, #515, #534, #1574, #3240, #1853, #1896, #4267, #224, #1599, #1874, #3631, #2892, #3588, #2207, #177, #1194, #3994, #1175, #2953, #2248, #1550, #2975, #558, #2569, #3929, #859, #1531, #2521, #3221, #2912, #3565, #472, #880, #3262, #1938, #2230, #1917, #4311, #1218, #4331, #4289, #3611, #3973, #136, #1240, #3951, #1511, #494, #2613, #1285, #1331, #4040, #3403, #2386, #2636, #4017, #2049, #3723, #3747, #315, #1981, #581, #631, #2995, #3427, #339, #603, #2363, #1622, #2312, #946, #3379, #4395, #2726, #4374, #1692, #995, #290, #1719, #3773, #1310, #2657, #4063, #3357, #3084, #1960, #268, #4108, #2337, #1016, #1670, #676, #3039, #2680, #3332, #1261, #3016, #2702, #3062, #4417, #246, #2001, #972, #4087, #652, #4442, #1354, #2024, #925, #2290, #3696, #1645, #3676, #1465, #3475, #788, #3152, #1084, #1063, #2450, #1761, #1107, #1806, #2770, #2846, #88, #2095, #1423, #3797, #2159, #2115, #3540, #449, #3841, #1376, #2429, #3859, #384, #2798, #1826, #3103, #4177, #2138, #3494, #3174, #403, #744, #3452, #1398, #3126, #2472, #1785, #4463, #3519, #4221, #1129, #65, #3880, #2747, #4128, #2821, #1443, #1039, #4200, #766, #425, #2494, #2405, #42, #699, #2071, #363, #1740, #19, #4151, #3819, #720, #3279, #3323, #1567, #938, #4388, #109, #1543, #4053, #1252, #1277, #2304, #3987, #2583, #2625, #528, #962, #2326, #2604, #4364, #3624, #4324, #2948, #917, #1930, #260, #1910, #3689, #2986, #2282, #3710, #1301, #3301 ) ),
 .UNSPECIFIED., .F., .F., .F. ) 
 B_SPLINE_SURFACE_WITH_KNOTS ( ( 2, 2 ),
 ( 3, 2, 2, 2, 2, 2, 2, 2, 2, 2, 2, 2, 2, 2, 2, 2, 2, 2, 2, 2, 2, 2, 2, 2, 2, 2, 2, 2, 2, 2, 2, 2, 2, 2, 2, 2, 2, 2, 2, 2, 2, 2, 2, 2, 2, 2, 2, 2, 2, 2, 2, 2, 2, 2, 2, 2, 2, 2, 2, 2, 2, 2, 2, 2, 2, 2, 2, 2, 2, 2, 2, 2, 2, 2, 2, 2, 2, 2, 2, 2, 2, 2, 2, 2, 2, 2, 2, 2, 2, 2, 2, 2, 2, 2, 2, 2, 2, 2, 2, 2, 2, 2, 2, 2, 2, 2, 2, 2, 2, 2, 2, 2, 2, 2, 2, 2, 2, 2, 2, 2, 3 ),
 ( 0.000000000000000000, 1.000000000000000000 ),
 ( 0.000000000000000000, 0.008333333333333333218, 0.01666666666666666644, 0.02500000000000000139, 0.03333333333333333287, 0.04166666666666666435, 0.05000000000000000278, 0.05833333333333333426, 0.06666666666666666574, 0.07499999999999999722, 0.08333333333333332871, 0.09166666666666666019, 0.1000000000000000056, 0.1083333333333333370, 0.1166666666666666685, 0.1250000000000000000, 0.1333333333333333315, 0.1416666666666666630, 0.1499999999999999944, 0.1583333333333333259, 0.1666666666666666574, 0.1749999999999999889, 0.1833333333333333204, 0.1916666666666666796, 0.2000000000000000111, 0.2083333333333333426, 0.2166666666666666741, 0.2250000000000000056, 0.2333333333333333370, 0.2416666666666666685, 0.2500000000000000000, 0.2583333333333333592, 0.2666666666666666630, 0.2750000000000000222, 0.2833333333333333259, 0.2916666666666666852, 0.2999999999999999889, 0.3083333333333333481, 0.3166666666666666519, 0.3250000000000000111, 0.3333333333333333148, 0.3416666666666666741, 0.3499999999999999778, 0.3583333333333333370, 0.3666666666666666408, 0.3750000000000000000, 0.3833333333333333592, 0.3916666666666666630, 0.4000000000000000222, 0.4083333333333333259, 0.4166666666666666852, 0.4249999999999999889, 0.4333333333333333481, 0.4416666666666666519, 0.4500000000000000111, 0.4583333333333333148, 0.4666666666666666741, 0.4749999999999999778, 0.4833333333333333370, 0.4916666666666666408, 0.5000000000000000000, 0.5083333333333333037, 0.5166666666666667185, 0.5250000000000000222, 0.5333333333333333259, 0.5416666666666666297, 0.5500000000000000444, 0.5583333333333333481, 0.5666666666666666519, 0.5749999999999999556, 0.5833333333333333703, 0.5916666666666666741, 0.5999999999999999778, 0.6083333333333332815, 0.6166666666666666963, 0.6250000000000000000, 0.6333333333333333037, 0.6416666666666667185, 0.6500000000000000222, 0.6583333333333333259, 0.6666666666666666297, 0.6750000000000000444, 0.6833333333333333481, 0.6916666666666666519, 0.6999999999999999556, 0.7083333333333333703, 0.7166666666666666741, 0.7249999999999999778, 0.7333333333333332815, 0.7416666666666666963, 0.7500000000000000000, 0.7583333333333333037, 0.7666666666666667185, 0.7750000000000000222, 0.7833333333333333259, 0.7916666666666666297, 0.8000000000000000444, 0.8083333333333333481, 0.8166666666666666519, 0.8249999999999999556, 0.8333333333333333703, 0.8416666666666666741, 0.8499999999999999778, 0.8583333333333332815, 0.8666666666666666963, 0.8750000000000000000, 0.8833333333333333037, 0.8916666666666667185, 0.9000000000000000222, 0.9083333333333333259, 0.9166666666666666297, 0.9250000000000000444, 0.9333333333333333481, 0.9416666666666666519, 0.9499999999999999556, 0.9583333333333333703, 0.9666666666666666741, 0.9749999999999999778, 0.9833333333333332815, 0.9916666666666666963, 1.000000000000000000 ),
 .UNSPECIFIED. ) 
 GEOMETRIC_REPRESENTATION_ITEM ( )  RATIONAL_B_SPLINE_SURFACE ( (
 ( 1.000000000000000000, 0.8660254037844387076, 1.000000000000000000, 0.8660254037844387076, 1.000000000000000000, 0.8660254037844387076, 1.000000000000000000, 0.8660254037844387076, 1.000000000000000000, 0.8660254037844387076, 1.000000000000000000, 0.8660254037844387076, 1.000000000000000000, 0.8660254037844387076, 1.000000000000000000, 0.8660254037844387076, 1.000000000000000000, 0.8660254037844387076, 1.000000000000000000, 0.8660254037844387076, 1.000000000000000000, 0.8660254037844387076, 1.000000000000000000, 0.8660254037844387076, 1.000000000000000000, 0.8660254037844387076, 1.000000000000000000, 0.8660254037844387076, 1.000000000000000000, 0.8660254037844387076, 1.000000000000000000, 0.8660254037844387076, 1.000000000000000000, 0.8660254037844387076, 1.000000000000000000, 0.8660254037844387076, 1.000000000000000000, 0.8660254037844387076, 1.000000000000000000, 0.8660254037844387076, 1.000000000000000000, 0.8660254037844387076, 1.000000000000000000, 0.8660254037844387076, 1.000000000000000000, 0.8660254037844387076, 1.000000000000000000, 0.8660254037844387076, 1.000000000000000000, 0.8660254037844387076, 1.000000000000000000, 0.8660254037844387076, 1.000000000000000000, 0.8660254037844387076, 1.000000000000000000, 0.8660254037844387076, 1.000000000000000000, 0.8660254037844387076, 1.000000000000000000, 0.8660254037844387076, 1.000000000000000000, 0.8660254037844387076, 1.000000000000000000, 0.8660254037844387076, 1.000000000000000000, 0.8660254037844387076, 1.000000000000000000, 0.8660254037844387076, 1.000000000000000000, 0.8660254037844387076, 1.000000000000000000, 0.8660254037844387076, 1.000000000000000000, 0.8660254037844387076, 1.000000000000000000, 0.8660254037844387076, 1.000000000000000000, 0.8660254037844387076, 1.000000000000000000, 0.8660254037844387076, 1.000000000000000000, 0.8660254037844387076, 1.000000000000000000, 0.8660254037844387076, 1.000000000000000000, 0.8660254037844387076, 1.000000000000000000, 0.8660254037844387076, 1.000000000000000000, 0.8660254037844387076, 1.000000000000000000, 0.8660254037844387076, 1.000000000000000000, 0.8660254037844387076, 1.000000000000000000, 0.8660254037844387076, 1.000000000000000000, 0.8660254037844387076, 1.000000000000000000, 0.8660254037844387076, 1.000000000000000000, 0.8660254037844387076, 1.000000000000000000, 0.8660254037844387076, 1.000000000000000000, 0.8660254037844387076, 1.000000000000000000, 0.8660254037844387076, 1.000000000000000000, 0.8660254037844387076, 1.000000000000000000, 0.8660254037844387076, 1.000000000000000000, 0.8660254037844387076, 1.000000000000000000, 0.8660254037844387076, 1.000000000000000000, 0.8660254037844387076, 1.000000000000000000, 0.8660254037844387076, 1.000000000000000000, 0.8660254037844387076, 1.000000000000000000, 0.8660254037844387076, 1.000000000000000000, 0.8660254037844387076, 1.000000000000000000, 0.8660254037844387076, 1.000000000000000000, 0.8660254037844387076, 1.000000000000000000, 0.8660254037844387076, 1.000000000000000000, 0.8660254037844387076, 1.000000000000000000, 0.8660254037844387076, 1.000000000000000000, 0.8660254037844387076, 1.000000000000000000, 0.8660254037844387076, 1.000000000000000000, 0.8660254037844387076, 1.000000000000000000, 0.8660254037844387076, 1.000000000000000000, 0.8660254037844387076, 1.000000000000000000, 0.8660254037844387076, 1.000000000000000000, 0.8660254037844387076, 1.000000000000000000, 0.8660254037844387076, 1.000000000000000000, 0.8660254037844387076, 1.000000000000000000, 0.8660254037844387076, 1.000000000000000000, 0.8660254037844387076, 1.000000000000000000, 0.8660254037844387076, 1.000000000000000000, 0.8660254037844387076, 1.000000000000000000, 0.8660254037844387076, 1.000000000000000000, 0.8660254037844387076, 1.000000000000000000, 0.8660254037844387076, 1.000000000000000000, 0.8660254037844387076, 1.000000000000000000, 0.8660254037844387076, 1.000000000000000000, 0.8660254037844387076, 1.000000000000000000, 0.8660254037844387076, 1.000000000000000000, 0.8660254037844387076, 1.000000000000000000, 0.8660254037844387076, 1.000000000000000000, 0.8660254037844387076, 1.000000000000000000, 0.8660254037844387076, 1.000000000000000000, 0.8660254037844387076, 1.000000000000000000, 0.8660254037844387076, 1.000000000000000000, 0.8660254037844387076, 1.000000000000000000, 0.8660254037844387076, 1.000000000000000000, 0.8660254037844387076, 1.000000000000000000, 0.8660254037844387076, 1.000000000000000000, 0.8660254037844387076, 1.000000000000000000, 0.8660254037844387076, 1.000000000000000000, 0.8660254037844387076, 1.000000000000000000, 0.8660254037844387076, 1.000000000000000000, 0.8660254037844387076, 1.000000000000000000, 0.8660254037844387076, 1.000000000000000000, 0.8660254037844387076, 1.000000000000000000, 0.8660254037844387076, 1.000000000000000000, 0.8660254037844387076, 1.000000000000000000, 0.8660254037844387076, 1.000000000000000000, 0.8660254037844387076, 1.000000000000000000, 0.8660254037844387076, 1.000000000000000000, 0.8660254037844387076, 1.000000000000000000, 0.8660254037844387076, 1.000000000000000000, 0.8660254037844387076, 1.000000000000000000, 0.8660254037844387076, 1.000000000000000000, 0.8660254037844387076, 1.000000000000000000, 0.8660254037844387076, 1.000000000000000000, 0.8660254037844387076, 1.000000000000000000, 0.8660254037844387076, 1.000000000000000000, 0.8660254037844387076, 1.000000000000000000, 0.8660254037844387076, 1.000000000000000000),
 ( 1.000000000000000000, 0.8660254037844387076, 1.000000000000000000, 0.8660254037844387076, 1.000000000000000000, 0.8660254037844387076, 1.000000000000000000, 0.8660254037844387076, 1.000000000000000000, 0.8660254037844387076, 1.000000000000000000, 0.8660254037844387076, 1.000000000000000000, 0.8660254037844387076, 1.000000000000000000, 0.8660254037844387076, 1.000000000000000000, 0.8660254037844387076, 1.000000000000000000, 0.8660254037844387076, 1.000000000000000000, 0.8660254037844387076, 1.000000000000000000, 0.8660254037844387076, 1.000000000000000000, 0.8660254037844387076, 1.000000000000000000, 0.8660254037844387076, 1.000000000000000000, 0.8660254037844387076, 1.000000000000000000, 0.8660254037844387076, 1.000000000000000000, 0.8660254037844387076, 1.000000000000000000, 0.8660254037844387076, 1.000000000000000000, 0.8660254037844387076, 1.000000000000000000, 0.8660254037844387076, 1.000000000000000000, 0.8660254037844387076, 1.000000000000000000, 0.8660254037844387076, 1.000000000000000000, 0.8660254037844387076, 1.000000000000000000, 0.8660254037844387076, 1.000000000000000000, 0.8660254037844387076, 1.000000000000000000, 0.8660254037844387076, 1.000000000000000000, 0.8660254037844387076, 1.000000000000000000, 0.8660254037844387076, 1.000000000000000000, 0.8660254037844387076, 1.000000000000000000, 0.8660254037844387076, 1.000000000000000000, 0.8660254037844387076, 1.000000000000000000, 0.8660254037844387076, 1.000000000000000000, 0.8660254037844387076, 1.000000000000000000, 0.8660254037844387076, 1.000000000000000000, 0.8660254037844387076, 1.000000000000000000, 0.8660254037844387076, 1.000000000000000000, 0.8660254037844387076, 1.000000000000000000, 0.8660254037844387076, 1.000000000000000000, 0.8660254037844387076, 1.000000000000000000, 0.8660254037844387076, 1.000000000000000000, 0.8660254037844387076, 1.000000000000000000, 0.8660254037844387076, 1.000000000000000000, 0.8660254037844387076, 1.000000000000000000, 0.8660254037844387076, 1.000000000000000000, 0.8660254037844387076, 1.000000000000000000, 0.8660254037844387076, 1.000000000000000000, 0.8660254037844387076, 1.000000000000000000, 0.8660254037844387076, 1.000000000000000000, 0.8660254037844387076, 1.000000000000000000, 0.8660254037844387076, 1.000000000000000000, 0.8660254037844387076, 1.000000000000000000, 0.8660254037844387076, 1.000000000000000000, 0.8660254037844387076, 1.000000000000000000, 0.8660254037844387076, 1.000000000000000000, 0.8660254037844387076, 1.000000000000000000, 0.8660254037844387076, 1.000000000000000000, 0.8660254037844387076, 1.000000000000000000, 0.8660254037844387076, 1.000000000000000000, 0.8660254037844387076, 1.000000000000000000, 0.8660254037844387076, 1.000000000000000000, 0.8660254037844387076, 1.000000000000000000, 0.8660254037844387076, 1.000000000000000000, 0.8660254037844387076, 1.000000000000000000, 0.8660254037844387076, 1.000000000000000000, 0.8660254037844387076, 1.000000000000000000, 0.8660254037844387076, 1.000000000000000000, 0.8660254037844387076, 1.000000000000000000, 0.8660254037844387076, 1.000000000000000000, 0.8660254037844387076, 1.000000000000000000, 0.8660254037844387076, 1.000000000000000000, 0.8660254037844387076, 1.000000000000000000, 0.8660254037844387076, 1.000000000000000000, 0.8660254037844387076, 1.000000000000000000, 0.8660254037844387076, 1.000000000000000000, 0.8660254037844387076, 1.000000000000000000, 0.8660254037844387076, 1.000000000000000000, 0.8660254037844387076, 1.000000000000000000, 0.8660254037844387076, 1.000000000000000000, 0.8660254037844387076, 1.000000000000000000, 0.8660254037844387076, 1.000000000000000000, 0.8660254037844387076, 1.000000000000000000, 0.8660254037844387076, 1.000000000000000000, 0.8660254037844387076, 1.000000000000000000, 0.8660254037844387076, 1.000000000000000000, 0.8660254037844387076, 1.000000000000000000, 0.8660254037844387076, 1.000000000000000000, 0.8660254037844387076, 1.000000000000000000, 0.8660254037844387076, 1.000000000000000000, 0.8660254037844387076, 1.000000000000000000, 0.8660254037844387076, 1.000000000000000000, 0.8660254037844387076, 1.000000000000000000, 0.8660254037844387076, 1.000000000000000000, 0.8660254037844387076, 1.000000000000000000, 0.8660254037844387076, 1.000000000000000000, 0.8660254037844387076, 1.000000000000000000, 0.8660254037844387076, 1.000000000000000000, 0.8660254037844387076, 1.000000000000000000, 0.8660254037844387076, 1.000000000000000000, 0.8660254037844387076, 1.000000000000000000, 0.8660254037844387076, 1.000000000000000000, 0.8660254037844387076, 1.000000000000000000, 0.8660254037844387076, 1.000000000000000000, 0.8660254037844387076, 1.000000000000000000, 0.8660254037844387076, 1.000000000000000000, 0.8660254037844387076, 1.000000000000000000, 0.8660254037844387076, 1.000000000000000000, 0.8660254037844387076, 1.000000000000000000, 0.8660254037844387076, 1.000000000000000000, 0.8660254037844387076, 1.000000000000000000, 0.8660254037844387076, 1.000000000000000000, 0.8660254037844387076, 1.000000000000000000, 0.8660254037844387076, 1.000000000000000000, 0.8660254037844387076, 1.000000000000000000, 0.8660254037844387076, 1.000000000000000000, 0.8660254037844387076, 1.000000000000000000, 0.8660254037844387076, 1.000000000000000000, 0.8660254037844387076, 1.000000000000000000, 0.8660254037844387076, 1.000000000000000000, 0.8660254037844387076, 1.000000000000000000, 0.8660254037844387076, 1.000000000000000000) ) ) 
 REPRESENTATION_ITEM ( '' )  SURFACE ( )  );
#4155 = ORIENTED_EDGE ( 'NONE', *, *, #103, .F. ) ;
#4156 = ORIENTED_EDGE ( 'NONE', *, *, #2224, .F. ) ;
#4157 = CARTESIAN_POINT ( 'NONE',  ( -1.357050807568878303, -2.599625443516216173E-15, -4.912499999999999645 ) ) ;
#4158 = CARTESIAN_POINT ( 'NONE',  ( 0.000000000000000000, 1.175240473580833722, -2.600000000000000089 ) ) ;
#4159 = EDGE_CURVE ( 'NONE', #3919, #2007, #4254, .T. ) ;
#4160 = CARTESIAN_POINT ( 'NONE',  ( 0.000000000000000000, 0.000000000000000000, 1.100000000000000533 ) ) ;
#4161 = EDGE_CURVE ( 'NONE', #3766, #1141, #2172, .T. ) ;
#4162 = CARTESIAN_POINT ( 'NONE',  ( -1.299038105676660670, -0.7500000000000037748, 0.3166666666666669294 ) ) ;
#4163 = AXIS2_PLACEMENT_3D ( 'NONE', #3669, #1233, #2283 ) ;
#4164 = ORIENTED_EDGE ( 'NONE', *, *, #355, .F. ) ;
#4165 = CARTESIAN_POINT ( 'NONE',  ( -1.439254484199190858E-16, -1.175240473580839051, -2.287500000000000533 ) ) ;
#4166 = CARTESIAN_POINT ( 'NONE',  ( 0.2318218952933747967, 1.264856494937672160, -8.174386877036701193 ) ) ;
#4167 = APPROVAL_DATE_TIME ( #3393, #4240 ) ;
#4168 = CARTESIAN_POINT ( 'NONE',  ( 0.000000000000000000, 4.814824860968089633E-32, -8.349999999999999645 ) ) ;
#4169 = LINE ( 'NONE', #1777, #3431 ) ;
#4170 = VERTEX_POINT ( 'NONE', #2809 ) ;
#4171 = CARTESIAN_POINT ( 'NONE',  ( -0.4345709708596059428, -0.4345709708596059984, 1.641541761640896491 ) ) ;
#4172 = CARTESIAN_POINT ( 'NONE',  ( 0.2634155365841113761, 1.346166921035991892, 1.467296747124820833 ) ) ;
#4173 = CARTESIAN_POINT ( 'NONE',  ( -0.1991544170300798000, -0.4808012946005266186, 1.100000000000000533 ) ) ;
#4174 = CARTESIAN_POINT ( 'NONE',  ( 0.000000000000000000, 1.175240473580833722, -1.037500000000000311 ) ) ;
#4175 = CARTESIAN_POINT ( 'NONE',  ( 0.6785254037844387076, -1.175240473580839273, -1.308333333333333126 ) ) ;
#4176 =( BOUNDED_CURVE ( )  B_SPLINE_CURVE ( 2, ( #3012, #2652, #1614, #1686, #2989, #4390, #3397 ),
 .UNSPECIFIED., .F., .T. ) 
 B_SPLINE_CURVE_WITH_KNOTS ( ( 3, 2, 2, 3 ),
 ( 0.2000000000000000111, 0.2083333333333334259, 0.2166666666666667018, 0.2250000000000000056 ),
 .UNSPECIFIED. ) 
 CURVE ( )  GEOMETRIC_REPRESENTATION_ITEM ( )  RATIONAL_B_SPLINE_CURVE ( ( 0.9999999999999991118, 0.8660254037844395958, 1.000000000000000000, 0.8660254037844387076, 1.000000000000000000, 0.8660254037844382635, 1.000000000000000444 ) ) 
 REPRESENTATION_ITEM ( '' )  );
#4177 = CARTESIAN_POINT ( 'NONE',  ( -0.6785254037844394848, -1.175240473580838829, -1.391666666666667052 ) ) ;
#4178 = CARTESIAN_POINT ( 'NONE',  ( -1.870113174931186087E-16, -1.527063293868268667, -5.553125000000000533 ) ) ;
#4179 = CARTESIAN_POINT ( 'NONE',  ( -1.322475605676660226, -0.7635316469341354439, -1.167708333333333126 ) ) ;
#4180 = ORIENTED_EDGE ( 'NONE', *, *, #4460, .T. ) ;
#4181 = VERTEX_POINT ( 'NONE', #4187 ) ;
#4182 = CARTESIAN_POINT ( 'NONE',  ( 1.357050807568878303, -2.932007029070127676E-15, -4.662499999999999645 ) ) ;
#4183 = CARTESIAN_POINT ( 'NONE',  ( -1.017788105676658672, -0.5876202367904206358, -2.433333333333333570 ) ) ;
#4184 = CARTESIAN_POINT ( 'NONE',  ( 0.000000000000000000, 4.814824860968089633E-32, -8.349999999999999645 ) ) ;
#4185 = CARTESIAN_POINT ( 'NONE',  ( 1.732050807568880746, -3.000893411522166591E-15, -2.974999999999999645 ) ) ;
#4186 = ORIENTED_EDGE ( 'NONE', *, *, #2143, .T. ) ;
#4187 = CARTESIAN_POINT ( 'NONE',  ( -0.3983088340601560473, 0.3983088340601645405, 1.100000000000000533 ) ) ;
#4188 = CARTESIAN_POINT ( 'NONE',  ( 1.179151618227339826, -0.2469201386145124244, -8.255900997073258196 ) ) ;
#4189 = CARTESIAN_POINT ( 'NONE',  ( 0.3469695626932504107, 1.368610801252716946, 0.2509184455457062479 ) ) ;
#4190 = CARTESIAN_POINT ( 'NONE',  ( -0.8660254037844408170, -1.500000000000005107, -2.641666666666666163 ) ) ;
#4191 = VERTEX_POINT ( 'NONE', #1096 ) ;
#4192 = AXIS2_PLACEMENT_3D ( 'NONE', #3170, #2134, #3147 ) ;
#4193 = CARTESIAN_POINT ( 'NONE',  ( 1.017788105676659116, 0.5876202367904146406, -7.620833333333333570 ) ) ;
#4194 = CARTESIAN_POINT ( 'NONE',  ( 0.2793999999999998152, 1.342841092609248443, 1.650000000000000355 ) ) ;
#4195 = EDGE_CURVE ( 'NONE', #2729, #3806, #2459, .T. ) ;
#4196 = DIRECTION ( 'NONE',  ( 0.000000000000000000, -1.153251463704931673E-32, 1.000000000000000000 ) ) ;
#4197 = CARTESIAN_POINT ( 'NONE',  ( 1.017788105676658228, -0.5876202367904214130, -1.704166666666667274 ) ) ;
#4198 = B_SPLINE_CURVE_WITH_KNOTS ( 'NONE', 3,
 ( #347, #1725, #3459, #370, #1746, #4094 ),
 .UNSPECIFIED., .F., .F.,
 ( 4, 2, 4 ),
 ( 1.657730585273838802E-17, 0.0004686425355553458017, 0.0009372850711106750152 ),
 .UNSPECIFIED. ) ;
#4199 = CARTESIAN_POINT ( 'NONE',  ( -1.017788105676658672, -0.5876202367904206358, -0.9333333333333337922 ) ) ;
#4200 = CARTESIAN_POINT ( 'NONE',  ( -1.357050807568878303, -2.599625443516216173E-15, -0.4749999999999997558 ) ) ;
#4201 = CARTESIAN_POINT ( 'NONE',  ( 0.8816504037844408170, 1.527063293868263116, -5.844791666666665719 ) ) ;
#4202 = CARTESIAN_POINT ( 'NONE',  ( -1.322475605676660004, 0.7635316469341305590, -0.2510416666666667740 ) ) ;
#4203 = ORIENTED_EDGE ( 'NONE', *, *, #3835, .T. ) ;
#4204 = CARTESIAN_POINT ( 'NONE',  ( -1.439254484199190858E-16, -1.175240473580839051, -6.287499999999999645 ) ) ;
#4205 = CARTESIAN_POINT ( 'NONE',  ( 0.000000000000000000, 1.175240473580833722, -3.100000000000000533 ) ) ;
#4206 = CARTESIAN_POINT ( 'NONE',  ( 0.000000000000000000, 1.527063293868263338, -5.834374999999999645 ) ) ;
#4207 = EDGE_LOOP ( 'NONE', ( #1078, #2564, #707, #3534 ) ) ;
#4208 = CARTESIAN_POINT ( 'NONE',  ( -0.8259043664192740053, 0.8361053452000423158, 0.02524047358083909148 ) ) ;
#4209 = DIRECTION ( 'NONE',  ( 1.000000000000000000, 0.000000000000000000, 0.000000000000000000 ) ) ;
#4210 = DIRECTION ( 'NONE',  ( -0.000000000000000000, -0.000000000000000000, 1.000000000000000000 ) ) ;
#4211 =( BOUNDED_CURVE ( )  B_SPLINE_CURVE ( 2, ( #3138, #729, #664, #4185, #412, #1793, #2102 ),
 .UNSPECIFIED., .F., .F. ) 
 B_SPLINE_CURVE_WITH_KNOTS ( ( 3, 2, 2, 3 ),
 ( 0.4500000000000000111, 0.4583333333333334259, 0.4666666666666667851, 0.4750000000000000888 ),
 .UNSPECIFIED. ) 
 CURVE ( )  GEOMETRIC_REPRESENTATION_ITEM ( )  RATIONAL_B_SPLINE_CURVE ( ( 0.9999999999999991118, 0.8660254037844395958, 1.000000000000000000, 0.8660254037844387076, 1.000000000000000000, 0.8660254037844369313, 1.000000000000001776 ) ) 
 REPRESENTATION_ITEM ( '' )  );
#4212 = CARTESIAN_POINT ( 'NONE',  ( -1.836970198721033385E-16, -1.500000000000005773, -2.599999999999999645 ) ) ;
#4213 = ORIENTED_EDGE ( 'NONE', *, *, #825, .F. ) ;
#4214 = CARTESIAN_POINT ( 'NONE',  ( 1.017788105676659116, 0.5876202367904146406, -8.120833333333333570 ) ) ;
#4215 = CARTESIAN_POINT ( 'NONE',  ( 0.000000000000000000, 1.500000000000000444, -3.349999999999998757 ) ) ;
#4216 = CARTESIAN_POINT ( 'NONE',  ( -1.487236039824277878, 0.1948699239100074032, 0.3351785667949728209 ) ) ;
#4217 = EDGE_CURVE ( 'NONE', #59, #4356, #3817, .T. ) ;
#4218 = CARTESIAN_POINT ( 'NONE',  ( -1.439254484199190858E-16, -1.175240473580839051, -1.287500000000000533 ) ) ;
#4219 = EDGE_CURVE ( 'NONE', #952, #3314, #3224, .T. ) ;
#4220 = DIRECTION ( 'NONE',  ( -0.000000000000000000, 4.984837574645996626E-17, -1.000000000000000000 ) ) ;
#4221 = CARTESIAN_POINT ( 'NONE',  ( -1.439254484199190858E-16, -1.175240473580839051, -0.8500000000000000888 ) ) ;
#4222 = CARTESIAN_POINT ( 'NONE',  ( 0.8816504037844393737, -1.527063293868269112, -5.011458333333333570 ) ) ;
#4223 = CC_DESIGN_APPROVAL ( #559, ( #4369 ) ) ;
#4224 = CARTESIAN_POINT ( 'NONE',  ( -1.322475605676660226, -0.7635316469341354439, 0.3322916666666664853 ) ) ;
#4225 = CARTESIAN_POINT ( 'NONE',  ( 1.357050807568878303, -2.932007029070127676E-15, -8.224999999999999645 ) ) ;
#4226 = ORIENTED_EDGE ( 'NONE', *, *, #1401, .T. ) ;
#4227 = CARTESIAN_POINT ( 'NONE',  ( 0.000000000000000000, 1.175240473580833722, -5.537499999999999645 ) ) ;
#4228 = CARTESIAN_POINT ( 'NONE',  ( -1.439254484199190858E-16, -1.175240473580839051, -1.350000000000000533 ) ) ;
#4229 = AXIS2_PLACEMENT_3D ( 'NONE', #1025, #1700, #2436 ) ;
#4230 = DIRECTION ( 'NONE',  ( -0.000000000000000000, 4.984837574645996626E-17, -1.000000000000000000 ) ) ;
#4231 = VECTOR ( 'NONE', #4398, 1000.000000000000000 ) ;
#4232 = ORIENTED_EDGE ( 'NONE', *, *, #2971, .F. ) ;
#4233 = CARTESIAN_POINT ( 'NONE',  ( 0.9009819863189205691, -0.7546003121330687735, -8.279759526419162796 ) ) ;
#4234 = CARTESIAN_POINT ( 'NONE',  ( 0.000000000000000000, 1.500000000000000222, -8.349999999999999645 ) ) ;
#4235 = AXIS2_PLACEMENT_3D ( 'NONE', #1149, #4196, #3856 ) ;
#4236 = CARTESIAN_POINT ( 'NONE',  ( -1.017788105676658672, -0.5876202367904206358, -4.433333333333333570 ) ) ;
#4237 = VERTEX_POINT ( 'NONE', #542 ) ;
#4238 = CARTESIAN_POINT ( 'NONE',  ( 1.299038105676661115, 0.7499999999999977796, -7.433333333333333570 ) ) ;
#4239 = LINE ( 'NONE', #4323, #2531 ) ;
#4240 = APPROVAL ( #2082, 'UNSPECIFIED' ) ;
#4241 = DIRECTION ( 'NONE',  ( -0.9238795325112870716, 0.3826834323650893377, -0.000000000000000000 ) ) ;
#4242 = CYLINDRICAL_SURFACE ( 'NONE', #3209, 1.500000000000000222 ) ;
#4243 = EDGE_CURVE ( 'NONE', #1754, #3599, #3983, .T. ) ;
#4244 = CARTESIAN_POINT ( 'NONE',  ( 1.322475605676660448, 0.7635316469341292267, -2.386458333333333126 ) ) ;
#4245 = CARTESIAN_POINT ( 'NONE',  ( 1.763300807568879858, -3.006633943393169801E-15, 0.5406249999999994671 ) ) ;
#4246 = CARTESIAN_POINT ( 'NONE',  ( -1.357050807568878303, -2.599625443516216173E-15, 0.5874999999999994671 ) ) ;
#4247 = ORIENTED_EDGE ( 'NONE', *, *, #4402, .T. ) ;
#4248 = CARTESIAN_POINT ( 'NONE',  ( -1.017788105676658672, -0.5876202367904206358, -4.870833333333332682 ) ) ;
#4249 = EDGE_CURVE ( 'NONE', #1969, #2646, #1880, .T. ) ;
#4250 = CARTESIAN_POINT ( 'NONE',  ( 0.6785254037844387076, -1.175240473580839051, 1.191666666666665542 ) ) ;
#4251 = CARTESIAN_POINT ( 'NONE',  ( 1.322475605676659560, -0.7635316469341363321, -6.501041666666666607 ) ) ;
#4252 = CARTESIAN_POINT ( 'NONE',  ( 1.456159331941398127, 0.3599999999999846101, -7.955000000000000071 ) ) ;
#4253 = ORIENTED_EDGE ( 'NONE', *, *, #3100, .T. ) ;
#4254 = LINE ( 'NONE', #393, #1912 ) ;
#4255 = CARTESIAN_POINT ( 'NONE',  ( 0.000000000000000000, 1.500000000000000444, -1.349999999999999201 ) ) ;
#4256 = CARTESIAN_POINT ( 'NONE',  ( 0.000000000000000000, 1.175240473580833722, -5.599999999999999645 ) ) ;
#4257 = ORIENTED_EDGE ( 'NONE', *, *, #2844, .T. ) ;
#4258 = CARTESIAN_POINT ( 'NONE',  ( -1.017788105676658450, 0.5876202367904155288, -7.454166666666666607 ) ) ;
#4259 = CARTESIAN_POINT ( 'NONE',  ( -0.6814887145678303337, -1.251971975356862554, -8.032381245852555196 ) ) ;
#4260 = VECTOR ( 'NONE', #1637, 1000.000000000000000 ) ;
#4261 = CARTESIAN_POINT ( 'NONE',  ( 0.5252572366576283569, -0.2175686711582059951, 1.650000000000000355 ) ) ;
#4262 = CARTESIAN_POINT ( 'NONE',  ( 0.000000000000000000, 4.814824860968089633E-32, -8.349999999999999645 ) ) ;
#4263 = CARTESIAN_POINT ( 'NONE',  ( -1.322475605676660004, 0.7635316469341305590, -0.7197916666666671626 ) ) ;
#4264 = CARTESIAN_POINT ( 'NONE',  ( -1.357050807568878303, -2.599625443516216173E-15, -8.412499999999999645 ) ) ;
#4265 = CARTESIAN_POINT ( 'NONE',  ( 0.000000000000000000, 1.175240473580833722, -0.03750000000000107414 ) ) ;
#4266 = VERTEX_POINT ( 'NONE', #1580 ) ;
#4267 = CARTESIAN_POINT ( 'NONE',  ( -1.017788105676658450, 0.5876202367904155288, -7.016666666666666607 ) ) ;
#4268 = CARTESIAN_POINT ( 'NONE',  ( -0.6785254037844389297, 1.175240473580833944, -0.9958333333333337922 ) ) ;
#4269 = CARTESIAN_POINT ( 'NONE',  ( -1.763300807568879858, -2.574749805408535596E-15, -8.678124999999999645 ) ) ;
#4270 = CARTESIAN_POINT ( 'NONE',  ( -1.763300807568879858, -2.574749805408535596E-15, -6.209374999999998757 ) ) ;
#4271 = FACE_OUTER_BOUND ( 'NONE', #924, .T. ) ;
#4272 = ADVANCED_FACE ( 'NONE', ( #2940 ), #253, .T. ) ;
#4273 = ORIENTED_EDGE ( 'NONE', *, *, #214, .F. ) ;
#4274 = CARTESIAN_POINT ( 'NONE',  ( 0.6785254037844387076, -1.175240473580839273, -0.7458333333333335702 ) ) ;
#4275 = CARTESIAN_POINT ( 'NONE',  ( -0.6785254037844389297, 1.175240473580833944, -7.558333333333333570 ) ) ;
#4276 = DIRECTION ( 'NONE',  ( 0.000000000000000000, 1.000000000000000000, 0.000000000000000000 ) ) ;
#4277 = CARTESIAN_POINT ( 'NONE',  ( 1.017788105676659116, 0.5876202367904146406, -4.683333333333333570 ) ) ;
#4278 = ORIENTED_EDGE ( 'NONE', *, *, #3910, .F. ) ;
#4279 = CARTESIAN_POINT ( 'NONE',  ( -0.2312812350607415246, -1.351959892270765184, 1.100000000000000533 ) ) ;
#4280 = CARTESIAN_POINT ( 'NONE',  ( 1.732050807568880746, -3.000893411522166591E-15, -6.912500000000000533 ) ) ;
#4281 = DIRECTION ( 'NONE',  ( 0.000000000000000000, 1.000000000000000000, 0.000000000000000000 ) ) ;
#4282 = CONICAL_SURFACE ( 'NONE', #3489, 1.104999999999999982, 0.7853981633974488341 ) ;
#4283 = CARTESIAN_POINT ( 'NONE',  ( -1.732050807568880746, -2.576663316032202149E-15, -4.724999999999998757 ) ) ;
#4284 =( BOUNDED_CURVE ( )  B_SPLINE_CURVE ( 2, ( #1193, #4351, #3610, #3261, #1217, #2994, #879 ),
 .UNSPECIFIED., .F., .F. ) 
 B_SPLINE_CURVE_WITH_KNOTS ( ( 3, 2, 2, 3 ),
 ( 0.09999999999999992228, 0.1083333333333332676, 0.1166666666666666130, 0.1249999999999999445 ),
 .UNSPECIFIED. ) 
 CURVE ( )  GEOMETRIC_REPRESENTATION_ITEM ( )  RATIONAL_B_SPLINE_CURVE ( ( 1.000000000000001332, 0.8660254037844373753, 1.000000000000000000, 0.8660254037844387076, 1.000000000000000000, 0.8660254037844395958, 0.9999999999999991118 ) ) 
 REPRESENTATION_ITEM ( '' )  );
#4285 = EDGE_LOOP ( 'NONE', ( #4164, #2464, #3834, #792 ) ) ;
#4286 = CARTESIAN_POINT ( 'NONE',  ( 0.8816504037844408170, 1.527063293868263116, 1.623958333333333171 ) ) ;
#4287 = CARTESIAN_POINT ( 'NONE',  ( 0.6785254037844397068, 1.175240473580833500, 1.420833333333332948 ) ) ;
#4288 = CARTESIAN_POINT ( 'NONE',  ( -1.836970198721033385E-16, -1.500000000000005551, -0.5375000000000001998 ) ) ;
#4289 = CARTESIAN_POINT ( 'NONE',  ( 0.000000000000000000, 1.175240473580833722, -5.599999999999999645 ) ) ;
#4290 = CARTESIAN_POINT ( 'NONE',  ( -1.017788105676658672, -0.5876202367904206358, -2.870833333333333570 ) ) ;
#4291 = CARTESIAN_POINT ( 'NONE',  ( -0.6785254037844389297, 1.175240473580833944, -0.05833333333333386161 ) ) ;
#4292 = CARTESIAN_POINT ( 'NONE',  ( 0.8816504037844393737, -1.527063293868269112, -7.542708333333332682 ) ) ;
#4293 = CARTESIAN_POINT ( 'NONE',  ( 1.299038105676661115, 0.7499999999999976685, -7.370833333333333570 ) ) ;
#4294 = ORIENTED_EDGE ( 'NONE', *, *, #876, .T. ) ;
#4295 = CARTESIAN_POINT ( 'NONE',  ( 0.8660254037844478114, 1.499999999999988454, -4.391666666666666607 ) ) ;
#4296 = VECTOR ( 'NONE', #2443, 1000.000000000000000 ) ;
#4297 = CARTESIAN_POINT ( 'NONE',  ( 1.017788105676659116, 0.5876202367904146406, -7.683333333333333570 ) ) ;
#4298 = EDGE_CURVE ( 'NONE', #3220, #2549, #1269, .T. ) ;
#4299 = CARTESIAN_POINT ( 'NONE',  ( 0.6785254037844387076, -1.175240473580839273, -6.308333333333333570 ) ) ;
#4300 = CARTESIAN_POINT ( 'NONE',  ( -1.017788105676658450, 0.5876202367904155288, -2.454166666666667052 ) ) ;
#4301 = VERTEX_POINT ( 'NONE', #230 ) ;
#4302 = CARTESIAN_POINT ( 'NONE',  ( -1.017788105676658672, -0.5876202367904206358, -6.370833333333333570 ) ) ;
#4303 = CARTESIAN_POINT ( 'NONE',  ( -0.8995737534628979182, -1.092765138203556141, -8.042412970087871926 ) ) ;
#4304 = CARTESIAN_POINT ( 'NONE',  ( -1.836970198721033385E-16, -1.500000000000005551, -1.537500000000001199 ) ) ;
#4305 = AXIS2_PLACEMENT_3D ( 'NONE', #2738, #1031, #2398 ) ;
#4306 = AXIS2_PLACEMENT_3D ( 'NONE', #565, #3980, #1581 ) ;
#4307 = CARTESIAN_POINT ( 'NONE',  ( -1.175235580359273113, -0.003391371420377443588, 0.02524047358084043069 ) ) ;
#4308 = CARTESIAN_POINT ( 'NONE',  ( -1.357050807568878303, -2.599625443516216173E-15, -7.412500000000000533 ) ) ;
#4309 = CARTESIAN_POINT ( 'NONE',  ( -1.017788105676658672, -0.5876202367904206358, 0.6291666666666667629 ) ) ;
#4310 = DIRECTION ( 'NONE',  ( -1.000000000000000000, 3.185624574414748283E-15, 5.766257318524676840E-33 ) ) ;
#4311 = CARTESIAN_POINT ( 'NONE',  ( 1.357050807568878303, -2.932007029070127676E-15, -5.725000000000000533 ) ) ;
#4312 = CARTESIAN_POINT ( 'NONE',  ( -1.357050807568878303, -2.599625443516216173E-15, -3.412500000000000089 ) ) ;
#4313 = CARTESIAN_POINT ( 'NONE',  ( 0.6785254037844397068, 1.175240473580833500, 0.8583333333333326154 ) ) ;
#4314 = CARTESIAN_POINT ( 'NONE',  ( -1.322475605676660004, 0.7635316469341305590, -5.751041666666666607 ) ) ;
#4315 = CARTESIAN_POINT ( 'NONE',  ( 0.000000000000000000, 1.500000000000000444, -7.849999999999999645 ) ) ;
#4316 = VERTEX_POINT ( 'NONE', #1965 ) ;
#4317 = CARTESIAN_POINT ( 'NONE',  ( 0.000000000000000000, 4.814824860968089633E-32, -8.349999999999999645 ) ) ;
#4318 = CARTESIAN_POINT ( 'NONE',  ( -1.357050807568878303, -2.599625443516216173E-15, -6.474999999999998757 ) ) ;
#4319 = CARTESIAN_POINT ( 'NONE',  ( 0.000000000000000000, 1.500000000000000444, -3.349999999999998757 ) ) ;
#4320 = CARTESIAN_POINT ( 'NONE',  ( 0.000000000000000000, 1.175240473580833722, -2.537499999999999645 ) ) ;
#4321 = VERTEX_POINT ( 'NONE', #1630 ) ;
#4322 = CARTESIAN_POINT ( 'NONE',  ( 0.000000000000000000, 1.175240473580833722, -6.537499999999999645 ) ) ;
#4323 = CARTESIAN_POINT ( 'NONE',  ( 0.000000000000000000, 1.500000000000000222, -8.349999999999999645 ) ) ;
#4324 = CARTESIAN_POINT ( 'NONE',  ( -0.6785254037844389297, 1.175240473580833944, 0.9416666666666669849 ) ) ;
#4325 = CARTESIAN_POINT ( 'NONE',  ( -1.342841092609245557, 0.2794000000000138595, 1.650000000000000355 ) ) ;
#4326 = EDGE_CURVE ( 'NONE', #3961, #3269, #1, .T. ) ;
#4327 = LINE ( 'NONE', #3715, #1627 ) ;
#4328 = CARTESIAN_POINT ( 'NONE',  ( -0.6785254037844394848, -1.175240473580838829, -5.829166666666666607 ) ) ;
#4329 = CARTESIAN_POINT ( 'NONE',  ( 1.357050807568877859, -2.932007029070127676E-15, -3.725000000000000089 ) ) ;
#4330 = VERTEX_POINT ( 'NONE', #4024 ) ;
#4331 = CARTESIAN_POINT ( 'NONE',  ( 0.6785254037844397068, 1.175240473580833500, -5.641666666666666607 ) ) ;
#4332 = CARTESIAN_POINT ( 'NONE',  ( -1.017788105676658672, -0.5876202367904206358, 0.5666666666666666519 ) ) ;
#4333 = CARTESIAN_POINT ( 'NONE',  ( 1.322475605676659560, -0.7635316469341363321, -4.501041666666667496 ) ) ;
#4334 = ORIENTED_EDGE ( 'NONE', *, *, #3472, .T. ) ;
#4335 = CARTESIAN_POINT ( 'NONE',  ( 0.9527917453538873316, -1.143745437437338808, -7.971852670223076309 ) ) ;
#4336 = CARTESIAN_POINT ( 'NONE',  ( 1.017788105676659116, 0.5876202367904146406, -8.183333333333333570 ) ) ;
#4337 = CARTESIAN_POINT ( 'NONE',  ( 0.000000000000000000, 1.500000000000000222, -2.287500000000000977 ) ) ;
#4338 = DIRECTION ( 'NONE',  ( -0.9203638919632231019, 0.3812272063696562907, 0.08715574274765841567 ) ) ;
#4339 = ORIENTED_EDGE ( 'NONE', *, *, #2297, .F. ) ;
#4340 = CARTESIAN_POINT ( 'NONE',  ( -1.439254484199190858E-16, -1.175240473580839051, -5.287500000000000533 ) ) ;
#4341 = LINE ( 'NONE', #3322, #291 ) ;
#4342 =( LENGTH_UNIT ( ) NAMED_UNIT ( * ) SI_UNIT ( .MILLI., .METRE. ) );
#4343 = DIRECTION ( 'NONE',  ( -0.000000000000000000, 4.984837574645996626E-17, -1.000000000000000000 ) ) ;
#4344 = CARTESIAN_POINT ( 'NONE',  ( 0.000000000000000000, 1.527063293868263338, -3.303125000000000533 ) ) ;
#4345 = CARTESIAN_POINT ( 'NONE',  ( -0.8660254037844408170, -1.500000000000005107, -7.641666666666666607 ) ) ;
#4346 = CARTESIAN_POINT ( 'NONE',  ( -7.367751860104931440E-16, -0.2312812350607418854, 1.100000000000000533 ) ) ;
#4347 =( BOUNDED_CURVE ( )  B_SPLINE_CURVE ( 2, ( #2063, #3443, #353, #1389, #2761, #2420, #3810 ),
 .UNSPECIFIED., .F., .F. ) 
 B_SPLINE_CURVE_WITH_KNOTS ( ( 3, 2, 2, 3 ),
 ( 0.4999999999999999445, 0.5083333333333331927, 0.5166666666666666075, 0.5249999999999999112 ),
 .UNSPECIFIED. ) 
 CURVE ( )  GEOMETRIC_REPRESENTATION_ITEM ( )  RATIONAL_B_SPLINE_CURVE ( ( 1.000000000000000888, 0.8660254037844378194, 1.000000000000000000, 0.8660254037844387076, 1.000000000000000000, 0.8660254037844404840, 0.9999999999999982236 ) ) 
 REPRESENTATION_ITEM ( '' )  );
#4348 = EDGE_CURVE ( 'NONE', #273, #1004, #2275, .T. ) ;
#4349 = CARTESIAN_POINT ( 'NONE',  ( 0.6785254037844387076, -1.175240473580839051, -6.245833333333333570 ) ) ;
#4350 = CARTESIAN_POINT ( 'NONE',  ( -1.017788105676658672, -0.5876202367904206358, -1.433333333333333348 ) ) ;
#4351 = CARTESIAN_POINT ( 'NONE',  ( -0.8660254037844352659, 1.500000000000008882, -7.745833333333334458 ) ) ;
#4352 = CARTESIAN_POINT ( 'NONE',  ( 0.6785254037844397068, 1.175240473580833500, -7.641666666666665719 ) ) ;
#4353 = CARTESIAN_POINT ( 'NONE',  ( -1.322475605676660226, -0.7635316469341354439, -8.636458333333333570 ) ) ;
#4354 = CARTESIAN_POINT ( 'NONE',  ( 0.8816504037844408170, 1.527063293868263116, -3.876041666666666607 ) ) ;
#4355 = CARTESIAN_POINT ( 'NONE',  ( 0.6785254037844397068, 1.175240473580833056, -7.641666666666666607 ) ) ;
#4356 = VERTEX_POINT ( 'NONE', #3660 ) ;
#4357 = CARTESIAN_POINT ( 'NONE',  ( 0.2553897671207090991, -1.439052671370093073, -7.998956104317086258 ) ) ;
#4358 = CARTESIAN_POINT ( 'NONE',  ( 1.017788105676659116, 0.5876202367904146406, -7.183333333333333570 ) ) ;
#4359 = CARTESIAN_POINT ( 'NONE',  ( -1.836970198721033385E-16, -1.500000000000005773, -5.100000000000000533 ) ) ;
#4360 = CARTESIAN_POINT ( 'NONE',  ( -1.017788105676658450, 0.5876202367904155288, 0.04583333333333348969 ) ) ;
#4361 = ORIENTED_EDGE ( 'NONE', *, *, #3630, .T. ) ;
#4362 = CARTESIAN_POINT ( 'NONE',  ( 1.017788105676659116, 0.5876202367904146406, -4.120833333333332682 ) ) ;
#4363 = FACE_OUTER_BOUND ( 'NONE', #2904, .T. ) ;
#4364 = CARTESIAN_POINT ( 'NONE',  ( 0.6785254037844397068, 1.175240473580833500, 0.8583333333333326154 ) ) ;
#4365 = CYLINDRICAL_SURFACE ( 'NONE', #341, 1.500000000000000222 ) ;
#4366 = CARTESIAN_POINT ( 'NONE',  ( -1.322475605676660004, 0.7635316469341305590, -1.719791666666667274 ) ) ;
#4367 = AXIS2_PLACEMENT_3D ( 'NONE', #912, #1296, #3663 ) ;
#4368 = FACE_OUTER_BOUND ( 'NONE', #2035, .T. ) ;
#4369 = PRODUCT_DEFINITION ( 'UNKNOWN', '', #1771, #2715 ) ;
#4370 = FACE_OUTER_BOUND ( 'NONE', #525, .T. ) ;
#4371 = CARTESIAN_POINT ( 'NONE',  ( 1.357050807568878303, -2.932007029070127676E-15, -6.662500000000000533 ) ) ;
#4372 = CARTESIAN_POINT ( 'NONE',  ( 0.000000000000000000, 1.175240473580833722, -3.100000000000000533 ) ) ;
#4373 = CARTESIAN_POINT ( 'NONE',  ( 0.8108768379124976500, -0.2781747951757074788, 1.635995844776708896 ) ) ;
#4374 = CARTESIAN_POINT ( 'NONE',  ( 1.017788105676659116, 0.5876202367904146406, -4.183333333333333570 ) ) ;
#4375 =( BOUNDED_CURVE ( )  B_SPLINE_CURVE ( 3, ( #182, #4067, #2683, #228 ),
 .UNSPECIFIED., .F., .F. ) 
 B_SPLINE_CURVE_WITH_KNOTS ( ( 4, 4 ),
 ( 4.881819945452527065, 4.917528446445841972 ),
 .UNSPECIFIED. ) 
 CURVE ( )  GEOMETRIC_REPRESENTATION_ITEM ( )  RATIONAL_B_SPLINE_CURVE ( ( 1.000000000000000000, 0.9998937447357327812, 0.9998937447357327812, 1.000000000000000000 ) ) 
 REPRESENTATION_ITEM ( '' )  );
#4376 = CARTESIAN_POINT ( 'NONE',  ( -1.870113174931186087E-16, -1.527063293868268667, -7.553124999999999645 ) ) ;
#4377 = CARTESIAN_POINT ( 'NONE',  ( -1.322475605676660004, 0.7635316469341305590, -4.751041666666666607 ) ) ;
#4378 = CARTESIAN_POINT ( 'NONE',  ( -1.299038105676660448, -0.7500000000000037748, -6.620833333333333570 ) ) ;
#4379 = EDGE_CURVE ( 'NONE', #3162, #163, #564, .T. ) ;
#4380 = ORIENTED_EDGE ( 'NONE', *, *, #4219, .F. ) ;
#4381 = CARTESIAN_POINT ( 'NONE',  ( -1.836970198721033385E-16, -1.500000000000005773, -6.599999999999999645 ) ) ;
#4382 = CARTESIAN_POINT ( 'NONE',  ( -1.439254484199190858E-16, -1.175240473580839051, -5.850000000000000533 ) ) ;
#4383 = CARTESIAN_POINT ( 'NONE',  ( 0.000000000000000000, 1.500000000000000444, -5.849999999999998757 ) ) ;
#4384 = CARTESIAN_POINT ( 'NONE',  ( -0.6785254037844394848, -1.175240473580838829, 1.170833333333332726 ) ) ;
#4385 = ORIENTED_EDGE ( 'NONE', *, *, #1484, .T. ) ;
#4386 = CARTESIAN_POINT ( 'NONE',  ( 0.6785254037844397068, 1.175240473580833056, -5.079166666666666607 ) ) ;
#4387 = DIRECTION ( 'NONE',  ( -0.01733375049386024630, -0.08714264840443980420, 0.9960450290638855897 ) ) ;
#4388 = CARTESIAN_POINT ( 'NONE',  ( 1.357050807568878303, -2.932007029070127676E-15, 0.2749999999999991895 ) ) ;
#4389 = CARTESIAN_POINT ( 'NONE',  ( -0.8816504037844398178, 1.527063293868263338, -2.261458333333334014 ) ) ;
#4390 = CARTESIAN_POINT ( 'NONE',  ( 0.8660254037844381525, -1.500000000000008882, -0.5583333333333332371 ) ) ;
#4391 = CARTESIAN_POINT ( 'NONE',  ( 1.299038105676659782, -0.7500000000000047740, -2.954166666666667940 ) ) ;
#4392 = CARTESIAN_POINT ( 'NONE',  ( 0.000000000000000000, 1.175240473580833722, -2.537499999999999645 ) ) ;
#4393 = CARTESIAN_POINT ( 'NONE',  ( -1.017788105676658672, -0.5876202367904206358, -2.870833333333333570 ) ) ;
#4394 = CARTESIAN_POINT ( 'NONE',  ( 1.017788105676658228, -0.5876202367904214130, -1.766666666666667274 ) ) ;
#4395 = CARTESIAN_POINT ( 'NONE',  ( 1.017788105676658228, -0.5876202367904214130, -4.266666666666666607 ) ) ;
#4396 = CARTESIAN_POINT ( 'NONE',  ( -0.8816504037844403729, -1.527063293868268001, -7.594791666666666607 ) ) ;
#4397 = CARTESIAN_POINT ( 'NONE',  ( 1.763300807568879858, -3.006633943393169801E-15, -5.459374999999999645 ) ) ;
#4398 = DIRECTION ( 'NONE',  ( 1.000000000000000000, -1.016858725210101539E-14, 0.000000000000000000 ) ) ;
#4399 = VERTEX_POINT ( 'NONE', #164 ) ;
#4400 = CARTESIAN_POINT ( 'NONE',  ( -1.017788105676658450, 0.5876202367904155288, -6.954166666666666607 ) ) ;
#4401 = CARTESIAN_POINT ( 'NONE',  ( 0.6785254037844397068, 1.175240473580833500, -5.641666666666666607 ) ) ;
#4402 = EDGE_CURVE ( 'NONE', #3133, #2549, #436, .T. ) ;
#4403 = EDGE_CURVE ( 'NONE', #952, #2192, #3433, .T. ) ;
#4404 = CARTESIAN_POINT ( 'NONE',  ( 0.6785254037844387076, -1.175240473580839051, 0.2541666666666664298 ) ) ;
#4405 = EDGE_LOOP ( 'NONE', ( #3027, #183, #771, #1629 ) ) ;
#4406 = CARTESIAN_POINT ( 'NONE',  ( -1.017788105676658450, 0.5876202367904155288, -1.954166666666666607 ) ) ;
#4407 = CARTESIAN_POINT ( 'NONE',  ( -1.235580393532519361, 0.5441360949820439608, -8.107881583711368023 ) ) ;
#4408 = CALENDAR_DATE ( 2026, 7, 1 ) ;
#4409 = CARTESIAN_POINT ( 'NONE',  ( -0.8660254037844372643, -1.500000000000010658, -4.079166666666666607 ) ) ;
#4410 = CARTESIAN_POINT ( 'NONE',  ( 0.000000000000000000, 1.527063293868263338, 0.6968749999999995781 ) ) ;
#4411 = CARTESIAN_POINT ( 'NONE',  ( -1.836970198721033385E-16, -1.500000000000005773, -7.599999999999998757 ) ) ;
#4412 = CARTESIAN_POINT ( 'NONE',  ( -1.299038105676660448, -0.7500000000000037748, -0.6208333333333346804 ) ) ;
#4413 = CARTESIAN_POINT ( 'NONE',  ( 1.017788105676658228, -0.5876202367904214130, -2.704166666666667052 ) ) ;
#4414 = CARTESIAN_POINT ( 'NONE',  ( 0.8660254037844410391, 1.500000000000000000, -3.891666666666666163 ) ) ;
#4415 = CARTESIAN_POINT ( 'NONE',  ( 1.017788105676658228, -0.5876202367904214130, -4.704166666666667496 ) ) ;
#4416 = CARTESIAN_POINT ( 'NONE',  ( 1.357050807568877859, -2.932007029070127676E-15, -1.724999999999999867 ) ) ;
#4417 = CARTESIAN_POINT ( 'NONE',  ( 0.6785254037844397068, 1.175240473580833500, -3.141666666666666607 ) ) ;
#4418 = CARTESIAN_POINT ( 'NONE',  ( -0.8816504037844403729, -1.527063293868268001, -6.594791666666666607 ) ) ;
#4419 = CARTESIAN_POINT ( 'NONE',  ( -1.870113174931186087E-16, -1.527063293868268667, -2.584374999999999645 ) ) ;
#4420 = CARTESIAN_POINT ( 'NONE',  ( 0.9009819863189205691, -0.7546003121330687735, -8.279759526419162796 ) ) ;
#4421 = ORIENTED_EDGE ( 'NONE', *, *, #295, .T. ) ;
#4422 = CC_DESIGN_PERSON_AND_ORGANIZATION_ASSIGNMENT ( #281, #3762, ( #4369 ) ) ;
#4423 = CARTESIAN_POINT ( 'NONE',  ( 0.6785254037844387076, -1.175240473580839051, -7.745833333333333570 ) ) ;
#4424 = CARTESIAN_POINT ( 'NONE',  ( -0.6785254037844389297, 1.175240473580833944, -5.058333333333333570 ) ) ;
#4425 = CARTESIAN_POINT ( 'NONE',  ( -0.2175686711581990840, 0.5252572366576314655, 1.650000000000000355 ) ) ;
#4426 = DIRECTION ( 'NONE',  ( 0.9238795325112906243, 0.3826834323650803449, 0.000000000000000000 ) ) ;
#4427 = ORIENTED_EDGE ( 'NONE', *, *, #1679, .T. ) ;
#4428 = CARTESIAN_POINT ( 'NONE',  ( -1.357050807568877859, -2.599625443516215778E-15, -1.412500000000000311 ) ) ;
#4429 = CARTESIAN_POINT ( 'NONE',  ( 1.299038105676661115, 0.7499999999999977796, -5.433333333333333570 ) ) ;
#4430 = ADVANCED_FACE ( 'NONE', ( #1403 ), #4154, .T. ) ;
#4431 = ADVANCED_FACE ( 'NONE', ( #1951 ), #4031, .T. ) ;
#4432 = CARTESIAN_POINT ( 'NONE',  ( 0.000000000000000000, 1.500000000000000444, -4.850000000000000533 ) ) ;
#4433 = APPROVAL_PERSON_ORGANIZATION ( #3441, #559, #1030 ) ;
#4434 = CARTESIAN_POINT ( 'NONE',  ( 0.000000000000000000, 1.500000000000000444, -0.8499999999999996447 ) ) ;
#4435 = DIRECTION ( 'NONE',  ( -0.000000000000000000, 4.984837574645996626E-17, -1.000000000000000000 ) ) ;
#4436 = CARTESIAN_POINT ( 'NONE',  ( 1.351959892270765184, 0.2312812350607419687, 1.100000000000000533 ) ) ;
#4437 = ADVANCED_FACE ( 'NONE', ( #594, #1638 ), #1972, .F. ) ;
#4438 = CARTESIAN_POINT ( 'NONE',  ( 0.000000000000000000, 1.175240473580833722, -0.5374999999999997558 ) ) ;
#4439 = LINE ( 'NONE', #3400, #1137 ) ;
#4440 = CARTESIAN_POINT ( 'NONE',  ( -0.6785254037844394848, -1.175240473580838829, -4.329166666666666607 ) ) ;
#4441 = CARTESIAN_POINT ( 'NONE',  ( 1.357050807568877859, -2.932007029070127676E-15, -0.7249999999999999778 ) ) ;
#4442 = CARTESIAN_POINT ( 'NONE',  ( -0.6785254037844394848, -1.175240473580838829, -2.891666666666666607 ) ) ;
#4443 = CARTESIAN_POINT ( 'NONE',  ( -0.8816504037844398178, 1.527063293868263338, -6.261458333333334458 ) ) ;
#4444 = CARTESIAN_POINT ( 'NONE',  ( -1.322475605676660004, 0.7635316469341305590, -0.7510416666666663854 ) ) ;
#4445 = ORIENTED_EDGE ( 'NONE', *, *, #2411, .F. ) ;
#4446 = CARTESIAN_POINT ( 'NONE',  ( -1.017788105676658672, -0.5876202367904206358, -7.870833333333333570 ) ) ;
#4447 = CARTESIAN_POINT ( 'NONE',  ( 0.6785254037844397068, 1.175240473580833500, -4.141666666666666607 ) ) ;
#4448 = DIRECTION ( 'NONE',  ( 0.000000000000000000, 1.000000000000000000, 0.000000000000000000 ) ) ;
#4449 = CARTESIAN_POINT ( 'NONE',  ( 0.2793999999999974282, -0.8111205463046251563, 1.650000000000000355 ) ) ;
#4450 = EDGE_LOOP ( 'NONE', ( #36, #2963 ) ) ;
#4451 = CARTESIAN_POINT ( 'NONE',  ( 0.6785254037844397068, 1.175240473580833056, -1.579166666666666829 ) ) ;
#4452 = CARTESIAN_POINT ( 'NONE',  ( 1.732050807568880746, -3.000893411522166591E-15, -2.412500000000000977 ) ) ;
#4453 = DATE_AND_TIME ( #4119, #1696 ) ;
#4454 = CARTESIAN_POINT ( 'NONE',  ( -1.836970198721033385E-16, -1.500000000000005551, -2.037500000000000533 ) ) ;
#4455 = LINE ( 'NONE', #1367, #336 ) ;
#4456 = ORIENTED_EDGE ( 'NONE', *, *, #242, .F. ) ;
#4457 = CYLINDRICAL_SURFACE ( 'NONE', #225, 1.500000000000000222 ) ;
#4458 = LINE ( 'NONE', #84, #297 ) ;
#4459 = CARTESIAN_POINT ( 'NONE',  ( -0.8660254037844401509, 1.500000000000000222, -1.245833333333334236 ) ) ;
#4460 = EDGE_CURVE ( 'NONE', #3337, #3919, #1623, .T. ) ;
#4461 = CARTESIAN_POINT ( 'NONE',  ( 1.357050807568878303, -2.932007029070127676E-15, -3.162500000000000533 ) ) ;
#4462 = CARTESIAN_POINT ( 'NONE',  ( 0.000000000000000000, 1.475982003772366631E-16, 1.650000000000000355 ) ) ;
#4463 = CARTESIAN_POINT ( 'NONE',  ( -1.017788105676658672, -0.5876202367904206358, -0.9333333333333337922 ) ) ;
#4464 = CARTESIAN_POINT ( 'NONE',  ( 0.8816504037844393737, -1.527063293868269112, -4.011458333333334458 ) ) ;
#4465 = CARTESIAN_POINT ( 'NONE',  ( -1.870113174931186087E-16, -1.527063293868268667, -0.5843749999999998668 ) ) ;
ENDSEC;
END-ISO-10303-21;
