ISO-10303-21;
HEADER;
FILE_DESCRIPTION (( 'STEP AP203' ),
    '1' );
FILE_NAME ('99461A966_Phillips Rounded Head Thread-Forming Screws.STEP',
    '2026-01-09T02:15:35',
    ( 'McMaster Carr Supply' ),
    ( 'McMaster Carr Supply' ),
    'SwSTEP 2.0',
    'SolidWorks 2024',
    '' );
FILE_SCHEMA (( 'CONFIG_CONTROL_DESIGN' ));
ENDSEC;

DATA;
#1 = DIRECTION ( 'NONE',  ( 0.000000000000000000, 0.000000000000000000, 1.000000000000000000 ) ) ;
#2 = DIRECTION ( 'NONE',  ( 0.000000000000000000, 0.000000000000000000, 1.000000000000000000 ) ) ;
#3 = CARTESIAN_POINT ( 'NONE',  ( 0.9864004998515547573, 0.7166619127879000350, -11.41842279678083116 ) ) ;
#4 = CARTESIAN_POINT ( 'NONE',  ( -1.140836513298521870, 6.985608921807307526E-17, -2.092800992617013467 ) ) ;
#5 = CARTESIAN_POINT ( 'NONE',  ( 1.062066823462631371, -0.3325000000000039035, 1.199999999999999734 ) ) ;
#6 = CARTESIAN_POINT ( 'NONE',  ( 1.916730591506565107, -0.5710900450742393275, 1.224230979255596097 ) ) ;
#7 = EDGE_CURVE ( 'NONE', #953, #3859, #2909, .T. ) ;
#8 = CARTESIAN_POINT ( 'NONE',  ( -0.9864004998515548683, -0.7166619127879001461, -12.31342279678083074 ) ) ;
#9 = CARTESIAN_POINT ( 'NONE',  ( -1.420080017511287505E-16, -1.159583333333335409, -8.464922796780831149 ) ) ;
#10 = DIRECTION ( 'NONE',  ( -0.000000000000000000, -2.316899349738235597E-17, 1.000000000000000000 ) ) ;
#11 = CARTESIAN_POINT ( 'NONE',  ( -1.328741777074880588E-16, -1.085000000000001741, 1.425000000000000933 ) ) ;
#12 = CARTESIAN_POINT ( 'NONE',  ( -1.031896320180243354, -0.3352834388968184420, -3.793300992617014256 ) ) ;
#13 = ORIENTED_EDGE ( 'NONE', *, *, #3931, .F. ) ;
#14 = DIRECTION ( 'NONE',  ( -0.3826834323651023273, -0.9238795325112815204, -2.140535888111853690E-17 ) ) ;
#15 = CARTESIAN_POINT ( 'NONE',  ( -1.066199735695178896, -0.4559074802500834300, -1.637828151971328028 ) ) ;
#16 = CARTESIAN_POINT ( 'NONE',  ( -2.102924448476535257, 1.287669847337751433E-16, -1.527233829641838847 ) ) ;
#17 = CARTESIAN_POINT ( 'NONE',  ( 1.102829285353923883, 0.3583309563939498510, -1.958378195836191216 ) ) ;
#18 = DIRECTION ( 'NONE',  ( 1.000000000000000000, 0.000000000000000000, 0.000000000000000000 ) ) ;
#19 = ORIENTED_EDGE ( 'NONE', *, *, #4291, .T. ) ;
#20 = CARTESIAN_POINT ( 'NONE',  ( 0.3183300942304533310, 1.046062756350056189, -4.922874456970137480 ) ) ;
#21 = PERSON_AND_ORGANIZATION ( #2711, #1562 ) ;
#22 = CARTESIAN_POINT ( 'NONE',  ( -1.175570504584946940, 1.618033988749895569, -7.016567162975174021 ) ) ;
#23 = VECTOR ( 'NONE', #4333, 1000.000000000000227 ) ;
#24 = CARTESIAN_POINT ( 'NONE',  ( -0.9374836402961137516, -0.8424548784242112953, -11.70751841206814348 ) ) ;
#25 = CARTESIAN_POINT ( 'NONE',  ( 0.3767714644234080867, -1.159583333333335631, -9.565878195836189590 ) ) ;
#26 = APPROVAL_PERSON_ORGANIZATION ( #2746, #1350, #370 ) ;
#27 = CARTESIAN_POINT ( 'NONE',  ( 0.000000000000000000, -3.429011037612588290E-16, 2.799999999999999378 ) ) ;
#28 = CARTESIAN_POINT ( 'NONE',  ( 0.000000000000000000, -3.429011037612588783E-16, 2.799999999999999822 ) ) ;
#29 = CARTESIAN_POINT ( 'NONE',  ( -0.5461851752634754309, -0.5461851752634777624, 1.200000000000000178 ) ) ;
#30 = CARTESIAN_POINT ( 'NONE',  ( 0.6815859821374818939, 0.9381226230606178884, -12.51937819583619138 ) ) ;
#31 = AXIS2_PLACEMENT_3D ( 'NONE', #4280, #1536, #1167 ) ;
#32 = CARTESIAN_POINT ( 'NONE',  ( 1.219258070856293008, -2.239740740713103683E-16, -13.38742279678082880 ) ) ;
#33 = CARTESIAN_POINT ( 'NONE',  ( -1.420080017511287505E-16, -1.159583333333335409, -3.094922796780830598 ) ) ;
#34 = DIRECTION ( 'NONE',  ( -0.000000000000000000, -2.316899349738235597E-17, 1.000000000000000000 ) ) ;
#35 = FACE_OUTER_BOUND ( 'NONE', #132, .T. ) ;
#36 = CARTESIAN_POINT ( 'NONE',  ( 1.902113032590307728, -0.6180339887498953466, -9.522567162975173360 ) ) ;
#37 = ORIENTED_EDGE ( 'NONE', *, *, #4216, .F. ) ;
#38 = CARTESIAN_POINT ( 'NONE',  ( -0.3525378704127041241, -1.085000000000001741, -14.26480099261701184 ) ) ;
#39 = CARTESIAN_POINT ( 'NONE',  ( 1.102829285353923661, -0.3583309563939502396, -4.526922796780831426 ) ) ;
#40 = CARTESIAN_POINT ( 'NONE',  ( 1.175570504584947384, 1.618033988749895347, -3.943733829641839161 ) ) ;
#41 = CARTESIAN_POINT ( 'NONE',  ( -1.420080017511287505E-16, -1.159583333333335409, -0.7053781958361905469 ) ) ;
#42 = ADVANCED_BREP_SHAPE_REPRESENTATION ( '99461A966_Phillips Rounded Head Thread-Forming Screws', ( #332, #2653 ), #2806 ) ;
#43 = EDGE_CURVE ( 'NONE', #3609, #3264, #3429, .T. ) ;
#44 = CARTESIAN_POINT ( 'NONE',  ( 3.786788911569441456E-05, 1.084999998661314358, -6.120470394385433721 ) ) ;
#45 = ORIENTED_EDGE ( 'NONE', *, *, #3986, .F. ) ;
#46 = CARTESIAN_POINT ( 'NONE',  ( 0.4047657276914660707, -1.010843882470240152, -5.626026412344789840 ) ) ;
#47 = CARTESIAN_POINT ( 'NONE',  ( 1.902113032590307728, -0.6180339887498953466, -4.152567162975174142 ) ) ;
#48 = CARTESIAN_POINT ( 'NONE',  ( 1.520301929624594761, -0.3454436120262304732, -11.16819980065410434 ) ) ;
#49 = CARTESIAN_POINT ( 'NONE',  ( 0.9864004998515545353, -0.7166619127879003681, -9.386878195836192873 ) ) ;
#50 = VERTEX_POINT ( 'NONE', #3588 ) ;
#51 = CARTESIAN_POINT ( 'NONE',  ( 0.6377469987373343141, -0.8777834388968194235, -10.41630099261701403 ) ) ;
#52 = DIRECTION ( 'NONE',  ( -0.000000000000000000, -2.316899349738235597E-17, 1.000000000000000000 ) ) ;
#53 = CARTESIAN_POINT ( 'NONE',  ( -1.102829285353923883, 0.3583309563939501841, -11.98237819583619057 ) ) ;
#54 = CARTESIAN_POINT ( 'NONE',  ( 0.3767714644234080867, -1.159583333333335631, -13.74542279678083112 ) ) ;
#55 = CARTESIAN_POINT ( 'NONE',  ( -1.701301616704080644, 1.236067977499790249, -8.866233829641839037 ) ) ;
#56 = CARTESIAN_POINT ( 'NONE',  ( -0.6377469987373345361, -0.8777834388968193124, -0.5439999999999993729 ) ) ;
#57 = CARTESIAN_POINT ( 'NONE',  ( 0.000000000000000000, -2.832119842636276399E-16, 0.2237500000000017253 ) ) ;
#58 = ORIENTED_EDGE ( 'NONE', *, *, #2253, .F. ) ;
#59 = CARTESIAN_POINT ( 'NONE',  ( -1.140836513298521870, 6.985608921807308758E-17, -14.62280099261701238 ) ) ;
#60 = DIRECTION ( 'NONE',  ( -0.000000000000000000, -2.316899349738235597E-17, 1.000000000000000000 ) ) ;
#61 = CARTESIAN_POINT ( 'NONE',  ( -0.6498393924658131260, -2.000000000000000444, -9.970067162975174924 ) ) ;
#62 = CARTESIAN_POINT ( 'NONE',  ( -0.3767714644234084753, -1.159583333333334965, -2.584878195836191495 ) ) ;
#63 = LINE ( 'NONE', #1459, #3130 ) ;
#64 = EDGE_LOOP ( 'NONE', ( #2416, #4110, #405, #4016 ) ) ;
#65 = EDGE_CURVE ( 'NONE', #256, #1983, #2271, .T. ) ;
#66 = CARTESIAN_POINT ( 'NONE',  ( -0.6498393924658131260, -2.000000000000000444, -6.390067162975173076 ) ) ;
#67 = CARTESIAN_POINT ( 'NONE',  ( -0.3092071199964047112, -1.308558202834233075, -11.55759672111094893 ) ) ;
#68 = CARTESIAN_POINT ( 'NONE',  ( -0.6815859821374815608, 0.9381226230606178884, -8.581378195836190770 ) ) ;
#69 = DIRECTION ( 'NONE',  ( -0.000000000000000000, 1.224646799147353207E-16, -1.000000000000000000 ) ) ;
#70 = CARTESIAN_POINT ( 'NONE',  ( -1.060714427037522389, -0.3535466511148880886, -4.301358453030806217 ) ) ;
#71 = CARTESIAN_POINT ( 'NONE',  ( 0.3767714644234087529, 1.159583333333335631, -12.42987819583619036 ) ) ;
#72 = ORIENTED_EDGE ( 'NONE', *, *, #1976, .F. ) ;
#73 = CARTESIAN_POINT ( 'NONE',  ( 1.031896320180243132, -0.3352834388968186641, 0.5026990073829871175 ) ) ;
#74 = LINE ( 'NONE', #1106, #2436 ) ;
#75 = VECTOR ( 'NONE', #1326, 1000.000000000000114 ) ;
#76 = DIRECTION ( 'NONE',  ( 1.000000000000000000, 0.000000000000000000, 0.000000000000000000 ) ) ;
#77 = CARTESIAN_POINT ( 'NONE',  ( -1.902113032590307728, 0.6180339887498951246, -13.99756716297517478 ) ) ;
#78 = ORIENTED_EDGE ( 'NONE', *, *, #4040, .F. ) ;
#79 = VECTOR ( 'NONE', #2044, 1000.000000000000000 ) ;
#80 = CARTESIAN_POINT ( 'NONE',  ( 0.3525378704127042351, 1.085000000000001741, -13.36980099261701405 ) ) ;
#81 = DIRECTION ( 'NONE',  ( 1.000000000000000000, 0.000000000000000000, 0.000000000000000000 ) ) ;
#82 = CARTESIAN_POINT ( 'NONE',  ( 1.175570504584946718, -1.618033988749895569, 0.8892661703581612453 ) ) ;
#83 = CARTESIAN_POINT ( 'NONE',  ( -0.9229561270619648372, -0.6705668777936369951, -9.583500000000000796 ) ) ;
#84 = DIRECTION ( 'NONE',  ( -0.000000000000000000, -2.316899349738235597E-17, 1.000000000000000000 ) ) ;
#85 = ORIENTED_EDGE ( 'NONE', *, *, #4440, .T. ) ;
#86 = CARTESIAN_POINT ( 'NONE',  ( -1.701301616704080644, 1.236067977499790471, -14.23623382964184003 ) ) ;
#87 = FACE_BOUND ( 'NONE', #3900, .T. ) ;
#88 = CARTESIAN_POINT ( 'NONE',  ( 0.1046619781567685870, -1.377659243945235756, -11.48272653753152106 ) ) ;
#89 = CARTESIAN_POINT ( 'NONE',  ( -1.175570504584947162, -1.618033988749895347, -3.048733829641839144 ) ) ;
#90 = EDGE_CURVE ( 'NONE', #4464, #3838, #472, .T. ) ;
#91 = CARTESIAN_POINT ( 'NONE',  ( 0.3767714644234080867, -1.159583333333335631, -11.35587819583619051 ) ) ;
#92 = ORIENTED_EDGE ( 'NONE', *, *, #2091, .T. ) ;
#93 = ORIENTED_EDGE ( 'NONE', *, *, #486, .F. ) ;
#94 = CARTESIAN_POINT ( 'NONE',  ( 0.6739050170436026166, -0.9436554111262811517, -11.86817440462188067 ) ) ;
#95 = DIRECTION ( 'NONE',  ( -0.000000000000000000, -1.836970198721029441E-16, 1.000000000000000000 ) ) ;
#96 = CARTESIAN_POINT ( 'NONE',  ( 1.102829285353923883, -0.3583309563939503506, -9.297378195836191850 ) ) ;
#97 = EDGE_CURVE ( 'NONE', #690, #298, #3944, .T. ) ;
#98 = CARTESIAN_POINT ( 'NONE',  ( 1.219258070856293008, -2.239740740713103683E-16, -11.59742279678083321 ) ) ;
#99 = CARTESIAN_POINT ( 'NONE',  ( -2.449293598294707893E-16, -2.000000000000000888, -8.239733829641840757 ) ) ;
#100 = CARTESIAN_POINT ( 'NONE',  ( 2.060351236429055573E-06, -1.084999999998045528, -5.225300469559397420 ) ) ;
#101 = CIRCLE ( 'NONE', #3879, 1.085000000000001741 ) ;
#102 = CARTESIAN_POINT ( 'NONE',  ( 0.6498393924658125709, -2.000000000000000888, -11.58106716297517380 ) ) ;
#103 = ORIENTED_EDGE ( 'NONE', *, *, #1441, .T. ) ;
#104 = CARTESIAN_POINT ( 'NONE',  ( 1.140836513298521870, -2.095682676542192134E-16, -13.72780099261701636 ) ) ;
#105 = CARTESIAN_POINT ( 'NONE',  ( 0.9722802851656037193, -0.4997696323100624394, -9.004639734291874476 ) ) ;
#106 = CARTESIAN_POINT ( 'NONE',  ( 1.701301616704080200, -1.236067977499790693, -7.822067162975173460 ) ) ;
#107 = CARTESIAN_POINT ( 'NONE',  ( -0.3525378704127041241, -1.085000000000001741, -7.614499999999998714 ) ) ;
#108 = CARTESIAN_POINT ( 'NONE',  ( -0.8337194802661007653, 0.7315131623763511115, -8.176522573049213705 ) ) ;
#109 = VERTEX_POINT ( 'NONE', #3650 ) ;
#110 = CARTESIAN_POINT ( 'NONE',  ( -1.175570504584947162, -1.618033988749895347, -11.99873382964183932 ) ) ;
#111 = CARTESIAN_POINT ( 'NONE',  ( 0.6815859821374817828, 0.9381226230606176664, -8.939378195836193086 ) ) ;
#112 = CARTESIAN_POINT ( 'NONE',  ( -1.701301616704080644, 1.236067977499790471, 0.2329328370248260893 ) ) ;
#113 = CARTESIAN_POINT ( 'NONE',  ( 0.01829474163673211126, -1.084999850715187453, -7.520355118613238687 ) ) ;
#114 = CARTESIAN_POINT ( 'NONE',  ( -1.902113032590307728, 0.6180339887498951246, -3.406733829641840128 ) ) ;
#115 = CARTESIAN_POINT ( 'NONE',  ( -0.6815859821374816718, -0.9381226230606176664, -6.254378195836190812 ) ) ;
#116 = CARTESIAN_POINT ( 'NONE',  ( -1.420080017511287505E-16, -1.159583333333335409, -10.25492279678083207 ) ) ;
#117 =( BOUNDED_CURVE ( )  B_SPLINE_CURVE ( 2, ( #1067, #1363, #2101, #3434, #2458, #3857, #999 ),
 .UNSPECIFIED., .F., .T. ) 
 B_SPLINE_CURVE_WITH_KNOTS ( ( 3, 2, 2, 3 ),
 ( 0.1971169719564688227, 0.2068019461828224381, 0.2182909431929792310, 0.2297792339299820075 ),
 .UNSPECIFIED. ) 
 CURVE ( )  GEOMETRIC_REPRESENTATION_ITEM ( )  RATIONAL_B_SPLINE_CURVE ( ( 0.9870430993522171237, 0.9587417093232470933, 1.000000000000000000, 0.9510565162951535312, 1.000000000000000000, 0.9510595250407015699, 0.9999939828788224627 ) ) 
 REPRESENTATION_ITEM ( '' )  );
#118 = CARTESIAN_POINT ( 'NONE',  ( 2.060351236429055573E-06, -1.084999999998045528, -5.225300469559397420 ) ) ;
#119 = CARTESIAN_POINT ( 'NONE',  ( -0.9864004998515550904, -0.7166619127879002571, -8.133878195836190983 ) ) ;
#120 =( BOUNDED_CURVE ( )  B_SPLINE_CURVE ( 2, ( #2033, #2705, #3409, #2139, #3849, #2515, #1057, #91, #3513, #3892, #3153, #2450, #2818, #395, #3535, #2182, #352, #3827, #716, #2115, #438, #1837, #3491, #972, #373, #2370, #1795, #25, #3176, #49, #3743, #1444, #634, #2493, #2840, #1100, #417, #3869, #68, #1142, #2225, #1860, #3620, #820, #4257, #863, #3913, #2538, #799, #4300, #3601, #2205, #2602, #504, #3580, #3978, #1903, #2624, #460, #1164, #3240, #2921, #2246, #1211, #115, #2945, #3283, #1186, #1952, #1881, #4326, #3263, #4348, #2267, #3642, #527, #1514, #483, #138, #2901, #3330, #162, #4278, #3308, #888, #2558, #1534, #3935, #1556, #4002, #1926, #2580, #187, #2290, #1580, #3957, #2965, #553, #841, #1233, #3665, #1489, #2880, #3686, #669, #3038, #4050, #4095, #2382, #2696, #2988, #625, #257, #4071, #961, #233, #4419 ),
 .UNSPECIFIED., .F., .F. ) 
 B_SPLINE_CURVE_WITH_KNOTS ( ( 3, 2, 2, 2, 2, 2, 2, 2, 2, 2, 2, 2, 2, 2, 2, 2, 2, 2, 2, 2, 2, 2, 2, 2, 2, 2, 2, 2, 2, 2, 2, 2, 2, 2, 2, 2, 2, 2, 2, 2, 2, 2, 2, 2, 2, 2, 2, 2, 2, 2, 2, 2, 2, 2, 2, 2, 2, 2, 3 ),
 ( 0.1451622423732670530, 0.1493571277153155075, 0.1608461375395704995, 0.1723351473638254916, 0.1838241571880804837, 0.1953131670123354757, 0.2068021768365904678, 0.2182911866608454599, 0.2297801964851004519, 0.2412692063093554440, 0.2527582161336103805, 0.2642472259578654281, 0.2757362357821204202, 0.2872252456063754122, 0.2987142554306303488, 0.3102032652548853964, 0.3216922750791403884, 0.3331812849033953805, 0.3446702947276503171, 0.3561593045519053646, 0.3676483143761603567, 0.3791373242004152933, 0.3906263340246702853, 0.4021153438489253329, 0.4136043536731802694, 0.4250933634974353170, 0.4365823733216902536, 0.4480713831459453012, 0.4595603929702002377, 0.4710494027944552853, 0.4825384126187102218, 0.4940274224429652694, 0.5055164322672202060, 0.5170054420914752535, 0.5284944519157301901, 0.5399834617399852377, 0.5514724715642401742, 0.5629614813884952218, 0.5744504912127501584, 0.5859395010370052059, 0.5974285108612601425, 0.6089175206855151901, 0.6204065305097701266, 0.6318955403340251742, 0.6433845501582801107, 0.6548735599825350473, 0.6663625698067900949, 0.6778515796310450314, 0.6893405894552999680, 0.7008295992795550156, 0.7123186091038099521, 0.7238076189280649997, 0.7352966287523200473, 0.7467856385765749838, 0.7582746484008299204, 0.7697636582250849679, 0.7812526680493399045, 0.7927416778735950631, 0.8017719770246544142 ),
 .UNSPECIFIED. ) 
 CURVE ( )  GEOMETRIC_REPRESENTATION_ITEM ( )  RATIONAL_B_SPLINE_CURVE ( ( 0.9773090364576246802, 0.9821296782296413674, 1.000000000000000000, 0.9510565162951535312, 1.000000000000000000, 0.9510565162951535312, 1.000000000000000000, 0.9510565162951535312, 1.000000000000000000, 0.9510565162951535312, 1.000000000000000000, 0.9510565162951535312, 1.000000000000000000, 0.9510565162951535312, 1.000000000000000000, 0.9510565162951535312, 1.000000000000000000, 0.9510565162951535312, 1.000000000000000000, 0.9510565162951535312, 1.000000000000000000, 0.9510565162951535312, 1.000000000000000000, 0.9510565162951535312, 1.000000000000000000, 0.9510565162951535312, 1.000000000000000000, 0.9510565162951535312, 1.000000000000000000, 0.9510565162951535312, 1.000000000000000000, 0.9510565162951535312, 1.000000000000000000, 0.9510565162951535312, 1.000000000000000000, 0.9510565162951535312, 1.000000000000000000, 0.9510565162951535312, 1.000000000000000000, 0.9510565162951535312, 1.000000000000000000, 0.9510565162951535312, 1.000000000000000000, 0.9510565162951535312, 1.000000000000000000, 0.9510565162951535312, 1.000000000000000000, 0.9510565162951535312, 1.000000000000000000, 0.9510565162951535312, 1.000000000000000000, 0.9510565162951535312, 1.000000000000000000, 0.9510565162951535312, 1.000000000000000000, 0.9510565162951535312, 1.000000000000000000, 0.9510565162951535312, 1.000000000000000000, 0.9510565162951535312, 1.000000000000000000, 0.9510565162951535312, 1.000000000000000000, 0.9510565162951535312, 1.000000000000000000, 0.9510565162951535312, 1.000000000000000000, 0.9510565162951535312, 1.000000000000000000, 0.9510565162951535312, 1.000000000000000000, 0.9510565162951535312, 1.000000000000000000, 0.9510565162951535312, 1.000000000000000000, 0.9510565162951535312, 1.000000000000000000, 0.9510565162951535312, 1.000000000000000000, 0.9510565162951535312, 1.000000000000000000, 0.9510565162951535312, 1.000000000000000000, 0.9510565162951535312, 1.000000000000000000, 0.9510565162951535312, 1.000000000000000000, 0.9510565162951535312, 1.000000000000000000, 0.9510565162951535312, 1.000000000000000000, 0.9510565162951535312, 1.000000000000000000, 0.9510565162951535312, 1.000000000000000000, 0.9510565162951535312, 1.000000000000000000, 0.9510565162951535312, 1.000000000000000000, 0.9510565162951535312, 1.000000000000000000, 0.9510565162951535312, 1.000000000000000000, 0.9510565162951535312, 1.000000000000000000, 0.9510565162951535312, 1.000000000000000000, 0.9510565162951535312, 1.000000000000000000, 0.9510565162951535312, 1.000000000000000000, 0.9510565162951535312, 1.000000000000000000, 0.9510565162951535312, 1.000000000000000000, 0.9615306883612639854, 0.9835347155997786750 ) ) 
 REPRESENTATION_ITEM ( '' )  );
#121 = CARTESIAN_POINT ( 'NONE',  ( 0.9864004998515546463, -0.7166619127879003681, -6.406422796780830708 ) ) ;
#122 = CARTESIAN_POINT ( 'NONE',  ( 0.6498393924658134591, 2.000000000000000444, -9.224233829641839577 ) ) ;
#123 = ADVANCED_FACE ( 'NONE', ( #1221 ), #2133, .T. ) ;
#124 = ORIENTED_EDGE ( 'NONE', *, *, #2775, .T. ) ;
#125 = CARTESIAN_POINT ( 'NONE',  ( -0.3525378704127038465, 1.085000000000001741, -6.030800992617013634 ) ) ;
#126 = CARTESIAN_POINT ( 'NONE',  ( 1.175570504584946718, -1.618033988749895569, -11.49156716297517455 ) ) ;
#127 = ORIENTED_EDGE ( 'NONE', *, *, #2910, .T. ) ;
#128 = CARTESIAN_POINT ( 'NONE',  ( 0.6377469987373346472, 0.8777834388968193124, -13.45930099261701507 ) ) ;
#129 = CARTESIAN_POINT ( 'NONE',  ( -3.457824547736949867E-12, -1.085000000000001741, -9.315000000015379200 ) ) ;
#130 = CARTESIAN_POINT ( 'NONE',  ( 0.000000000000000000, 2.000000000000000888, -0.1847338296418390424 ) ) ;
#131 = CARTESIAN_POINT ( 'NONE',  ( -0.6377469987373345361, -0.8777834388968193124, -9.493999999999999773 ) ) ;
#132 = EDGE_LOOP ( 'NONE', ( #2375, #1044, #4070 ) ) ;
#133 = CARTESIAN_POINT ( 'NONE',  ( 2.102924448476535257, -3.863009542013253312E-16, -13.16223382964184019 ) ) ;
#134 = CARTESIAN_POINT ( 'NONE',  ( -0.6815859821374815608, 0.9381226230606178884, -12.16137819583619084 ) ) ;
#135 = CARTESIAN_POINT ( 'NONE',  ( -1.902113032590307728, 0.6180339887498951246, 0.3224328370248271680 ) ) ;
#136 = CARTESIAN_POINT ( 'NONE',  ( -1.155357523949571474, -0.09890651544585064847, -11.86817440462182383 ) ) ;
#137 = CARTESIAN_POINT ( 'NONE',  ( 1.175570504584946718, -1.618033988749895569, 0.8892661703581612453 ) ) ;
#138 = CARTESIAN_POINT ( 'NONE',  ( -0.6815859821374815608, 0.9381226230606178884, -5.001378195836191587 ) ) ;
#139 = CARTESIAN_POINT ( 'NONE',  ( -0.6815859821374816718, -0.9381226230606176664, -10.43392279678083057 ) ) ;
#140 = CARTESIAN_POINT ( 'NONE',  ( 0.3324999999999965206, -1.062066823462630927, 1.199999999999999734 ) ) ;
#141 = CARTESIAN_POINT ( 'NONE',  ( 0.3767714644234081423, -1.159583333333335853, -2.405878195836191225 ) ) ;
#142 = CARTESIAN_POINT ( 'NONE',  ( 0.3767714644234080867, -1.159583333333335631, -4.795422796780830055 ) ) ;
#143 = CARTESIAN_POINT ( 'NONE',  ( 2.102924448476535257, -3.863009542013253312E-16, -6.002233829641839158 ) ) ;
#144 = CARTESIAN_POINT ( 'NONE',  ( 0.9229561270619647262, -0.6705668777936371061, -3.166800992617013755 ) ) ;
#145 = CARTESIAN_POINT ( 'NONE',  ( 2.102924448476535257, -3.863009542013253312E-16, -4.063067162975173119 ) ) ;
#146 = ORIENTED_EDGE ( 'NONE', *, *, #3025, .T. ) ;
#147 = EDGE_CURVE ( 'NONE', #368, #3821, #3022, .T. ) ;
#148 = CARTESIAN_POINT ( 'NONE',  ( 1.031896320180243354, 0.3352834388968182755, -6.478300992617014309 ) ) ;
#149 = CARTESIAN_POINT ( 'NONE',  ( -0.6815859821374815608, 0.9381226230606178884, -14.55092279678083145 ) ) ;
#150 = CARTESIAN_POINT ( 'NONE',  ( -1.902113032590308173, -0.6180339887498949025, 0.3522661703581602688 ) ) ;
#151 = CARTESIAN_POINT ( 'NONE',  ( 1.031896320180243132, -0.3352834388968186641, -8.956999999999998963 ) ) ;
#152 = AXIS2_PLACEMENT_3D ( 'NONE', #2622, #4298, #4276 ) ;
#153 = VERTEX_POINT ( 'NONE', #609 ) ;
#154 = EDGE_CURVE ( 'NONE', #1143, #573, #1062, .T. ) ;
#155 = CARTESIAN_POINT ( 'NONE',  ( -0.9229561270619647262, -0.6705668777936368841, -7.283800992617011971 ) ) ;
#156 = CARTESIAN_POINT ( 'NONE',  ( -1.102829285353923883, -0.3583309563939500175, -1.662922796780831325 ) ) ;
#157 = VECTOR ( 'NONE', #2161, 1000.000000000000000 ) ;
#158 = CARTESIAN_POINT ( 'NONE',  ( 0.000000000000000000, 1.159583333333335409, -12.34037819583619111 ) ) ;
#159 = CARTESIAN_POINT ( 'NONE',  ( -0.6498393924658131260, -2.000000000000000444, -1.020067162975172748 ) ) ;
#160 = CARTESIAN_POINT ( 'NONE',  ( 0.3145345239748941757, -1.046593619962777222, -7.442421336434140500 ) ) ;
#161 = CARTESIAN_POINT ( 'NONE',  ( 1.175570504584947384, 1.618033988749895347, -3.943733829641839161 ) ) ;
#162 = CARTESIAN_POINT ( 'NONE',  ( -1.219258070856292786, 7.465802469043678121E-17, -4.732878195836188517 ) ) ;
#163 = CARTESIAN_POINT ( 'NONE',  ( 0.000000000000000000, 1.159583333333335409, -7.569922796780831575 ) ) ;
#164 = CARTESIAN_POINT ( 'NONE',  ( -1.964039045468562339, 0.3775587740669543724, -10.38274297513777533 ) ) ;
#165 = CARTESIAN_POINT ( 'NONE',  ( -0.3767714644234085308, -1.159583333333335631, -4.374878195836190642 ) ) ;
#166 = CARTESIAN_POINT ( 'NONE',  ( -0.3767714644234084753, -1.159583333333334965, -8.554422796780828619 ) ) ;
#167 = CARTESIAN_POINT ( 'NONE',  ( -1.701301616704080644, 1.236067977499790249, -1.706233829641839339 ) ) ;
#168 = ORIENTED_EDGE ( 'NONE', *, *, #1213, .T. ) ;
#169 = CARTESIAN_POINT ( 'NONE',  ( 7.891820033768399189E-06, 1.084999999941005600, -2.540336538185393955 ) ) ;
#170 = CARTESIAN_POINT ( 'NONE',  ( 2.102924448476535257, -3.863009542013253312E-16, -7.643067162975173190 ) ) ;
#171 = VECTOR ( 'NONE', #2796, 1000.000000000000114 ) ;
#172 = CARTESIAN_POINT ( 'NONE',  ( -1.056512926297259458, 0.2848913551573959979, -2.679483720076054620 ) ) ;
#173 = CARTESIAN_POINT ( 'NONE',  ( 0.000000000000000000, 1.085000000000001741, -6.120300992617012881 ) ) ;
#174 = CARTESIAN_POINT ( 'NONE',  ( -1.102829285353923883, -0.3583309563939500175, -10.61292279678083261 ) ) ;
#175 = AXIS2_PLACEMENT_3D ( 'NONE', #4219, #3220, #1103 ) ;
#176 = CARTESIAN_POINT ( 'NONE',  ( 1.175570504584947384, 1.618033988749895347, -2.004567162975173567 ) ) ;
#177 = CARTESIAN_POINT ( 'NONE',  ( -0.3525378704127039020, 1.085000000000001741, -8.330499999999997129 ) ) ;
#178 = EDGE_CURVE ( 'NONE', #772, #4224, #897, .T. ) ;
#179 = VERTEX_POINT ( 'NONE', #1612 ) ;
#180 = CARTESIAN_POINT ( 'NONE',  ( -0.6377469987373345361, -0.8777834388968193124, -7.194300992617013613 ) ) ;
#181 = CARTESIAN_POINT ( 'NONE',  ( 0.9864004998515548683, 0.7166619127879000350, -0.6784227967808302839 ) ) ;
#182 = CARTESIAN_POINT ( 'NONE',  ( -1.102829285353923883, -0.3583309563939500175, -11.80337819583619030 ) ) ;
#183 = EDGE_CURVE ( 'NONE', #1649, #3693, #3503, .T. ) ;
#184 = CARTESIAN_POINT ( 'NONE',  ( 0.4724818616414787065, 2.124133646925258745, 2.800000000000000266 ) ) ;
#185 = CARTESIAN_POINT ( 'NONE',  ( -1.029625376440709283, 0.5029277137119109176, -11.91086564580812635 ) ) ;
#186 = CARTESIAN_POINT ( 'NONE',  ( -1.175570504584946940, 1.618033988749895569, -0.005733829641838689151 ) ) ;
#187 = CARTESIAN_POINT ( 'NONE',  ( 1.102829285353923883, 0.3583309563939498510, -3.748378195836191029 ) ) ;
#188 = B_SPLINE_CURVE_WITH_KNOTS ( 'NONE', 3,
 ( #129, #3924, #4227, #2505, #2484, #2912, #4288, #3568, #450, #1176, #1434, #2871, #3947, #2892, #832, #105, #3274, #1091, #2237, #2173, #1505, #3545, #3861, #745, #2151 ),
 .UNSPECIFIED., .F., .F.,
 ( 4, 2, 2, 2, 1, 2, 2, 2, 2, 2, 2, 2, 4 ),
 ( 0.2872269773942583426, 0.2908789748376229833, 0.2927049735593053037, 0.2931614732397259115, 0.2936179729201465194, 0.2945309722809877351, 0.3018349671677174051, 0.3091389620544470196, 0.3164429569411766896, 0.3237469518279063596, 0.3310509467146359741, 0.3383549416013655886, 0.3456589364880952586 ),
 .UNSPECIFIED. ) ;
#189 = CARTESIAN_POINT ( 'NONE',  ( -1.219258070856292786, 7.465802469043678121E-17, -8.912422796780832712 ) ) ;
#190 = CARTESIAN_POINT ( 'NONE',  ( -0.2226950763382156973, 1.212807018238319712, -1.564496733789778160 ) ) ;
#191 = CARTESIAN_POINT ( 'NONE',  ( -0.3767714644234085308, -1.159583333333335631, -6.164878195836190677 ) ) ;
#192 = CARTESIAN_POINT ( 'NONE',  ( -0.3767714644234084753, -1.159583333333334965, -6.764422796780830360 ) ) ;
#193 = CARTESIAN_POINT ( 'NONE',  ( 1.987575080367395941, 0.2225877352922666086, -0.6000000000000000888 ) ) ;
#194 = PLANE ( 'NONE',  #4240 ) ;
#195 = CARTESIAN_POINT ( 'NONE',  ( -1.701301616704080644, -1.236067977499790249, -4.779067162975175087 ) ) ;
#196 = CARTESIAN_POINT ( 'NONE',  ( 0.7529633648461394602, 0.8542759946154909745, -1.673437160020533776 ) ) ;
#197 = CARTESIAN_POINT ( 'NONE',  ( -1.031896320180243132, 0.3352834388968185531, -7.552300992617014153 ) ) ;
#198 = CARTESIAN_POINT ( 'NONE',  ( 1.102829285353923883, 0.3583309563939498510, -13.29792279678083311 ) ) ;
#199 = CARTESIAN_POINT ( 'NONE',  ( -1.701301616704080644, -1.236067977499790027, -1.199067162975173240 ) ) ;
#200 = CARTESIAN_POINT ( 'NONE',  ( 0.9229561270619648372, -0.6705668777936371061, -3.676499999999998991 ) ) ;
#201 = ORIENTED_EDGE ( 'NONE', *, *, #2388, .T. ) ;
#202 = CARTESIAN_POINT ( 'NONE',  ( -2.449293598294707893E-16, -2.000000000000000888, -10.02973382964183990 ) ) ;
#203 = CARTESIAN_POINT ( 'NONE',  ( -0.6498393924658131260, -2.000000000000000444, -13.69923382964183745 ) ) ;
#204 = CARTESIAN_POINT ( 'NONE',  ( 1.175570504584946718, -1.618033988749895569, -6.270733829641840451 ) ) ;
#205 = CARTESIAN_POINT ( 'NONE',  ( -0.3767714644234081978, 1.159583333333334965, -8.670878195836191793 ) ) ;
#206 = FACE_OUTER_BOUND ( 'NONE', #3708, .T. ) ;
#207 = CARTESIAN_POINT ( 'NONE',  ( -1.031896320180243132, 0.3352834388968185531, -11.13230099261701334 ) ) ;
#208 = VERTEX_POINT ( 'NONE', #3672 ) ;
#209 = LINE ( 'NONE', #1650, #3927 ) ;
#210 = EDGE_CURVE ( 'NONE', #640, #3004, #2781, .T. ) ;
#211 = CARTESIAN_POINT ( 'NONE',  ( -1.102829285353923883, -0.3583309563939500175, -7.032922796780830765 ) ) ;
#212 = DIRECTION ( 'NONE',  ( 0.000000000000000000, -1.000000000000000000, 0.000000000000000000 ) ) ;
#213 = CARTESIAN_POINT ( 'NONE',  ( -0.3767714644234083088, 1.159583333333335631, -5.090878195836190834 ) ) ;
#214 = CARTESIAN_POINT ( 'NONE',  ( -1.420080017511287505E-16, -1.159583333333335409, -6.674922796780830225 ) ) ;
#215 = CARTESIAN_POINT ( 'NONE',  ( 2.035679730701292822, -0.2069579608588616448, -0.6622042484764635306 ) ) ;
#216 = CARTESIAN_POINT ( 'NONE',  ( 0.000000000000000000, 1.807008033354412735, -10.72385512136679608 ) ) ;
#217 = CARTESIAN_POINT ( 'NONE',  ( 1.701301616704080866, 1.236067977499790027, -7.464067162975172920 ) ) ;
#218 = CARTESIAN_POINT ( 'NONE',  ( -0.1059916283074290172, -1.080152849334374165, -2.182086987974891201 ) ) ;
#219 = CARTESIAN_POINT ( 'NONE',  ( 0.3525378704127042351, 1.085000000000001741, -7.999800992617014828 ) ) ;
#220 = AXIS2_PLACEMENT_3D ( 'NONE', #374, #778, #1773 ) ;
#221 = CARTESIAN_POINT ( 'NONE',  ( -1.420080017511287505E-16, -1.159583333333335409, -12.04492279678083122 ) ) ;
#222 = CARTESIAN_POINT ( 'NONE',  ( 1.175570504584947384, 1.618033988749895347, -5.584567162975173638 ) ) ;
#223 = CARTESIAN_POINT ( 'NONE',  ( 0.9229561270619648372, -0.6705668777936371061, -1.886499999999998956 ) ) ;
#224 = ORIENTED_EDGE ( 'NONE', *, *, #1919, .F. ) ;
#225 = CARTESIAN_POINT ( 'NONE',  ( 1.902113032590307728, -0.6180339887498953466, -9.671733829641839364 ) ) ;
#226 = CARTESIAN_POINT ( 'NONE',  ( -1.420080017511287505E-16, -1.159583333333335409, 0.4850772032191693617 ) ) ;
#227 = CARTESIAN_POINT ( 'NONE',  ( 2.102924448476535257, -3.863009542013253312E-16, -11.37223382964183749 ) ) ;
#228 = CARTESIAN_POINT ( 'NONE',  ( 0.6815859821374817828, 0.9381226230606176664, -3.569378195836190759 ) ) ;
#229 = AXIS2_PLACEMENT_3D ( 'NONE', #1266, #2011, #4035 ) ;
#230 = CARTESIAN_POINT ( 'NONE',  ( -0.2824449625742493364, -1.057072046740600957, -11.18004238170511400 ) ) ;
#231 = CARTESIAN_POINT ( 'NONE',  ( -5.429351684437110380E-05, 1.084999997203177413, -6.629751973960642530 ) ) ;
#232 = ORIENTED_EDGE ( 'NONE', *, *, #1441, .F. ) ;
#233 = CARTESIAN_POINT ( 'NONE',  ( 0.4446132583923824710, 1.110293384838697994, -1.709797983796943033 ) ) ;
#234 = CARTESIAN_POINT ( 'NONE',  ( 0.3791515225169628245, -1.925154055351281146, 1.733229342372406334 ) ) ;
#235 = DIRECTION ( 'NONE',  ( 0.000000000000000000, -1.000000000000000000, 0.000000000000000000 ) ) ;
#236 = CARTESIAN_POINT ( 'NONE',  ( 0.6498393924658134591, 2.000000000000000444, -9.075067162975173574 ) ) ;
#237 = EDGE_CURVE ( 'NONE', #1772, #706, #516, .T. ) ;
#238 = CARTESIAN_POINT ( 'NONE',  ( 1.196094552798166566, 0.8454131051280839859, -11.34208114667149303 ) ) ;
#239 = CARTESIAN_POINT ( 'NONE',  ( -1.420080017511287505E-16, -1.159583333333335409, -3.094922796780830598 ) ) ;
#240 = CARTESIAN_POINT ( 'NONE',  ( -1.902113032590308173, -0.6180339887498949025, -5.017733829641839449 ) ) ;
#241 = LINE ( 'NONE', #871, #2152 ) ;
#242 = CARTESIAN_POINT ( 'NONE',  ( -2.102924448476535257, 1.287669847337751433E-16, -6.748067162975174504 ) ) ;
#243 = DIRECTION ( 'NONE',  ( 1.224646799147352468E-16, 1.000000000000000000, 0.000000000000000000 ) ) ;
#244 = CARTESIAN_POINT ( 'NONE',  ( 0.6377469987373343141, -0.8777834388968194235, -6.836300992617014849 ) ) ;
#245 = CARTESIAN_POINT ( 'NONE',  ( -0.3767714644234081978, 1.159583333333334965, -12.85042279678082977 ) ) ;
#246 = CARTESIAN_POINT ( 'NONE',  ( 2.102924448476535257, -3.863009542013253312E-16, -5.853067162975172266 ) ) ;
#247 = CARTESIAN_POINT ( 'NONE',  ( 0.3525378704127042351, 1.085000000000001741, -4.929499999999999993 ) ) ;
#248 = ORIENTED_EDGE ( 'NONE', *, *, #3357, .F. ) ;
#249 = CARTESIAN_POINT ( 'NONE',  ( 1.701301616704080200, -1.236067977499790693, -6.181233829641838540 ) ) ;
#250 = CARTESIAN_POINT ( 'NONE',  ( -1.175570504584947162, -1.618033988749895347, -13.78873382964184025 ) ) ;
#251 = CARTESIAN_POINT ( 'NONE',  ( 0.000000000000000000, 2.000000000000000888, -9.134733829641840330 ) ) ;
#252 = CARTESIAN_POINT ( 'NONE',  ( -0.9864004998515548683, 0.7166619127879002571, -3.121878195836190084 ) ) ;
#253 = CARTESIAN_POINT ( 'NONE',  ( -0.3324999999999890821, 1.062066823462632925, 1.200000000000000178 ) ) ;
#254 = LOCAL_TIME ( 20, 15, 35.00000000000000000, #4469 ) ;
#255 = CARTESIAN_POINT ( 'NONE',  ( 0.7798660885861820047, -0.8534734621442097158, -11.88904592878433775 ) ) ;
#256 = VERTEX_POINT ( 'NONE', #4335 ) ;
#257 = CARTESIAN_POINT ( 'NONE',  ( 1.102829285353923883, 0.3583309563939498510, -1.958378195836191216 ) ) ;
#258 = CARTESIAN_POINT ( 'NONE',  ( 0.000000000000000000, -2.832119842636276399E-16, 0.2237500000000017253 ) ) ;
#259 = CARTESIAN_POINT ( 'NONE',  ( 1.902113032590308173, 0.6180339887498946805, -9.343567162975173090 ) ) ;
#260 = CARTESIAN_POINT ( 'NONE',  ( 0.9864004998515550904, 0.7166619127879001461, -0.07887819583619025410 ) ) ;
#261 = APPROVAL ( #326, 'UNSPECIFIED' ) ;
#262 = CARTESIAN_POINT ( 'NONE',  ( 0.6815859821374814498, -0.9381226230606178884, 0.6640772032191697427 ) ) ;
#263 = CARTESIAN_POINT ( 'NONE',  ( -2.102924448476535257, 1.287669847337750940E-16, -3.317233829641838661 ) ) ;
#264 = DIRECTION ( 'NONE',  ( 0.000000000000000000, -0.08715574274765836016, -0.9961946980917455452 ) ) ;
#265 = CARTESIAN_POINT ( 'NONE',  ( -0.6498393924658125709, 2.000000000000000444, -1.736067162975173828 ) ) ;
#266 = CARTESIAN_POINT ( 'NONE',  ( -0.5948414402942351353, -0.9210472689867787999, -2.316298892769886653 ) ) ;
#267 = ADVANCED_FACE ( 'NONE', ( #1465 ), #3998, .F. ) ;
#268 = CARTESIAN_POINT ( 'NONE',  ( 0.9229561270619648372, -0.6705668777936371061, -4.956800992617012902 ) ) ;
#269 = CARTESIAN_POINT ( 'NONE',  ( -1.219258070856293008, 7.465802469043678121E-17, -3.542422796780829497 ) ) ;
#270 = CARTESIAN_POINT ( 'NONE',  ( 1.701301616704080866, 1.236067977499789805, -2.094067162975172813 ) ) ;
#271 = CARTESIAN_POINT ( 'NONE',  ( -1.140836513298521870, 6.985608921807308758E-17, -4.392499999999999183 ) ) ;
#272 = ORIENTED_EDGE ( 'NONE', *, *, #97, .F. ) ;
#273 = CARTESIAN_POINT ( 'NONE',  ( -1.902113032590308173, -0.6180339887498949025, -8.597733829641839520 ) ) ;
#274 = CARTESIAN_POINT ( 'NONE',  ( 0.8669027693510138466, -0.6677039171077067126, -3.685266679421763669 ) ) ;
#275 = CARTESIAN_POINT ( 'NONE',  ( 1.175570504584946718, -1.618033988749895569, -8.060733829641840487 ) ) ;
#276 = CARTESIAN_POINT ( 'NONE',  ( -1.219258070856293008, 7.465802469043678121E-17, -4.732878195836189406 ) ) ;
#277 = DIRECTION ( 'NONE',  ( -0.000000000000000000, 1.224646799147353207E-16, -1.000000000000000000 ) ) ;
#278 = ORIENTED_EDGE ( 'NONE', *, *, #2837, .T. ) ;
#279 = CARTESIAN_POINT ( 'NONE',  ( 1.886203364158690832, -0.3570262938845807921, -0.7097708595236169593 ) ) ;
#280 = COORDINATED_UNIVERSAL_TIME_OFFSET ( 6, 0, .BEHIND. ) ;
#281 = CARTESIAN_POINT ( 'NONE',  ( 1.701301616704080866, 1.236067977499790027, -11.04406716297517477 ) ) ;
#282 = CARTESIAN_POINT ( 'NONE',  ( 1.124066076098098055, -0.5701581928590581105, -11.70490646331709250 ) ) ;
#283 = CARTESIAN_POINT ( 'NONE',  ( 1.102829285353923883, 0.3583309563939498510, -4.347922796780831156 ) ) ;
#284 = FACE_OUTER_BOUND ( 'NONE', #312, .T. ) ;
#285 = CARTESIAN_POINT ( 'NONE',  ( -0.1106559995191458839, 1.084999792864109747, -10.18148889673906687 ) ) ;
#286 = CARTESIAN_POINT ( 'NONE',  ( -1.902113032590307728, 0.6180339887498951246, 0.3224328370248271680 ) ) ;
#287 = CARTESIAN_POINT ( 'NONE',  ( -0.3525378704127039020, 1.085000000000001741, -4.240800992617013598 ) ) ;
#288 = CARTESIAN_POINT ( 'NONE',  ( 1.102829285353923883, 0.3583309563939498510, -6.137922796780831192 ) ) ;
#289 = CARTESIAN_POINT ( 'NONE',  ( 0.9229561270619648372, 0.6705668777936369951, -3.318499999999998007 ) ) ;
#290 = EDGE_CURVE ( 'NONE', #1992, #640, #2993, .T. ) ;
#291 = ORIENTED_EDGE ( 'NONE', *, *, #1749, .F. ) ;
#292 = CARTESIAN_POINT ( 'NONE',  ( -1.902113032590307728, 0.6180339887498951246, -6.986733829641839755 ) ) ;
#293 = CARTESIAN_POINT ( 'NONE',  ( 8.855726147994392812E-06, -1.084999999963861539, -7.524997751766554721 ) ) ;
#294 = CARTESIAN_POINT ( 'NONE',  ( 1.701301616704080200, -1.236067977499790693, -11.55123382964183953 ) ) ;
#295 = CARTESIAN_POINT ( 'NONE',  ( -1.219258070856293008, 7.465802469043678121E-17, -6.522878195836189441 ) ) ;
#296 = EDGE_CURVE ( 'NONE', #706, #256, #1334, .T. ) ;
#297 = CARTESIAN_POINT ( 'NONE',  ( 1.029305384655121669, 0.3504166971804204556, -6.983335162632344328 ) ) ;
#298 = VERTEX_POINT ( 'NONE', #2792 ) ;
#299 = DIRECTION ( 'NONE',  ( 0.3826834323650893377, -0.9238795325112869605, -3.394278336863101029E-16 ) ) ;
#300 = AXIS2_PLACEMENT_3D ( 'NONE', #1120, #2, #1397 ) ;
#301 = PERSON_AND_ORGANIZATION ( #2711, #1562 ) ;
#302 = CARTESIAN_POINT ( 'NONE',  ( 0.000000000000000000, 2.000000000000000888, -8.985567162975174327 ) ) ;
#303 = DIRECTION ( 'NONE',  ( 1.000000000000000000, 1.224646799147353207E-16, 1.499759782661857608E-32 ) ) ;
#304 = CIRCLE ( 'NONE', #601, 1.525217391304348080 ) ;
#305 = CARTESIAN_POINT ( 'NONE',  ( 1.111300829414676006, -0.3311253138718062150, 0.8498723320303547268 ) ) ;
#306 = CARTESIAN_POINT ( 'NONE',  ( -0.6377469987373344251, 0.8777834388968194235, -2.361300992617012984 ) ) ;
#307 = CARTESIAN_POINT ( 'NONE',  ( -0.3097124611347887857, 1.040674581002886345, -10.12773001912036186 ) ) ;
#308 = CARTESIAN_POINT ( 'NONE',  ( 1.175570504584946718, -1.618033988749895569, -2.541567162975173044 ) ) ;
#309 = CARTESIAN_POINT ( 'NONE',  ( 0.3525378704127042351, 1.085000000000001741, -2.629800992617013833 ) ) ;
#310 = CARTESIAN_POINT ( 'NONE',  ( 0.6815859821374817828, 0.9381226230606176664, -5.958922796780830922 ) ) ;
#311 = PLANE ( 'NONE',  #3086 ) ;
#312 = EDGE_LOOP ( 'NONE', ( #1594, #3455, #3835, #1811 ) ) ;
#313 = CARTESIAN_POINT ( 'NONE',  ( 0.000000000000000000, 1.085000000000001741, -1.259999999999998899 ) ) ;
#314 = ORIENTED_EDGE ( 'NONE', *, *, #1077, .T. ) ;
#315 = CARTESIAN_POINT ( 'NONE',  ( 1.902113032590308173, 0.6180339887498946805, -4.122733829641839876 ) ) ;
#316 = CARTESIAN_POINT ( 'NONE',  ( -1.098237430695532479, -0.02896675764765532096, -7.964404332358671290 ) ) ;
#317 = CARTESIAN_POINT ( 'NONE',  ( 0.8402091492045191679, -0.6868738609899994740, -10.85299027765893598 ) ) ;
#318 = EDGE_CURVE ( 'NONE', #1180, #1143, #120, .T. ) ;
#319 = CARTESIAN_POINT ( 'NONE',  ( -2.102924448476535257, 1.287669847337751433E-16, -3.317233829641838661 ) ) ;
#320 = CARTESIAN_POINT ( 'NONE',  ( -0.9229561270619648372, -0.6705668777936369951, -13.16350000000000087 ) ) ;
#321 = DIRECTION ( 'NONE',  ( 0.000000000000000000, 1.000000000000000000, 1.224646799147353207E-16 ) ) ;
#322 = VERTEX_POINT ( 'NONE', #3081 ) ;
#323 = VECTOR ( 'NONE', #2522, 1000.000000000000114 ) ;
#324 = CARTESIAN_POINT ( 'NONE',  ( 0.5461851752634756529, -0.5461851752634775403, 1.200000000000000178 ) ) ;
#325 = EDGE_CURVE ( 'NONE', #1804, #1528, #4466, .T. ) ;
#326 = APPROVAL_STATUS ( 'not_yet_approved' ) ;
#327 = CARTESIAN_POINT ( 'NONE',  ( -1.902113032590308173, -0.6180339887498949025, -10.23856716297517622 ) ) ;
#328 = CARTESIAN_POINT ( 'NONE',  ( 1.111304424200578733, -0.3311132490503355674, 1.449419946394579384 ) ) ;
#329 = ORIENTED_EDGE ( 'NONE', *, *, #3525, .T. ) ;
#330 = CARTESIAN_POINT ( 'NONE',  ( 1.219258070856293008, -2.239740740713103683E-16, -2.647422796780829923 ) ) ;
#331 = CARTESIAN_POINT ( 'NONE',  ( -5.429351684437110380E-05, 1.084999997203177413, -6.629751973960642530 ) ) ;
#332 = MANIFOLD_SOLID_BREP ( 'Boss-Extrude4', #4445 ) ;
#333 = LINE ( 'NONE', #1775, #3517 ) ;
#334 = CARTESIAN_POINT ( 'NONE',  ( 1.175570504584947384, 1.618033988749895347, -2.004567162975173567 ) ) ;
#335 = CARTESIAN_POINT ( 'NONE',  ( 1.031896320180243354, 0.3352834388968182755, -2.898300992617014238 ) ) ;
#336 = CARTESIAN_POINT ( 'NONE',  ( -1.102829285353923883, -0.3583309563939500175, -8.822922796780831689 ) ) ;
#337 = CARTESIAN_POINT ( 'NONE',  ( 0.000000000000000000, -2.832119842636276399E-16, 0.2237500000000017253 ) ) ;
#338 = VERTEX_POINT ( 'NONE', #987 ) ;
#339 = CARTESIAN_POINT ( 'NONE',  ( 0.3525378704127042351, 1.085000000000001741, -1.349499999999999922 ) ) ;
#340 = ORIENTED_EDGE ( 'NONE', *, *, #4011, .F. ) ;
#341 = LINE ( 'NONE', #1689, #2191 ) ;
#342 = CARTESIAN_POINT ( 'NONE',  ( 0.6815859821374817828, 0.9381226230606176664, -2.378922796780830851 ) ) ;
#343 = CARTESIAN_POINT ( 'NONE',  ( 1.175570504584947384, 1.618033988749895347, -2.153733829641839126 ) ) ;
#344 = CARTESIAN_POINT ( 'NONE',  ( 0.9864004998515546463, -0.7166619127879003681, 1.353121804163808672 ) ) ;
#345 = CARTESIAN_POINT ( 'NONE',  ( -1.289694382931302341, -0.9579586059858852254, -1.089632316415805935 ) ) ;
#346 = ORIENTED_EDGE ( 'NONE', *, *, #2331, .T. ) ;
#347 = DIRECTION ( 'NONE',  ( -0.9203638919632217696, 0.3812272063696596214, 0.08715574274765836016 ) ) ;
#348 = PERSON_AND_ORGANIZATION ( #2711, #1562 ) ;
#349 = CARTESIAN_POINT ( 'NONE',  ( 1.701301616704080200, -1.236067977499790693, -7.822067162975173460 ) ) ;
#350 = DIRECTION ( 'NONE',  ( 0.000000000000000000, -1.000000000000000000, 0.000000000000000000 ) ) ;
#351 = ADVANCED_FACE ( 'NONE', ( #4025 ), #2361, .T. ) ;
#352 = CARTESIAN_POINT ( 'NONE',  ( 0.000000000000000000, 1.159583333333335409, -10.55037819583619196 ) ) ;
#353 = CARTESIAN_POINT ( 'NONE',  ( 0.9864004998515545353, -0.7166619127879003681, -11.77642279678082815 ) ) ;
#354 = FACE_OUTER_BOUND ( 'NONE', #921, .T. ) ;
#355 = LINE ( 'NONE', #29, #3378 ) ;
#356 = CARTESIAN_POINT ( 'NONE',  ( -2.449293598294707893E-16, -2.000000000000000888, 0.8594328370248264237 ) ) ;
#357 = CARTESIAN_POINT ( 'NONE',  ( 0.6377469987373346472, 0.8777834388968193124, -2.719300992617013968 ) ) ;
#358 = CARTESIAN_POINT ( 'NONE',  ( -1.420080017511287505E-16, -1.159583333333335409, -4.884922796780830190 ) ) ;
#359 = CARTESIAN_POINT ( 'NONE',  ( 1.062066823462629594, 0.4724818616414787065, 2.800000000000000266 ) ) ;
#360 = CARTESIAN_POINT ( 'NONE',  ( -1.031896320180243354, -0.3352834388968184420, 1.067000000000000171 ) ) ;
#361 = CARTESIAN_POINT ( 'NONE',  ( -1.031896320180243132, 0.3352834388968185531, -3.972300992617014526 ) ) ;
#362 = EDGE_LOOP ( 'NONE', ( #2460, #3457, #413, #1226 ) ) ;
#363 = DIRECTION ( 'NONE',  ( -0.000000000000000000, 1.000000000000000000, -0.000000000000000000 ) ) ;
#364 = CARTESIAN_POINT ( 'NONE',  ( -0.6815859821374815608, 0.9381226230606178884, -2.020922796780830311 ) ) ;
#365 = CARTESIAN_POINT ( 'NONE',  ( 1.902113032590308173, 0.6180339887498946805, -5.912733829641839911 ) ) ;
#366 = CARTESIAN_POINT ( 'NONE',  ( -1.219258070856293008, 7.465802469043678121E-17, -1.152878195836190223 ) ) ;
#367 = CARTESIAN_POINT ( 'NONE',  ( -0.3821438134807279563, -1.698839683668918799, -0.9229717941088131372 ) ) ;
#368 = VERTEX_POINT ( 'NONE', #4372 ) ;
#369 = DIRECTION ( 'NONE',  ( 0.3812272063696434121, -0.9203638919632285420, 0.08715574274765837404 ) ) ;
#370 = APPROVAL_ROLE ( '' ) ;
#371 = CARTESIAN_POINT ( 'NONE',  ( 1.902113032590308173, 0.6180339887498946805, -5.763567162975173908 ) ) ;
#372 = CARTESIAN_POINT ( 'NONE',  ( 0.8105570510154348485, -1.220168439605420430, -11.35451024000935583 ) ) ;
#373 = CARTESIAN_POINT ( 'NONE',  ( -0.6815859821374816718, -0.9381226230606176664, -9.834378195836192660 ) ) ;
#374 = CARTESIAN_POINT ( 'NONE',  ( 2.738911528132881301E-12, 2.160543879220488961E-13, 2.799999999999999822 ) ) ;
#375 = CARTESIAN_POINT ( 'NONE',  ( -0.3184275491267627434, -1.037221702346307062, -1.729931017393235626 ) ) ;
#376 = CARTESIAN_POINT ( 'NONE',  ( -0.4592962307335101690, 0.9860187104789147616, -10.08545696566850047 ) ) ;
#377 = AXIS2_PLACEMENT_3D ( 'NONE', #1254, #2645, #910 ) ;
#378 = CARTESIAN_POINT ( 'NONE',  ( 0.9864004998515548683, -0.7166619127879004791, -11.17687819583619024 ) ) ;
#379 = CARTESIAN_POINT ( 'NONE',  ( -0.3767714644234084753, -1.159583333333334965, -10.34442279678083132 ) ) ;
#380 = CARTESIAN_POINT ( 'NONE',  ( 0.6815859821374814498, -0.9381226230606178884, -2.915922796780830328 ) ) ;
#381 = CARTESIAN_POINT ( 'NONE',  ( 0.6498393924658125709, -2.000000000000000888, -0.8410671629751741429 ) ) ;
#382 = CARTESIAN_POINT ( 'NONE',  ( 0.3525378704127037910, -1.085000000000001963, -0.2754999999999997451 ) ) ;
#383 = CARTESIAN_POINT ( 'NONE',  ( 0.6498393924658125709, -2.000000000000000888, -9.791067162975174654 ) ) ;
#384 = ORIENTED_EDGE ( 'NONE', *, *, #4101, .T. ) ;
#385 = CARTESIAN_POINT ( 'NONE',  ( 1.140836513298521870, -2.095682676542192134E-16, -11.93780099261701366 ) ) ;
#386 = CARTESIAN_POINT ( 'NONE',  ( 0.06446154578491150589, -1.083562888313998496, -11.08798065249883535 ) ) ;
#387 = CARTESIAN_POINT ( 'NONE',  ( 1.902113032590307728, -0.6180339887498953466, -2.511733829641840110 ) ) ;
#388 = CARTESIAN_POINT ( 'NONE',  ( -0.6815859821374815608, 0.9381226230606178884, -1.421378195836190184 ) ) ;
#389 = CARTESIAN_POINT ( 'NONE',  ( -1.050757975739714301, -1.275868766142709942, -1.032365455629981721 ) ) ;
#390 = EDGE_LOOP ( 'NONE', ( #1460, #3011, #3887, #4162 ) ) ;
#391 = DIRECTION ( 'NONE',  ( -0.3826834323650958880, -0.9238795325112841850, 0.000000000000000000 ) ) ;
#392 = CARTESIAN_POINT ( 'NONE',  ( -1.175570504584947162, -1.618033988749895347, -8.269567162975173247 ) ) ;
#393 = AXIS2_PLACEMENT_3D ( 'NONE', #3856, #3412, #1020 ) ;
#394 = CARTESIAN_POINT ( 'NONE',  ( 1.595071155840481758, 0.06495331479882548997, -11.10209736199063535 ) ) ;
#395 = CARTESIAN_POINT ( 'NONE',  ( 0.9864004998515547573, 0.7166619127879000350, -10.81887819583619148 ) ) ;
#396 = AXIS2_PLACEMENT_3D ( 'NONE', #258, #866, #941 ) ;
#397 = DIRECTION ( 'NONE',  ( 0.000000000000000000, 1.000000000000000000, 1.239088197126290817E-16 ) ) ;
#398 = LINE ( 'NONE', #1797, #1932 ) ;
#399 = CARTESIAN_POINT ( 'NONE',  ( -0.6815859821374817828, -0.9381226230606178884, -13.41437819583619273 ) ) ;
#400 = CC_DESIGN_PERSON_AND_ORGANIZATION_ASSIGNMENT ( #301, #1373, ( #2195 ) ) ;
#401 = CARTESIAN_POINT ( 'NONE',  ( 1.036016042558517425, -0.3226042371554732613, 0.5060835722740661957 ) ) ;
#402 = CARTESIAN_POINT ( 'NONE',  ( 2.102924448476535257, -3.863009542013253312E-16, -9.582233829641840117 ) ) ;
#403 = CARTESIAN_POINT ( 'NONE',  ( -1.838044505796226025, -0.3325000000000004619, 1.200000000000000178 ) ) ;
#404 = LINE ( 'NONE', #2481, #958 ) ;
#405 = ORIENTED_EDGE ( 'NONE', *, *, #1267, .T. ) ;
#406 = EDGE_CURVE ( 'NONE', #3581, #2482, #4426, .T. ) ;
#407 = B_SPLINE_CURVE_WITH_KNOTS ( 'NONE', 3,
 ( #1410, #4459, #386, #1024, #2420, #3793, #1786, #1344, #2740, #4113, #3772, #317, #1714, #685, #1132, #1525, #495, #427, #3903, #3611, #1806, #2216, #810, #1892, #4248, #768, #3590, #474, #787, #4206, #1848, #1872, #4269, #1111, #2568, #2528, #1154 ),
 .UNSPECIFIED., .F., .F.,
 ( 4, 2, 2, 2, 2, 2, 1, 2, 2, 1, 2, 2, 2, 2, 1, 2, 2, 2, 2, 4 ),
 ( 0.1723380495386521438, 0.1739758936200694328, 0.1756137377014867218, 0.1788894258643212998, 0.1854408021899904835, 0.1887164903528250615, 0.1895354123935337198, 0.1899448734138880490, 0.1901496039240652136, 0.1903543344342423782, 0.1919921785156599170, 0.1985435548413299889, 0.2018192430041650387, 0.2034570870855825497, 0.2042760091262913191, 0.2046854701466457038, 0.2050949311670000885, 0.2116463074926702714, 0.2181976838183404266, 0.2247490601440106095 ),
 .UNSPECIFIED. ) ;
#408 = CARTESIAN_POINT ( 'NONE',  ( -1.108398864392714067, 1.383277221099317389, -10.79522158881016303 ) ) ;
#409 = CARTESIAN_POINT ( 'NONE',  ( 0.000000000000000000, -1.085000000000002185, 2.799999999999999822 ) ) ;
#410 = CARTESIAN_POINT ( 'NONE',  ( 2.102924448476535257, -3.863009542013253312E-16, -6.002233829641839158 ) ) ;
#411 = CARTESIAN_POINT ( 'NONE',  ( 0.9864004998515548683, 0.7166619127879000350, -0.07887819583619025410 ) ) ;
#412 = CARTESIAN_POINT ( 'NONE',  ( -1.482270982984766450, 5.634798344990578750E-14, -1.239342090967797683 ) ) ;
#413 = ORIENTED_EDGE ( 'NONE', *, *, #3853, .F. ) ;
#414 = CARTESIAN_POINT ( 'NONE',  ( 4.149256436361126589E-16, 3.276250000000000107, 1.566685402113367696E-15 ) ) ;
#415 = CARTESIAN_POINT ( 'NONE',  ( 0.000000000000000000, 2.000000000000000888, -7.195567162975174291 ) ) ;
#416 = CARTESIAN_POINT ( 'NONE',  ( 0.2084365937260846402, -1.376211362191248400, -11.46431472134110052 ) ) ;
#417 = CARTESIAN_POINT ( 'NONE',  ( 0.000000000000000000, 1.159583333333335409, -8.760378195836191040 ) ) ;
#418 = CARTESIAN_POINT ( 'NONE',  ( 2.165687395776812114E-13, -2.739425879788524143E-12, 2.799999999999999822 ) ) ;
#419 = CARTESIAN_POINT ( 'NONE',  ( 1.062066823462629594, 0.3325000000000000178, 1.200000000000000178 ) ) ;
#420 = CARTESIAN_POINT ( 'NONE',  ( -0.6815859821374817828, -0.9381226230606178884, -11.62437819583619181 ) ) ;
#421 = CARTESIAN_POINT ( 'NONE',  ( 0.9229561270619648372, -0.6705668777936371061, 0.4131990073829860943 ) ) ;
#422 = CARTESIAN_POINT ( 'NONE',  ( -1.175570504584947162, -1.618033988749895347, -10.20873382964183840 ) ) ;
#423 = CARTESIAN_POINT ( 'NONE',  ( -1.140836513298521870, 6.985608921807307526E-17, -5.672800992617013094 ) ) ;
#424 = FACE_OUTER_BOUND ( 'NONE', #887, .T. ) ;
#425 = ORIENTED_EDGE ( 'NONE', *, *, #3244, .F. ) ;
#426 = CARTESIAN_POINT ( 'NONE',  ( 0.000000000000000000, 1.085000000000001741, -15.07030099261701395 ) ) ;
#427 = CARTESIAN_POINT ( 'NONE',  ( 0.9089240598419267014, -0.5928743500755598861, -10.82192738303883495 ) ) ;
#428 = CARTESIAN_POINT ( 'NONE',  ( 0.6498393924658125709, -2.000000000000000888, 0.7997661703581603332 ) ) ;
#429 = CARTESIAN_POINT ( 'NONE',  ( 1.031896320180243132, -0.3352834388968186641, -10.74699999999999989 ) ) ;
#430 = ADVANCED_FACE ( 'NONE', ( #4444 ), #2046, .T. ) ;
#431 = DIRECTION ( 'NONE',  ( 0.06666269134683244779, 0.06666269134683219799, 0.9955461672694008168 ) ) ;
#432 = VERTEX_POINT ( 'NONE', #3422 ) ;
#433 = CARTESIAN_POINT ( 'NONE',  ( 1.288123006870941532E-06, -1.084999999999237241, -2.154999673043139552 ) ) ;
#434 = EDGE_CURVE ( 'NONE', #3185, #792, #2745, .T. ) ;
#435 = CARTESIAN_POINT ( 'NONE',  ( 1.701301616704080200, -1.236067977499790693, -4.242067162975174277 ) ) ;
#436 = CARTESIAN_POINT ( 'NONE',  ( 0.4115868195390062212, 1.739266029053418094, -10.78059462908781718 ) ) ;
#437 = CARTESIAN_POINT ( 'NONE',  ( -1.902113032590307728, 0.6180339887498951246, 0.1732661703581616641 ) ) ;
#438 = CARTESIAN_POINT ( 'NONE',  ( -1.102829285353923661, 0.3583309563939501285, -10.19237819583619142 ) ) ;
#439 = ORIENTED_EDGE ( 'NONE', *, *, #2472, .T. ) ;
#440 = AXIS2_PLACEMENT_3D ( 'NONE', #3526, #4268, #3544 ) ;
#441 = CARTESIAN_POINT ( 'NONE',  ( 0.9229561270619647262, 0.6705668777936368841, -9.968800992617012469 ) ) ;
#442 = CARTESIAN_POINT ( 'NONE',  ( 0.000000000000000000, 1.420253867492436449E-15, -7.731501950773467691 ) ) ;
#443 = CARTESIAN_POINT ( 'NONE',  ( -0.3767714644234083088, 1.159583333333335631, -10.46087819583618916 ) ) ;
#444 = CARTESIAN_POINT ( 'NONE',  ( 1.102829285353923661, -0.3583309563939502396, -13.47692279678083160 ) ) ;
#445 = CARTESIAN_POINT ( 'NONE',  ( -1.902113032590307728, 0.6180339887498951246, -8.776733829641839790 ) ) ;
#446 = CARTESIAN_POINT ( 'NONE',  ( 0.3525378704127037355, -1.085000000000001963, -3.345800992617013581 ) ) ;
#447 = CARTESIAN_POINT ( 'NONE',  ( 0.6498393924658134591, 2.000000000000000444, -10.86506716297517094 ) ) ;
#448 = ORIENTED_EDGE ( 'NONE', *, *, #90, .T. ) ;
#449 = FACE_OUTER_BOUND ( 'NONE', #2260, .T. ) ;
#450 = CARTESIAN_POINT ( 'NONE',  ( 0.3604816924083295016, -1.023432819078651468, -9.218576691008026458 ) ) ;
#451 = CARTESIAN_POINT ( 'NONE',  ( 1.916744581169939066, -0.5710430899290158679, 1.075071112353302549 ) ) ;
#452 = CARTESIAN_POINT ( 'NONE',  ( -0.3525378704127039020, 1.085000000000001741, -10.12049999999999983 ) ) ;
#453 = CARTESIAN_POINT ( 'NONE',  ( -0.9597437066098771785, 0.5446480398971332848, -8.119669974512451205 ) ) ;
#454 = ORIENTED_EDGE ( 'NONE', *, *, #2141, .F. ) ;
#455 = CARTESIAN_POINT ( 'NONE',  ( -1.701301616704080644, 1.236067977499790471, -12.44623382964183733 ) ) ;
#456 = CARTESIAN_POINT ( 'NONE',  ( 0.9864004998515548683, 0.7166619127879000350, -9.028878195836192333 ) ) ;
#457 = CARTESIAN_POINT ( 'NONE',  ( 0.6498393924658134591, 2.000000000000000444, -0.1250671629751728131 ) ) ;
#458 = CARTESIAN_POINT ( 'NONE',  ( -4.149159937520358552E-07, -1.084999999999922471, -8.805301097967001667 ) ) ;
#459 = CARTESIAN_POINT ( 'NONE',  ( 0.000000000000000000, 2.000000000000000888, -14.35556716297517532 ) ) ;
#460 = CARTESIAN_POINT ( 'NONE',  ( -0.6815859821374815608, 0.9381226230606178884, -6.791378195836190734 ) ) ;
#461 = VECTOR ( 'NONE', #2129, 1000.000000000000227 ) ;
#462 = ORIENTED_EDGE ( 'NONE', *, *, #3931, .T. ) ;
#463 = ADVANCED_FACE ( 'NONE', ( #4118 ), #2000, .T. ) ;
#464 = CARTESIAN_POINT ( 'NONE',  ( -0.6815859821374815608, 0.9381226230606178884, -9.180922796780832229 ) ) ;
#465 = CARTESIAN_POINT ( 'NONE',  ( -0.7170021521072287296, -0.8288657527835847638, -9.520152740302785688 ) ) ;
#466 = CARTESIAN_POINT ( 'NONE',  ( -1.102829285353923883, 0.3583309563939501841, -8.402378195836190500 ) ) ;
#467 = AXIS2_PLACEMENT_3D ( 'NONE', #922, #3694, #970 ) ;
#468 = CARTESIAN_POINT ( 'NONE',  ( -0.6815859821374816718, -0.9381226230606176664, -14.01392279678083241 ) ) ;
#469 = CARTESIAN_POINT ( 'NONE',  ( -1.890637388046801037, -0.6522961497046981805, -10.38274297513777178 ) ) ;
#470 = CARTESIAN_POINT ( 'NONE',  ( -0.6377469987373345361, -0.8777834388968193124, -5.404300992617013577 ) ) ;
#471 = DIRECTION ( 'NONE',  ( 0.000000000000000000, -1.000000000000000000, -2.323290369611794820E-17 ) ) ;
#472 = LINE ( 'NONE', #4286, #2488 ) ;
#473 = CARTESIAN_POINT ( 'NONE',  ( -1.031896320180243354, -0.3352834388968184420, -12.74330099261701577 ) ) ;
#474 = CARTESIAN_POINT ( 'NONE',  ( 1.065953386441961470, 0.2027351728776334294, -10.60338058329330124 ) ) ;
#475 = CARTESIAN_POINT ( 'NONE',  ( -1.701301616704080644, -1.236067977499790027, -10.14906716297517519 ) ) ;
#476 = CARTESIAN_POINT ( 'NONE',  ( -0.9229561270619648372, -0.6705668777936369951, -11.37349999999999817 ) ) ;
#477 = ORIENTED_EDGE ( 'NONE', *, *, #4378, .F. ) ;
#478 = CARTESIAN_POINT ( 'NONE',  ( -1.902113032590308173, -0.6180339887498949025, -13.96773382964184052 ) ) ;
#479 = CARTESIAN_POINT ( 'NONE',  ( -0.6815859821374816718, -0.9381226230606176664, -13.41437819583619273 ) ) ;
#480 = CARTESIAN_POINT ( 'NONE',  ( -2.449293598294707893E-16, -2.000000000000000888, -0.9305671629751735008 ) ) ;
#481 = DIRECTION ( 'NONE',  ( 1.000000000000000000, 0.000000000000000000, 0.000000000000000000 ) ) ;
#482 = CARTESIAN_POINT ( 'NONE',  ( -1.175570504584947162, -1.618033988749895347, 0.5312661703581605943 ) ) ;
#483 = CARTESIAN_POINT ( 'NONE',  ( -0.3767714644234081978, 1.159583333333334965, -5.090878195836190834 ) ) ;
#484 = CARTESIAN_POINT ( 'NONE',  ( -1.102829285353923661, 0.3583309563939501285, -5.421922796780831888 ) ) ;
#485 = CARTESIAN_POINT ( 'NONE',  ( 1.966664359574187948, -6.612830404870601311E-15, -0.6411660875731113318 ) ) ;
#486 = EDGE_CURVE ( 'NONE', #2353, #50, #2703, .T. ) ;
#487 = CARTESIAN_POINT ( 'NONE',  ( 1.219258070856293230, -2.239740740713104176E-16, -3.837878195836189832 ) ) ;
#488 = CARTESIAN_POINT ( 'NONE',  ( -0.9864004998515548683, -0.7166619127879001461, -8.733422796780830666 ) ) ;
#489 = DIRECTION ( 'NONE',  ( 3.491481338843144399E-15, 1.000000000000000000, 2.017120320905833910E-16 ) ) ;
#490 = CARTESIAN_POINT ( 'NONE',  ( 0.6377469987373343141, -0.8777834388968194235, -5.046300992617013037 ) ) ;
#491 = CONICAL_SURFACE ( 'NONE', #3759, 2.149999999999896438, 0.1745329251994333364 ) ;
#492 = CARTESIAN_POINT ( 'NONE',  ( 1.902113032590308173, 0.6180339887498946805, -7.553567162975173943 ) ) ;
#493 = CARTESIAN_POINT ( 'NONE',  ( 0.000000000000000000, -1.085000000000002185, 2.799999999999999822 ) ) ;
#494 = CARTESIAN_POINT ( 'NONE',  ( 1.140836513298521870, -2.095682676542192134E-16, -6.567800992617012668 ) ) ;
#495 = CARTESIAN_POINT ( 'NONE',  ( 0.8968394856995868247, -0.6106631908170241374, -10.82766162965719303 ) ) ;
#496 = CARTESIAN_POINT ( 'NONE',  ( 1.701301616704080866, 1.236067977499789805, -9.254067162975172067 ) ) ;
#497 = CARTESIAN_POINT ( 'NONE',  ( -1.328741777074880588E-16, -1.085000000000001741, -9.314999999999999503 ) ) ;
#498 = ORIENTED_EDGE ( 'NONE', *, *, #1976, .T. ) ;
#499 = CARTESIAN_POINT ( 'NONE',  ( 1.902113032590307728, -0.6180339887498953466, -13.25173382964183943 ) ) ;
#500 = CARTESIAN_POINT ( 'NONE',  ( -1.102829285353923883, -0.3583309563939500175, -13.59337819583619300 ) ) ;
#501 = CARTESIAN_POINT ( 'NONE',  ( -1.701301616704080644, 1.236067977499790471, -1.557067162975173558 ) ) ;
#502 = CARTESIAN_POINT ( 'NONE',  ( -0.5984954050941080350, 0.9481298927071697413, -11.95483957157498445 ) ) ;
#503 = CARTESIAN_POINT ( 'NONE',  ( -1.701301616704080644, 1.236067977499790471, -1.706233829641839339 ) ) ;
#504 = CARTESIAN_POINT ( 'NONE',  ( 0.9864004998515547573, 0.7166619127879000350, -7.238878195836190521 ) ) ;
#505 = CARTESIAN_POINT ( 'NONE',  ( -1.102829285353923883, -0.3583309563939500175, -8.822922796780831689 ) ) ;
#506 = FACE_OUTER_BOUND ( 'NONE', #3080, .T. ) ;
#507 = B_SPLINE_CURVE_WITH_KNOTS ( 'NONE', 3,
 ( #1851, #4251, #2196, #2531, #2874, #3232, #1135, #3906, #3571, #108, #453, #791, #316, #4437, #707, #3395, #3075, #1002, #684, #3118, #3481, #2083, #2398, #2377, #4157, #3771, #3815, #3458, #293 ),
 .UNSPECIFIED., .F., .F.,
 ( 4, 2, 2, 2, 2, 2, 2, 2, 2, 2, 2, 2, 1, 2, 4 ),
 ( 0.3456589364880952586, 0.3474232529915300960, 0.3483054112432475424, 0.3491875694949649889, 0.3527162025018347191, 0.3597734685155741241, 0.3668307345293135291, 0.3738880005430529896, 0.3809452665567923946, 0.3880025325705318551, 0.3950597985842712601, 0.3985884315911409903, 0.4003527480945758832, 0.4012349063462932741, 0.4021170645980107206 ),
 .UNSPECIFIED. ) ;
#508 = CARTESIAN_POINT ( 'NONE',  ( -1.219258070856293230, 7.465802469043680586E-17, -6.522878195836189441 ) ) ;
#509 = CARTESIAN_POINT ( 'NONE',  ( -1.219258070856293008, 7.465802469043678121E-17, -5.332422796780829977 ) ) ;
#510 = CARTESIAN_POINT ( 'NONE',  ( -1.701301616704080644, -1.236067977499790027, -4.928233829641839314 ) ) ;
#511 = PLANE ( 'NONE',  #1118 ) ;
#512 = CARTESIAN_POINT ( 'NONE',  ( -1.175570504584946940, 1.618033988749895569, -5.226567162975174874 ) ) ;
#513 = CARTESIAN_POINT ( 'NONE',  ( -0.02565462239863998753, -1.084776451540309772, -2.161520385142016387 ) ) ;
#514 = EDGE_CURVE ( 'NONE', #706, #1983, #209, .T. ) ;
#515 = CARTESIAN_POINT ( 'NONE',  ( -1.031896320180243354, -0.3352834388968184420, -10.95330099261701484 ) ) ;
#516 = B_SPLINE_CURVE_WITH_KNOTS ( 'NONE', 3,
 ( #2323, #4405, #1289, #2682, #1567, #1243, #2635, #172, #4428, #2999, #3316, #4010, #4381, #561, #4058, #2611, #2346, #538, #3720, #3387, #1937, #266, #1658, #3339, #3046, #1312, #218, #3966, #2255, #513, #1912, #2953 ),
 .UNSPECIFIED., .F., .F.,
 ( 4, 2, 2, 2, 2, 2, 2, 2, 2, 2, 2, 2, 2, 2, 2, 4 ),
 ( 0.6893351163445190499, 0.6965165165120515978, 0.7036979166795842566, 0.7108793168471168045, 0.7180607170146494633, 0.7252421171821820112, 0.7256909546926527677, 0.7261397922031236352, 0.7270374672240651481, 0.7288328172659482851, 0.7324235173497146700, 0.7396049175172472179, 0.7431956176010136028, 0.7449909676428967398, 0.7458886426638382527, 0.7467863176847798767 ),
 .UNSPECIFIED. ) ;
#517 = CARTESIAN_POINT ( 'NONE',  ( 1.219258070856293008, -2.239740740713103683E-16, -11.59742279678083321 ) ) ;
#518 = CARTESIAN_POINT ( 'NONE',  ( -1.701301616704080644, 1.236067977499790249, -8.717067162975173034 ) ) ;
#519 = CARTESIAN_POINT ( 'NONE',  ( 0.3525378704127037910, -1.085000000000001963, -12.80550000000000033 ) ) ;
#520 = ORIENTED_EDGE ( 'NONE', *, *, #1723, .T. ) ;
#521 = CARTESIAN_POINT ( 'NONE',  ( -2.449293598294707893E-16, -2.000000000000000888, -11.81973382964184083 ) ) ;
#522 = CARTESIAN_POINT ( 'NONE',  ( -0.6815859821374815608, 0.9381226230606178884, -0.2309227967808302751 ) ) ;
#523 = CARTESIAN_POINT ( 'NONE',  ( -0.6815859821374816718, -0.9381226230606176664, -11.62437819583619181 ) ) ;
#524 = CARTESIAN_POINT ( 'NONE',  ( 2.225096109386693666, 0.4638174965514233472, 1.374100123447559163 ) ) ;
#525 = LINE ( 'NONE', #1512, #879 ) ;
#526 = CARTESIAN_POINT ( 'NONE',  ( -1.902113032590308173, -0.6180339887498949025, 0.3522661703581602688 ) ) ;
#527 = CARTESIAN_POINT ( 'NONE',  ( 0.3767714644234085863, 1.159583333333334965, -5.269878195836191104 ) ) ;
#528 = CARTESIAN_POINT ( 'NONE',  ( 0.3767714644234080867, -1.159583333333335631, -10.16542279678083105 ) ) ;
#529 = CARTESIAN_POINT ( 'NONE',  ( -1.890637388046801037, -0.6522961497046981805, -10.38274297513777178 ) ) ;
#530 = CARTESIAN_POINT ( 'NONE',  ( -1.420080017511287752E-16, -1.159583333333335631, -6.075378195836190542 ) ) ;
#531 = CARTESIAN_POINT ( 'NONE',  ( -0.6815859821374816718, -0.9381226230606176664, -8.643922796780831419 ) ) ;
#532 = VECTOR ( 'NONE', #2434, 1000.000000000000000 ) ;
#533 = CARTESIAN_POINT ( 'NONE',  ( -1.175570504584946940, 1.618033988749895569, -1.795733829641838586 ) ) ;
#534 = CARTESIAN_POINT ( 'NONE',  ( -0.2211867765414458620, 1.823572867177228884, -10.69457687670491275 ) ) ;
#535 = CARTESIAN_POINT ( 'NONE',  ( -1.701301616704080644, -1.236067977499790249, -6.569067162975174234 ) ) ;
#536 = VECTOR ( 'NONE', #946, 1000.000000000000000 ) ;
#537 = APPROVAL ( #694, 'UNSPECIFIED' ) ;
#538 = CARTESIAN_POINT ( 'NONE',  ( -0.9287657969365930022, -0.5626912074667484998, -2.447277226959548635 ) ) ;
#539 = CARTESIAN_POINT ( 'NONE',  ( -0.9229561270619648372, 0.6705668777936369951, -7.641800992617013399 ) ) ;
#540 = CARTESIAN_POINT ( 'NONE',  ( -0.9864004998515548683, 0.7166619127879002571, -10.88142279678082858 ) ) ;
#541 = AXIS2_PLACEMENT_3D ( 'NONE', #916, #1259, #3354 ) ;
#542 = CARTESIAN_POINT ( 'NONE',  ( -0.6498393924658125709, 2.000000000000000444, -5.316067162975175009 ) ) ;
#543 = CARTESIAN_POINT ( 'NONE',  ( -1.031896320180243354, -0.3352834388968184420, -6.092999999999999083 ) ) ;
#544 = ADVANCED_FACE ( 'NONE', ( #2836 ), #2159, .T. ) ;
#545 = ORIENTED_EDGE ( 'NONE', *, *, #3823, .T. ) ;
#546 = CARTESIAN_POINT ( 'NONE',  ( -1.175570504584946940, 1.618033988749895569, -8.955733829641840060 ) ) ;
#547 = CARTESIAN_POINT ( 'NONE',  ( -2.102924448476535257, 1.287669847337751433E-16, -14.05723382964183799 ) ) ;
#548 = CARTESIAN_POINT ( 'NONE',  ( -1.902113032590308173, -0.6180339887498949025, -6.807733829641839485 ) ) ;
#549 = CARTESIAN_POINT ( 'NONE',  ( 0.6815859821374814498, -0.9381226230606178884, -9.476378195836192120 ) ) ;
#550 = DIRECTION ( 'NONE',  ( 0.08715574274765836016, 0.000000000000000000, 0.9961946980917455452 ) ) ;
#551 = PLANE ( 'NONE',  #152 ) ;
#552 = ORIENTED_EDGE ( 'NONE', *, *, #1948, .F. ) ;
#553 = CARTESIAN_POINT ( 'NONE',  ( -0.3767714644234081978, 1.159583333333334965, -3.300878195836191686 ) ) ;
#554 = CARTESIAN_POINT ( 'NONE',  ( 0.6815859821374817828, 0.9381226230606176664, -9.538922796780830993 ) ) ;
#555 = CARTESIAN_POINT ( 'NONE',  ( -1.102829285353923883, 0.3583309563939501841, -3.032378195836191725 ) ) ;
#556 = ORIENTED_EDGE ( 'NONE', *, *, #97, .T. ) ;
#557 = CARTESIAN_POINT ( 'NONE',  ( 1.102829285353923883, 0.3583309563939498510, -7.927922796780831227 ) ) ;
#558 = CARTESIAN_POINT ( 'NONE',  ( 1.175570504584946718, -1.618033988749895569, -2.690733829641838604 ) ) ;
#559 = CARTESIAN_POINT ( 'NONE',  ( -1.417279659487988175, 1.316678492082234531, -10.52084550810061359 ) ) ;
#560 = CARTESIAN_POINT ( 'NONE',  ( -0.6498393924658125709, 2.000000000000000444, -5.316067162975173233 ) ) ;
#561 = CARTESIAN_POINT ( 'NONE',  ( -0.9888052610799984432, -0.4467302278460157372, -2.482272661139959258 ) ) ;
#562 = CARTESIAN_POINT ( 'NONE',  ( 0.9229561270619648372, 0.6705668777936369951, -9.968800992617012469 ) ) ;
#563 = CARTESIAN_POINT ( 'NONE',  ( 1.102829285353923661, -0.3583309563939502396, -13.47692279678083160 ) ) ;
#564 = CARTESIAN_POINT ( 'NONE',  ( -1.175570504584947162, -1.618033988749895347, -4.689567162975174064 ) ) ;
#565 = CARTESIAN_POINT ( 'NONE',  ( 0.9229561270619648372, -0.6705668777936371061, -5.466499999999998138 ) ) ;
#566 = ORIENTED_EDGE ( 'NONE', *, *, #2753, .T. ) ;
#567 = CARTESIAN_POINT ( 'NONE',  ( -1.902113032590307728, 0.6180339887498951246, -8.776733829641839790 ) ) ;
#568 = CARTESIAN_POINT ( 'NONE',  ( 0.000000000000000000, 2.000000000000000888, -12.71473382964184040 ) ) ;
#569 = CARTESIAN_POINT ( 'NONE',  ( -0.6498393924658125709, 2.000000000000000444, -9.045233829641839307 ) ) ;
#570 = CARTESIAN_POINT ( 'NONE',  ( -0.9864004998515548683, 0.7166619127879002571, -6.701878195836190599 ) ) ;
#571 = CARTESIAN_POINT ( 'NONE',  ( -0.1593796429824195227, 1.073811015128914415, -11.95872433759321041 ) ) ;
#572 = DIRECTION ( 'NONE',  ( 0.08714264840443967930, 0.01733375049386025671, 0.9960450290638855897 ) ) ;
#573 = VERTEX_POINT ( 'NONE', #2467 ) ;
#574 = CARTESIAN_POINT ( 'NONE',  ( -0.6283181460251116013, -1.223653160534782902, -1.385185895132607259 ) ) ;
#575 = ADVANCED_FACE ( 'NONE', ( #1739 ), #1812, .T. ) ;
#576 = CARTESIAN_POINT ( 'NONE',  ( -1.102829285353923883, -0.3583309563939500175, -1.662922796780831325 ) ) ;
#577 = TOROIDAL_SURFACE ( 'NONE', #940, 1.974782608695651698, 1.525217391304348080 ) ;
#578 = CARTESIAN_POINT ( 'NONE',  ( 0.000000000000000000, -3.429011037612588783E-16, 2.799999999999999822 ) ) ;
#579 = CARTESIAN_POINT ( 'NONE',  ( 2.102924448476535257, -3.863009542013253312E-16, -9.433067162975175890 ) ) ;
#580 = CARTESIAN_POINT ( 'NONE',  ( -1.102829285353923883, 0.3583309563939501841, -6.612378195836191352 ) ) ;
#581 = CARTESIAN_POINT ( 'NONE',  ( 0.6815859821374814498, -0.9381226230606178884, -6.495922796780831732 ) ) ;
#582 = CARTESIAN_POINT ( 'NONE',  ( 1.701301616704080200, -1.236067977499790693, -2.601233829641839357 ) ) ;
#583 = ORIENTED_EDGE ( 'NONE', *, *, #1152, .F. ) ;
#584 = CARTESIAN_POINT ( 'NONE',  ( 1.328741777074880588E-16, 1.085000000000001297, 2.799999999999999822 ) ) ;
#585 = CARTESIAN_POINT ( 'NONE',  ( -2.449293598294707893E-16, -2.000000000000000888, -8.090567162975174753 ) ) ;
#586 = DIRECTION ( 'NONE',  ( 3.491481338843133355E-15, 1.000000000000000000, 1.836970198721029441E-16 ) ) ;
#587 = CARTESIAN_POINT ( 'NONE',  ( 0.6377469987373343141, -0.8777834388968194235, -8.626300992617014884 ) ) ;
#588 = CARTESIAN_POINT ( 'NONE',  ( -1.420080017511287505E-16, -1.159583333333335409, -13.83492279678083214 ) ) ;
#589 = CARTESIAN_POINT ( 'NONE',  ( -2.449293598294707893E-16, -2.000000000000000888, -2.720567162975173314 ) ) ;
#590 = CARTESIAN_POINT ( 'NONE',  ( 1.140836513298521870, -2.095682676542192134E-16, -7.077499999999999680 ) ) ;
#591 = ORIENTED_EDGE ( 'NONE', *, *, #3853, .T. ) ;
#592 = CARTESIAN_POINT ( 'NONE',  ( 0.6498393924658125709, -2.000000000000000888, -8.150233829641839733 ) ) ;
#593 = CARTESIAN_POINT ( 'NONE',  ( -0.9864004998515548683, 0.7166619127879002571, -1.931422796780830398 ) ) ;
#594 = CARTESIAN_POINT ( 'NONE',  ( -1.701301616704080644, 1.236067977499790471, -7.076233829641838113 ) ) ;
#595 = CARTESIAN_POINT ( 'NONE',  ( -0.3767714644234081978, 1.159583333333334965, -3.300878195836191242 ) ) ;
#596 = AXIS2_PLACEMENT_3D ( 'NONE', #2674, #913, #4397 ) ;
#597 = CARTESIAN_POINT ( 'NONE',  ( -2.011540401588706839, -0.4258133208652228885, 2.266576138033841392 ) ) ;
#598 = CARTESIAN_POINT ( 'NONE',  ( 1.069616299063604670, 0.1820738618598016778, -7.028896288369876011 ) ) ;
#599 = EDGE_LOOP ( 'NONE', ( #4138, #3776, #272, #4480 ) ) ;
#600 = CARTESIAN_POINT ( 'NONE',  ( 1.966664359574187948, -6.612830404870601311E-15, -0.6411660875731113318 ) ) ;
#601 = AXIS2_PLACEMENT_3D ( 'NONE', #2699, #303, #1700 ) ;
#602 = CARTESIAN_POINT ( 'NONE',  ( -1.701301616704080644, 1.236067977499790471, -14.08706716297517580 ) ) ;
#603 = CARTESIAN_POINT ( 'NONE',  ( -0.9864004998515550904, 0.7166619127879003681, -1.331878195836191159 ) ) ;
#604 = ADVANCED_FACE ( 'NONE', ( #3845 ), #1719, .T. ) ;
#605 = CARTESIAN_POINT ( 'NONE',  ( 1.102829285353923883, 0.3583309563939498510, -0.7679227967808313071 ) ) ;
#606 = CARTESIAN_POINT ( 'NONE',  ( -0.6498393924658131260, -2.000000000000000444, -4.749233829641839044 ) ) ;
#607 = CARTESIAN_POINT ( 'NONE',  ( -0.4724818616414788175, -2.124133646925259189, 2.800000000000000266 ) ) ;
#608 = CARTESIAN_POINT ( 'NONE',  ( -1.902113032590308173, -0.6180339887498949025, -1.288567162975174263 ) ) ;
#609 = CARTESIAN_POINT ( 'NONE',  ( 1.987575080367395941, 0.2225877352922666086, -0.6000000000000000888 ) ) ;
#610 = CARTESIAN_POINT ( 'NONE',  ( -0.9229561270619648372, -0.6705668777936369951, -3.703800992617013232 ) ) ;
#611 = CARTESIAN_POINT ( 'NONE',  ( -1.102829285353923661, 0.3583309563939501285, -12.58192279678083025 ) ) ;
#612 = CARTESIAN_POINT ( 'NONE',  ( 1.902113032590307728, -0.6180339887498953466, -2.362567162975174551 ) ) ;
#613 = ORIENTED_EDGE ( 'NONE', *, *, #2226, .T. ) ;
#614 = CARTESIAN_POINT ( 'NONE',  ( 0.3525378704127042351, 1.085000000000001741, -3.139499999999999513 ) ) ;
#615 = AXIS2_PLACEMENT_3D ( 'NONE', #4496, #1061, #2821 ) ;
#616 = ORIENTED_EDGE ( 'NONE', *, *, #1948, .T. ) ;
#617 = CARTESIAN_POINT ( 'NONE',  ( 1.902113032590308173, 0.6180339887498946805, -9.492733829641839094 ) ) ;
#618 = LOCAL_TIME ( 20, 15, 35.00000000000000000, #2767 ) ;
#619 = FACE_OUTER_BOUND ( 'NONE', #2060, .T. ) ;
#620 = CARTESIAN_POINT ( 'NONE',  ( -1.902113032590308173, -0.6180339887498949025, -10.38773382964184044 ) ) ;
#621 = CARTESIAN_POINT ( 'NONE',  ( -1.102829285353923883, -0.3583309563939500175, -8.223378195836190230 ) ) ;
#622 = CARTESIAN_POINT ( 'NONE',  ( -0.6784464389115718586, 0.8584211661307312724, -11.81169213118715966 ) ) ;
#623 = CARTESIAN_POINT ( 'NONE',  ( 0.3325000000000000178, 2.124133646925258745, 1.200000000000000178 ) ) ;
#624 = ORIENTED_EDGE ( 'NONE', *, *, #2581, .F. ) ;
#625 = CARTESIAN_POINT ( 'NONE',  ( 1.219258070856292786, -2.239740740713103683E-16, -2.047878195836190685 ) ) ;
#626 = CALENDAR_DATE ( 2026, 8, 1 ) ;
#627 = CARTESIAN_POINT ( 'NONE',  ( -0.6498393924658125709, 2.000000000000000444, -8.896067162975169751 ) ) ;
#628 = CARTESIAN_POINT ( 'NONE',  ( -1.102829285353923883, 0.3583309563939501841, -1.242378195836191690 ) ) ;
#629 = CARTESIAN_POINT ( 'NONE',  ( -1.102829285353923661, 0.3583309563939501285, -1.841922796780831595 ) ) ;
#630 = CARTESIAN_POINT ( 'NONE',  ( -0.6666763201721340737, 0.8677216762127485383, -6.444031138290483796 ) ) ;
#631 = ADVANCED_FACE ( 'NONE', ( #3173 ), #2418, .T. ) ;
#632 = CARTESIAN_POINT ( 'NONE',  ( 1.328741777074880588E-16, 1.085000000000001297, 2.799999999999999822 ) ) ;
#633 = CARTESIAN_POINT ( 'NONE',  ( -0.6498393924658131260, -2.000000000000000444, 0.7699328370248271769 ) ) ;
#634 = CARTESIAN_POINT ( 'NONE',  ( 1.102829285353923883, 0.3583309563939498510, -9.118378195836191580 ) ) ;
#635 = CARTESIAN_POINT ( 'NONE',  ( 0.9229561270619648372, -0.6705668777936371061, -3.166800992617012867 ) ) ;
#636 = CARTESIAN_POINT ( 'NONE',  ( 0.9864004998515546463, -0.7166619127879003681, -8.196422796780829856 ) ) ;
#637 = CARTESIAN_POINT ( 'NONE',  ( 0.6498393924658125709, -2.000000000000000888, -2.631067162975173623 ) ) ;
#638 = EDGE_CURVE ( 'NONE', #2177, #2289, #1765, .T. ) ;
#639 = CARTESIAN_POINT ( 'NONE',  ( -1.031896320180243354, -0.3352834388968184420, -2.512999999999999456 ) ) ;
#640 = VERTEX_POINT ( 'NONE', #414 ) ;
#641 = CARTESIAN_POINT ( 'NONE',  ( 1.175570504584947384, 1.618033988749895347, -7.523733829641839677 ) ) ;
#642 = CARTESIAN_POINT ( 'NONE',  ( 0.3325000000000000178, 1.062066823462632259, 1.200000000000000178 ) ) ;
#643 = CARTESIAN_POINT ( 'NONE',  ( -1.701301616704080644, -1.236067977499790249, -10.29823382964183942 ) ) ;
#644 = CARTESIAN_POINT ( 'NONE',  ( -0.6815859821374815608, 0.9381226230606178884, -8.581378195836190770 ) ) ;
#645 = CARTESIAN_POINT ( 'NONE',  ( 1.031896320180243354, 0.3352834388968182755, -6.478300992617014309 ) ) ;
#646 = ORIENTED_EDGE ( 'NONE', *, *, #65, .F. ) ;
#647 = CARTESIAN_POINT ( 'NONE',  ( 0.7528428518735361674, -1.473222187498997249, -1.038886248898323705 ) ) ;
#648 = DIRECTION ( 'NONE',  ( 1.000000000000000000, 0.000000000000000000, 0.000000000000000000 ) ) ;
#649 = CARTESIAN_POINT ( 'NONE',  ( 1.902113032590307728, -0.6180339887498953466, -13.10256716297517343 ) ) ;
#650 = CARTESIAN_POINT ( 'NONE',  ( -0.6815859821374816718, 0.9381226230606179994, -1.421378195836190184 ) ) ;
#651 = CARTESIAN_POINT ( 'NONE',  ( -1.102829285353923661, 0.3583309563939501285, -3.631922796780831408 ) ) ;
#652 = CARTESIAN_POINT ( 'NONE',  ( 7.999959354016343715E-06, 1.085000000000001741, -2.540303023594171705 ) ) ;
#653 = CARTESIAN_POINT ( 'NONE',  ( -1.095947000014006356, -0.003270395487067141553, -9.762680183926997657 ) ) ;
#654 = CARTESIAN_POINT ( 'NONE',  ( -0.6498393924658131260, -2.000000000000000444, -2.810067162975174337 ) ) ;
#655 = CARTESIAN_POINT ( 'NONE',  ( -1.140836513298521870, 6.985608921807308758E-17, -5.672800992617013094 ) ) ;
#656 = CARTESIAN_POINT ( 'NONE',  ( 0.3767714644234086419, 1.159583333333334965, -7.659422796780830822 ) ) ;
#657 = CARTESIAN_POINT ( 'NONE',  ( 1.614793018639446354, -1.298920153031869695, -0.6767943102721558635 ) ) ;
#658 = ORIENTED_EDGE ( 'NONE', *, *, #147, .T. ) ;
#659 = CARTESIAN_POINT ( 'NONE',  ( -0.3525378704127041241, -1.085000000000001741, -0.4544999999999982387 ) ) ;
#660 = ORIENTED_EDGE ( 'NONE', *, *, #898, .F. ) ;
#661 = EDGE_CURVE ( 'NONE', #2240, #2759, #3454, .T. ) ;
#662 = CARTESIAN_POINT ( 'NONE',  ( -2.449293598294707893E-16, -2.000000000000000888, -4.659733829641838909 ) ) ;
#663 = CARTESIAN_POINT ( 'NONE',  ( -2.000000000000000000, 2.449293598294706414E-16, -0.6000000000000000888 ) ) ;
#664 = CARTESIAN_POINT ( 'NONE',  ( -0.9864004998515547573, -0.7166619127879001461, -3.363422796780829671 ) ) ;
#665 = CARTESIAN_POINT ( 'NONE',  ( 1.902113032590308173, 0.6180339887498946805, -4.122733829641839876 ) ) ;
#666 = CARTESIAN_POINT ( 'NONE',  ( -0.3767714644234084753, -1.159583333333334965, -4.374878195836190642 ) ) ;
#667 = DIRECTION ( 'NONE',  ( -0.9961946980917455452, 0.000000000000000000, 0.08715574274765836016 ) ) ;
#668 = ORIENTED_EDGE ( 'NONE', *, *, #2581, .T. ) ;
#669 = CARTESIAN_POINT ( 'NONE',  ( -0.6815859821374816718, -0.9381226230606176664, -2.674378195836190741 ) ) ;
#670 = APPLICATION_PROTOCOL_DEFINITION ( 'international standard', 'config_control_design', 1994, #1212 ) ;
#671 = CARTESIAN_POINT ( 'NONE',  ( 2.102924448476535257, -3.863009542013253312E-16, -13.01306716297517418 ) ) ;
#672 = CARTESIAN_POINT ( 'NONE',  ( -1.102829285353924105, -0.3583309563939500730, 0.7266218041638086156 ) ) ;
#673 = ORIENTED_EDGE ( 'NONE', *, *, #3082, .F. ) ;
#674 = CARTESIAN_POINT ( 'NONE',  ( -0.9864004998515548683, 0.7166619127879002571, -3.721422796780830211 ) ) ;
#675 = CYLINDRICAL_SURFACE ( 'NONE', #896, 1.085000000000001741 ) ;
#676 = CARTESIAN_POINT ( 'NONE',  ( 0.000000000000000000, -3.429011037612588783E-16, 2.799999999999999822 ) ) ;
#677 = CARTESIAN_POINT ( 'NONE',  ( 1.902113032590308173, 0.6180339887498946805, -0.3935671629751741896 ) ) ;
#678 = CARTESIAN_POINT ( 'NONE',  ( -0.6377469987373344251, 0.8777834388968194235, -4.151300992617013463 ) ) ;
#679 = CARTESIAN_POINT ( 'NONE',  ( -0.3767714644234084753, -1.159583333333334965, -6.764422796780830360 ) ) ;
#680 = CARTESIAN_POINT ( 'NONE',  ( 0.000000000000000000, -3.429011037612588783E-16, 2.799999999999999822 ) ) ;
#681 = CARTESIAN_POINT ( 'NONE',  ( -1.964039045468562339, 0.3775587740669543724, -10.38274297513777533 ) ) ;
#682 = AXIS2_PLACEMENT_3D ( 'NONE', #2831, #2548, #81 ) ;
#683 = EDGE_LOOP ( 'NONE', ( #3914, #1696, #1095, #3149, #2157 ) ) ;
#684 = CARTESIAN_POINT ( 'NONE',  ( -0.4181725646473989921, -1.004854717550741849, -7.636236787005908688 ) ) ;
#685 = CARTESIAN_POINT ( 'NONE',  ( 0.8831238207688510977, -0.6304471228835173413, -10.83408510379478606 ) ) ;
#686 = CARTESIAN_POINT ( 'NONE',  ( 1.175570504584946718, -1.618033988749895569, -4.480733829641838639 ) ) ;
#687 = CARTESIAN_POINT ( 'NONE',  ( -0.6815859821374816718, -0.9381226230606176664, -0.8843781958361909279 ) ) ;
#688 = EDGE_CURVE ( 'NONE', #1151, #3859, #1030, .T. ) ;
#689 = CARTESIAN_POINT ( 'NONE',  ( -0.9032178339518849297, -1.410270834087343550, -1.005325414359306668 ) ) ;
#690 = VERTEX_POINT ( 'NONE', #2261 ) ;
#691 = CIRCLE ( 'NONE', #3874, 2.000000000000000000 ) ;
#692 = CARTESIAN_POINT ( 'NONE',  ( 0.9654632566374824476, 0.4973375476376582505, -5.152566581969437287 ) ) ;
#693 = ORIENTED_EDGE ( 'NONE', *, *, #154, .T. ) ;
#694 = APPROVAL_STATUS ( 'not_yet_approved' ) ;
#695 = CARTESIAN_POINT ( 'NONE',  ( -0.6498393924658131260, -2.000000000000000444, -8.180067162975174000 ) ) ;
#696 = CARTESIAN_POINT ( 'NONE',  ( 1.258930382924845048, 0.7093024389377698968, -11.37704225519880197 ) ) ;
#697 = CARTESIAN_POINT ( 'NONE',  ( 0.9229561270619647262, -0.6705668777936371061, -8.536800992617013861 ) ) ;
#698 = CARTESIAN_POINT ( 'NONE',  ( 6.191935984217926208E-05, 1.084999996348546381, -10.21028384475809503 ) ) ;
#699 = CARTESIAN_POINT ( 'NONE',  ( -0.6498393924658125709, 2.000000000000000444, 0.05393283702482578462 ) ) ;
#700 = CARTESIAN_POINT ( 'NONE',  ( -1.328741777074880588E-16, -1.085000000000001741, -1.645300992617013458 ) ) ;
#701 = CARTESIAN_POINT ( 'NONE',  ( -0.6815859821374816718, -0.9381226230606176664, -6.853922796780830495 ) ) ;
#702 = DIRECTION ( 'NONE',  ( -0.06666269134683244779, -0.06666269134683219799, 0.9955461672694008168 ) ) ;
#703 = ORIENTED_EDGE ( 'NONE', *, *, #870, .F. ) ;
#704 = CARTESIAN_POINT ( 'NONE',  ( 1.207114204912923316, 0.2516235104516882926, 1.939667958726269958 ) ) ;
#705 = CARTESIAN_POINT ( 'NONE',  ( -0.5598998852937572268, 0.9400471197716082639, -11.84851077728103341 ) ) ;
#706 = VERTEX_POINT ( 'NONE', #433 ) ;
#707 = CARTESIAN_POINT ( 'NONE',  ( -0.9660171724555195460, -0.5144469588703325380, -7.832076920389650532 ) ) ;
#708 = LINE ( 'NONE', #2399, #461 ) ;
#709 = CARTESIAN_POINT ( 'NONE',  ( -1.701301616704080644, 1.236067977499790471, -3.496233829641838931 ) ) ;
#710 = CARTESIAN_POINT ( 'NONE',  ( -1.420080017511287505E-16, -1.159583333333335409, 1.084621804163809378 ) ) ;
#711 = CARTESIAN_POINT ( 'NONE',  ( -0.5668115612778694690, -1.623084514034415005, -0.9502845492552356443 ) ) ;
#712 = ORIENTED_EDGE ( 'NONE', *, *, #1179, .F. ) ;
#713 = CARTESIAN_POINT ( 'NONE',  ( 0.9424788351081644366, 0.5397771047795733024, -5.139753860535182461 ) ) ;
#714 = CARTESIAN_POINT ( 'NONE',  ( -1.175570504584947162, -1.618033988749895347, -4.689567162975174064 ) ) ;
#715 = CARTESIAN_POINT ( 'NONE',  ( 1.286967023348408290, -0.8139561980534284480, -11.25109889588270384 ) ) ;
#716 = CARTESIAN_POINT ( 'NONE',  ( -0.6815859821374815608, 0.9381226230606178884, -10.37137819583619169 ) ) ;
#717 = DIRECTION ( 'NONE',  ( 3.491481338843144399E-15, 1.000000000000000000, 2.017120320905833910E-16 ) ) ;
#718 = CARTESIAN_POINT ( 'NONE',  ( 0.000000000000000000, 2.204364238465235428E-15, -12.00000000000000000 ) ) ;
#719 = CARTESIAN_POINT ( 'NONE',  ( 0.000000000000000000, 1.807008033354412735, -10.72385512136679608 ) ) ;
#720 = CARTESIAN_POINT ( 'NONE',  ( 0.6815859821374815608, -0.9381226230606179994, -11.26637819583619127 ) ) ;
#721 = CARTESIAN_POINT ( 'NONE',  ( -0.9864004998515548683, -0.7166619127879001461, -14.10342279678082988 ) ) ;
#722 = CARTESIAN_POINT ( 'NONE',  ( -0.9864004998515548683, 0.7166619127879002571, -3.721422796780830211 ) ) ;
#723 = CARTESIAN_POINT ( 'NONE',  ( -0.9229561270619647262, -0.6705668777936368841, -9.073800992617014671 ) ) ;
#724 = CARTESIAN_POINT ( 'NONE',  ( -1.140836513298521870, 6.985608921807308758E-17, 0.9775000000000009237 ) ) ;
#725 = CARTESIAN_POINT ( 'NONE',  ( 2.165687395776812114E-13, -2.739425879788524143E-12, 1.200000000000000178 ) ) ;
#726 = ORIENTED_EDGE ( 'NONE', *, *, #2248, .F. ) ;
#727 = CARTESIAN_POINT ( 'NONE',  ( 0.3525378704127037910, -1.085000000000001963, -12.29580099261701243 ) ) ;
#728 = CARTESIAN_POINT ( 'NONE',  ( -1.102829285353923883, -0.3583309563939500175, -3.452922796780831138 ) ) ;
#729 = CARTESIAN_POINT ( 'NONE',  ( 1.902113032590307728, -0.6180339887498953466, -4.301733829641840146 ) ) ;
#730 = CARTESIAN_POINT ( 'NONE',  ( 1.107232149879682881, -0.3447803327266068529, 1.446006331223464336 ) ) ;
#731 = CYLINDRICAL_SURFACE ( 'NONE', #2054, 1.085000000000001741 ) ;
#732 = ORIENTED_EDGE ( 'NONE', *, *, #1017, .T. ) ;
#733 = CARTESIAN_POINT ( 'NONE',  ( 0.5801582311055657470, -0.9188727688070861266, -5.574269605918638959 ) ) ;
#734 = CARTESIAN_POINT ( 'NONE',  ( -0.6498393924658131260, -2.000000000000000444, -4.600067162975174817 ) ) ;
#735 = DIRECTION ( 'NONE',  ( -0.6293203910498386122, 7.706952025373455934E-17, 0.7771459614569700136 ) ) ;
#736 = LINE ( 'NONE', #2052, #825 ) ;
#737 = ADVANCED_FACE ( 'NONE', ( #1550 ), #3908, .T. ) ;
#738 = CARTESIAN_POINT ( 'NONE',  ( -1.219258070856293230, 7.465802469043680586E-17, -10.10287819583619040 ) ) ;
#739 = CARTESIAN_POINT ( 'NONE',  ( -1.219258070856293008, 7.465802469043678121E-17, -14.28242279678083193 ) ) ;
#740 = CARTESIAN_POINT ( 'NONE',  ( 0.6498393924658134591, 2.000000000000000444, -5.644233829641839506 ) ) ;
#741 = CARTESIAN_POINT ( 'NONE',  ( -0.9229561270619648372, 0.6705668777936369951, 0.7985000000000004317 ) ) ;
#742 = CARTESIAN_POINT ( 'NONE',  ( -0.6498393924658131260, -2.000000000000000444, -9.970067162975174924 ) ) ;
#743 = DIRECTION ( 'NONE',  ( -1.000000000000000000, 0.000000000000000000, 0.000000000000000000 ) ) ;
#744 = CARTESIAN_POINT ( 'NONE',  ( 0.6377469987373346472, 0.8777834388968193124, -11.66930099261701415 ) ) ;
#745 = CARTESIAN_POINT ( 'NONE',  ( 0.2140465158886963037, 1.085000636518811623, -8.477188536727085832 ) ) ;
#746 = CARTESIAN_POINT ( 'NONE',  ( -0.6498393924658131260, -2.000000000000000444, -1.169233829641838307 ) ) ;
#747 = CARTESIAN_POINT ( 'NONE',  ( 1.102829285353923661, -0.3583309563939502396, -0.3473781958361898958 ) ) ;
#748 = CARTESIAN_POINT ( 'NONE',  ( 0.9229561270619647262, 0.6705668777936368841, -6.388800992617015062 ) ) ;
#749 = ORIENTED_EDGE ( 'NONE', *, *, #2721, .F. ) ;
#750 = DIRECTION ( 'NONE',  ( 0.9238795325112909573, 0.3826834323650796232, 0.000000000000000000 ) ) ;
#751 = CARTESIAN_POINT ( 'NONE',  ( -1.902113032590308173, -0.6180339887498949025, -6.658567162975174369 ) ) ;
#752 = CIRCLE ( 'NONE', #1265, 0.2237500000000000044 ) ;
#753 = DIRECTION ( 'NONE',  ( 0.000000000000000000, 0.000000000000000000, 1.000000000000000000 ) ) ;
#754 = CARTESIAN_POINT ( 'NONE',  ( 0.4397981187507106204, -0.9999143294407728533, -2.038352122384794907 ) ) ;
#755 = VERTEX_POINT ( 'NONE', #2936 ) ;
#756 = VECTOR ( 'NONE', #2207, 1000.000000000000000 ) ;
#757 = CARTESIAN_POINT ( 'NONE',  ( 7.899238833686599454E-07, -1.084999999999714193, -10.59530079208889397 ) ) ;
#758 = CARTESIAN_POINT ( 'NONE',  ( -0.5593079982051483157, 0.9340167859495023261, -4.686340895830842790 ) ) ;
#759 = CARTESIAN_POINT ( 'NONE',  ( 1.102829285353924105, 0.3583309563939499620, -9.118378195836191580 ) ) ;
#760 = ADVANCED_FACE ( 'NONE', ( #4294 ), #1198, .F. ) ;
#761 = CARTESIAN_POINT ( 'NONE',  ( 0.9864004998515546463, -0.7166619127879003681, -11.77642279678082815 ) ) ;
#762 = CARTESIAN_POINT ( 'NONE',  ( 0.6498393924658125709, -2.000000000000000888, -9.940233829641840657 ) ) ;
#763 = FACE_OUTER_BOUND ( 'NONE', #3030, .T. ) ;
#764 = CARTESIAN_POINT ( 'NONE',  ( -1.701301616704080644, -1.236067977499790249, -11.93906716297517256 ) ) ;
#765 = ORIENTED_EDGE ( 'NONE', *, *, #2248, .T. ) ;
#766 = EDGE_CURVE ( 'NONE', #2039, #4386, #3598, .T. ) ;
#767 = CARTESIAN_POINT ( 'NONE',  ( 0.3525378704127037910, -1.085000000000001963, -14.08580099261701513 ) ) ;
#768 = CARTESIAN_POINT ( 'NONE',  ( 1.076692859219095189, 0.1357879934179343773, -10.62112034323215326 ) ) ;
#769 = CARTESIAN_POINT ( 'NONE',  ( 1.902113032590307728, -0.6180339887498953466, 1.068266170358161515 ) ) ;
#770 = CARTESIAN_POINT ( 'NONE',  ( 0.3767714644234080867, -1.159583333333335631, 1.174121804163808624 ) ) ;
#771 = CARTESIAN_POINT ( 'NONE',  ( -1.117399485736569220, -1.202605033883063834, -1.046241743102811927 ) ) ;
#772 = VERTEX_POINT ( 'NONE', #2576 ) ;
#773 = CARTESIAN_POINT ( 'NONE',  ( 0.6531634264885107788, -0.8665003283752709118, -5.551124359772848571 ) ) ;
#774 = CARTESIAN_POINT ( 'NONE',  ( -1.902113032590308173, -0.6180339887498949025, -4.868567162975174334 ) ) ;
#775 = CARTESIAN_POINT ( 'NONE',  ( 0.9665099454707291038, 1.443824293116094504, -10.86922550057422221 ) ) ;
#776 = CARTESIAN_POINT ( 'NONE',  ( 1.701301616704080866, 1.236067977499790027, -2.243233829641837929 ) ) ;
#777 = CARTESIAN_POINT ( 'NONE',  ( 0.5735435059096598565, -0.9355172216102196625, -2.000039107304182107 ) ) ;
#778 = DIRECTION ( 'NONE',  ( 0.000000000000000000, 0.000000000000000000, 1.000000000000000000 ) ) ;
#779 = DIRECTION ( 'NONE',  ( -0.000000000000000000, -2.316899349738235597E-17, 1.000000000000000000 ) ) ;
#780 = CARTESIAN_POINT ( 'NONE',  ( 0.9864004998515548683, -0.7166619127879004791, -12.96687819583619294 ) ) ;
#781 = CARTESIAN_POINT ( 'NONE',  ( 0.9864004998515548683, 0.7166619127879000350, -11.41842279678083116 ) ) ;
#782 = CARTESIAN_POINT ( 'NONE',  ( 0.6498393924658134591, 2.000000000000000444, -7.434233829641838653 ) ) ;
#783 = DIRECTION ( 'NONE',  ( 0.000000000000000000, -2.316899349738235597E-17, 1.000000000000000000 ) ) ;
#784 = CARTESIAN_POINT ( 'NONE',  ( -1.701301616704080644, -1.236067977499790249, -13.72906716297517349 ) ) ;
#785 = ORIENTED_EDGE ( 'NONE', *, *, #1784, .F. ) ;
#786 = CARTESIAN_POINT ( 'NONE',  ( -0.9831631158063753873, 1.457029799849021146, -10.82136824806478970 ) ) ;
#787 = CARTESIAN_POINT ( 'NONE',  ( 1.061400158774133295, 0.2253616545534156967, -10.59734362780166173 ) ) ;
#788 = CARTESIAN_POINT ( 'NONE',  ( 0.000000000000000000, 2.000000000000000888, -7.195567162975174291 ) ) ;
#789 = CARTESIAN_POINT ( 'NONE',  ( -0.6377469987373345361, -0.8777834388968193124, -7.703999999999999737 ) ) ;
#790 = EDGE_CURVE ( 'NONE', #1974, #3609, #2962, .T. ) ;
#791 = CARTESIAN_POINT ( 'NONE',  ( -1.091245017825385633, 0.1641151449815883845, -8.013610854167176001 ) ) ;
#792 = VERTEX_POINT ( 'NONE', #1577 ) ;
#793 = DIRECTION ( 'NONE',  ( 0.3826834323650893377, -0.9238795325112869605, 0.000000000000000000 ) ) ;
#794 = CARTESIAN_POINT ( 'NONE',  ( -0.9864004998515548683, -0.7166619127879001461, -11.71387819583619105 ) ) ;
#795 = VECTOR ( 'NONE', #1871, 1000.000000000000114 ) ;
#796 = CARTESIAN_POINT ( 'NONE',  ( -0.6498393924658125709, 2.000000000000000444, -1.736067162975173828 ) ) ;
#797 = CARTESIAN_POINT ( 'NONE',  ( 0.000000000000000000, -1.085000000000002185, 2.799999999999999822 ) ) ;
#798 = CARTESIAN_POINT ( 'NONE',  ( 1.175570504584947384, 1.618033988749895347, -0.3637338296418393679 ) ) ;
#799 = CARTESIAN_POINT ( 'NONE',  ( 0.6815859821374814498, -0.9381226230606178884, -7.686378195836192084 ) ) ;
#800 = CARTESIAN_POINT ( 'NONE',  ( 1.102829285353923883, 0.3583309563939498510, -6.137922796780831192 ) ) ;
#801 = CARTESIAN_POINT ( 'NONE',  ( -1.102711598116159486, 0.1847632583069466206, -4.442934548642572423 ) ) ;
#802 = CARTESIAN_POINT ( 'NONE',  ( -0.9864004998515550904, 0.7166619127879003681, -10.28187819583619067 ) ) ;
#803 =( BOUNDED_SURFACE ( )  B_SPLINE_SURFACE ( 1, 2, ( 
 ( #426, #3923, #2911, #2504, #1824, #59, #3839, #3567, #2870, #38, #3227, #767, #1847, #2172, #809, #104, #1504, #3206, #128, #80, #1478, #4247, #2215, #2150, #4287, #3589, #473, #3252, #2483, #1524, #1175, #727, #2128, #3860, #3504, #385, #1785, #3167, #744, #4012, #3000, #1568, #1962, #3026, #3340, #3317, #515, #1891, #2256, #2636, #3946, #3673, #1222, #1914, #1938, #3697, #1613, #562, #1638, #1590, #2975, #2931, #2954, #926, #4314, #1199, #4036, #4336, #2612, #3989, #874, #2278, #587, #4358, #1987, #899, #3610, #2300, #3365, #219, #3652, #2661, #4406, #539, #197, #3293, #2567, #1244, #4383, #3273, #1268, #2324, #244, #831, #2236, #494, #148, #1544, #2590, #3967, #173, #852, #3630, #4081, #1752, #655, #1039, #1682, #1659, #4452, #2733, #3786, #3809, #268, #4499, #2098, #1380, #2683, #2706, #2755, #1728, #287, #678, #3136, #2077, #2055, #3744, #610, #973, #1360, #4059, #2412, #1337, #635, #3431, #2432, #335, #3451, #357, #309, #1706, #3047, #3069, #4150, #4429, #1313, #2776, #4106, #996, #1290, #700, #949, #3474, #2371, #3092, #2035, #2347, #3113, #3721, #2012, #3388, #3410, #2391, #3765, #4477, #4126, #1018, #2520, #3539, #1147, #3497, #4198, #1778, #421, #73, #401, #3160, #3561, #1799 ),
 ( #2884, #1498, #4221, #1843, #3585, #739, #2144, #721, #468, #2166, #3854, #54, #1819, #1125, #444, #32, #3180, #2865, #1449, #4262, #2541, #1105, #3222, #1866, #3519, #2845, #2121, #8, #3201, #2499, #3875, #1473, #4175, #761, #1402, #98, #1427, #781, #4241, #2824, #3896, #2186, #3918, #804, #2209, #2798, #1064, #2455, #3832, #379, #1084, #2477, #3691, #1563, #2585, #2628, #891, #1217, #1518, #3646, #4005, #1585, #2926, #4376, #2949, #2970, #4331, #488, #531, #166, #2607, #2295, #1238, #847, #3606, #3939, #557, #4353, #1538, #4306, #4282, #3335, #3668, #3983, #868, #1608, #3247, #2272, #1957, #192, #214, #1933, #581, #121, #2994, #3962, #1192, #1261, #2250, #2906, #3288, #2562, #3312, #3624, #2654, #509, #4030, #919, #1169, #3268, #2318, #142, #1907, #826, #2231, #1885, #283, #1356, #3019, #2728, #3109, #1631, #1678, #674, #651, #1654, #2407, #3064, #1285, #2073, #239, #4423, #2366, #2050, #4473, #330, #3405, #4102, #1702, #3715, #3042, #3426, #3359, #3088, #629, #1307, #1331, #4494, #1013, #2750, #1035, #991, #2386, #2342, #3738, #1724, #605, #2005, #3447, #2029, #4448, #3804, #1376, #4401, #2771, #3382, #3760, #2700, #2678, #4121, #4054, #944, #262, #4145, #4076, #968, #305, #3781, #2428 ) ),
 .UNSPECIFIED., .F., .F., .T. ) 
 B_SPLINE_SURFACE_WITH_KNOTS ( ( 2, 2 ),
 ( 3, 2, 2, 2, 2, 2, 2, 2, 2, 2, 2, 2, 2, 2, 2, 2, 2, 2, 2, 2, 2, 2, 2, 2, 2, 2, 2, 2, 2, 2, 2, 2, 2, 2, 2, 2, 2, 2, 2, 2, 2, 2, 2, 2, 2, 2, 2, 2, 2, 2, 2, 2, 2, 2, 2, 2, 2, 2, 2, 2, 2, 2, 2, 2, 2, 2, 2, 2, 2, 2, 2, 2, 2, 2, 2, 2, 2, 2, 2, 2, 2, 2, 2, 2, 2, 2, 2, 2, 2, 3 ),
 ( 0.000000000000000000, 1.000000000000000000 ),
 ( 0.000000000000000000, 0.01111111111111111154, 0.02222222222222222307, 0.03333333333333333287, 0.04444444444444444614, 0.05555555555555555247, 0.06666666666666666574, 0.07777777777777777901, 0.08888888888888889228, 0.1000000000000000056, 0.1111111111111111049, 0.1222222222222222182, 0.1333333333333333315, 0.1444444444444444309, 0.1555555555555555580, 0.1666666666666666574, 0.1777777777777777846, 0.1888888888888888840, 0.2000000000000000111, 0.2111111111111111105, 0.2222222222222222099, 0.2333333333333333370, 0.2444444444444444364, 0.2555555555555555358, 0.2666666666666666630, 0.2777777777777777901, 0.2888888888888888618, 0.2999999999999999889, 0.3111111111111111160, 0.3222222222222222432, 0.3333333333333333148, 0.3444444444444444420, 0.3555555555555555691, 0.3666666666666666408, 0.3777777777777777679, 0.3888888888888888951, 0.4000000000000000222, 0.4111111111111110938, 0.4222222222222222210, 0.4333333333333333481, 0.4444444444444444198, 0.4555555555555555469, 0.4666666666666666741, 0.4777777777777778012, 0.4888888888888888729, 0.5000000000000000000, 0.5111111111111110716, 0.5222222222222222543, 0.5333333333333333259, 0.5444444444444443976, 0.5555555555555555802, 0.5666666666666666519, 0.5777777777777777235, 0.5888888888888889062, 0.5999999999999999778, 0.6111111111111111605, 0.6222222222222222321, 0.6333333333333333037, 0.6444444444444444864, 0.6555555555555555580, 0.6666666666666666297, 0.6777777777777778123, 0.6888888888888888840, 0.6999999999999999556, 0.7111111111111111382, 0.7222222222222222099, 0.7333333333333332815, 0.7444444444444444642, 0.7555555555555555358, 0.7666666666666667185, 0.7777777777777777901, 0.7888888888888888618, 0.8000000000000000444, 0.8111111111111111160, 0.8222222222222221877, 0.8333333333333333703, 0.8444444444444444420, 0.8555555555555555136, 0.8666666666666666963, 0.8777777777777777679, 0.8888888888888888395, 0.9000000000000000222, 0.9111111111111110938, 0.9222222222222222765, 0.9333333333333333481, 0.9444444444444444198, 0.9555555555555556024, 0.9666666666666666741, 0.9671076138871843586, 0.9767786900260562177 ),
 .UNSPECIFIED. ) 
 GEOMETRIC_REPRESENTATION_ITEM ( )  RATIONAL_B_SPLINE_SURFACE ( (
 ( 1.000000000000000000, 0.9510565162951535312, 1.000000000000000000, 0.9510565162951535312, 1.000000000000000000, 0.9510565162951535312, 1.000000000000000000, 0.9510565162951535312, 1.000000000000000000, 0.9510565162951535312, 1.000000000000000000, 0.9510565162951535312, 1.000000000000000000, 0.9510565162951535312, 1.000000000000000000, 0.9510565162951535312, 1.000000000000000000, 0.9510565162951535312, 1.000000000000000000, 0.9510565162951535312, 1.000000000000000000, 0.9510565162951535312, 1.000000000000000000, 0.9510565162951535312, 1.000000000000000000, 0.9510565162951535312, 1.000000000000000000, 0.9510565162951535312, 1.000000000000000000, 0.9510565162951535312, 1.000000000000000000, 0.9510565162951535312, 1.000000000000000000, 0.9510565162951535312, 1.000000000000000000, 0.9510565162951535312, 1.000000000000000000, 0.9510565162951535312, 1.000000000000000000, 0.9510565162951535312, 1.000000000000000000, 0.9510565162951535312, 1.000000000000000000, 0.9510565162951535312, 1.000000000000000000, 0.9510565162951535312, 1.000000000000000000, 0.9510565162951535312, 1.000000000000000000, 0.9510565162951535312, 1.000000000000000000, 0.9510565162951535312, 1.000000000000000000, 0.9510565162951535312, 1.000000000000000000, 0.9510565162951535312, 1.000000000000000000, 0.9510565162951535312, 1.000000000000000000, 0.9510565162951535312, 1.000000000000000000, 0.9510565162951535312, 1.000000000000000000, 0.9510565162951535312, 1.000000000000000000, 0.9510565162951535312, 1.000000000000000000, 0.9510565162951535312, 1.000000000000000000, 0.9510565162951535312, 1.000000000000000000, 0.9510565162951535312, 1.000000000000000000, 0.9510565162951535312, 1.000000000000000000, 0.9510565162951535312, 1.000000000000000000, 0.9510565162951535312, 1.000000000000000000, 0.9510565162951535312, 1.000000000000000000, 0.9510565162951535312, 1.000000000000000000, 0.9510565162951535312, 1.000000000000000000, 0.9510565162951535312, 1.000000000000000000, 0.9510565162951535312, 1.000000000000000000, 0.9510565162951535312, 1.000000000000000000, 0.9510565162951535312, 1.000000000000000000, 0.9510565162951535312, 1.000000000000000000, 0.9510565162951535312, 1.000000000000000000, 0.9510565162951535312, 1.000000000000000000, 0.9510565162951535312, 1.000000000000000000, 0.9510565162951535312, 1.000000000000000000, 0.9510565162951535312, 1.000000000000000000, 0.9510565162951535312, 1.000000000000000000, 0.9510565162951535312, 1.000000000000000000, 0.9510565162951535312, 1.000000000000000000, 0.9510565162951535312, 1.000000000000000000, 0.9510565162951535312, 1.000000000000000000, 0.9510565162951535312, 1.000000000000000000, 0.9510565162951535312, 1.000000000000000000, 0.9510565162951535312, 1.000000000000000000, 0.9510565162951535312, 1.000000000000000000, 0.9510565162951535312, 1.000000000000000000, 0.9510565162951535312, 1.000000000000000000, 0.9510565162951535312, 1.000000000000000000, 0.9510565162951535312, 1.000000000000000000, 0.9510565162951535312, 1.000000000000000000, 0.9510565162951535312, 1.000000000000000000, 0.9510565162951535312, 1.000000000000000000, 0.9510565162951535312, 1.000000000000000000, 0.9510565162951535312, 1.000000000000000000, 0.9510565162951535312, 1.000000000000000000, 0.9510565162951535312, 1.000000000000000000, 0.9510565162951535312, 1.000000000000000000, 0.9510565162951535312, 1.000000000000000000, 0.9510565162951535312, 1.000000000000000000, 0.9510565162951535312, 1.000000000000000000, 0.9510565162951535312, 1.000000000000000000, 0.9510565162951535312, 1.000000000000000000, 0.9510565162951535312, 1.000000000000000000, 0.9510565162951535312, 1.000000000000000000, 0.9510565162951535312, 1.000000000000000000, 0.9510565162951535312, 1.000000000000000000, 0.9510565162951535312, 1.000000000000000000, 0.9510565162951535312, 1.000000000000000000, 0.9510565162951535312, 1.000000000000000000, 0.9510565162951535312, 1.000000000000000000, 0.9510565162951535312, 1.000000000000000000, 0.9980576656208105524, 0.9962694952918687008, 0.9962694952918687008, 0.9962694952918687008),
 ( 1.000000000000000000, 0.9510565162951535312, 1.000000000000000000, 0.9510565162951535312, 1.000000000000000000, 0.9510565162951535312, 1.000000000000000000, 0.9510565162951535312, 1.000000000000000000, 0.9510565162951535312, 1.000000000000000000, 0.9510565162951535312, 1.000000000000000000, 0.9510565162951535312, 1.000000000000000000, 0.9510565162951535312, 1.000000000000000000, 0.9510565162951535312, 1.000000000000000000, 0.9510565162951535312, 1.000000000000000000, 0.9510565162951535312, 1.000000000000000000, 0.9510565162951535312, 1.000000000000000000, 0.9510565162951535312, 1.000000000000000000, 0.9510565162951535312, 1.000000000000000000, 0.9510565162951535312, 1.000000000000000000, 0.9510565162951535312, 1.000000000000000000, 0.9510565162951535312, 1.000000000000000000, 0.9510565162951535312, 1.000000000000000000, 0.9510565162951535312, 1.000000000000000000, 0.9510565162951535312, 1.000000000000000000, 0.9510565162951535312, 1.000000000000000000, 0.9510565162951535312, 1.000000000000000000, 0.9510565162951535312, 1.000000000000000000, 0.9510565162951535312, 1.000000000000000000, 0.9510565162951535312, 1.000000000000000000, 0.9510565162951535312, 1.000000000000000000, 0.9510565162951535312, 1.000000000000000000, 0.9510565162951535312, 1.000000000000000000, 0.9510565162951535312, 1.000000000000000000, 0.9510565162951535312, 1.000000000000000000, 0.9510565162951535312, 1.000000000000000000, 0.9510565162951535312, 1.000000000000000000, 0.9510565162951535312, 1.000000000000000000, 0.9510565162951535312, 1.000000000000000000, 0.9510565162951535312, 1.000000000000000000, 0.9510565162951535312, 1.000000000000000000, 0.9510565162951535312, 1.000000000000000000, 0.9510565162951535312, 1.000000000000000000, 0.9510565162951535312, 1.000000000000000000, 0.9510565162951535312, 1.000000000000000000, 0.9510565162951535312, 1.000000000000000000, 0.9510565162951535312, 1.000000000000000000, 0.9510565162951535312, 1.000000000000000000, 0.9510565162951535312, 1.000000000000000000, 0.9510565162951535312, 1.000000000000000000, 0.9510565162951535312, 1.000000000000000000, 0.9510565162951535312, 1.000000000000000000, 0.9510565162951535312, 1.000000000000000000, 0.9510565162951535312, 1.000000000000000000, 0.9510565162951535312, 1.000000000000000000, 0.9510565162951535312, 1.000000000000000000, 0.9510565162951535312, 1.000000000000000000, 0.9510565162951535312, 1.000000000000000000, 0.9510565162951535312, 1.000000000000000000, 0.9510565162951535312, 1.000000000000000000, 0.9510565162951535312, 1.000000000000000000, 0.9510565162951535312, 1.000000000000000000, 0.9510565162951535312, 1.000000000000000000, 0.9510565162951535312, 1.000000000000000000, 0.9510565162951535312, 1.000000000000000000, 0.9510565162951535312, 1.000000000000000000, 0.9510565162951535312, 1.000000000000000000, 0.9510565162951535312, 1.000000000000000000, 0.9510565162951535312, 1.000000000000000000, 0.9510565162951535312, 1.000000000000000000, 0.9510565162951535312, 1.000000000000000000, 0.9510565162951535312, 1.000000000000000000, 0.9510565162951535312, 1.000000000000000000, 0.9510565162951535312, 1.000000000000000000, 0.9510565162951535312, 1.000000000000000000, 0.9510565162951535312, 1.000000000000000000, 0.9510565162951535312, 1.000000000000000000, 0.9510565162951535312, 1.000000000000000000, 0.9510565162951535312, 1.000000000000000000, 0.9510565162951535312, 1.000000000000000000, 0.9510565162951535312, 1.000000000000000000, 0.9510565162951535312, 1.000000000000000000, 0.9510565162951535312, 1.000000000000000000, 0.9510565162951535312, 1.000000000000000000, 0.9510565162951535312, 1.000000000000000000, 0.9510565162951535312, 1.000000000000000000, 0.9510565162951535312, 1.000000000000000000, 0.9510565162951535312, 1.000000000000000000, 0.9510565162951535312, 1.000000000000000000, 0.9510565162951535312, 1.000000000000000000, 0.9510565162951535312, 1.000000000000000000, 0.9510565162951535312, 1.000000000000000000, 0.9980576656208105524, 0.9962694952918687008, 0.9962694952918687008, 0.9962694952918687008) ) ) 
 REPRESENTATION_ITEM ( '' )  SURFACE ( )  );
#804 = CARTESIAN_POINT ( 'NONE',  ( -0.9864004998515548683, 0.7166619127879002571, -10.88142279678082858 ) ) ;
#805 = CARTESIAN_POINT ( 'NONE',  ( 1.175570504584947384, 1.618033988749895347, -7.523733829641839677 ) ) ;
#806 = CARTESIAN_POINT ( 'NONE',  ( -0.3325000000000000178, -1.062066823462632703, 1.199999999999999734 ) ) ;
#807 = CARTESIAN_POINT ( 'NONE',  ( 0.6498393924658134591, 2.000000000000000444, -12.65506716297517364 ) ) ;
#808 = ORIENTED_EDGE ( 'NONE', *, *, #2966, .T. ) ;
#809 = CARTESIAN_POINT ( 'NONE',  ( 1.031896320180243132, -0.3352834388968186641, -13.81730099261701383 ) ) ;
#810 = CARTESIAN_POINT ( 'NONE',  ( 1.083963717498840795, -0.09435491593657552301, -10.68149018732015421 ) ) ;
#811 = CARTESIAN_POINT ( 'NONE',  ( -2.102924448476535257, 1.287669847337750940E-16, -6.748067162975174504 ) ) ;
#812 = CARTESIAN_POINT ( 'NONE',  ( 0.9229561270619648372, -0.6705668777936371061, -10.83649999999999913 ) ) ;
#813 = ORIENTED_EDGE ( 'NONE', *, *, #183, .F. ) ;
#814 = CARTESIAN_POINT ( 'NONE',  ( -1.140836513298521870, 6.985608921807307526E-17, -7.462800992617013129 ) ) ;
#815 = ADVANCED_FACE ( 'NONE', ( #4344 ), #2243, .T. ) ;
#816 = CARTESIAN_POINT ( 'NONE',  ( 0.3767714644234086419, 1.159583333333334965, -8.849878195836190287 ) ) ;
#817 = CARTESIAN_POINT ( 'NONE',  ( 1.909706306954517485, -0.5946642932459139663, 1.220817097090907577 ) ) ;
#818 = CARTESIAN_POINT ( 'NONE',  ( 7.899238833686599454E-07, -1.084999999999714193, -10.59530079208889397 ) ) ;
#819 = CARTESIAN_POINT ( 'NONE',  ( -0.6498393924658131260, -2.000000000000000444, -1.169233829641838307 ) ) ;
#820 = CARTESIAN_POINT ( 'NONE',  ( -0.9864004998515547573, -0.7166619127879001461, -8.133878195836190983 ) ) ;
#821 = ORIENTED_EDGE ( 'NONE', *, *, #2226, .F. ) ;
#822 = CARTESIAN_POINT ( 'NONE',  ( -0.6815859821374815608, 0.9381226230606178884, -5.600922796780832158 ) ) ;
#823 = CARTESIAN_POINT ( 'NONE',  ( -0.8304630855452578286, 0.6990671618898337547, -4.592704217279650614 ) ) ;
#824 = CARTESIAN_POINT ( 'NONE',  ( -1.102829285353924105, -0.3583309563939500730, -2.853378195836191011 ) ) ;
#825 = VECTOR ( 'NONE', #1424, 1000.000000000000000 ) ;
#826 = CARTESIAN_POINT ( 'NONE',  ( 0.9864004998515546463, -0.7166619127879003681, -4.616422796780830673 ) ) ;
#827 = CARTESIAN_POINT ( 'NONE',  ( -1.701301616704080644, 1.236067977499790249, -7.076233829641839002 ) ) ;
#828 = CARTESIAN_POINT ( 'NONE',  ( 1.031896320180243354, 0.3352834388968182755, -2.898300992617014238 ) ) ;
#829 = CARTESIAN_POINT ( 'NONE',  ( 1.701301616704080200, -1.236067977499790693, -6.032067162975172536 ) ) ;
#830 = ORIENTED_EDGE ( 'NONE', *, *, #1355, .T. ) ;
#831 = CARTESIAN_POINT ( 'NONE',  ( 0.9229561270619648372, -0.6705668777936371061, -6.746800992617012049 ) ) ;
#832 = CARTESIAN_POINT ( 'NONE',  ( 0.9066457914079547598, -0.6067322675074755534, -9.037001586082439530 ) ) ;
#833 = CARTESIAN_POINT ( 'NONE',  ( -1.902113032590307728, 0.6180339887498951246, 0.1732661703581616641 ) ) ;
#834 = CARTESIAN_POINT ( 'NONE',  ( -1.140836513298521870, 6.985608921807308758E-17, -11.55250000000000199 ) ) ;
#835 = ORIENTED_EDGE ( 'NONE', *, *, #3331, .F. ) ;
#836 = CARTESIAN_POINT ( 'NONE',  ( 1.175570504584946718, -1.618033988749895569, -11.64073382964184056 ) ) ;
#837 = CARTESIAN_POINT ( 'NONE',  ( 0.9864004998515546463, -0.7166619127879003681, -12.96687819583619294 ) ) ;
#838 = DIRECTION ( 'NONE',  ( 2.027024276326810399E-18, 1.000000000000000000, 2.316899349738235597E-17 ) ) ;
#839 = CARTESIAN_POINT ( 'NONE',  ( -0.9229561270619647262, 0.6705668777936368841, -11.22180099261701081 ) ) ;
#840 = CARTESIAN_POINT ( 'NONE',  ( 2.102924448476535257, -3.863009542013253312E-16, -2.422233829641839087 ) ) ;
#841 = CARTESIAN_POINT ( 'NONE',  ( -0.6815859821374815608, 0.9381226230606178884, -3.211378195836190219 ) ) ;
#842 = VERTEX_POINT ( 'NONE', #1949 ) ;
#843 = CARTESIAN_POINT ( 'NONE',  ( 1.102829285353923883, 0.3583309563939498510, -9.717922796780831263 ) ) ;
#844 = CARTESIAN_POINT ( 'NONE',  ( -0.5385852464486799995, -0.9798144020581593949, -4.087986720458677503 ) ) ;
#845 = CARTESIAN_POINT ( 'NONE',  ( -0.6815859821374817828, -0.9381226230606178884, -2.674378195836190741 ) ) ;
#846 = ADVANCED_FACE ( 'NONE', ( #87, #1485 ), #1323, .F. ) ;
#847 = CARTESIAN_POINT ( 'NONE',  ( 0.9864004998515546463, -0.7166619127879003681, -8.196422796780829856 ) ) ;
#848 = CARTESIAN_POINT ( 'NONE',  ( -1.701301616704080644, -1.236067977499790027, -1.348233829641838355 ) ) ;
#849 = DIRECTION ( 'NONE',  ( -1.000000000000000000, 0.000000000000000000, -0.000000000000000000 ) ) ;
#850 = CARTESIAN_POINT ( 'NONE',  ( 1.701301616704080200, -1.236067977499790693, -7.822067162975173460 ) ) ;
#851 = CARTESIAN_POINT ( 'NONE',  ( -0.3791515225169693193, -1.925154055351194327, 1.733229342372406112 ) ) ;
#852 = CARTESIAN_POINT ( 'NONE',  ( -0.3525378704127039020, 1.085000000000001741, -6.030800992617014522 ) ) ;
#853 = CARTESIAN_POINT ( 'NONE',  ( 0.6815859821374814498, -0.9381226230606178884, -10.07592279678083180 ) ) ;
#854 = CARTESIAN_POINT ( 'NONE',  ( -1.175570504584947162, -1.618033988749895347, -8.269567162975173247 ) ) ;
#855 = CARTESIAN_POINT ( 'NONE',  ( -0.3525378704127041241, -1.085000000000001741, -9.404499999999996973 ) ) ;
#856 = ORIENTED_EDGE ( 'NONE', *, *, #1294, .F. ) ;
#857 = CARTESIAN_POINT ( 'NONE',  ( -4.141833834462461787E-06, -1.084999999992096509, -7.015302044137303739 ) ) ;
#858 = CARTESIAN_POINT ( 'NONE',  ( -0.6815859821374815608, 0.9381226230606178884, -2.020922796780830311 ) ) ;
#859 = CARTESIAN_POINT ( 'NONE',  ( 0.3767714644234086419, 1.159583333333334965, -12.42987819583619036 ) ) ;
#860 = CARTESIAN_POINT ( 'NONE',  ( -1.175570504584947162, -1.618033988749895347, 0.6804328370248260427 ) ) ;
#861 = CARTESIAN_POINT ( 'NONE',  ( 0.000000000000000000, 1.085000000000001741, -11.49030099261701565 ) ) ;
#862 = CARTESIAN_POINT ( 'NONE',  ( 1.701301616704080200, -1.236067977499790693, -2.601233829641839801 ) ) ;
#863 = CARTESIAN_POINT ( 'NONE',  ( -0.3767714644234084753, -1.159583333333334965, -7.954878195836191601 ) ) ;
#864 = CARTESIAN_POINT ( 'NONE',  ( -0.9864004998515547573, 0.7166619127879002571, -9.091422796780831206 ) ) ;
#865 = CC_DESIGN_DATE_AND_TIME_ASSIGNMENT ( #2047, #964, ( #2195 ) ) ;
#866 = DIRECTION ( 'NONE',  ( -0.000000000000000000, -2.316899349738235597E-17, 1.000000000000000000 ) ) ;
#867 = CARTESIAN_POINT ( 'NONE',  ( -0.9864004998515550904, -0.7166619127879002571, -4.553878195836190024 ) ) ;
#868 = CARTESIAN_POINT ( 'NONE',  ( -1.102829285353923661, 0.3583309563939501285, -7.211922796780831035 ) ) ;
#869 = CARTESIAN_POINT ( 'NONE',  ( -2.102924448476535257, 1.287669847337750940E-16, -5.107233829641837808 ) ) ;
#870 = EDGE_CURVE ( 'NONE', #3256, #3693, #3182, .T. ) ;
#871 = CARTESIAN_POINT ( 'NONE',  ( -0.3325000000000000178, -2.124133646925259189, 1.199999999999999289 ) ) ;
#872 = CARTESIAN_POINT ( 'NONE',  ( -1.175570504584946940, 1.618033988749895569, -7.016567162975174021 ) ) ;
#873 = CARTESIAN_POINT ( 'NONE',  ( 0.2881670491011801283, 1.125490801515978356, -1.644935933336187261 ) ) ;
#874 = CARTESIAN_POINT ( 'NONE',  ( -1.328741777074880588E-16, -1.085000000000001741, -8.805300992617015154 ) ) ;
#875 = AXIS2_PLACEMENT_3D ( 'NONE', #725, #936, #3327 ) ;
#876 = CARTESIAN_POINT ( 'NONE',  ( 1.102829285353923883, 0.3583309563939498510, -11.50792279678083219 ) ) ;
#877 = CARTESIAN_POINT ( 'NONE',  ( -1.902113032590307728, 0.6180339887498951246, -1.467567162975174533 ) ) ;
#878 = CARTESIAN_POINT ( 'NONE',  ( 0.3525378704127037910, -1.085000000000001963, -2.065499999999998781 ) ) ;
#879 = VECTOR ( 'NONE', #3976, 1000.000000000000000 ) ;
#880 = ORIENTED_EDGE ( 'NONE', *, *, #43, .F. ) ;
#881 = CARTESIAN_POINT ( 'NONE',  ( -2.102924448476535257, 1.287669847337751433E-16, -5.107233829641838696 ) ) ;
#882 = CARTESIAN_POINT ( 'NONE',  ( 1.111312535290822412, -0.3310860248484278623, 0.8498821452143112687 ) ) ;
#883 = CARTESIAN_POINT ( 'NONE',  ( -2.102924448476535257, 1.287669847337751433E-16, -8.687233829641840543 ) ) ;
#884 = CARTESIAN_POINT ( 'NONE',  ( 0.3767714644234080867, -1.159583333333335631, -13.14587819583618966 ) ) ;
#885 = CARTESIAN_POINT ( 'NONE',  ( 2.070909618462714263, -0.05364879949624541677, 1.299163737521694229 ) ) ;
#886 = CARTESIAN_POINT ( 'NONE',  ( 1.925154055351279592, 0.3791515225169693193, 1.733229342372406556 ) ) ;
#887 = EDGE_LOOP ( 'NONE', ( #1491, #3791, #2017, #3814, #856, #712, #1918 ) ) ;
#888 = CARTESIAN_POINT ( 'NONE',  ( -0.6815859821374816718, -0.9381226230606176664, -4.464378195836190777 ) ) ;
#889 = CARTESIAN_POINT ( 'NONE',  ( -1.102829285353923661, 0.3583309563939501285, -10.79192279678083111 ) ) ;
#890 = CARTESIAN_POINT ( 'NONE',  ( 0.6815859821374815608, -0.9381226230606179994, -5.896378195836192049 ) ) ;
#891 = CARTESIAN_POINT ( 'NONE',  ( 1.102829285353923883, 0.3583309563939498510, -9.717922796780831263 ) ) ;
#892 = CARTESIAN_POINT ( 'NONE',  ( 1.701301616704080866, 1.236067977499789805, -2.243233829641838373 ) ) ;
#893 = ORIENTED_EDGE ( 'NONE', *, *, #3051, .F. ) ;
#894 = DIRECTION ( 'NONE',  ( 1.000000000000000000, 0.000000000000000000, 0.000000000000000000 ) ) ;
#895 = CARTESIAN_POINT ( 'NONE',  ( -1.902113032590307728, 0.6180339887498951246, -5.047567162975174604 ) ) ;
#896 = AXIS2_PLACEMENT_3D ( 'NONE', #28, #2701, #4077 ) ;
#897 = LINE ( 'NONE', #925, #1468 ) ;
#898 = EDGE_CURVE ( 'NONE', #3929, #2045, #3236, .T. ) ;
#899 = CARTESIAN_POINT ( 'NONE',  ( 1.140836513298521870, -2.095682676542192134E-16, -8.357800992617011815 ) ) ;
#900 = CARTESIAN_POINT ( 'NONE',  ( -1.102829285353923883, -0.3583309563939500175, -12.40292279678083176 ) ) ;
#901 = CARTESIAN_POINT ( 'NONE',  ( -0.6498393924658131260, -2.000000000000000444, -4.600067162975173929 ) ) ;
#902 =( BOUNDED_SURFACE ( )  B_SPLINE_SURFACE ( 1, 2, ( 
 ( #3883, #1479, #149, #1591, #1988, #1615, #4384, #1963, #2014, #1545, #588, #3990, #3674, #3698, #563, #3341, #198, #3366, #2932, #1569, #3001, #245, #3653, #4037, #611, #927, #900, #2613, #3968, #4337, #221, #4315, #1269, #3318, #2662, #517, #876, #1200, #2325, #3722, #1639, #3027, #1915, #540, #4407, #3294, #174, #1291, #1939, #2976, #2591, #2684, #853, #4060, #2955, #2301, #2279, #2257, #950, #3631, #1223, #4360, #2349, #1246, #2637, #4013, #336, #2756, #1683, #3048, #9, #2372, #3070, #636, #3787, #3452, #3766, #2036, #2433, #656, #2099, #1729, #4453, #974, #3114, #3745, #1338, #2392, #701, #679, #3432, #3411, #2056, #1403, #4500, #2413, #288, #3475, #310, #1707, #3093, #2800, #2078, #4176, #1382, #4430, #2777, #1065, #4152, #4478, #358, #2456, #1361, #4127, #3833, #2734, #4107, #1040, #4082, #3810, #1019, #1753, #3137, #722, #3389, #269, #1660, #1314, #2708, #997, #33, #2478, #380, #3855, #1428, #2122, #2825, #1779, #4199, #1085, #3498, #3161, #858, #593, #2689, #1228, #156, #1275, #4320, #1551, #1206, #1994, #1574, #2262, #2596, #3346, #1251, #181, #2938, #3032, #3636, #2960, #522, #2307, #1968, #2284, #1921, #932, #3659, #3371, #226, #4342, #3973, #1621, #3302, #2618, #882 ),
 ( #2355, #4019, #3995, #1945, #3679, #547, #3323, #3727, #250, #203, #2668, #907, #1596, #2981, #4365, #4413, #1297, #3006, #2642, #4391, #568, #4044, #2330, #3703, #1644, #1897, #4065, #955, #3278, #3418, #1645, #2643, #1995, #294, #3007, #227, #3704, #982, #908, #3077, #3372, #2378, #4392, #2982, #1276, #4045, #620, #643, #1597, #1321, #1691, #2715, #3996, #4020, #4066, #3055, #1622, #2020, #4460, #3396, #251, #569, #1946, #2308, #2690, #883, #3728, #2669, #3033, #4366, #1969, #2285, #275, #2619, #4414, #1298, #1252, #933, #3751, #3680, #3347, #4088, #2332, #594, #3660, #2042, #548, #3325, #956, #2356, #1667, #4438, #204, #4114, #2463, #410, #365, #1761, #1715, #1735, #4207, #3100, #4486, #2832, #3120, #4506, #3188, #1092, #1004, #2485, #1368, #3483, #686, #2400, #729, #3773, #665, #2064, #40, #1025, #2762, #3439, #2809, #709, #4134, #319, #3862, #2421, #3794, #2085, #3145, #1411, #1389, #3460, #387, #2784, #1435, #4183, #343, #4159, #1072, #1047, #2441, #3818, #3169, #16, #2106, #3841, #2130, #746, #3506, #1788, #2153, #3528, #1807, #1345, #2741, #1201, #1873, #2592, #130, #1112, #1526, #3969, #833, #4270, #150, #3632, #3569, #2549, #2258, #428, #82, #3592, #769, #3949, #451 ) ),
 .UNSPECIFIED., .F., .F., .T. ) 
 B_SPLINE_SURFACE_WITH_KNOTS ( ( 2, 2 ),
 ( 3, 2, 2, 2, 2, 2, 2, 2, 2, 2, 2, 2, 2, 2, 2, 2, 2, 2, 2, 2, 2, 2, 2, 2, 2, 2, 2, 2, 2, 2, 2, 2, 2, 2, 2, 2, 2, 2, 2, 2, 2, 2, 2, 2, 2, 2, 2, 2, 2, 2, 2, 2, 2, 2, 2, 2, 2, 2, 2, 2, 2, 2, 2, 2, 2, 2, 2, 2, 2, 2, 2, 2, 2, 2, 2, 2, 2, 2, 2, 2, 2, 2, 2, 2, 2, 2, 2, 2, 3 ),
 ( 0.000000000000000000, 1.000000000000000000 ),
 ( 0.000000000000000000, 0.01111111111111111154, 0.02222222222222222307, 0.03333333333333333287, 0.04444444444444444614, 0.05555555555555555247, 0.06666666666666666574, 0.07777777777777777901, 0.08888888888888889228, 0.1000000000000000056, 0.1111111111111111049, 0.1222222222222222182, 0.1333333333333333315, 0.1444444444444444309, 0.1555555555555555580, 0.1666666666666666574, 0.1777777777777777846, 0.1888888888888888840, 0.2000000000000000111, 0.2111111111111111105, 0.2222222222222222099, 0.2333333333333333370, 0.2444444444444444364, 0.2555555555555555358, 0.2666666666666666630, 0.2777777777777777901, 0.2888888888888888618, 0.2999999999999999889, 0.3111111111111111160, 0.3222222222222222432, 0.3333333333333333148, 0.3444444444444444420, 0.3555555555555555691, 0.3666666666666666408, 0.3777777777777777679, 0.3888888888888888951, 0.4000000000000000222, 0.4111111111111110938, 0.4222222222222222210, 0.4333333333333333481, 0.4444444444444444198, 0.4555555555555555469, 0.4666666666666666741, 0.4777777777777778012, 0.4888888888888888729, 0.5000000000000000000, 0.5111111111111110716, 0.5222222222222222543, 0.5333333333333333259, 0.5444444444444443976, 0.5555555555555555802, 0.5666666666666666519, 0.5777777777777777235, 0.5888888888888889062, 0.5999999999999999778, 0.6111111111111111605, 0.6222222222222222321, 0.6333333333333333037, 0.6444444444444444864, 0.6555555555555555580, 0.6666666666666666297, 0.6777777777777778123, 0.6888888888888888840, 0.6999999999999999556, 0.7111111111111111382, 0.7222222222222222099, 0.7333333333333332815, 0.7444444444444444642, 0.7555555555555555358, 0.7666666666666667185, 0.7777777777777777901, 0.7888888888888888618, 0.8000000000000000444, 0.8111111111111111160, 0.8222222222222221877, 0.8333333333333333703, 0.8444444444444444420, 0.8555555555555555136, 0.8666666666666666963, 0.8777777777777777679, 0.8888888888888888395, 0.9000000000000000222, 0.9111111111111110938, 0.9222222222222222765, 0.9333333333333333481, 0.9444444444444444198, 0.9555555555555556024, 0.9666666666666666741, 0.9671082471123292335 ),
 .UNSPECIFIED. ) 
 GEOMETRIC_REPRESENTATION_ITEM ( )  RATIONAL_B_SPLINE_SURFACE ( (
 ( 1.000000000000000000, 0.9510565162951535312, 1.000000000000000000, 0.9510565162951535312, 1.000000000000000000, 0.9510565162951535312, 1.000000000000000000, 0.9510565162951535312, 1.000000000000000000, 0.9510565162951535312, 1.000000000000000000, 0.9510565162951535312, 1.000000000000000000, 0.9510565162951535312, 1.000000000000000000, 0.9510565162951535312, 1.000000000000000000, 0.9510565162951535312, 1.000000000000000000, 0.9510565162951535312, 1.000000000000000000, 0.9510565162951535312, 1.000000000000000000, 0.9510565162951535312, 1.000000000000000000, 0.9510565162951535312, 1.000000000000000000, 0.9510565162951535312, 1.000000000000000000, 0.9510565162951535312, 1.000000000000000000, 0.9510565162951535312, 1.000000000000000000, 0.9510565162951535312, 1.000000000000000000, 0.9510565162951535312, 1.000000000000000000, 0.9510565162951535312, 1.000000000000000000, 0.9510565162951535312, 1.000000000000000000, 0.9510565162951535312, 1.000000000000000000, 0.9510565162951535312, 1.000000000000000000, 0.9510565162951535312, 1.000000000000000000, 0.9510565162951535312, 1.000000000000000000, 0.9510565162951535312, 1.000000000000000000, 0.9510565162951535312, 1.000000000000000000, 0.9510565162951535312, 1.000000000000000000, 0.9510565162951535312, 1.000000000000000000, 0.9510565162951535312, 1.000000000000000000, 0.9510565162951535312, 1.000000000000000000, 0.9510565162951535312, 1.000000000000000000, 0.9510565162951535312, 1.000000000000000000, 0.9510565162951535312, 1.000000000000000000, 0.9510565162951535312, 1.000000000000000000, 0.9510565162951535312, 1.000000000000000000, 0.9510565162951535312, 1.000000000000000000, 0.9510565162951535312, 1.000000000000000000, 0.9510565162951535312, 1.000000000000000000, 0.9510565162951535312, 1.000000000000000000, 0.9510565162951535312, 1.000000000000000000, 0.9510565162951535312, 1.000000000000000000, 0.9510565162951535312, 1.000000000000000000, 0.9510565162951535312, 1.000000000000000000, 0.9510565162951535312, 1.000000000000000000, 0.9510565162951535312, 1.000000000000000000, 0.9510565162951535312, 1.000000000000000000, 0.9510565162951535312, 1.000000000000000000, 0.9510565162951535312, 1.000000000000000000, 0.9510565162951535312, 1.000000000000000000, 0.9510565162951535312, 1.000000000000000000, 0.9510565162951535312, 1.000000000000000000, 0.9510565162951535312, 1.000000000000000000, 0.9510565162951535312, 1.000000000000000000, 0.9510565162951535312, 1.000000000000000000, 0.9510565162951535312, 1.000000000000000000, 0.9510565162951535312, 1.000000000000000000, 0.9510565162951535312, 1.000000000000000000, 0.9510565162951535312, 1.000000000000000000, 0.9510565162951535312, 1.000000000000000000, 0.9510565162951535312, 1.000000000000000000, 0.9510565162951535312, 1.000000000000000000, 0.9510565162951535312, 1.000000000000000000, 0.9510565162951535312, 1.000000000000000000, 0.9510565162951535312, 1.000000000000000000, 0.9510565162951535312, 1.000000000000000000, 0.9510565162951535312, 1.000000000000000000, 0.9510565162951535312, 1.000000000000000000, 0.9510565162951535312, 1.000000000000000000, 0.9510565162951535312, 1.000000000000000000, 0.9510565162951535312, 1.000000000000000000, 0.9510565162951535312, 1.000000000000000000, 0.9510565162951535312, 1.000000000000000000, 0.9510565162951535312, 1.000000000000000000, 0.9510565162951535312, 1.000000000000000000, 0.9510565162951535312, 1.000000000000000000, 0.9510565162951535312, 1.000000000000000000, 0.9510565162951535312, 1.000000000000000000, 0.9510565162951535312, 1.000000000000000000, 0.9510565162951535312, 1.000000000000000000, 0.9510565162951535312, 1.000000000000000000, 0.9510565162951535312, 1.000000000000000000, 0.9510565162951535312, 1.000000000000000000, 0.9510565162951535312, 1.000000000000000000, 0.9510565162951535312, 1.000000000000000000, 0.9510565162951535312, 1.000000000000000000, 0.9510565162951535312, 1.000000000000000000, 0.9510565162951535312, 1.000000000000000000, 0.9980548763188001882, 0.9962643597823628294),
 ( 1.000000000000000000, 0.9510565162951535312, 1.000000000000000000, 0.9510565162951535312, 1.000000000000000000, 0.9510565162951535312, 1.000000000000000000, 0.9510565162951535312, 1.000000000000000000, 0.9510565162951535312, 1.000000000000000000, 0.9510565162951535312, 1.000000000000000000, 0.9510565162951535312, 1.000000000000000000, 0.9510565162951535312, 1.000000000000000000, 0.9510565162951535312, 1.000000000000000000, 0.9510565162951535312, 1.000000000000000000, 0.9510565162951535312, 1.000000000000000000, 0.9510565162951535312, 1.000000000000000000, 0.9510565162951535312, 1.000000000000000000, 0.9510565162951535312, 1.000000000000000000, 0.9510565162951535312, 1.000000000000000000, 0.9510565162951535312, 1.000000000000000000, 0.9510565162951535312, 1.000000000000000000, 0.9510565162951535312, 1.000000000000000000, 0.9510565162951535312, 1.000000000000000000, 0.9510565162951535312, 1.000000000000000000, 0.9510565162951535312, 1.000000000000000000, 0.9510565162951535312, 1.000000000000000000, 0.9510565162951535312, 1.000000000000000000, 0.9510565162951535312, 1.000000000000000000, 0.9510565162951535312, 1.000000000000000000, 0.9510565162951535312, 1.000000000000000000, 0.9510565162951535312, 1.000000000000000000, 0.9510565162951535312, 1.000000000000000000, 0.9510565162951535312, 1.000000000000000000, 0.9510565162951535312, 1.000000000000000000, 0.9510565162951535312, 1.000000000000000000, 0.9510565162951535312, 1.000000000000000000, 0.9510565162951535312, 1.000000000000000000, 0.9510565162951535312, 1.000000000000000000, 0.9510565162951535312, 1.000000000000000000, 0.9510565162951535312, 1.000000000000000000, 0.9510565162951535312, 1.000000000000000000, 0.9510565162951535312, 1.000000000000000000, 0.9510565162951535312, 1.000000000000000000, 0.9510565162951535312, 1.000000000000000000, 0.9510565162951535312, 1.000000000000000000, 0.9510565162951535312, 1.000000000000000000, 0.9510565162951535312, 1.000000000000000000, 0.9510565162951535312, 1.000000000000000000, 0.9510565162951535312, 1.000000000000000000, 0.9510565162951535312, 1.000000000000000000, 0.9510565162951535312, 1.000000000000000000, 0.9510565162951535312, 1.000000000000000000, 0.9510565162951535312, 1.000000000000000000, 0.9510565162951535312, 1.000000000000000000, 0.9510565162951535312, 1.000000000000000000, 0.9510565162951535312, 1.000000000000000000, 0.9510565162951535312, 1.000000000000000000, 0.9510565162951535312, 1.000000000000000000, 0.9510565162951535312, 1.000000000000000000, 0.9510565162951535312, 1.000000000000000000, 0.9510565162951535312, 1.000000000000000000, 0.9510565162951535312, 1.000000000000000000, 0.9510565162951535312, 1.000000000000000000, 0.9510565162951535312, 1.000000000000000000, 0.9510565162951535312, 1.000000000000000000, 0.9510565162951535312, 1.000000000000000000, 0.9510565162951535312, 1.000000000000000000, 0.9510565162951535312, 1.000000000000000000, 0.9510565162951535312, 1.000000000000000000, 0.9510565162951535312, 1.000000000000000000, 0.9510565162951535312, 1.000000000000000000, 0.9510565162951535312, 1.000000000000000000, 0.9510565162951535312, 1.000000000000000000, 0.9510565162951535312, 1.000000000000000000, 0.9510565162951535312, 1.000000000000000000, 0.9510565162951535312, 1.000000000000000000, 0.9510565162951535312, 1.000000000000000000, 0.9510565162951535312, 1.000000000000000000, 0.9510565162951535312, 1.000000000000000000, 0.9510565162951535312, 1.000000000000000000, 0.9510565162951535312, 1.000000000000000000, 0.9510565162951535312, 1.000000000000000000, 0.9510565162951535312, 1.000000000000000000, 0.9510565162951535312, 1.000000000000000000, 0.9510565162951535312, 1.000000000000000000, 0.9510565162951535312, 1.000000000000000000, 0.9510565162951535312, 1.000000000000000000, 0.9510565162951535312, 1.000000000000000000, 0.9510565162951535312, 1.000000000000000000, 0.9510565162951535312, 1.000000000000000000, 0.9510565162951535312, 1.000000000000000000, 0.9980548763188001882, 0.9962643597823628294) ) ) 
 REPRESENTATION_ITEM ( '' )  SURFACE ( )  );
#903 = CARTESIAN_POINT ( 'NONE',  ( -0.3525378704127041241, -1.085000000000001741, -4.034499999999999531 ) ) ;
#904 = ORIENTED_EDGE ( 'NONE', *, *, #2008, .T. ) ;
#905 = EDGE_CURVE ( 'NONE', #573, #256, #4042, .T. ) ;
#906 = CARTESIAN_POINT ( 'NONE',  ( 1.175570504584947384, 1.618033988749895347, -9.313733829641838824 ) ) ;
#907 = CARTESIAN_POINT ( 'NONE',  ( 0.6498393924658125709, -2.000000000000000888, -13.52023382964184250 ) ) ;
#908 = CARTESIAN_POINT ( 'NONE',  ( 1.175570504584947384, 1.618033988749895347, -11.10373382964183975 ) ) ;
#909 = CARTESIAN_POINT ( 'NONE',  ( -1.102829285353923661, 0.3583309563939501285, -6.612378195836191352 ) ) ;
#910 = DIRECTION ( 'NONE',  ( 0.000000000000000000, -1.000000000000000000, -2.316899349738235597E-17 ) ) ;
#911 = CARTESIAN_POINT ( 'NONE',  ( 0.000000000000000000, 0.000000000000000000, 1.399999999999999689 ) ) ;
#912 = ORIENTED_EDGE ( 'NONE', *, *, #3495, .T. ) ;
#913 = DIRECTION ( 'NONE',  ( 0.000000000000000000, 0.000000000000000000, 1.000000000000000000 ) ) ;
#914 = B_SPLINE_CURVE_WITH_KNOTS ( 'NONE', 3,
 ( #529, #4398, #2315, #164 ),
 .UNSPECIFIED., .F., .F.,
 ( 4, 4 ),
 ( 0.000000000000000000, 0.001044327896053611144 ),
 .UNSPECIFIED. ) ;
#915 = CARTESIAN_POINT ( 'NONE',  ( 0.9864004998515545353, -0.7166619127879003681, -2.826422796780831082 ) ) ;
#916 = CARTESIAN_POINT ( 'NONE',  ( 0.000000000000000000, 0.000000000000000000, -0.6000000000000000888 ) ) ;
#917 = CARTESIAN_POINT ( 'NONE',  ( 2.102924448476535257, -3.863009542013253312E-16, -11.22306716297517326 ) ) ;
#918 = CARTESIAN_POINT ( 'NONE',  ( 0.3767714644234081423, -1.159583333333335853, -7.775878195836191331 ) ) ;
#919 = CARTESIAN_POINT ( 'NONE',  ( -0.9864004998515548683, -0.7166619127879001461, -5.153422796780830595 ) ) ;
#920 = CARTESIAN_POINT ( 'NONE',  ( -1.175570504584947162, -1.618033988749895347, -4.838733829641839179 ) ) ;
#921 = EDGE_LOOP ( 'NONE', ( #4197, #1732, #1273, #329 ) ) ;
#922 = CARTESIAN_POINT ( 'NONE',  ( 0.000000000000000000, -3.429011037612588290E-16, 2.799999999999999378 ) ) ;
#923 = VECTOR ( 'NONE', #10, 1000.000000000000000 ) ;
#924 = CARTESIAN_POINT ( 'NONE',  ( 1.175570504584946718, -1.618033988749895569, -4.331567162975172636 ) ) ;
#925 = CARTESIAN_POINT ( 'NONE',  ( 0.3324999999999965206, -1.062066823462630927, 1.199999999999999734 ) ) ;
#926 = CARTESIAN_POINT ( 'NONE',  ( -0.9229561270619648372, 0.6705668777936369951, -9.431800992617013435 ) ) ;
#927 = CARTESIAN_POINT ( 'NONE',  ( -1.219258070856293008, 7.465802469043678121E-17, -12.49242279678082923 ) ) ;
#928 = CARTESIAN_POINT ( 'NONE',  ( 1.902113032590307728, -0.6180339887498953466, -4.152567162975174142 ) ) ;
#929 = CARTESIAN_POINT ( 'NONE',  ( -0.6377469987373345361, -0.8777834388968193124, -4.123999999999998778 ) ) ;
#930 = ORIENTED_EDGE ( 'NONE', *, *, #2886, .F. ) ;
#931 = CARTESIAN_POINT ( 'NONE',  ( -0.6498393924658131260, -2.000000000000000444, -10.11923382964183737 ) ) ;
#932 = CARTESIAN_POINT ( 'NONE',  ( -0.9864004998515548683, -0.7166619127879001461, 0.2165772032191697061 ) ) ;
#933 = CARTESIAN_POINT ( 'NONE',  ( 1.701301616704080866, 1.236067977499790027, -7.613233829641838923 ) ) ;
#934 = CARTESIAN_POINT ( 'NONE',  ( -1.102829285353923661, 0.3583309563939501285, -4.822378195836191317 ) ) ;
#935 = ADVANCED_FACE ( 'NONE', ( #2022 ), #3009, .T. ) ;
#936 = DIRECTION ( 'NONE',  ( 0.000000000000000000, 0.000000000000000000, 1.000000000000000000 ) ) ;
#937 = CARTESIAN_POINT ( 'NONE',  ( 0.000000000000000000, 0.000000000000000000, -0.6000000000000000888 ) ) ;
#938 = ORIENTED_EDGE ( 'NONE', *, *, #2091, .F. ) ;
#939 = DIRECTION ( 'NONE',  ( 0.3812272063696564017, 0.9203638919632231019, 0.08715574274765834628 ) ) ;
#940 = AXIS2_PLACEMENT_3D ( 'NONE', #911, #277, #321 ) ;
#941 = DIRECTION ( 'NONE',  ( 0.000000000000000000, -1.000000000000000000, -2.323290369611794820E-17 ) ) ;
#942 = CARTESIAN_POINT ( 'NONE',  ( -1.902113032590308173, -0.6180339887498949025, -13.81856716297517451 ) ) ;
#943 = CARTESIAN_POINT ( 'NONE',  ( -1.420080017511287752E-16, -1.159583333333335631, 1.084621804163809378 ) ) ;
#944 = CARTESIAN_POINT ( 'NONE',  ( 0.3767714644234080867, -1.159583333333335631, 0.5745772032191684975 ) ) ;
#945 = CARTESIAN_POINT ( 'NONE',  ( 1.175570504584946718, -1.618033988749895569, -4.480733829641838639 ) ) ;
#946 = DIRECTION ( 'NONE',  ( -0.000000000000000000, -2.316899349738235597E-17, 1.000000000000000000 ) ) ;
#947 = CARTESIAN_POINT ( 'NONE',  ( 1.902113032590307728, -0.6180339887498953466, 1.217432837024827075 ) ) ;
#948 = DIRECTION ( 'NONE',  ( 0.9238795325112882928, 0.3826834323650861180, -9.941611076326127832E-17 ) ) ;
#949 = CARTESIAN_POINT ( 'NONE',  ( 0.3525378704127037910, -1.085000000000001963, -1.555800992617013767 ) ) ;
#950 = CARTESIAN_POINT ( 'NONE',  ( 0.6815859821374817828, 0.9381226230606176664, -9.538922796780830993 ) ) ;
#951 = CARTESIAN_POINT ( 'NONE',  ( 1.902113032590308173, 0.6180339887498946805, -2.183567162975174281 ) ) ;
#952 = CARTESIAN_POINT ( 'NONE',  ( -1.140836513298521870, 6.985608921807308758E-17, -6.182499999999997442 ) ) ;
#953 = VERTEX_POINT ( 'NONE', #3398 ) ;
#954 = CARTESIAN_POINT ( 'NONE',  ( -1.175570504584946940, 1.618033988749895569, -7.165733829641839137 ) ) ;
#955 = CARTESIAN_POINT ( 'NONE',  ( -1.701301616704080644, -1.236067977499790249, -12.08823382964183679 ) ) ;
#956 = CARTESIAN_POINT ( 'NONE',  ( -1.175570504584947162, -1.618033988749895347, -6.628733829641839215 ) ) ;
#957 = CARTESIAN_POINT ( 'NONE',  ( -1.420080017511287505E-16, -1.159583333333335409, -4.285378195836190507 ) ) ;
#958 = VECTOR ( 'NONE', #1452, 1000.000000000000000 ) ;
#959 = CARTESIAN_POINT ( 'NONE',  ( 1.081290088097354607, -0.08962817648451677777, -1.729932983802751956 ) ) ;
#960 = ORIENTED_EDGE ( 'NONE', *, *, #2002, .F. ) ;
#961 = CARTESIAN_POINT ( 'NONE',  ( 0.6815859821374817828, 0.9381226230606176664, -1.779378195836190946 ) ) ;
#962 = EDGE_CURVE ( 'NONE', #4318, #4468, #1499, .T. ) ;
#963 = AXIS2_PLACEMENT_3D ( 'NONE', #4324, #1532, #2244 ) ;
#964 = DATE_TIME_ROLE ( 'creation_date' ) ;
#965 = CARTESIAN_POINT ( 'NONE',  ( 0.6498393924658125709, -2.000000000000000888, -9.791067162975174654 ) ) ;
#966 = CARTESIAN_POINT ( 'NONE',  ( 0.9250451293344219561, -0.7877067928623958659, -11.78573526344676026 ) ) ;
#967 = EDGE_CURVE ( 'NONE', #368, #772, #3784, .T. ) ;
#968 = CARTESIAN_POINT ( 'NONE',  ( 1.107232199093837632, -0.3447801812610145622, 0.8464617681102492019 ) ) ;
#969 = CARTESIAN_POINT ( 'NONE',  ( -0.2838474753006769991, 1.056801227297863077, -6.555340117302823622 ) ) ;
#970 = DIRECTION ( 'NONE',  ( 0.000000000000000000, 1.000000000000000000, 1.680933600752720204E-16 ) ) ;
#971 = CARTESIAN_POINT ( 'NONE',  ( -0.9864004998515550904, 0.7166619127879003681, -13.86187819583619074 ) ) ;
#972 = CARTESIAN_POINT ( 'NONE',  ( -0.9864004998515547573, -0.7166619127879001461, -9.923878195836190130 ) ) ;
#973 = CARTESIAN_POINT ( 'NONE',  ( -0.6377469987373345361, -0.8777834388968193124, -3.614300992617013542 ) ) ;
#974 = CARTESIAN_POINT ( 'NONE',  ( -0.9864004998515548683, 0.7166619127879002571, -7.301422796780830282 ) ) ;
#975 = CARTESIAN_POINT ( 'NONE',  ( -1.701301616704080644, -1.236067977499790027, -4.779067162975175087 ) ) ;
#976 = CARTESIAN_POINT ( 'NONE',  ( -0.3525378704127041241, -1.085000000000001741, -5.824499999999998678 ) ) ;
#977 = CIRCLE ( 'NONE', #2222, 2.000000000000000000 ) ;
#978 = EDGE_LOOP ( 'NONE', ( #2744, #4503, #1000, #448 ) ) ;
#979 = CARTESIAN_POINT ( 'NONE',  ( 2.102924448476535257, -3.863009542013253312E-16, -9.582233829641840117 ) ) ;
#980 = VECTOR ( 'NONE', #779, 1000.000000000000000 ) ;
#981 = DIRECTION ( 'NONE',  ( -0.3812272063696564017, -0.9203638919632231019, 0.08715574274765834628 ) ) ;
#982 = CARTESIAN_POINT ( 'NONE',  ( 1.701301616704080866, 1.236067977499790027, -11.19323382964184077 ) ) ;
#983 = CARTESIAN_POINT ( 'NONE',  ( 0.3767714644234080867, -1.159583333333335631, -5.985878195836190407 ) ) ;
#984 = CARTESIAN_POINT ( 'NONE',  ( 0.000000000000000000, 1.085000000000001741, -4.330300992617013733 ) ) ;
#985 = CARTESIAN_POINT ( 'NONE',  ( 0.000000000000000000, 1.420253867492436449E-15, -7.731501950773467691 ) ) ;
#986 = ORIENTED_EDGE ( 'NONE', *, *, #3384, .F. ) ;
#987 = CARTESIAN_POINT ( 'NONE',  ( 3.722926269407953888E-16, -2.580000000000000071, 2.799999999999998934 ) ) ;
#988 = APPROVAL_DATE_TIME ( #2447, #537 ) ;
#989 = CARTESIAN_POINT ( 'NONE',  ( -1.902113032590307728, 0.6180339887498951246, -8.627567162975173787 ) ) ;
#990 = CARTESIAN_POINT ( 'NONE',  ( 1.102829285353924105, 0.3583309563939499620, -0.1683781958361912912 ) ) ;
#991 = CARTESIAN_POINT ( 'NONE',  ( 0.3767714644234080867, -1.159583333333335631, -1.215422796780831094 ) ) ;
#992 = CARTESIAN_POINT ( 'NONE',  ( -0.6668206414966368900, -0.8676107740809017033, -5.922277159086540621 ) ) ;
#993 = CARTESIAN_POINT ( 'NONE',  ( -1.053271715535465614, 0.3028683139242535627, -9.842652225920003772 ) ) ;
#994 = ADVANCED_FACE ( 'NONE', ( #206 ), #4022, .F. ) ;
#995 = CARTESIAN_POINT ( 'NONE',  ( 2.102924448476535257, -3.863009542013253312E-16, -2.273067162975173083 ) ) ;
#996 = CARTESIAN_POINT ( 'NONE',  ( -0.6377469987373345361, -0.8777834388968193124, -1.824300992617013728 ) ) ;
#997 = CARTESIAN_POINT ( 'NONE',  ( -0.3767714644234084753, -1.159583333333334965, -3.184422796780831622 ) ) ;
#998 = CYLINDRICAL_SURFACE ( 'NONE', #3800, 1.085000000000001741 ) ;
#999 = CARTESIAN_POINT ( 'NONE',  ( 2.020169281164256378E-05, 1.084999999608305288, -11.49039253783589309 ) ) ;
#1000 = ORIENTED_EDGE ( 'NONE', *, *, #3877, .F. ) ;
#1001 = CARTESIAN_POINT ( 'NONE',  ( -1.902113032590308173, -0.6180339887498949025, -5.017733829641839449 ) ) ;
#1002 = CARTESIAN_POINT ( 'NONE',  ( -0.5109365663774975141, -0.9640198473584821182, -7.662505078629654243 ) ) ;
#1003 = CARTESIAN_POINT ( 'NONE',  ( -1.219258070856292786, 7.465802469043678121E-17, -3.542422796780829497 ) ) ;
#1004 = CARTESIAN_POINT ( 'NONE',  ( -1.175570504584947162, -1.618033988749895347, -4.838733829641839179 ) ) ;
#1005 = CARTESIAN_POINT ( 'NONE',  ( -0.9864004998515548683, -0.7166619127879001461, -4.553878195836190024 ) ) ;
#1006 = CARTESIAN_POINT ( 'NONE',  ( 1.052655079402110561, 0.2736673081831416665, -7.004356682236358544 ) ) ;
#1007 = ORIENTED_EDGE ( 'NONE', *, *, #2940, .T. ) ;
#1008 = DIRECTION ( 'NONE',  ( -0.000000000000000000, -2.316899349738235597E-17, 1.000000000000000000 ) ) ;
#1009 = CARTESIAN_POINT ( 'NONE',  ( -2.102924448476535257, 1.287669847337751433E-16, -13.90806716297517198 ) ) ;
#1010 = CARTESIAN_POINT ( 'NONE',  ( -1.062066823462629594, -0.3325000000000004619, 1.200000000000000178 ) ) ;
#1011 = UNCERTAINTY_MEASURE_WITH_UNIT (LENGTH_MEASURE( 1.000000000000000082E-05 ), #2626, 'distance_accuracy_value', 'NONE');
#1012 = ORIENTED_EDGE ( 'NONE', *, *, #1859, .T. ) ;
#1013 = CARTESIAN_POINT ( 'NONE',  ( -0.6815859821374816718, -0.9381226230606176664, -1.483922796780830833 ) ) ;
#1014 = CARTESIAN_POINT ( 'NONE',  ( -0.5461851752634718782, 0.5461851752634809820, 1.200000000000000178 ) ) ;
#1015 = DIRECTION ( 'NONE',  ( 0.000000000000000000, -1.000000000000000000, 0.000000000000000000 ) ) ;
#1016 = CARTESIAN_POINT ( 'NONE',  ( 2.102924448476535257, -3.863009542013253312E-16, -0.4830671629751734364 ) ) ;
#1017 = EDGE_CURVE ( 'NONE', #3004, #1861, #2922, .T. ) ;
#1018 = CARTESIAN_POINT ( 'NONE',  ( -1.031896320180243354, -0.3352834388968184420, -0.2133009926170142401 ) ) ;
#1019 = CARTESIAN_POINT ( 'NONE',  ( 0.000000000000000000, 1.159583333333335409, -3.989922796780830616 ) ) ;
#1020 = DIRECTION ( 'NONE',  ( 0.000000000000000000, -1.000000000000000000, 0.000000000000000000 ) ) ;
#1021 = CARTESIAN_POINT ( 'NONE',  ( 0.9229561270619648372, 0.6705668777936369951, 0.2615000000000012315 ) ) ;
#1022 = ORIENTED_EDGE ( 'NONE', *, *, #434, .T. ) ;
#1023 = LINE ( 'NONE', #2807, #4436 ) ;
#1024 = CARTESIAN_POINT ( 'NONE',  ( 0.1286673208981468641, -1.077825841381271799, -11.07131195132090440 ) ) ;
#1025 = CARTESIAN_POINT ( 'NONE',  ( 0.6498393924658134591, 2.000000000000000444, -3.854233829641839915 ) ) ;
#1026 = CARTESIAN_POINT ( 'NONE',  ( -0.9864004998515548683, 0.7166619127879002571, 0.4581218041638090988 ) ) ;
#1027 = CARTESIAN_POINT ( 'NONE',  ( 0.5047113588648356464, -1.764692031208906497, -0.8064938489378750130 ) ) ;
#1028 = VERTEX_POINT ( 'NONE', #1431 ) ;
#1029 = CARTESIAN_POINT ( 'NONE',  ( 0.8108538419615463066, 0.7223013130958435557, -5.079738264852209362 ) ) ;
#1030 =( BOUNDED_CURVE ( )  B_SPLINE_CURVE ( 2, ( #2617, #1529, #1920, #2553, #2533, #814, #3596, #155, #180, #1137, #857 ),
 .UNSPECIFIED., .F., .T. ) 
 B_SPLINE_CURVE_WITH_KNOTS ( ( 3, 2, 2, 2, 2, 3 ),
 ( 0.4595601261923724090, 0.4710488774164290904, 0.4825378744265861330, 0.4940268714367432312, 0.5055158684469002184, 0.5170047944938855888 ),
 .UNSPECIFIED. ) 
 CURVE ( )  GEOMETRIC_REPRESENTATION_ITEM ( )  RATIONAL_B_SPLINE_CURVE ( ( 0.9999979059319736852, 0.9510575633515665483, 1.000000000000000000, 0.9510565162951535312, 1.000000000000000000, 0.9510565162951535312, 1.000000000000000000, 0.9510565162951535312, 1.000000000000000000, 0.9510565162951535312, 1.000000000000000000 ) ) 
 REPRESENTATION_ITEM ( '' )  );
#1031 = AXIS2_PLACEMENT_3D ( 'NONE', #2869, #3777, #3377 ) ;
#1032 = CALENDAR_DATE ( 2026, 8, 1 ) ;
#1033 = CARTESIAN_POINT ( 'NONE',  ( -1.902113032590308173, -0.6180339887498949025, -3.078567162975174298 ) ) ;
#1034 = CARTESIAN_POINT ( 'NONE',  ( 1.359245732475109047, 0.2740629887524840824, -11.48063753663893571 ) ) ;
#1035 = CARTESIAN_POINT ( 'NONE',  ( -1.420080017511287505E-16, -1.159583333333335409, -1.304922796780830563 ) ) ;
#1036 = CARTESIAN_POINT ( 'NONE',  ( -0.9480917359686620305, -0.5463700974799914345, -6.034402165327012568 ) ) ;
#1037 = CARTESIAN_POINT ( 'NONE',  ( -0.2577715975371415169, 1.053935042469699379, -10.14199614904889479 ) ) ;
#1038 = CARTESIAN_POINT ( 'NONE',  ( 1.701301616704080866, 1.236067977499790027, -0.3040671629751731109 ) ) ;
#1039 = CARTESIAN_POINT ( 'NONE',  ( -1.031896320180243354, -0.3352834388968184420, -5.583300992617013847 ) ) ;
#1040 = CARTESIAN_POINT ( 'NONE',  ( 0.9864004998515548683, 0.7166619127879000350, -4.258422796780830133 ) ) ;
#1041 = DIRECTION ( 'NONE',  ( -1.000000000000000000, 0.000000000000000000, 0.000000000000000000 ) ) ;
#1042 = CARTESIAN_POINT ( 'NONE',  ( 1.036015996509771497, -0.3226043788789378364, 1.786384527059655891 ) ) ;
#1043 = EDGE_CURVE ( 'NONE', #3693, #3117, #404, .T. ) ;
#1044 = ORIENTED_EDGE ( 'NONE', *, *, #296, .T. ) ;
#1045 = LINE ( 'NONE', #663, #1755 ) ;
#1046 = CARTESIAN_POINT ( 'NONE',  ( -1.102829285353923661, 0.3583309563939501285, -1.841922796780831595 ) ) ;
#1047 = CARTESIAN_POINT ( 'NONE',  ( -0.6498393924658125709, 2.000000000000000444, -1.885233829641839387 ) ) ;
#1048 = CARTESIAN_POINT ( 'NONE',  ( -0.3767714644234081978, 1.159583333333334965, 0.2791218041638087177 ) ) ;
#1049 = ADVANCED_FACE ( 'NONE', ( #424 ), #1970, .F. ) ;
#1050 = DIRECTION ( 'NONE',  ( -0.000000000000000000, -0.000000000000000000, -1.000000000000000000 ) ) ;
#1051 = VERTEX_POINT ( 'NONE', #4400 ) ;
#1052 = VECTOR ( 'NONE', #3740, 1000.000000000000114 ) ;
#1053 = CARTESIAN_POINT ( 'NONE',  ( 0.000000000000000000, -2.832119842636276399E-16, 0.2237500000000017253 ) ) ;
#1054 =( BOUNDED_SURFACE ( )  B_SPLINE_SURFACE ( 1, 2, ( 
 ( #2534, #1877, #1947, #1576, #2897, #2263, #500, #4274, #479, #3597, #3997, #884, #2597, #837, #3974, #1899, #4194, #3279, #3637, #859, #158, #3258, #134, #1510, #1530, #1182, #182, #794, #523, #4322, #1159, #2286, #2575, #1207, #3954, #3235, #1552, #2917, #4296, #1922, #3303, #2242, #1854, #2200, #2961, #4343, #2554, #3930, #3909, #1229, #3661, #2939, #549, #3326, #1423, #2820, #3576, #456, #111, #816, #2065, #205, #644, #4046, #3729, #3752, #621, #3419, #4021, #4089, #3056, #4393, #1346, #4415, #4439, #1299, #1971, #2021, #1646, #3034, #2043, #2716, #2333, #570, #909, #295, #1322, #3008, #1277, #1253, #1692, #983, #4067, #2357, #3078, #1598, #2691, #4462, #1668, #2379, #3397, #2983, #4367, #2742, #934, #276, #4115, #1005, #2401, #666, #957, #2309, #3774, #2644, #3681, #2670, #3373, #3348, #228, #1623, #3705, #595, #1996, #252, #3461, #1762, #2833, #4487, #4184, #62, #3101, #3146, #2154, #2131, #3121, #3863, #17, #3507, #1369, #4229, #3189, #3819, #388, #1436, #1808, #366, #1073, #3170, #687, #2464, #41, #2486, #2087, #3842, #747, #4160, #4135, #411, #1412, #3529, #2508, #1048, #2442, #1026, #3885, #2763, #1736, #4208, #1789, #2422, #710, #770, #1457, #344, #1093, #730, #4507, #2107, #3484 ),
 ( #1113, #3795, #1390, #2852, #3440, #2785, #2810, #320, #1716, #2957, #4290, #519, #2175, #3593, #3970, #3613, #1894, #3950, #3992, #3547, #2593, #1507, #1178, #1202, #2570, #834, #2615, #476, #4250, #1874, #3275, #2239, #1850, #812, #429, #2194, #4317, #3570, #2550, #1828, #2894, #452, #3255, #1547, #3209, #2914, #3296, #83, #131, #855, #497, #3231, #2259, #1527, #151, #1481, #4339, #1917, #3926, #2934, #3633, #177, #1571, #1225, #2873, #3905, #1134, #2530, #789, #107, #4271, #1156, #2218, #1593, #2374, #590, #2710, #4455, #1617, #3003, #2978, #1339, #1941, #3676, #1662, #952, #543, #1272, #2736, #976, #2303, #3050, #3029, #565, #4387, #2664, #2038, #3413, #2016, #247, #3392, #4409, #3655, #1293, #4432, #271, #2686, #4039, #929, #903, #2327, #1990, #4084, #200, #1316, #3724, #1965, #289, #3368, #614, #1641, #2639, #4062, #3700, #2351, #3747, #639, #1685, #1248, #4362, #3072, #878, #3343, #223, #3320, #2281, #4015, #3478, #1430, #339, #313, #1087, #3812, #2827, #3183, #1731, #3116, #1709, #56, #659, #2415, #382, #4178, #3768, #4502, #1451, #4202, #1021, #1781, #1756, #3789, #1385, #2779, #741, #2147, #724, #360, #2125, #3139, #2395, #11, #3163, #3500, #1405, #4154, #1042, #4130, #2435, #704 ) ),
 .UNSPECIFIED., .F., .F., .F. ) 
 B_SPLINE_SURFACE_WITH_KNOTS ( ( 2, 2 ),
 ( 3, 2, 2, 2, 2, 2, 2, 2, 2, 2, 2, 2, 2, 2, 2, 2, 2, 2, 2, 2, 2, 2, 2, 2, 2, 2, 2, 2, 2, 2, 2, 2, 2, 2, 2, 2, 2, 2, 2, 2, 2, 2, 2, 2, 2, 2, 2, 2, 2, 2, 2, 2, 2, 2, 2, 2, 2, 2, 2, 2, 2, 2, 2, 2, 2, 2, 2, 2, 2, 2, 2, 2, 2, 2, 2, 2, 2, 2, 2, 2, 2, 2, 2, 2, 2, 2, 2, 2, 2, 3 ),
 ( 0.000000000000000000, 1.000000000000000000 ),
 ( 0.000000000000000000, 0.01111111111111111154, 0.02222222222222222307, 0.03333333333333333287, 0.04444444444444444614, 0.05555555555555555247, 0.06666666666666666574, 0.07777777777777777901, 0.08888888888888889228, 0.1000000000000000056, 0.1111111111111111049, 0.1222222222222222182, 0.1333333333333333315, 0.1444444444444444309, 0.1555555555555555580, 0.1666666666666666574, 0.1777777777777777846, 0.1888888888888888840, 0.2000000000000000111, 0.2111111111111111105, 0.2222222222222222099, 0.2333333333333333370, 0.2444444444444444364, 0.2555555555555555358, 0.2666666666666666630, 0.2777777777777777901, 0.2888888888888888618, 0.2999999999999999889, 0.3111111111111111160, 0.3222222222222222432, 0.3333333333333333148, 0.3444444444444444420, 0.3555555555555555691, 0.3666666666666666408, 0.3777777777777777679, 0.3888888888888888951, 0.4000000000000000222, 0.4111111111111110938, 0.4222222222222222210, 0.4333333333333333481, 0.4444444444444444198, 0.4555555555555555469, 0.4666666666666666741, 0.4777777777777778012, 0.4888888888888888729, 0.5000000000000000000, 0.5111111111111110716, 0.5222222222222222543, 0.5333333333333333259, 0.5444444444444443976, 0.5555555555555555802, 0.5666666666666666519, 0.5777777777777777235, 0.5888888888888889062, 0.5999999999999999778, 0.6111111111111111605, 0.6222222222222222321, 0.6333333333333333037, 0.6444444444444444864, 0.6555555555555555580, 0.6666666666666666297, 0.6777777777777778123, 0.6888888888888888840, 0.6999999999999999556, 0.7111111111111111382, 0.7222222222222222099, 0.7333333333333332815, 0.7444444444444444642, 0.7555555555555555358, 0.7666666666666667185, 0.7777777777777777901, 0.7888888888888888618, 0.8000000000000000444, 0.8111111111111111160, 0.8222222222222221877, 0.8333333333333333703, 0.8444444444444444420, 0.8555555555555555136, 0.8666666666666666963, 0.8777777777777777679, 0.8888888888888888395, 0.9000000000000000222, 0.9111111111111110938, 0.9222222222222222765, 0.9333333333333333481, 0.9444444444444444198, 0.9555555555555556024, 0.9666666666666666741, 0.9671076089680112897, 0.9767786850576913871 ),
 .UNSPECIFIED. ) 
 GEOMETRIC_REPRESENTATION_ITEM ( )  RATIONAL_B_SPLINE_SURFACE ( (
 ( 1.000000000000000000, 0.9510565162951535312, 1.000000000000000000, 0.9510565162951535312, 1.000000000000000000, 0.9510565162951535312, 1.000000000000000000, 0.9510565162951535312, 1.000000000000000000, 0.9510565162951535312, 1.000000000000000000, 0.9510565162951535312, 1.000000000000000000, 0.9510565162951535312, 1.000000000000000000, 0.9510565162951535312, 1.000000000000000000, 0.9510565162951535312, 1.000000000000000000, 0.9510565162951535312, 1.000000000000000000, 0.9510565162951535312, 1.000000000000000000, 0.9510565162951535312, 1.000000000000000000, 0.9510565162951535312, 1.000000000000000000, 0.9510565162951535312, 1.000000000000000000, 0.9510565162951535312, 1.000000000000000000, 0.9510565162951535312, 1.000000000000000000, 0.9510565162951535312, 1.000000000000000000, 0.9510565162951535312, 1.000000000000000000, 0.9510565162951535312, 1.000000000000000000, 0.9510565162951535312, 1.000000000000000000, 0.9510565162951535312, 1.000000000000000000, 0.9510565162951535312, 1.000000000000000000, 0.9510565162951535312, 1.000000000000000000, 0.9510565162951535312, 1.000000000000000000, 0.9510565162951535312, 1.000000000000000000, 0.9510565162951535312, 1.000000000000000000, 0.9510565162951535312, 1.000000000000000000, 0.9510565162951535312, 1.000000000000000000, 0.9510565162951535312, 1.000000000000000000, 0.9510565162951535312, 1.000000000000000000, 0.9510565162951535312, 1.000000000000000000, 0.9510565162951535312, 1.000000000000000000, 0.9510565162951535312, 1.000000000000000000, 0.9510565162951535312, 1.000000000000000000, 0.9510565162951535312, 1.000000000000000000, 0.9510565162951535312, 1.000000000000000000, 0.9510565162951535312, 1.000000000000000000, 0.9510565162951535312, 1.000000000000000000, 0.9510565162951535312, 1.000000000000000000, 0.9510565162951535312, 1.000000000000000000, 0.9510565162951535312, 1.000000000000000000, 0.9510565162951535312, 1.000000000000000000, 0.9510565162951535312, 1.000000000000000000, 0.9510565162951535312, 1.000000000000000000, 0.9510565162951535312, 1.000000000000000000, 0.9510565162951535312, 1.000000000000000000, 0.9510565162951535312, 1.000000000000000000, 0.9510565162951535312, 1.000000000000000000, 0.9510565162951535312, 1.000000000000000000, 0.9510565162951535312, 1.000000000000000000, 0.9510565162951535312, 1.000000000000000000, 0.9510565162951535312, 1.000000000000000000, 0.9510565162951535312, 1.000000000000000000, 0.9510565162951535312, 1.000000000000000000, 0.9510565162951535312, 1.000000000000000000, 0.9510565162951535312, 1.000000000000000000, 0.9510565162951535312, 1.000000000000000000, 0.9510565162951535312, 1.000000000000000000, 0.9510565162951535312, 1.000000000000000000, 0.9510565162951535312, 1.000000000000000000, 0.9510565162951535312, 1.000000000000000000, 0.9510565162951535312, 1.000000000000000000, 0.9510565162951535312, 1.000000000000000000, 0.9510565162951535312, 1.000000000000000000, 0.9510565162951535312, 1.000000000000000000, 0.9510565162951535312, 1.000000000000000000, 0.9510565162951535312, 1.000000000000000000, 0.9510565162951535312, 1.000000000000000000, 0.9510565162951535312, 1.000000000000000000, 0.9510565162951535312, 1.000000000000000000, 0.9510565162951535312, 1.000000000000000000, 0.9510565162951535312, 1.000000000000000000, 0.9510565162951535312, 1.000000000000000000, 0.9510565162951535312, 1.000000000000000000, 0.9510565162951535312, 1.000000000000000000, 0.9510565162951535312, 1.000000000000000000, 0.9510565162951535312, 1.000000000000000000, 0.9510565162951535312, 1.000000000000000000, 0.9510565162951535312, 1.000000000000000000, 0.9510565162951535312, 1.000000000000000000, 0.9510565162951535312, 1.000000000000000000, 0.9510565162951535312, 1.000000000000000000, 0.9510565162951535312, 1.000000000000000000, 0.9510565162951535312, 1.000000000000000000, 0.9510565162951535312, 1.000000000000000000, 0.9510565162951535312, 1.000000000000000000, 0.9510565162951535312, 1.000000000000000000, 0.9980576872893426321, 0.9962695351892676410, 0.9962695351892676410, 0.9962695351892676410),
 ( 1.000000000000000000, 0.9510565162951535312, 1.000000000000000000, 0.9510565162951535312, 1.000000000000000000, 0.9510565162951535312, 1.000000000000000000, 0.9510565162951535312, 1.000000000000000000, 0.9510565162951535312, 1.000000000000000000, 0.9510565162951535312, 1.000000000000000000, 0.9510565162951535312, 1.000000000000000000, 0.9510565162951535312, 1.000000000000000000, 0.9510565162951535312, 1.000000000000000000, 0.9510565162951535312, 1.000000000000000000, 0.9510565162951535312, 1.000000000000000000, 0.9510565162951535312, 1.000000000000000000, 0.9510565162951535312, 1.000000000000000000, 0.9510565162951535312, 1.000000000000000000, 0.9510565162951535312, 1.000000000000000000, 0.9510565162951535312, 1.000000000000000000, 0.9510565162951535312, 1.000000000000000000, 0.9510565162951535312, 1.000000000000000000, 0.9510565162951535312, 1.000000000000000000, 0.9510565162951535312, 1.000000000000000000, 0.9510565162951535312, 1.000000000000000000, 0.9510565162951535312, 1.000000000000000000, 0.9510565162951535312, 1.000000000000000000, 0.9510565162951535312, 1.000000000000000000, 0.9510565162951535312, 1.000000000000000000, 0.9510565162951535312, 1.000000000000000000, 0.9510565162951535312, 1.000000000000000000, 0.9510565162951535312, 1.000000000000000000, 0.9510565162951535312, 1.000000000000000000, 0.9510565162951535312, 1.000000000000000000, 0.9510565162951535312, 1.000000000000000000, 0.9510565162951535312, 1.000000000000000000, 0.9510565162951535312, 1.000000000000000000, 0.9510565162951535312, 1.000000000000000000, 0.9510565162951535312, 1.000000000000000000, 0.9510565162951535312, 1.000000000000000000, 0.9510565162951535312, 1.000000000000000000, 0.9510565162951535312, 1.000000000000000000, 0.9510565162951535312, 1.000000000000000000, 0.9510565162951535312, 1.000000000000000000, 0.9510565162951535312, 1.000000000000000000, 0.9510565162951535312, 1.000000000000000000, 0.9510565162951535312, 1.000000000000000000, 0.9510565162951535312, 1.000000000000000000, 0.9510565162951535312, 1.000000000000000000, 0.9510565162951535312, 1.000000000000000000, 0.9510565162951535312, 1.000000000000000000, 0.9510565162951535312, 1.000000000000000000, 0.9510565162951535312, 1.000000000000000000, 0.9510565162951535312, 1.000000000000000000, 0.9510565162951535312, 1.000000000000000000, 0.9510565162951535312, 1.000000000000000000, 0.9510565162951535312, 1.000000000000000000, 0.9510565162951535312, 1.000000000000000000, 0.9510565162951535312, 1.000000000000000000, 0.9510565162951535312, 1.000000000000000000, 0.9510565162951535312, 1.000000000000000000, 0.9510565162951535312, 1.000000000000000000, 0.9510565162951535312, 1.000000000000000000, 0.9510565162951535312, 1.000000000000000000, 0.9510565162951535312, 1.000000000000000000, 0.9510565162951535312, 1.000000000000000000, 0.9510565162951535312, 1.000000000000000000, 0.9510565162951535312, 1.000000000000000000, 0.9510565162951535312, 1.000000000000000000, 0.9510565162951535312, 1.000000000000000000, 0.9510565162951535312, 1.000000000000000000, 0.9510565162951535312, 1.000000000000000000, 0.9510565162951535312, 1.000000000000000000, 0.9510565162951535312, 1.000000000000000000, 0.9510565162951535312, 1.000000000000000000, 0.9510565162951535312, 1.000000000000000000, 0.9510565162951535312, 1.000000000000000000, 0.9510565162951535312, 1.000000000000000000, 0.9510565162951535312, 1.000000000000000000, 0.9510565162951535312, 1.000000000000000000, 0.9510565162951535312, 1.000000000000000000, 0.9510565162951535312, 1.000000000000000000, 0.9510565162951535312, 1.000000000000000000, 0.9510565162951535312, 1.000000000000000000, 0.9510565162951535312, 1.000000000000000000, 0.9510565162951535312, 1.000000000000000000, 0.9510565162951535312, 1.000000000000000000, 0.9510565162951535312, 1.000000000000000000, 0.9510565162951535312, 1.000000000000000000, 0.9510565162951535312, 1.000000000000000000, 0.9510565162951535312, 1.000000000000000000, 0.9980576872893426321, 0.9962695351892676410, 0.9962695351892676410, 0.9962695351892676410) ) ) 
 REPRESENTATION_ITEM ( '' )  SURFACE ( )  );
#1055 = CARTESIAN_POINT ( 'NONE',  ( 1.902113032590307728, -0.6180339887498953466, -7.732567162975174213 ) ) ;
#1056 = CARTESIAN_POINT ( 'NONE',  ( -1.838044505796143424, 0.3325000000000190581, 1.199999999999999734 ) ) ;
#1057 = CARTESIAN_POINT ( 'NONE',  ( -1.420080017511287505E-16, -1.159583333333335409, -11.44537819583619154 ) ) ;
#1058 = EDGE_LOOP ( 'NONE', ( #3634, #2849 ) ) ;
#1059 = CARTESIAN_POINT ( 'NONE',  ( 1.089910946951949011, -0.4724818616414828143, 2.800000000000000266 ) ) ;
#1060 = CARTESIAN_POINT ( 'NONE',  ( -1.115635562744443643, 0.4618263768934005031, 2.800000000000000266 ) ) ;
#1061 = DIRECTION ( 'NONE',  ( 0.000000000000000000, 2.316899349738235597E-17, -1.000000000000000000 ) ) ;
#1062 = B_SPLINE_CURVE_WITH_KNOTS ( 'NONE', 3,
 ( #3024, #873, #4357, #3629, #196, #2276, #2299, #3364 ),
 .UNSPECIFIED., .F., .F.,
 ( 4, 2, 2, 4 ),
 ( 0.000000000000000000, 0.0004036056446264583010, 0.0008072112892529166020, 0.001614422578505832770 ),
 .UNSPECIFIED. ) ;
#1063 = CARTESIAN_POINT ( 'NONE',  ( -1.219258070856293230, 7.465802469043680586E-17, -11.89287819583618955 ) ) ;
#1064 = CARTESIAN_POINT ( 'NONE',  ( -1.102829285353923883, -0.3583309563939500175, -10.61292279678083261 ) ) ;
#1065 = CARTESIAN_POINT ( 'NONE',  ( -0.9864004998515548683, -0.7166619127879001461, -5.153422796780830595 ) ) ;
#1066 = CARTESIAN_POINT ( 'NONE',  ( -0.6377469987373345361, -0.8777834388968193124, -8.984300992617013648 ) ) ;
#1067 = CARTESIAN_POINT ( 'NONE',  ( 1.059684787897845704, -0.2330089060484513419, -12.00000000000000000 ) ) ;
#1068 = CARTESIAN_POINT ( 'NONE',  ( -0.6377469987373345361, -0.8777834388968193124, -3.614300992617013542 ) ) ;
#1069 = EDGE_LOOP ( 'NONE', ( #583, #785, #3435 ) ) ;
#1070 = CARTESIAN_POINT ( 'NONE',  ( 0.5654897574314454722, 0.9686590689298204548, -3.197293155959725297 ) ) ;
#1071 = CARTESIAN_POINT ( 'NONE',  ( 1.102829285353923661, -0.3583309563939502396, -2.736922796780831391 ) ) ;
#1072 = CARTESIAN_POINT ( 'NONE',  ( 0.000000000000000000, 2.000000000000000888, -1.974733829641838856 ) ) ;
#1073 = CARTESIAN_POINT ( 'NONE',  ( -1.102829285353923883, -0.3583309563939500175, -1.063378195836191198 ) ) ;
#1074 = CARTESIAN_POINT ( 'NONE',  ( 0.4724818616414716010, -2.097441510607561010, 2.799999999999999378 ) ) ;
#1075 = VERTEX_POINT ( 'NONE', #1010 ) ;
#1076 = CARTESIAN_POINT ( 'NONE',  ( 0.05282334440329409381, -1.083892501516460660, -5.721051505997135855 ) ) ;
#1077 = EDGE_CURVE ( 'NONE', #338, #2656, #304, .T. ) ;
#1078 = CARTESIAN_POINT ( 'NONE',  ( 0.000000000000000000, 2.000000000000000888, -3.615567162975173332 ) ) ;
#1079 = CARTESIAN_POINT ( 'NONE',  ( 1.378972711992208833, 0.9702226284193583572, -10.96052562752892534 ) ) ;
#1080 = DIRECTION ( 'NONE',  ( 0.000000000000000000, 2.316899349738235597E-17, -1.000000000000000000 ) ) ;
#1081 = CARTESIAN_POINT ( 'NONE',  ( 1.031896320180243132, -0.3352834388968186641, -10.23730099261701376 ) ) ;
#1082 = DIRECTION ( 'NONE',  ( -0.9238795325112882928, -0.3826834323650861180, 0.000000000000000000 ) ) ;
#1083 = CARTESIAN_POINT ( 'NONE',  ( 0.000000000000000000, 1.159583333333335631, -10.55037819583619196 ) ) ;
#1084 = CARTESIAN_POINT ( 'NONE',  ( -1.420080017511287505E-16, -1.159583333333335409, -10.25492279678083207 ) ) ;
#1085 = CARTESIAN_POINT ( 'NONE',  ( 0.3767714644234086419, 1.159583333333334965, -2.289422796780831604 ) ) ;
#1086 = LINE ( 'NONE', #2757, #4382 ) ;
#1087 = CARTESIAN_POINT ( 'NONE',  ( -0.3525378704127039020, 1.085000000000001741, -1.170499999999999652 ) ) ;
#1088 = CARTESIAN_POINT ( 'NONE',  ( 1.701301616704080200, -1.236067977499790693, -11.40206716297517353 ) ) ;
#1089 = ORIENTED_EDGE ( 'NONE', *, *, #318, .T. ) ;
#1090 = CARTESIAN_POINT ( 'NONE',  ( -0.1436230069625504258, 1.654663920117644960, -10.99312242992260913 ) ) ;
#1091 = CARTESIAN_POINT ( 'NONE',  ( 1.090843666343395579, -0.1045652952158702964, -8.896853488452642011 ) ) ;
#1092 = CARTESIAN_POINT ( 'NONE',  ( -1.701301616704080644, -1.236067977499790249, -4.928233829641839314 ) ) ;
#1093 = CARTESIAN_POINT ( 'NONE',  ( 1.102829285353923661, -0.3583309563939502396, 1.442621804163810140 ) ) ;
#1094 = LINE ( 'NONE', #3485, #4217 ) ;
#1095 = ORIENTED_EDGE ( 'NONE', *, *, #3823, .F. ) ;
#1096 = CARTESIAN_POINT ( 'NONE',  ( 0.4740281710854751251, -0.9778589015763463621, -5.606017533070419390 ) ) ;
#1097 = CARTESIAN_POINT ( 'NONE',  ( -0.6498393924658131260, -2.000000000000000444, -2.810067162975174337 ) ) ;
#1098 = CARTESIAN_POINT ( 'NONE',  ( 1.591371266161505593, 0.2735143654454726958, -11.06966300133714043 ) ) ;
#1099 = EDGE_CURVE ( 'NONE', #2489, #3881, #1770, .T. ) ;
#1100 = CARTESIAN_POINT ( 'NONE',  ( 0.3767714644234085863, 1.159583333333334965, -8.849878195836192063 ) ) ;
#1101 = VECTOR ( 'NONE', #3955, 1000.000000000000114 ) ;
#1102 = CARTESIAN_POINT ( 'NONE',  ( 1.328741777074880588E-16, 1.085000000000001297, 2.799999999999999822 ) ) ;
#1103 = DIRECTION ( 'NONE',  ( -1.000000000000000000, 3.552713678800499352E-15, 0.000000000000000000 ) ) ;
#1104 = CARTESIAN_POINT ( 'NONE',  ( -0.9864004998515550904, -0.7166619127879002571, -13.50387819583618843 ) ) ;
#1105 = CARTESIAN_POINT ( 'NONE',  ( -0.3767714644234081978, 1.159583333333334965, -12.85042279678082977 ) ) ;
#1106 = CARTESIAN_POINT ( 'NONE',  ( -0.4724818616414678818, 1.062066823462634479, 2.800000000000000266 ) ) ;
#1107 = CARTESIAN_POINT ( 'NONE',  ( 1.031896320180243132, -0.3352834388968186641, -4.867300992617014543 ) ) ;
#1108 = CARTESIAN_POINT ( 'NONE',  ( -1.701301616704080644, 1.236067977499790471, -14.08706716297517580 ) ) ;
#1109 = ORIENTED_EDGE ( 'NONE', *, *, #3986, .T. ) ;
#1110 = CARTESIAN_POINT ( 'NONE',  ( -0.5756440018417502413, 1.610257633262101473, -10.90581938033195364 ) ) ;
#1111 = CARTESIAN_POINT ( 'NONE',  ( 0.4716210215964570795, 0.9868467067020236794, -10.33752739654357278 ) ) ;
#1112 = CARTESIAN_POINT ( 'NONE',  ( -0.6498393924658125709, 2.000000000000000444, -0.09523382964183974009 ) ) ;
#1113 = CARTESIAN_POINT ( 'NONE',  ( 0.000000000000000000, 1.085000000000001741, -13.79000000000000092 ) ) ;
#1114 = CARTESIAN_POINT ( 'NONE',  ( 0.000000000000000000, 0.000000000000000000, 0.000000000000000000 ) ) ;
#1115 = ORIENTED_EDGE ( 'NONE', *, *, #237, .F. ) ;
#1116 = CARTESIAN_POINT ( 'NONE',  ( 1.064539577316273133, 0.2824950754330494140, -5.215465780320928779 ) ) ;
#1117 = CARTESIAN_POINT ( 'NONE',  ( -0.6498393924658125709, 2.000000000000000444, -3.526067162975173197 ) ) ;
#1118 = AXIS2_PLACEMENT_3D ( 'NONE', #2252, #783, #2212 ) ;
#1119 = CARTESIAN_POINT ( 'NONE',  ( -2.133299041313159218E-11, -1.367300358784921066, -11.50103580506443279 ) ) ;
#1120 = CARTESIAN_POINT ( 'NONE',  ( 2.738911528132881301E-12, 2.160543879220488961E-13, 2.799999999999999822 ) ) ;
#1121 = PRODUCT_DEFINITION_FORMATION_WITH_SPECIFIED_SOURCE ( 'ANY', '', #1953, .NOT_KNOWN. ) ;
#1122 = CARTESIAN_POINT ( 'NONE',  ( -7.172784115325645458E-06, 1.085000000000001519, -7.910299171637675819 ) ) ;
#1123 = CARTESIAN_POINT ( 'NONE',  ( -3.093056325110807920E-12, -1.085000000000001741, -3.945000000013751951 ) ) ;
#1124 = CARTESIAN_POINT ( 'NONE',  ( -0.9864004998515550904, -0.7166619127879002571, -9.923878195836188354 ) ) ;
#1125 = CARTESIAN_POINT ( 'NONE',  ( 0.9864004998515546463, -0.7166619127879003681, -13.56642279678083263 ) ) ;
#1126 = CARTESIAN_POINT ( 'NONE',  ( 1.902113032590307728, -0.6180339887498953466, -9.671733829641839364 ) ) ;
#1127 = ADVANCED_FACE ( 'NONE', ( #3847 ), #2180, .T. ) ;
#1128 = CARTESIAN_POINT ( 'NONE',  ( 1.838044505796226025, 0.3325000000000000178, 1.200000000000000178 ) ) ;
#1129 = CARTESIAN_POINT ( 'NONE',  ( -1.175570504584947162, -1.618033988749895347, -13.63956716297517424 ) ) ;
#1130 = ORIENTED_EDGE ( 'NONE', *, *, #3796, .F. ) ;
#1131 = CARTESIAN_POINT ( 'NONE',  ( -1.964526158351367791, -0.07111943335378520525, -10.48087078972418063 ) ) ;
#1132 = CARTESIAN_POINT ( 'NONE',  ( 0.8934986513852071210, -0.6155661819521834888, -10.82924427244763521 ) ) ;
#1133 = CARTESIAN_POINT ( 'NONE',  ( -1.175570504584946940, 1.618033988749895569, -7.016567162975174021 ) ) ;
#1134 = CARTESIAN_POINT ( 'NONE',  ( -1.031896320180243354, -0.3352834388968184420, -7.882999999999999119 ) ) ;
#1135 = CARTESIAN_POINT ( 'NONE',  ( -0.3054166096284273157, 1.041575944705971812, -8.339141278482662401 ) ) ;
#1136 = ORIENTED_EDGE ( 'NONE', *, *, #661, .T. ) ;
#1137 = CARTESIAN_POINT ( 'NONE',  ( -0.3525378704127040685, -1.085000000000001741, -7.104800992617013478 ) ) ;
#1138 = FACE_OUTER_BOUND ( 'NONE', #1740, .T. ) ;
#1139 = CARTESIAN_POINT ( 'NONE',  ( 1.175570504584947384, 1.618033988749895347, -2.004567162975173567 ) ) ;
#1140 = LINE ( 'NONE', #797, #157 ) ;
#1141 = CARTESIAN_POINT ( 'NONE',  ( -1.175570504584947162, -1.618033988749895347, -1.258733829641839330 ) ) ;
#1142 = CARTESIAN_POINT ( 'NONE',  ( -0.9864004998515547573, 0.7166619127879002571, -8.491878195836191523 ) ) ;
#1143 = VERTEX_POINT ( 'NONE', #3890 ) ;
#1144 = CARTESIAN_POINT ( 'NONE',  ( 0.3525378704127042351, 1.085000000000001741, -9.789800992617013975 ) ) ;
#1145 = FACE_OUTER_BOUND ( 'NONE', #2813, .T. ) ;
#1146 = CARTESIAN_POINT ( 'NONE',  ( 0.000000000000000000, 1.159583333333335631, -8.760378195836191040 ) ) ;
#1147 = CARTESIAN_POINT ( 'NONE',  ( -0.3525378704127041241, -1.085000000000001741, 0.05519900738298714332 ) ) ;
#1148 = DIRECTION ( 'NONE',  ( -1.048848839901537740E-14, -1.000000000000000000, -2.316899349738235597E-17 ) ) ;
#1149 = FACE_OUTER_BOUND ( 'NONE', #3725, .T. ) ;
#1150 = CARTESIAN_POINT ( 'NONE',  ( -2.102924448476535257, 1.287669847337751433E-16, -10.32806716297517546 ) ) ;
#1151 = VERTEX_POINT ( 'NONE', #4191 ) ;
#1152 = EDGE_CURVE ( 'NONE', #3907, #2381, #2113, .T. ) ;
#1153 = CARTESIAN_POINT ( 'NONE',  ( -1.873282045260625361, 0.3545959817336931108, -10.55759927387528130 ) ) ;
#1154 = CARTESIAN_POINT ( 'NONE',  ( 6.191935984217926208E-05, 1.084999996348546381, -10.21028384475809503 ) ) ;
#1155 = CARTESIAN_POINT ( 'NONE',  ( -2.102924448476535257, 1.287669847337750940E-16, -8.538067162975172764 ) ) ;
#1156 = CARTESIAN_POINT ( 'NONE',  ( 0.3525378704127037910, -1.085000000000001963, -7.435499999999998444 ) ) ;
#1157 = ORIENTED_EDGE ( 'NONE', *, *, #2997, .F. ) ;
#1158 = CARTESIAN_POINT ( 'NONE',  ( -1.175570504584946940, 1.618033988749895569, -12.53573382964184013 ) ) ;
#1159 = CARTESIAN_POINT ( 'NONE',  ( -1.420080017511287505E-16, -1.159583333333335409, -11.44537819583619154 ) ) ;
#1160 = AXIS2_PLACEMENT_3D ( 'NONE', #1114, #3508, #2509 ) ;
#1161 = CARTESIAN_POINT ( 'NONE',  ( 1.902113032590308173, 0.6180339887498946805, -0.3935671629751741896 ) ) ;
#1162 = CARTESIAN_POINT ( 'NONE',  ( 0.4618263768933890123, 1.115635562744448306, 2.800000000000000266 ) ) ;
#1163 = CARTESIAN_POINT ( 'NONE',  ( -1.902113032590308173, -0.6180339887498949025, -1.437733829641839600 ) ) ;
#1164 = CARTESIAN_POINT ( 'NONE',  ( -0.9864004998515547573, 0.7166619127879002571, -6.701878195836190599 ) ) ;
#1165 = ORIENTED_EDGE ( 'NONE', *, *, #1777, .T. ) ;
#1166 = CARTESIAN_POINT ( 'NONE',  ( -1.420080017511287505E-16, -1.159583333333335409, -6.674922796780830225 ) ) ;
#1167 = DIRECTION ( 'NONE',  ( 0.000000000000000000, 1.000000000000000000, 1.224646799147353207E-16 ) ) ;
#1168 = CARTESIAN_POINT ( 'NONE',  ( 0.3767714644234087529, 1.159583333333335631, -3.479878195836191512 ) ) ;
#1169 = CARTESIAN_POINT ( 'NONE',  ( -0.6815859821374816718, -0.9381226230606176664, -5.063922796780830460 ) ) ;
#1170 = CARTESIAN_POINT ( 'NONE',  ( 1.902113032590307728, -0.6180339887498953466, -6.091733829641840181 ) ) ;
#1171 = CARTESIAN_POINT ( 'NONE',  ( 1.031896320180243132, -0.3352834388968186641, -3.077300992617014508 ) ) ;
#1172 = CARTESIAN_POINT ( 'NONE',  ( -1.175570504584946940, 1.618033988749895569, -14.17656716297517505 ) ) ;
#1173 = DIRECTION ( 'NONE',  ( -0.01733375049385934771, 0.08714264840443985971, 0.9960450290638855897 ) ) ;
#1174 = AXIS2_PLACEMENT_3D ( 'NONE', #3152, #1, #1487 ) ;
#1175 = CARTESIAN_POINT ( 'NONE',  ( -1.328741777074880588E-16, -1.085000000000001741, -12.38530099261701523 ) ) ;
#1176 = CARTESIAN_POINT ( 'NONE',  ( 0.3732092429810565104, -1.018834676111226134, -9.215079517483841798 ) ) ;
#1177 = CARTESIAN_POINT ( 'NONE',  ( 0.6498393924658134591, 2.000000000000000444, -9.075067162975173574 ) ) ;
#1178 = CARTESIAN_POINT ( 'NONE',  ( -0.6377469987373344251, 0.8777834388968194235, -11.82099999999999973 ) ) ;
#1179 = EDGE_CURVE ( 'NONE', #4049, #1528, #2155, .T. ) ;
#1180 = VERTEX_POINT ( 'NONE', #3534 ) ;
#1181 = CARTESIAN_POINT ( 'NONE',  ( -2.449293598294707893E-16, -2.000000000000000888, -13.60973382964183998 ) ) ;
#1182 = CARTESIAN_POINT ( 'NONE',  ( -1.219258070856293008, 7.465802469043678121E-17, -11.89287819583618955 ) ) ;
#1183 = CARTESIAN_POINT ( 'NONE',  ( -0.4618263768933890123, -1.115635562744448972, 2.800000000000000266 ) ) ;
#1184 = CARTESIAN_POINT ( 'NONE',  ( 2.020169281164256378E-05, 1.084999999608305288, -11.49039253783589309 ) ) ;
#1185 = CARTESIAN_POINT ( 'NONE',  ( 1.902113032590307728, -0.6180339887498953466, -0.7217338296418382981 ) ) ;
#1186 = CARTESIAN_POINT ( 'NONE',  ( 0.3767714644234080867, -1.159583333333335631, -5.985878195836191296 ) ) ;
#1187 = CARTESIAN_POINT ( 'NONE',  ( -1.102829285353923883, -0.3583309563939500175, -5.242922796780830730 ) ) ;
#1188 = VECTOR ( 'NONE', #1726, 1000.000000000000114 ) ;
#1189 = CARTESIAN_POINT ( 'NONE',  ( -0.3187424784836549452, 1.052415985044337088, -4.756231471897588214 ) ) ;
#1190 = CARTESIAN_POINT ( 'NONE',  ( -1.420080017511287752E-16, -1.159583333333335631, -2.495378195836190471 ) ) ;
#1191 = SECURITY_CLASSIFICATION ( '', '', #1698 ) ;
#1192 = CARTESIAN_POINT ( 'NONE',  ( 1.102829285353923883, 0.3583309563939498510, -6.137922796780831192 ) ) ;
#1193 = CARTESIAN_POINT ( 'NONE',  ( 1.902113032590308173, 0.6180339887498946805, -5.912733829641839911 ) ) ;
#1194 = CARTESIAN_POINT ( 'NONE',  ( 0.3525566392066181165, 1.084986363673023924, -4.419806882355064914 ) ) ;
#1195 =( BOUNDED_CURVE ( )  B_SPLINE_CURVE ( 2, ( #469, #2885, #422, #3897, #2145, #762, #2907, #2167, #1126, #402, #1474, #3540, #3562, #122, #1800, #1500, #1886, #55, #445, #3940, #3919, #2500, #1450, #2210, #99, #1820, #2846, #3269, #4222, #3202, #3876, #2543, #805, #782, #2866, #4283, #2187, #827, #1867, #4242, #1844, #3223, #3607, #2232, #4263, #2563, #4308, #3248, #1170, #143, #1193, #2927, #2586, #740, #3520, #3625, #4354, #4424, #4055, #869, #240, #510, #920, #606, #1632, #3669, #945, #3043, #2971, #1958, #1655, #4332, #3984, #2995, #2343, #2608, #2273, #3692, #4402, #263, #4377, #3289, #3360, #2319, #3647, #2006, #558, #582, #3336, #1218, #1262, #892, #2296, #3020, #1982, #1586, #533, #167, #1286, #2679, #1934, #848, #3313, #3716, #3383, #1239, #1308, #3963, #2251, #215, #193 ),
 .UNSPECIFIED., .F., .F. ) 
 B_SPLINE_CURVE_WITH_KNOTS ( ( 3, 2, 2, 2, 2, 2, 2, 2, 2, 2, 2, 2, 2, 2, 2, 2, 2, 2, 2, 2, 2, 2, 2, 2, 2, 2, 2, 2, 2, 2, 2, 2, 2, 2, 2, 2, 2, 2, 2, 2, 2, 2, 2, 2, 2, 2, 2, 2, 2, 2, 2, 2, 2, 2, 2, 3 ),
 ( 0.2645824879289803699, 0.2757361106814069096, 0.2872251152931322160, 0.2987141199048574669, 0.3102031245165828288, 0.3216921291283081352, 0.3331811337400334416, 0.3446701383517586925, 0.3561591429634839989, 0.3676481475752093053, 0.3791371521869345562, 0.3906261567986598626, 0.4021151614103851690, 0.4136041660221104754, 0.4250931706338357818, 0.4365821752455610882, 0.4480711798572863946, 0.4595601844690116455, 0.4710491890807369519, 0.4825381936924622583, 0.4940271983041876203, 0.5055162029159128156, 0.5170052075276381220, 0.5284942121393634284, 0.5399832167510887349, 0.5514722213628140413, 0.5629612259745393477, 0.5744502305862646541, 0.5859392351979899605, 0.5974282398097151559, 0.6089172444214405733, 0.6204062490331657687, 0.6318952536448911861, 0.6433842582566164925, 0.6548732628683416879, 0.6663622674800671053, 0.6778512720917923007, 0.6893402767035174961, 0.7008292813152430245, 0.7123182859269682199, 0.7238072905386934153, 0.7352962951504187217, 0.7467852997621441391, 0.7582743043738693345, 0.7697633089855946409, 0.7812523135973199473, 0.7927413182090452537, 0.8042303228207705601, 0.8157193274324958665, 0.8272083320442211729, 0.8386973366559464793, 0.8501863412676717857, 0.8616753458793970921, 0.8731643504911223985, 0.8846533551028477049, 0.8924224248753296340 ),
 .UNSPECIFIED. ) 
 CURVE ( )  GEOMETRIC_REPRESENTATION_ITEM ( )  RATIONAL_B_SPLINE_CURVE ( ( 0.9972259416881772420, 0.9524852524755479388, 1.000000000000000000, 0.9510565162951535312, 1.000000000000000000, 0.9510565162951535312, 1.000000000000000000, 0.9510565162951535312, 1.000000000000000000, 0.9510565162951535312, 1.000000000000000000, 0.9510565162951535312, 1.000000000000000000, 0.9510565162951535312, 1.000000000000000000, 0.9510565162951535312, 1.000000000000000000, 0.9510565162951535312, 1.000000000000000000, 0.9510565162951535312, 1.000000000000000000, 0.9510565162951535312, 1.000000000000000000, 0.9510565162951535312, 1.000000000000000000, 0.9510565162951535312, 1.000000000000000000, 0.9510565162951535312, 1.000000000000000000, 0.9510565162951535312, 1.000000000000000000, 0.9510565162951535312, 1.000000000000000000, 0.9510565162951535312, 1.000000000000000000, 0.9510565162951535312, 1.000000000000000000, 0.9510565162951535312, 1.000000000000000000, 0.9510565162951535312, 1.000000000000000000, 0.9510565162951535312, 1.000000000000000000, 0.9510565162951535312, 1.000000000000000000, 0.9510565162951535312, 1.000000000000000000, 0.9510565162951535312, 1.000000000000000000, 0.9510565162951535312, 1.000000000000000000, 0.9510565162951535312, 1.000000000000000000, 0.9510565162951535312, 1.000000000000000000, 0.9510565162951535312, 1.000000000000000000, 0.9510565162951535312, 1.000000000000000000, 0.9510565162951535312, 1.000000000000000000, 0.9510565162951535312, 1.000000000000000000, 0.9510565162951535312, 1.000000000000000000, 0.9510565162951535312, 1.000000000000000000, 0.9510565162951535312, 1.000000000000000000, 0.9510565162951535312, 1.000000000000000000, 0.9510565162951535312, 1.000000000000000000, 0.9510565162951535312, 1.000000000000000000, 0.9510565162951535312, 1.000000000000000000, 0.9510565162951535312, 1.000000000000000000, 0.9510565162951535312, 1.000000000000000000, 0.9510565162951535312, 1.000000000000000000, 0.9510565162951535312, 1.000000000000000000, 0.9510565162951535312, 1.000000000000000000, 0.9510565162951535312, 1.000000000000000000, 0.9510565162951535312, 1.000000000000000000, 0.9510565162951535312, 1.000000000000000000, 0.9510565162951535312, 1.000000000000000000, 0.9510565162951535312, 1.000000000000000000, 0.9510565162951535312, 1.000000000000000000, 0.9510565162951535312, 1.000000000000000000, 0.9510565162951535312, 1.000000000000000000, 0.9510565162951535312, 1.000000000000000000, 0.9510565162951535312, 1.000000000000000000, 0.9510565162951535312, 1.000000000000000000, 0.9669035436348230039, 0.9785679151068193971 ) ) 
 REPRESENTATION_ITEM ( '' )  );
#1196 = CARTESIAN_POINT ( 'NONE',  ( -0.6498393924658125709, 2.000000000000000444, -8.896067162975169751 ) ) ;
#1197 = DIRECTION ( 'NONE',  ( 0.000000000000000000, 0.000000000000000000, 1.000000000000000000 ) ) ;
#1198 =( BOUNDED_SURFACE ( )  B_SPLINE_SURFACE ( 1, 2, ( 
 ( #1509, #1832, #4319, #86, #3213, #1484, #478, #4273, #2876, #3277, #1181, #4253, #2199, #3257, #499, #133, #3574, #2572, #2916, #3952, #1204, #2595, #1158, #455, #1853, #3635, #1896, #3234, #110, #2896, #521, #3300, #836, #2241, #2959, #2178, #3615, #4341, #1227, #3994, #3551, #2220, #2738, #1595, #2376, #3345, #3749, #1620, #3657, #931, #202, #4412, #3678, #3416, #225, #979, #617, #2283, #906, #3053, #2306, #1274, #546, #3005, #567, #3702, #273, #1944, #1643, #2040, #3322, #592, #4086, #2980, #1967, #4389, #4364, #1250, #641, #2641, #2667, #4043, #954, #3394, #292, #2329, #3031, #2018, #4017, #2354, #1296, #1993, #3370, #249, #3726, #2688, #4064, #1665, #4435, #1319, #2713, #1688, #3074, #4457, #1341, #881, #1001, #3097, #4483, #2397, #662, #4111, #1365, #3770, #2061, #3436, #315, #1712, #161, #3600, #3977, #2964, #2900, #1880, #114, #3891, #2579, #2920, #89, #3282, #3934, #3619, #4277, #862, #3956, #840, #3216, #776, #1488, #2600, #2245, #3579, #2879, #503, #4256, #4299, #1163, #3239, #1141, #819, #2537, #2557, #1925, #1902, #1185, #3912, #1210, #3307, #798, #2224, #2181, #1555, #186, #2944, #437, #4325, #526, #2266, #482, #3641, #4346, #3262, #137, #1513, #3554, #1579, #1232, #2204, #1836 ),
 ( #459, #1533, #1858, #602, #3736, #1009, #942, #3106, #2027, #2405, #3040, #3017, #1305, #4073, #649, #671, #1628, #1353, #3445, #2747, #4028, #4052, #4099, #3084, #1652, #2048, #4492, #3423, #3403, #2001, #1979, #2340, #4399, #3355, #2071, #917, #3380, #281, #3778, #1699, #3756, #1721, #1675, #3062, #1283, #4421, #327, #2676, #3712, #4119, #2698, #965, #2651, #2316, #3689, #579, #259, #4446, #2362, #236, #302, #627, #1329, #2723, #989, #2384, #4470, #2491, #392, #695, #3867, #1793, #2513, #349, #1055, #3126, #3174, #1442, #1768, #4512, #415, #3151, #22, #1742, #1419, #2816, #751, #3889, #1395, #66, #2179, #1463, #2768, #2790, #2838, #1813, #371, #2160, #1834, #3533, #2137, #3825, #2092, #2448, #4166, #3467, #774, #4142, #714, #734, #3552, #3195, #2857, #435, #47, #4213, #2112, #4190, #4233, #3489, #1078, #1117, #2469, #3846, #3214, #1374, #1033, #2426, #3511, #1097, #3801, #2877, #3975, #2535, #4254, #3910, #2918, #2221, #1139, #1208, #3617, #796, #2598, #501, #1230, #3577, #4275, #1855, #1900, #159, #480, #3237, #3639, #1878, #3304, #1553, #1161, #2202, #2941, #457, #3280, #3260, #3932, #112, #135, #1511, #1531, #2621, #860, #4323, #2898, #1923, #3999, #2555, #4297, #817, #2264, #885, #524 ) ),
 .UNSPECIFIED., .F., .F., .F. ) 
 B_SPLINE_SURFACE_WITH_KNOTS ( ( 2, 2 ),
 ( 3, 2, 2, 2, 2, 2, 2, 2, 2, 2, 2, 2, 2, 2, 2, 2, 2, 2, 2, 2, 2, 2, 2, 2, 2, 2, 2, 2, 2, 2, 2, 2, 2, 2, 2, 2, 2, 2, 2, 2, 2, 2, 2, 2, 2, 2, 2, 2, 2, 2, 2, 2, 2, 2, 2, 2, 2, 2, 2, 2, 2, 2, 2, 2, 2, 2, 2, 2, 2, 2, 2, 2, 2, 2, 2, 2, 2, 2, 2, 2, 2, 2, 2, 2, 2, 2, 2, 2, 2, 3 ),
 ( 0.000000000000000000, 1.000000000000000000 ),
 ( 0.000000000000000000, 0.01111111111111111154, 0.02222222222222222307, 0.03333333333333333287, 0.04444444444444444614, 0.05555555555555555247, 0.06666666666666666574, 0.07777777777777777901, 0.08888888888888889228, 0.1000000000000000056, 0.1111111111111111049, 0.1222222222222222182, 0.1333333333333333315, 0.1444444444444444309, 0.1555555555555555580, 0.1666666666666666574, 0.1777777777777777846, 0.1888888888888888840, 0.2000000000000000111, 0.2111111111111111105, 0.2222222222222222099, 0.2333333333333333370, 0.2444444444444444364, 0.2555555555555555358, 0.2666666666666666630, 0.2777777777777777901, 0.2888888888888888618, 0.2999999999999999889, 0.3111111111111111160, 0.3222222222222222432, 0.3333333333333333148, 0.3444444444444444420, 0.3555555555555555691, 0.3666666666666666408, 0.3777777777777777679, 0.3888888888888888951, 0.4000000000000000222, 0.4111111111111110938, 0.4222222222222222210, 0.4333333333333333481, 0.4444444444444444198, 0.4555555555555555469, 0.4666666666666666741, 0.4777777777777778012, 0.4888888888888888729, 0.5000000000000000000, 0.5111111111111110716, 0.5222222222222222543, 0.5333333333333333259, 0.5444444444444443976, 0.5555555555555555802, 0.5666666666666666519, 0.5777777777777777235, 0.5888888888888889062, 0.5999999999999999778, 0.6111111111111111605, 0.6222222222222222321, 0.6333333333333333037, 0.6444444444444444864, 0.6555555555555555580, 0.6666666666666666297, 0.6777777777777778123, 0.6888888888888888840, 0.6999999999999999556, 0.7111111111111111382, 0.7222222222222222099, 0.7333333333333332815, 0.7444444444444444642, 0.7555555555555555358, 0.7666666666666667185, 0.7777777777777777901, 0.7888888888888888618, 0.8000000000000000444, 0.8111111111111111160, 0.8222222222222221877, 0.8333333333333333703, 0.8444444444444444420, 0.8555555555555555136, 0.8666666666666666963, 0.8777777777777777679, 0.8888888888888888395, 0.9000000000000000222, 0.9111111111111110938, 0.9222222222222222765, 0.9333333333333333481, 0.9444444444444444198, 0.9555555555555556024, 0.9666666666666666741, 0.9671075742511627826, 0.9767786499936743638 ),
 .UNSPECIFIED. ) 
 GEOMETRIC_REPRESENTATION_ITEM ( )  RATIONAL_B_SPLINE_SURFACE ( (
 ( 1.000000000000000000, 0.9510565162951535312, 1.000000000000000000, 0.9510565162951535312, 1.000000000000000000, 0.9510565162951535312, 1.000000000000000000, 0.9510565162951535312, 1.000000000000000000, 0.9510565162951535312, 1.000000000000000000, 0.9510565162951535312, 1.000000000000000000, 0.9510565162951535312, 1.000000000000000000, 0.9510565162951535312, 1.000000000000000000, 0.9510565162951535312, 1.000000000000000000, 0.9510565162951535312, 1.000000000000000000, 0.9510565162951535312, 1.000000000000000000, 0.9510565162951535312, 1.000000000000000000, 0.9510565162951535312, 1.000000000000000000, 0.9510565162951535312, 1.000000000000000000, 0.9510565162951535312, 1.000000000000000000, 0.9510565162951535312, 1.000000000000000000, 0.9510565162951535312, 1.000000000000000000, 0.9510565162951535312, 1.000000000000000000, 0.9510565162951535312, 1.000000000000000000, 0.9510565162951535312, 1.000000000000000000, 0.9510565162951535312, 1.000000000000000000, 0.9510565162951535312, 1.000000000000000000, 0.9510565162951535312, 1.000000000000000000, 0.9510565162951535312, 1.000000000000000000, 0.9510565162951535312, 1.000000000000000000, 0.9510565162951535312, 1.000000000000000000, 0.9510565162951535312, 1.000000000000000000, 0.9510565162951535312, 1.000000000000000000, 0.9510565162951535312, 1.000000000000000000, 0.9510565162951535312, 1.000000000000000000, 0.9510565162951535312, 1.000000000000000000, 0.9510565162951535312, 1.000000000000000000, 0.9510565162951535312, 1.000000000000000000, 0.9510565162951535312, 1.000000000000000000, 0.9510565162951535312, 1.000000000000000000, 0.9510565162951535312, 1.000000000000000000, 0.9510565162951535312, 1.000000000000000000, 0.9510565162951535312, 1.000000000000000000, 0.9510565162951535312, 1.000000000000000000, 0.9510565162951535312, 1.000000000000000000, 0.9510565162951535312, 1.000000000000000000, 0.9510565162951535312, 1.000000000000000000, 0.9510565162951535312, 1.000000000000000000, 0.9510565162951535312, 1.000000000000000000, 0.9510565162951535312, 1.000000000000000000, 0.9510565162951535312, 1.000000000000000000, 0.9510565162951535312, 1.000000000000000000, 0.9510565162951535312, 1.000000000000000000, 0.9510565162951535312, 1.000000000000000000, 0.9510565162951535312, 1.000000000000000000, 0.9510565162951535312, 1.000000000000000000, 0.9510565162951535312, 1.000000000000000000, 0.9510565162951535312, 1.000000000000000000, 0.9510565162951535312, 1.000000000000000000, 0.9510565162951535312, 1.000000000000000000, 0.9510565162951535312, 1.000000000000000000, 0.9510565162951535312, 1.000000000000000000, 0.9510565162951535312, 1.000000000000000000, 0.9510565162951535312, 1.000000000000000000, 0.9510565162951535312, 1.000000000000000000, 0.9510565162951535312, 1.000000000000000000, 0.9510565162951535312, 1.000000000000000000, 0.9510565162951535312, 1.000000000000000000, 0.9510565162951535312, 1.000000000000000000, 0.9510565162951535312, 1.000000000000000000, 0.9510565162951535312, 1.000000000000000000, 0.9510565162951535312, 1.000000000000000000, 0.9510565162951535312, 1.000000000000000000, 0.9510565162951535312, 1.000000000000000000, 0.9510565162951535312, 1.000000000000000000, 0.9510565162951535312, 1.000000000000000000, 0.9510565162951535312, 1.000000000000000000, 0.9510565162951535312, 1.000000000000000000, 0.9510565162951535312, 1.000000000000000000, 0.9510565162951535312, 1.000000000000000000, 0.9510565162951535312, 1.000000000000000000, 0.9510565162951535312, 1.000000000000000000, 0.9510565162951535312, 1.000000000000000000, 0.9510565162951535312, 1.000000000000000000, 0.9510565162951535312, 1.000000000000000000, 0.9510565162951535312, 1.000000000000000000, 0.9510565162951535312, 1.000000000000000000, 0.9510565162951535312, 1.000000000000000000, 0.9510565162951535312, 1.000000000000000000, 0.9510565162951535312, 1.000000000000000000, 0.9510565162951535312, 1.000000000000000000, 0.9510565162951535312, 1.000000000000000000, 0.9980578402140584116, 0.9962698167645033243, 0.9962698167645033243, 0.9962698167645033243),
 ( 1.000000000000000000, 0.9510565162951535312, 1.000000000000000000, 0.9510565162951535312, 1.000000000000000000, 0.9510565162951535312, 1.000000000000000000, 0.9510565162951535312, 1.000000000000000000, 0.9510565162951535312, 1.000000000000000000, 0.9510565162951535312, 1.000000000000000000, 0.9510565162951535312, 1.000000000000000000, 0.9510565162951535312, 1.000000000000000000, 0.9510565162951535312, 1.000000000000000000, 0.9510565162951535312, 1.000000000000000000, 0.9510565162951535312, 1.000000000000000000, 0.9510565162951535312, 1.000000000000000000, 0.9510565162951535312, 1.000000000000000000, 0.9510565162951535312, 1.000000000000000000, 0.9510565162951535312, 1.000000000000000000, 0.9510565162951535312, 1.000000000000000000, 0.9510565162951535312, 1.000000000000000000, 0.9510565162951535312, 1.000000000000000000, 0.9510565162951535312, 1.000000000000000000, 0.9510565162951535312, 1.000000000000000000, 0.9510565162951535312, 1.000000000000000000, 0.9510565162951535312, 1.000000000000000000, 0.9510565162951535312, 1.000000000000000000, 0.9510565162951535312, 1.000000000000000000, 0.9510565162951535312, 1.000000000000000000, 0.9510565162951535312, 1.000000000000000000, 0.9510565162951535312, 1.000000000000000000, 0.9510565162951535312, 1.000000000000000000, 0.9510565162951535312, 1.000000000000000000, 0.9510565162951535312, 1.000000000000000000, 0.9510565162951535312, 1.000000000000000000, 0.9510565162951535312, 1.000000000000000000, 0.9510565162951535312, 1.000000000000000000, 0.9510565162951535312, 1.000000000000000000, 0.9510565162951535312, 1.000000000000000000, 0.9510565162951535312, 1.000000000000000000, 0.9510565162951535312, 1.000000000000000000, 0.9510565162951535312, 1.000000000000000000, 0.9510565162951535312, 1.000000000000000000, 0.9510565162951535312, 1.000000000000000000, 0.9510565162951535312, 1.000000000000000000, 0.9510565162951535312, 1.000000000000000000, 0.9510565162951535312, 1.000000000000000000, 0.9510565162951535312, 1.000000000000000000, 0.9510565162951535312, 1.000000000000000000, 0.9510565162951535312, 1.000000000000000000, 0.9510565162951535312, 1.000000000000000000, 0.9510565162951535312, 1.000000000000000000, 0.9510565162951535312, 1.000000000000000000, 0.9510565162951535312, 1.000000000000000000, 0.9510565162951535312, 1.000000000000000000, 0.9510565162951535312, 1.000000000000000000, 0.9510565162951535312, 1.000000000000000000, 0.9510565162951535312, 1.000000000000000000, 0.9510565162951535312, 1.000000000000000000, 0.9510565162951535312, 1.000000000000000000, 0.9510565162951535312, 1.000000000000000000, 0.9510565162951535312, 1.000000000000000000, 0.9510565162951535312, 1.000000000000000000, 0.9510565162951535312, 1.000000000000000000, 0.9510565162951535312, 1.000000000000000000, 0.9510565162951535312, 1.000000000000000000, 0.9510565162951535312, 1.000000000000000000, 0.9510565162951535312, 1.000000000000000000, 0.9510565162951535312, 1.000000000000000000, 0.9510565162951535312, 1.000000000000000000, 0.9510565162951535312, 1.000000000000000000, 0.9510565162951535312, 1.000000000000000000, 0.9510565162951535312, 1.000000000000000000, 0.9510565162951535312, 1.000000000000000000, 0.9510565162951535312, 1.000000000000000000, 0.9510565162951535312, 1.000000000000000000, 0.9510565162951535312, 1.000000000000000000, 0.9510565162951535312, 1.000000000000000000, 0.9510565162951535312, 1.000000000000000000, 0.9510565162951535312, 1.000000000000000000, 0.9510565162951535312, 1.000000000000000000, 0.9510565162951535312, 1.000000000000000000, 0.9510565162951535312, 1.000000000000000000, 0.9510565162951535312, 1.000000000000000000, 0.9510565162951535312, 1.000000000000000000, 0.9510565162951535312, 1.000000000000000000, 0.9510565162951535312, 1.000000000000000000, 0.9510565162951535312, 1.000000000000000000, 0.9510565162951535312, 1.000000000000000000, 0.9510565162951535312, 1.000000000000000000, 0.9510565162951535312, 1.000000000000000000, 0.9980578402140584116, 0.9962698167645033243, 0.9962698167645033243, 0.9962698167645033243) ) ) 
 REPRESENTATION_ITEM ( '' )  SURFACE ( )  );
#1199 = CARTESIAN_POINT ( 'NONE',  ( -1.140836513298521870, 6.985608921807308758E-17, -9.252800992617013165 ) ) ;
#1200 = CARTESIAN_POINT ( 'NONE',  ( 0.9864004998515548683, 0.7166619127879000350, -11.41842279678083116 ) ) ;
#1201 = CARTESIAN_POINT ( 'NONE',  ( 1.701301616704080866, 1.236067977499790027, -0.4532338296418386148 ) ) ;
#1202 = CARTESIAN_POINT ( 'NONE',  ( -0.9229561270619648372, 0.6705668777936369951, -11.73149999999999693 ) ) ;
#1203 = ORIENTED_EDGE ( 'NONE', *, *, #1384, .F. ) ;
#1204 = CARTESIAN_POINT ( 'NONE',  ( 0.000000000000000000, 2.000000000000000888, -12.71473382964184040 ) ) ;
#1205 = CC_DESIGN_PERSON_AND_ORGANIZATION_ASSIGNMENT ( #3402, #1720, ( #1191 ) ) ;
#1206 = CARTESIAN_POINT ( 'NONE',  ( -1.420080017511287505E-16, -1.159583333333335409, -1.304922796780830563 ) ) ;
#1207 = CARTESIAN_POINT ( 'NONE',  ( 0.9864004998515546463, -0.7166619127879003681, -11.17687819583619024 ) ) ;
#1208 = CARTESIAN_POINT ( 'NONE',  ( 0.6498393924658134591, 2.000000000000000444, -1.915067162975174542 ) ) ;
#1209 = LINE ( 'NONE', #1162, #2136 ) ;
#1210 = CARTESIAN_POINT ( 'NONE',  ( 1.902113032590308173, 0.6180339887498946805, -0.5427338296418396935 ) ) ;
#1211 = CARTESIAN_POINT ( 'NONE',  ( -0.9864004998515547573, -0.7166619127879001461, -6.343878195836190059 ) ) ;
#1212 = APPLICATION_CONTEXT ( 'configuration controlled 3d designs of mechanical parts and assemblies' ) ;
#1213 = EDGE_CURVE ( 'NONE', #1325, #3256, #4225, .T. ) ;
#1214 = CARTESIAN_POINT ( 'NONE',  ( 0.3767714644234085863, 1.159583333333334965, -9.449422796780831746 ) ) ;
#1215 = CARTESIAN_POINT ( 'NONE',  ( 0.6755115521568642034, -0.5997539145452946974, 2.800000000000000266 ) ) ;
#1216 = CARTESIAN_POINT ( 'NONE',  ( -0.6815859821374816718, 0.9381226230606179994, -6.791378195836190734 ) ) ;
#1217 = CARTESIAN_POINT ( 'NONE',  ( 0.9864004998515548683, 0.7166619127879000350, -9.628422796780832016 ) ) ;
#1218 = CARTESIAN_POINT ( 'NONE',  ( 2.102924448476535257, -3.863009542013253312E-16, -2.422233829641839087 ) ) ;
#1219 = CARTESIAN_POINT ( 'NONE',  ( 0.000000000000000000, -3.429011037612588783E-16, 2.799999999999999822 ) ) ;
#1220 = CARTESIAN_POINT ( 'NONE',  ( -1.175570504584946940, 1.618033988749895569, -8.806567162975174057 ) ) ;
#1221 = FACE_OUTER_BOUND ( 'NONE', #2127, .T. ) ;
#1222 = CARTESIAN_POINT ( 'NONE',  ( 0.6377469987373343141, -0.8777834388968194235, -10.41630099261701403 ) ) ;
#1223 = CARTESIAN_POINT ( 'NONE',  ( 0.000000000000000000, 1.159583333333335409, -9.359922796780832499 ) ) ;
#1224 = CARTESIAN_POINT ( 'NONE',  ( 0.6498393924658125709, -2.000000000000000888, -6.211067162975172806 ) ) ;
#1225 = CARTESIAN_POINT ( 'NONE',  ( -0.9229561270619648372, 0.6705668777936369951, -8.151499999999996859 ) ) ;
#1226 = ORIENTED_EDGE ( 'NONE', *, *, #4011, .T. ) ;
#1227 = CARTESIAN_POINT ( 'NONE',  ( 1.175570504584947384, 1.618033988749895347, -11.10373382964183975 ) ) ;
#1228 = CARTESIAN_POINT ( 'NONE',  ( -1.219258070856293008, 7.465802469043678121E-17, -1.752422796780830350 ) ) ;
#1229 = CARTESIAN_POINT ( 'NONE',  ( -0.3767714644234084753, -1.159583333333334965, -9.744878195836191637 ) ) ;
#1230 = CARTESIAN_POINT ( 'NONE',  ( -1.902113032590307728, 0.6180339887498951246, -1.467567162975174533 ) ) ;
#1231 = CARTESIAN_POINT ( 'NONE',  ( -0.07817685737947221991, 1.088134785191732457, -11.99445928593140565 ) ) ;
#1232 = CARTESIAN_POINT ( 'NONE',  ( 1.916723127538735527, -0.5711150955439142640, 1.075060684929163290 ) ) ;
#1233 = CARTESIAN_POINT ( 'NONE',  ( -0.9864004998515547573, 0.7166619127879002571, -3.121878195836190528 ) ) ;
#1234 = CARTESIAN_POINT ( 'NONE',  ( -1.102829285353923883, -0.3583309563939500175, -10.61292279678083261 ) ) ;
#1235 = VECTOR ( 'NONE', #431, 1000.000000000000114 ) ;
#1236 = EDGE_CURVE ( 'NONE', #2381, #208, #3717, .T. ) ;
#1237 = CARTESIAN_POINT ( 'NONE',  ( 1.102829285353923883, -0.3583309563939503506, -5.717378195836191779 ) ) ;
#1238 = CARTESIAN_POINT ( 'NONE',  ( 0.6815859821374814498, -0.9381226230606178884, -8.285922796780830879 ) ) ;
#1239 = CARTESIAN_POINT ( 'NONE',  ( 0.6498393924658125709, -2.000000000000000888, -0.9902338296418397023 ) ) ;
#1240 = FACE_OUTER_BOUND ( 'NONE', #978, .T. ) ;
#1241 = EDGE_CURVE ( 'NONE', #3524, #50, #3826, .T. ) ;
#1242 = CARTESIAN_POINT ( 'NONE',  ( 0.000000000000000000, 2.000000000000000888, -8.985567162975174327 ) ) ;
#1243 = CARTESIAN_POINT ( 'NONE',  ( -0.8671407790090462919, 0.6674065819236089103, -2.789617778450153462 ) ) ;
#1244 = CARTESIAN_POINT ( 'NONE',  ( -0.9229561270619648372, -0.6705668777936369951, -7.283800992617011971 ) ) ;
#1245 = AXIS2_PLACEMENT_3D ( 'NONE', #3972, #1573, #793 ) ;
#1246 = CARTESIAN_POINT ( 'NONE',  ( -0.9864004998515548683, 0.7166619127879002571, -9.091422796780831206 ) ) ;
#1247 = CARTESIAN_POINT ( 'NONE',  ( -2.102924448476535257, 1.287669847337750940E-16, -1.378067162975173510 ) ) ;
#1248 = CARTESIAN_POINT ( 'NONE',  ( -0.6377469987373345361, -0.8777834388968193124, -2.333999999999999186 ) ) ;
#1249 = VERTEX_POINT ( 'NONE', #3490 ) ;
#1250 = CARTESIAN_POINT ( 'NONE',  ( 1.701301616704080866, 1.236067977499790027, -7.613233829641838923 ) ) ;
#1251 = CARTESIAN_POINT ( 'NONE',  ( 1.102829285353923883, 0.3583309563939498510, -0.7679227967808313071 ) ) ;
#1252 = CARTESIAN_POINT ( 'NONE',  ( 1.902113032590308173, 0.6180339887498946805, -7.702733829641839058 ) ) ;
#1253 = CARTESIAN_POINT ( 'NONE',  ( -0.3767714644234084753, -1.159583333333334965, -6.164878195836190677 ) ) ;
#1254 = CARTESIAN_POINT ( 'NONE',  ( 0.000000000000000000, 2.912152258773476023E-34, -12.00000000000000000 ) ) ;
#1255 = DIRECTION ( 'NONE',  ( -0.000000000000000000, -2.316899349738235597E-17, 1.000000000000000000 ) ) ;
#1256 = ORIENTED_EDGE ( 'NONE', *, *, #1859, .F. ) ;
#1257 = CARTESIAN_POINT ( 'NONE',  ( -1.066199735695178896, -0.4559074802500834300, -1.637828151971328028 ) ) ;
#1258 = CARTESIAN_POINT ( 'NONE',  ( 1.219258070856292786, -2.239740740713103683E-16, -8.017422796780831362 ) ) ;
#1259 = DIRECTION ( 'NONE',  ( 0.000000000000000000, 0.000000000000000000, 1.000000000000000000 ) ) ;
#1260 = CARTESIAN_POINT ( 'NONE',  ( -0.6815859821374817828, -0.9381226230606178884, -4.464378195836190777 ) ) ;
#1261 = CARTESIAN_POINT ( 'NONE',  ( 0.9864004998515548683, 0.7166619127879000350, -6.048422796780831945 ) ) ;
#1262 = CARTESIAN_POINT ( 'NONE',  ( 1.902113032590308173, 0.6180339887498946805, -2.332733829641839840 ) ) ;
#1263 = DIRECTION ( 'NONE',  ( -0.08714264840443948501, 0.01733375049386129407, 0.9960450290638855897 ) ) ;
#1264 = CARTESIAN_POINT ( 'NONE',  ( 0.000000000000000000, 2.000000000000000888, -7.195567162975174291 ) ) ;
#1265 = AXIS2_PLACEMENT_3D ( 'NONE', #3964, #849, #3941 ) ;
#1266 = CARTESIAN_POINT ( 'NONE',  ( 0.000000000000000000, 1.420253867492436449E-15, -7.731501950773467691 ) ) ;
#1267 = EDGE_CURVE ( 'NONE', #2282, #4468, #1140, .T. ) ;
#1268 = CARTESIAN_POINT ( 'NONE',  ( -1.328741777074880588E-16, -1.085000000000001741, -7.015300992617013343 ) ) ;
#1269 = CARTESIAN_POINT ( 'NONE',  ( 0.6815859821374814498, -0.9381226230606178884, -11.86592279678083095 ) ) ;
#1270 = CIRCLE ( 'NONE', #396, 3.500000000000000444 ) ;
#1271 = CARTESIAN_POINT ( 'NONE',  ( 1.701301616704080200, -1.236067977499790693, -2.452067162975173353 ) ) ;
#1272 = CARTESIAN_POINT ( 'NONE',  ( -0.9229561270619648372, -0.6705668777936369951, -6.003499999999998060 ) ) ;
#1273 = ORIENTED_EDGE ( 'NONE', *, *, #3790, .F. ) ;
#1274 = CARTESIAN_POINT ( 'NONE',  ( -0.6498393924658125709, 2.000000000000000444, -9.045233829641839307 ) ) ;
#1275 = CARTESIAN_POINT ( 'NONE',  ( -0.9864004998515548683, -0.7166619127879001461, -1.573422796780830080 ) ) ;
#1276 = CARTESIAN_POINT ( 'NONE',  ( -1.902113032590307728, 0.6180339887498951246, -10.56673382964183894 ) ) ;
#1277 = CARTESIAN_POINT ( 'NONE',  ( -0.6815859821374816718, -0.9381226230606176664, -6.254378195836190812 ) ) ;
#1278 = CARTESIAN_POINT ( 'NONE',  ( -0.9229561270619647262, -0.6705668777936368841, -3.703800992617013232 ) ) ;
#1279 = CARTESIAN_POINT ( 'NONE',  ( 1.079356497519408098, 0.1153426954910365537, -7.046665953077475564 ) ) ;
#1280 = EDGE_LOOP ( 'NONE', ( #3550, #703, #4024, #3059 ) ) ;
#1281 = CARTESIAN_POINT ( 'NONE',  ( 1.632035763090990965, -0.8422708826453400022, -0.8129136708236167630 ) ) ;
#1282 = LINE ( 'NONE', #4374, #2732 ) ;
#1283 = CARTESIAN_POINT ( 'NONE',  ( -1.902113032590307728, 0.6180339887498951246, -10.41756716297517471 ) ) ;
#1284 = CARTESIAN_POINT ( 'NONE',  ( 1.107234144491925143, -0.3447741939413473955, 1.446007864502325546 ) ) ;
#1285 = CARTESIAN_POINT ( 'NONE',  ( -0.6815859821374816718, -0.9381226230606176664, -3.273922796780830868 ) ) ;
#1286 = CARTESIAN_POINT ( 'NONE',  ( -1.902113032590307728, 0.6180339887498951246, -1.616733829641840092 ) ) ;
#1287 = CARTESIAN_POINT ( 'NONE',  ( 0.4724818616414787065, 2.097441510607578774, 2.799999999999999822 ) ) ;
#1288 = CARTESIAN_POINT ( 'NONE',  ( -0.6498393924658131260, -2.000000000000000444, -6.390067162975173076 ) ) ;
#1289 = CARTESIAN_POINT ( 'NONE',  ( -0.2837633992492131219, 1.056807934029736051, -2.973079823639932950 ) ) ;
#1290 = CARTESIAN_POINT ( 'NONE',  ( -0.3525378704127041241, -1.085000000000001741, -1.734800992617012927 ) ) ;
#1291 = CARTESIAN_POINT ( 'NONE',  ( -0.9864004998515548683, -0.7166619127879001461, -10.52342279678082804 ) ) ;
#1292 = CARTESIAN_POINT ( 'NONE',  ( 1.902113032590308173, 0.6180339887498946805, -5.763567162975173908 ) ) ;
#1293 = CARTESIAN_POINT ( 'NONE',  ( -0.9229561270619648372, 0.6705668777936369951, -4.571499999999999453 ) ) ;
#1294 = EDGE_CURVE ( 'NONE', #1528, #1180, #3013, .T. ) ;
#1295 = ORIENTED_EDGE ( 'NONE', *, *, #2859, .F. ) ;
#1296 = CARTESIAN_POINT ( 'NONE',  ( -2.449293598294707893E-16, -2.000000000000000888, -6.449733829641838945 ) ) ;
#1297 = CARTESIAN_POINT ( 'NONE',  ( 1.902113032590308173, 0.6180339887498946805, -13.07273382964184094 ) ) ;
#1298 = CARTESIAN_POINT ( 'NONE',  ( 2.102924448476535257, -3.863009542013253312E-16, -7.792233829641840082 ) ) ;
#1299 = CARTESIAN_POINT ( 'NONE',  ( 1.219258070856293008, -2.239740740713103683E-16, -7.417878195836190791 ) ) ;
#1300 = CARTESIAN_POINT ( 'NONE',  ( -0.0002211427535189968373, 1.084999977132613314, -11.99999914979668603 ) ) ;
#1301 = LINE ( 'NONE', #1998, #79 ) ;
#1302 = ORIENTED_EDGE ( 'NONE', *, *, #1179, .T. ) ;
#1303 = CARTESIAN_POINT ( 'NONE',  ( -0.3983845877128314172, -1.366563021840709435, -1.315363814888641070 ) ) ;
#1304 = CARTESIAN_POINT ( 'NONE',  ( -1.206892474792798486, 0.7020822926152185950, -1.361534007747360775 ) ) ;
#1305 = CARTESIAN_POINT ( 'NONE',  ( 1.175570504584946718, -1.618033988749895569, -13.28156716297517370 ) ) ;
#1306 = CARTESIAN_POINT ( 'NONE',  ( 1.102829285353923883, -0.3583309563939503506, 1.442621804163810140 ) ) ;
#1307 = CARTESIAN_POINT ( 'NONE',  ( -1.219258070856293008, 7.465802469043678121E-17, -1.752422796780830350 ) ) ;
#1308 = CARTESIAN_POINT ( 'NONE',  ( 1.175570504584946718, -1.618033988749895569, -0.9007338296418386792 ) ) ;
#1309 = CARTESIAN_POINT ( 'NONE',  ( -1.907076236243224532, 0.5919698304011884460, -10.41007232631409174 ) ) ;
#1310 = CARTESIAN_POINT ( 'NONE',  ( -1.175570504584947162, -1.618033988749895347, -2.899567162975173584 ) ) ;
#1311 = VECTOR ( 'NONE', #363, 1000.000000000000000 ) ;
#1312 = CARTESIAN_POINT ( 'NONE',  ( -0.1339154345713939875, -1.077093131053801001, -2.189298236465828662 ) ) ;
#1313 = CARTESIAN_POINT ( 'NONE',  ( -1.140836513298521870, 6.985608921807308758E-17, -2.092800992617013467 ) ) ;
#1314 = CARTESIAN_POINT ( 'NONE',  ( -0.9864004998515548683, -0.7166619127879001461, -3.363422796780829671 ) ) ;
#1315 = CARTESIAN_POINT ( 'NONE',  ( 2.102924448476535257, -3.863009542013253312E-16, -4.063067162975173119 ) ) ;
#1316 = CARTESIAN_POINT ( 'NONE',  ( 1.031896320180243132, -0.3352834388968186641, -3.586999999999999744 ) ) ;
#1317 = VERTEX_POINT ( 'NONE', #2791 ) ;
#1318 = AXIS2_PLACEMENT_3D ( 'NONE', #1986, #2659, #243 ) ;
#1319 = CARTESIAN_POINT ( 'NONE',  ( 0.6498393924658134591, 2.000000000000000444, -5.644233829641839506 ) ) ;
#1320 = CARTESIAN_POINT ( 'NONE',  ( 0.8672911971913196405, 0.6672664337949385516, -3.311323103016038161 ) ) ;
#1321 = CARTESIAN_POINT ( 'NONE',  ( -0.6498393924658131260, -2.000000000000000444, -10.11923382964183737 ) ) ;
#1322 = CARTESIAN_POINT ( 'NONE',  ( -1.102829285353923883, -0.3583309563939500175, -6.433378195836191082 ) ) ;
#1323 = PLANE ( 'NONE',  #3638 ) ;
#1324 = CARTESIAN_POINT ( 'NONE',  ( 0.6923857838429355871, -0.8559930062257111727, -7.332028156440076216 ) ) ;
#1325 = VERTEX_POINT ( 'NONE', #1056 ) ;
#1326 = DIRECTION ( 'NONE',  ( 0.000000000000000000, -0.4924235601034714360, 0.8703556959398971449 ) ) ;
#1327 = EDGE_CURVE ( 'NONE', #3361, #432, #1381, .T. ) ;
#1328 = MECHANICAL_CONTEXT ( 'NONE', #1212, 'mechanical' ) ;
#1329 = CARTESIAN_POINT ( 'NONE',  ( -1.175570504584946940, 1.618033988749895569, -8.806567162975174057 ) ) ;
#1330 = CARTESIAN_POINT ( 'NONE',  ( 0.6815859821374818939, 0.9381226230606178884, 0.01062180416380904824 ) ) ;
#1331 = CARTESIAN_POINT ( 'NONE',  ( -1.102829285353923883, -0.3583309563939500175, -1.662922796780831325 ) ) ;
#1332 = CARTESIAN_POINT ( 'NONE',  ( 4.286263797015737088E-16, 3.500000000000000000, 0.2237500000000018086 ) ) ;
#1333 = CARTESIAN_POINT ( 'NONE',  ( -0.7224164299925037724, 0.8241257195474476216, -10.00388179209283024 ) ) ;
#1334 = B_SPLINE_CURVE_WITH_KNOTS ( 'NONE', 3,
 ( #3128, #1421, #2471, #754, #777, #1744, #2860, #3555, #4235, #4080, #4168, #4215, #3197, #1771, #2162, #3217 ),
 .UNSPECIFIED., .F., .F.,
 ( 4, 2, 2, 2, 2, 1, 1, 2, 4 ),
 ( 0.7467863176847798767, 0.7536992424844507488, 0.7606121672841216208, 0.7640686296839570568, 0.7645006874839365141, 0.7649327452839159713, 0.7657968608838748859, 0.7675250920837926039, 0.7744380168834634759 ),
 .UNSPECIFIED. ) ;
#1335 = CARTESIAN_POINT ( 'NONE',  ( -1.102829285353923883, 0.3583309563939501841, -13.77237819583619149 ) ) ;
#1336 = CIRCLE ( 'NONE', #682, 2.000000000000000000 ) ;
#1337 = CARTESIAN_POINT ( 'NONE',  ( 0.6377469987373343141, -0.8777834388968194235, -3.256300992617013002 ) ) ;
#1338 = CARTESIAN_POINT ( 'NONE',  ( -1.102829285353923883, -0.3583309563939500175, -7.032922796780830765 ) ) ;
#1339 = CARTESIAN_POINT ( 'NONE',  ( -0.3525378704127039020, 1.085000000000001741, -6.540499999999999758 ) ) ;
#1340 = VERTEX_POINT ( 'NONE', #2449 ) ;
#1341 = CARTESIAN_POINT ( 'NONE',  ( -1.902113032590307728, 0.6180339887498951246, -5.196733829641839719 ) ) ;
#1342 = CC_DESIGN_APPROVAL ( #261, ( #1191 ) ) ;
#1343 = CARTESIAN_POINT ( 'NONE',  ( 0.000000000000000000, -1.085000000000002185, -1.729930898229566472 ) ) ;
#1344 = CARTESIAN_POINT ( 'NONE',  ( 0.3970972211235883065, -1.014389323832667777, -11.00021827681570841 ) ) ;
#1345 = CARTESIAN_POINT ( 'NONE',  ( 2.102924448476535257, -3.863009542013253312E-16, -0.6322338296418389403 ) ) ;
#1346 = CARTESIAN_POINT ( 'NONE',  ( 0.6815859821374814498, -0.9381226230606178884, -7.686378195836192084 ) ) ;
#1347 =( BOUNDED_CURVE ( )  B_SPLINE_CURVE ( 2, ( #94, #2881, #3514, #353, #1746, #2451, #3131, #3, #1398, #3828, #2794, #4170, #3155, #2291, #889, #3621, #1234, #2989, #139, #1535, #116, #528, #2946, #4279, #2625, #3959, #843, #2247, #554, #1214, #1954, #3979, #464, #864, #3332, #189, #505, #4003, #4373, #2923, #1904, #2206, #1558, #1582, #3309, #1258, #3285, #3265, #2967, #4349, #163, #3582, #4328, #3666, #2268, #3602, #211, #2603, #3643, #1927, #1166, #1603, #4301, #2559, #2582, #3915, #800, #1863, #2903, #3242, #1515, #3936, #822, #2228, #484, #1882, #1187, #2105, #3168, #3482, #3459, #4158, #2440, #4505, #39, #2649, #3144, #2063, #1734, #1760, #3119, #1388, #2761, #1977, #2783, #1003, #728, #664, #2808, #3816, #4026, #3099, #4485, #915, #1071, #2314, #4182, #3076, #342, #3438, #3687, #2462, #364, #2084, #1046, #3840, #576, #4133, #15 ),
 .UNSPECIFIED., .F., .F. ) 
 B_SPLINE_CURVE_WITH_KNOTS ( ( 3, 2, 2, 2, 2, 2, 2, 2, 2, 2, 2, 2, 2, 2, 2, 2, 2, 2, 2, 2, 2, 2, 2, 2, 2, 2, 2, 2, 2, 2, 2, 2, 2, 2, 2, 2, 2, 2, 2, 2, 2, 2, 2, 2, 2, 2, 2, 2, 2, 2, 2, 2, 2, 2, 2, 2, 2, 2, 2, 3 ),
 ( 0.1836725355475155863, 0.1838241941485904141, 0.1953132062828771831, 0.2068022184171639799, 0.2182912305514507489, 0.2297802426857375180, 0.2412692548200243148, 0.2527582669543110838, 0.2642472790885978529, 0.2757362912228846219, 0.2872253033571714465, 0.2987143154914581600, 0.3102033276257449845, 0.3216923397600317536, 0.3331813518943185226, 0.3446703640286052917, 0.3561593761628920607, 0.3676483882971788852, 0.3791374004314655988, 0.3906264125657524233, 0.4021154247000391924, 0.4136044368343260169, 0.4250934489686127304, 0.4365824611028995550, 0.4480714732371863240, 0.4595604853714730931, 0.4710494975057598621, 0.4825385096400466312, 0.4940275217743334002, 0.5055165339086201692, 0.5170055460429070493, 0.5284945581771938183, 0.5399835703114805874, 0.5514725824457673564, 0.5629615945800541255, 0.5744506067143408945, 0.5859396188486276635, 0.5974286309829143216, 0.6089176431172012016, 0.6204066552514880817, 0.6318956673857748507, 0.6433846795200616198, 0.6548736916543483888, 0.6663627037886351578, 0.6778517159229219269, 0.6893407280572086959, 0.7008297401914955760, 0.7123187523257823450, 0.7238077644600690030, 0.7352967765943558831, 0.7467857887286425411, 0.7582748008629293102, 0.7697638129972161902, 0.7812528251315029593, 0.7927418372657898393, 0.8042308494000764973, 0.8157198615343632664, 0.8272088736686501464, 0.8386978858029368045, 0.8403586075510248721 ),
 .UNSPECIFIED. ) 
 CURVE ( )  GEOMETRIC_REPRESENTATION_ITEM ( )  RATIONAL_B_SPLINE_CURVE ( ( 0.9987249176536769912, 0.9993539305047599575, 1.000000000000000000, 0.9510565162951535312, 1.000000000000000000, 0.9510565162951535312, 1.000000000000000000, 0.9510565162951535312, 1.000000000000000000, 0.9510565162951535312, 1.000000000000000000, 0.9510565162951535312, 1.000000000000000000, 0.9510565162951535312, 1.000000000000000000, 0.9510565162951535312, 1.000000000000000000, 0.9510565162951535312, 1.000000000000000000, 0.9510565162951535312, 1.000000000000000000, 0.9510565162951535312, 1.000000000000000000, 0.9510565162951535312, 1.000000000000000000, 0.9510565162951535312, 1.000000000000000000, 0.9510565162951535312, 1.000000000000000000, 0.9510565162951535312, 1.000000000000000000, 0.9510565162951535312, 1.000000000000000000, 0.9510565162951535312, 1.000000000000000000, 0.9510565162951535312, 1.000000000000000000, 0.9510565162951535312, 1.000000000000000000, 0.9510565162951535312, 1.000000000000000000, 0.9510565162951535312, 1.000000000000000000, 0.9510565162951535312, 1.000000000000000000, 0.9510565162951535312, 1.000000000000000000, 0.9510565162951535312, 1.000000000000000000, 0.9510565162951535312, 1.000000000000000000, 0.9510565162951535312, 1.000000000000000000, 0.9510565162951535312, 1.000000000000000000, 0.9510565162951535312, 1.000000000000000000, 0.9510565162951535312, 1.000000000000000000, 0.9510565162951535312, 1.000000000000000000, 0.9510565162951535312, 1.000000000000000000, 0.9510565162951535312, 1.000000000000000000, 0.9510565162951535312, 1.000000000000000000, 0.9510565162951535312, 1.000000000000000000, 0.9510565162951535312, 1.000000000000000000, 0.9510565162951535312, 1.000000000000000000, 0.9510565162951535312, 1.000000000000000000, 0.9510565162951535312, 1.000000000000000000, 0.9510565162951535312, 1.000000000000000000, 0.9510565162951535312, 1.000000000000000000, 0.9510565162951535312, 1.000000000000000000, 0.9510565162951535312, 1.000000000000000000, 0.9510565162951535312, 1.000000000000000000, 0.9510565162951535312, 1.000000000000000000, 0.9510565162951535312, 1.000000000000000000, 0.9510565162951535312, 1.000000000000000000, 0.9510565162951535312, 1.000000000000000000, 0.9510565162951535312, 1.000000000000000000, 0.9510565162951535312, 1.000000000000000000, 0.9510565162951535312, 1.000000000000000000, 0.9510565162951535312, 1.000000000000000000, 0.9510565162951535312, 1.000000000000000000, 0.9510565162951535312, 1.000000000000000000, 0.9510565162951535312, 1.000000000000000000, 0.9510565162951535312, 1.000000000000000000, 0.9510565162951535312, 1.000000000000000000, 0.9510565162951535312, 1.000000000000000000, 0.9510565162951535312, 1.000000000000000000, 0.9929252831430770421, 0.9878958485103400688 ) ) 
 REPRESENTATION_ITEM ( '' )  );
#1348 = CARTESIAN_POINT ( 'NONE',  ( 1.059684787897845704, -0.2330089060484513419, -12.00000000000000000 ) ) ;
#1349 = EDGE_LOOP ( 'NONE', ( #3376, #3865, #1302, #1701, #566, #2438 ) ) ;
#1350 = APPROVAL ( #2722, 'UNSPECIFIED' ) ;
#1351 = CARTESIAN_POINT ( 'NONE',  ( 1.242101115966833369, -1.227336392342594396, -0.9250744513929042290 ) ) ;
#1352 = PERSON_AND_ORGANIZATION_ROLE ( 'creator' ) ;
#1353 = CARTESIAN_POINT ( 'NONE',  ( 1.701301616704080866, 1.236067977499790027, -12.83406716297517214 ) ) ;
#1354 = CARTESIAN_POINT ( 'NONE',  ( 0.3767714644234087529, 1.159583333333335631, -1.689878195836191477 ) ) ;
#1355 = EDGE_CURVE ( 'NONE', #1051, #1974, #1209, .T. ) ;
#1356 = CARTESIAN_POINT ( 'NONE',  ( 0.9864004998515548683, 0.7166619127879000350, -4.258422796780830133 ) ) ;
#1357 = CARTESIAN_POINT ( 'NONE',  ( -0.3324999999999809774, 1.838044505796231798, 1.200000000000000400 ) ) ;
#1358 = DIRECTION ( 'NONE',  ( 0.9238795325112855172, -0.3826834323650926684, -1.405956121597899868E-16 ) ) ;
#1359 = CARTESIAN_POINT ( 'NONE',  ( 1.902113032590307728, -0.6180339887498953466, -2.362567162975174551 ) ) ;
#1360 = CARTESIAN_POINT ( 'NONE',  ( -0.3525378704127041241, -1.085000000000001741, -3.524800992617013851 ) ) ;
#1361 = CARTESIAN_POINT ( 'NONE',  ( 0.6815859821374814498, -0.9381226230606178884, -4.705922796780829920 ) ) ;
#1362 = LINE ( 'NONE', #2393, #532 ) ;
#1363 = CARTESIAN_POINT ( 'NONE',  ( 1.122994394730683076, 0.05491239458456651651, -11.92314276991598021 ) ) ;
#1364 = ORIENTED_EDGE ( 'NONE', *, *, #3441, .F. ) ;
#1365 = CARTESIAN_POINT ( 'NONE',  ( 1.175570504584946718, -1.618033988749895569, -4.480733829641838639 ) ) ;
#1366 = CARTESIAN_POINT ( 'NONE',  ( 0.5458333119476348472, -0.9483748878783628822, -3.795647884819290052 ) ) ;
#1367 = CARTESIAN_POINT ( 'NONE',  ( 0.4258133208652156720, -2.011540401588709059, 2.266576138033840948 ) ) ;
#1368 = CARTESIAN_POINT ( 'NONE',  ( -2.449293598294707893E-16, -2.000000000000000888, -4.659733829641838909 ) ) ;
#1369 = CARTESIAN_POINT ( 'NONE',  ( 0.6815859821374817828, 0.9381226230606176664, -1.779378195836190946 ) ) ;
#1370 = CARTESIAN_POINT ( 'NONE',  ( 0.6664143521706966666, 0.8679070557376098449, -6.815443155368670070 ) ) ;
#1371 = ORIENTED_EDGE ( 'NONE', *, *, #2201, .T. ) ;
#1372 = CARTESIAN_POINT ( 'NONE',  ( 1.030215524840512931, -0.3664011535100072936, -5.386934349259568044 ) ) ;
#1373 = PERSON_AND_ORGANIZATION_ROLE ( 'creator' ) ;
#1374 = CARTESIAN_POINT ( 'NONE',  ( -2.102924448476535257, 1.287669847337751433E-16, -3.168067162975173101 ) ) ;
#1375 = CARTESIAN_POINT ( 'NONE',  ( 0.9864004998515550904, 0.7166619127879001461, -1.868878195836190192 ) ) ;
#1376 = CARTESIAN_POINT ( 'NONE',  ( -0.6815859821374815608, 0.9381226230606178884, -0.2309227967808302751 ) ) ;
#1377 = LINE ( 'NONE', #3805, #2292 ) ;
#1378 = CARTESIAN_POINT ( 'NONE',  ( -0.1883931398994225515, 1.069523241585920825, -10.16083341448550748 ) ) ;
#1379 = CARTESIAN_POINT ( 'NONE',  ( -1.175570504584946940, 1.618033988749895569, -1.646567162975173026 ) ) ;
#1380 = CARTESIAN_POINT ( 'NONE',  ( 1.031896320180243354, 0.3352834388968182755, -4.688300992617014273 ) ) ;
#1381 = B_SPLINE_CURVE_WITH_KNOTS ( 'NONE', 3,
 ( #1420, #886, #3640, #1879 ),
 .UNSPECIFIED., .F., .F.,
 ( 4, 4 ),
 ( 0.000000000000000000, 0.001626924007965247247 ),
 .UNSPECIFIED. ) ;
#1382 = CARTESIAN_POINT ( 'NONE',  ( -1.102829285353923661, 0.3583309563939501285, -5.421922796780831888 ) ) ;
#1383 = CARTESIAN_POINT ( 'NONE',  ( -1.031896320180243354, -0.3352834388968184420, -9.163300992617013918 ) ) ;
#1384 = EDGE_CURVE ( 'NONE', #1861, #2656, #525, .T. ) ;
#1385 = CARTESIAN_POINT ( 'NONE',  ( -0.3525378704127039020, 1.085000000000001741, 0.6195000000000002727 ) ) ;
#1386 = ORIENTED_EDGE ( 'NONE', *, *, #962, .T. ) ;
#1387 = CARTESIAN_POINT ( 'NONE',  ( -1.066199735695178896, -0.4559074802500834300, -1.637828151971328028 ) ) ;
#1388 = CARTESIAN_POINT ( 'NONE',  ( -0.3767714644234081978, 1.159583333333334965, -3.900422796780830481 ) ) ;
#1389 = CARTESIAN_POINT ( 'NONE',  ( 1.175570504584946718, -1.618033988749895569, -2.690733829641838604 ) ) ;
#1390 = CARTESIAN_POINT ( 'NONE',  ( -0.6377469987373344251, 0.8777834388968194235, -13.61100000000000065 ) ) ;
#1391 = FACE_OUTER_BOUND ( 'NONE', #1890, .T. ) ;
#1392 = ORIENTED_EDGE ( 'NONE', *, *, #2253, .T. ) ;
#1393 = CARTESIAN_POINT ( 'NONE',  ( 0.000000000000000000, -3.429011037612588783E-16, 2.799999999999999822 ) ) ;
#1394 = PERSON_AND_ORGANIZATION_ROLE ( 'design_owner' ) ;
#1395 = CARTESIAN_POINT ( 'NONE',  ( -1.175570504584947162, -1.618033988749895347, -6.479567162975173211 ) ) ;
#1396 = CARTESIAN_POINT ( 'NONE',  ( -1.155357523949571474, -0.09890651544585064847, -11.86817440462182383 ) ) ;
#1397 = DIRECTION ( 'NONE',  ( -1.000000000000000000, 0.000000000000000000, 0.000000000000000000 ) ) ;
#1398 = CARTESIAN_POINT ( 'NONE',  ( 0.6815859821374817828, 0.9381226230606176664, -11.32892279678083014 ) ) ;
#1399 = CARTESIAN_POINT ( 'NONE',  ( -1.056734192523377747, 0.2840969369679397505, -6.258127588875572300 ) ) ;
#1400 = LINE ( 'NONE', #3851, #171 ) ;
#1401 = CARTESIAN_POINT ( 'NONE',  ( 0.6498393924658134591, 2.000000000000000444, -0.1250671629751728131 ) ) ;
#1402 = CARTESIAN_POINT ( 'NONE',  ( 1.102829285353923661, -0.3583309563939502396, -11.68692279678083068 ) ) ;
#1403 = CARTESIAN_POINT ( 'NONE',  ( 0.9864004998515546463, -0.7166619127879003681, -6.406422796780830708 ) ) ;
#1404 = CARTESIAN_POINT ( 'NONE',  ( -0.3525378704127038465, 1.085000000000001741, -9.610800992617011929 ) ) ;
#1405 = CARTESIAN_POINT ( 'NONE',  ( 0.9229561270619648372, -0.6705668777936371061, 1.693500000000000227 ) ) ;
#1406 = CARTESIAN_POINT ( 'NONE',  ( 0.000000000000000000, 3.499999999999999556, 2.800000000000000266 ) ) ;
#1407 = ORIENTED_EDGE ( 'NONE', *, *, #3575, .F. ) ;
#1408 = ADVANCED_FACE ( 'NONE', ( #3328 ), #2646, .T. ) ;
#1409 = CARTESIAN_POINT ( 'NONE',  ( -0.9152310004822467038, -0.7479599202110995826, -1.667448573808296031 ) ) ;
#1410 = CARTESIAN_POINT ( 'NONE',  ( 1.918097764911736515E-11, -1.085000000000001963, -11.10499999991470688 ) ) ;
#1411 = CARTESIAN_POINT ( 'NONE',  ( 0.6498393924658125709, -2.000000000000000888, -2.780233829641839627 ) ) ;
#1412 = CARTESIAN_POINT ( 'NONE',  ( 0.6815859821374817828, 0.9381226230606176664, 0.01062180416380904824 ) ) ;
#1413 = CARTESIAN_POINT ( 'NONE',  ( -0.09150355614499516843, -1.771030847388477270, -0.8832316160761987112 ) ) ;
#1414 = ORIENTED_EDGE ( 'NONE', *, *, #434, .F. ) ;
#1415 = CIRCLE ( 'NONE', #4169, 1.525217391304348302 ) ;
#1416 = CARTESIAN_POINT ( 'NONE',  ( 0.1680528347754962071, 1.084999572481837760, -4.883108266366778416 ) ) ;
#1417 = LOCAL_TIME ( 20, 15, 35.00000000000000000, #3105 ) ;
#1418 = CARTESIAN_POINT ( 'NONE',  ( 0.000000000000000000, 0.000000000000000000, 0.000000000000000000 ) ) ;
#1419 = CARTESIAN_POINT ( 'NONE',  ( -1.902113032590307728, 0.6180339887498951246, -6.837567162975174639 ) ) ;
#1420 = CARTESIAN_POINT ( 'NONE',  ( 1.838044505796226025, 0.3325000000000000178, 1.200000000000000178 ) ) ;
#1421 = CARTESIAN_POINT ( 'NONE',  ( 0.08911736026416253176, -1.084999894198490189, -2.132374304995473313 ) ) ;
#1422 = CARTESIAN_POINT ( 'NONE',  ( 2.097441510607459758, -0.4724818616414863115, 2.799999999999999822 ) ) ;
#1423 = CARTESIAN_POINT ( 'NONE',  ( 1.102829285353923661, -0.3583309563939502396, -9.297378195836191850 ) ) ;
#1424 = DIRECTION ( 'NONE',  ( -1.000000000000000000, 1.047444401652940007E-14, -1.836970198721010212E-16 ) ) ;
#1425 = CARTESIAN_POINT ( 'NONE',  ( -0.6815859821374816718, 0.9381226230606179994, -12.16137819583619084 ) ) ;
#1426 = ORIENTED_EDGE ( 'NONE', *, *, #3384, .T. ) ;
#1427 = CARTESIAN_POINT ( 'NONE',  ( 1.102829285353923883, 0.3583309563939498510, -11.50792279678083219 ) ) ;
#1428 = CARTESIAN_POINT ( 'NONE',  ( 1.102829285353923661, -0.3583309563939502396, -2.736922796780831391 ) ) ;
#1429 = FACE_OUTER_BOUND ( 'NONE', #2823, .T. ) ;
#1430 = CARTESIAN_POINT ( 'NONE',  ( 0.6377469987373346472, 0.8777834388968193124, -1.438999999999999391 ) ) ;
#1431 = CARTESIAN_POINT ( 'NONE',  ( 3.786788911569441456E-05, 1.084999998661314358, -6.120470394385433721 ) ) ;
#1432 = ORIENTED_EDGE ( 'NONE', *, *, #4291, .F. ) ;
#1433 = CARTESIAN_POINT ( 'NONE',  ( -1.340313315031112396, 1.206507376014015920, -10.74062405601567605 ) ) ;
#1434 = CARTESIAN_POINT ( 'NONE',  ( 0.4505284220593282485, -0.9897677827039831344, -9.193720280189431548 ) ) ;
#1435 = CARTESIAN_POINT ( 'NONE',  ( 1.902113032590308173, 0.6180339887498946805, -2.332733829641839840 ) ) ;
#1436 = CARTESIAN_POINT ( 'NONE',  ( -0.9864004998515548683, 0.7166619127879002571, -1.331878195836191159 ) ) ;
#1437 = ADVANCED_FACE ( 'NONE', ( #2599 ), #1909, .T. ) ;
#1438 = CARTESIAN_POINT ( 'NONE',  ( -0.0002973581249317066980, 1.084999915761509337, -3.048636645870178796 ) ) ;
#1439 = ORIENTED_EDGE ( 'NONE', *, *, #3298, .F. ) ;
#1440 = DIRECTION ( 'NONE',  ( 1.000000000000000000, -3.507552745605438783E-15, -8.126646675465804969E-32 ) ) ;
#1441 = EDGE_CURVE ( 'NONE', #1572, #3205, #2013, .T. ) ;
#1442 = CARTESIAN_POINT ( 'NONE',  ( 1.701301616704080866, 1.236067977499790027, -7.464067162975172920 ) ) ;
#1443 = CARTESIAN_POINT ( 'NONE',  ( 2.000000000000000000, 0.000000000000000000, -0.6000000000000000888 ) ) ;
#1444 = CARTESIAN_POINT ( 'NONE',  ( 1.219258070856292786, -2.239740740713103683E-16, -9.207878195836189050 ) ) ;
#1445 = VERTEX_POINT ( 'NONE', #458 ) ;
#1446 = CARTESIAN_POINT ( 'NONE',  ( -3.490181284755988057E-07, 1.084999999999888942, -9.700299436759417304 ) ) ;
#1447 = DIRECTION ( 'NONE',  ( 0.000000000000000000, -1.000000000000000000, 0.000000000000000000 ) ) ;
#1448 = CARTESIAN_POINT ( 'NONE',  ( -0.3767714644234085308, -1.159583333333335631, -9.744878195836191637 ) ) ;
#1449 = CARTESIAN_POINT ( 'NONE',  ( 0.6815859821374817828, 0.9381226230606176664, -13.11892279678083284 ) ) ;
#1450 = CARTESIAN_POINT ( 'NONE',  ( -1.175570504584947162, -1.618033988749895347, -8.418733829641839250 ) ) ;
#1451 = CARTESIAN_POINT ( 'NONE',  ( 1.140836513298521870, -2.095682676542192134E-16, 0.08250000000000096145 ) ) ;
#1452 = DIRECTION ( 'NONE',  ( 1.000000000000000000, -0.000000000000000000, -0.000000000000000000 ) ) ;
#1453 = EDGE_LOOP ( 'NONE', ( #2566, #3037, #1130, #1490 ) ) ;
#1454 = CARTESIAN_POINT ( 'NONE',  ( 0.5461851752634754309, 0.5461851752634773183, 1.200000000000000178 ) ) ;
#1455 = FACE_OUTER_BOUND ( 'NONE', #2360, .T. ) ;
#1456 = CARTESIAN_POINT ( 'NONE',  ( 1.902113032590308173, 0.6180339887498946805, -9.343567162975173090 ) ) ;
#1457 = CARTESIAN_POINT ( 'NONE',  ( 0.6815859821374814498, -0.9381226230606178884, 1.263621804163809648 ) ) ;
#1458 = B_SPLINE_CURVE_WITH_KNOTS ( 'NONE', 3,
 ( #2758, #2080, #3521, #3836 ),
 .UNSPECIFIED., .F., .F.,
 ( 4, 4 ),
 ( 0.000000000000000000, 0.001626924007965249849 ),
 .UNSPECIFIED. ) ;
#1459 = CARTESIAN_POINT ( 'NONE',  ( 1.115635562744446974, -0.4618263768933931757, 2.800000000000000266 ) ) ;
#1460 = ORIENTED_EDGE ( 'NONE', *, *, #210, .F. ) ;
#1461 = CARTESIAN_POINT ( 'NONE',  ( 0.2731657544085535072, -1.051051560523406092, -5.662242104804077414 ) ) ;
#1462 = EDGE_CURVE ( 'NONE', #1180, #3929, #1991, .T. ) ;
#1463 = CARTESIAN_POINT ( 'NONE',  ( 0.6498393924658125709, -2.000000000000000888, -6.211067162975172806 ) ) ;
#1464 = CARTESIAN_POINT ( 'NONE',  ( -0.5940857342806223906, -1.168428063694036512, -11.61777792574056534 ) ) ;
#1465 = FACE_OUTER_BOUND ( 'NONE', #3251, .T. ) ;
#1466 = ORIENTED_EDGE ( 'NONE', *, *, #4261, .T. ) ;
#1467 = ADVANCED_FACE ( 'NONE', ( #3238 ), #551, .F. ) ;
#1468 = VECTOR ( 'NONE', #586, 1000.000000000000000 ) ;
#1469 = CARTESIAN_POINT ( 'NONE',  ( 1.031896320180243354, 0.3352834388968182755, -8.268300992617014344 ) ) ;
#1470 = DIRECTION ( 'NONE',  ( 0.000000000000000000, -1.000000000000000000, 0.000000000000000000 ) ) ;
#1471 = AXIS2_PLACEMENT_3D ( 'NONE', #4000, #1924, #481 ) ;
#1472 = CARTESIAN_POINT ( 'NONE',  ( 0.3767714644234087529, 1.159583333333335631, -10.63987819583619121 ) ) ;
#1473 = CARTESIAN_POINT ( 'NONE',  ( 0.3767714644234080867, -1.159583333333335631, -11.95542279678083375 ) ) ;
#1474 = CARTESIAN_POINT ( 'NONE',  ( 1.902113032590308173, 0.6180339887498946805, -9.492733829641839094 ) ) ;
#1475 = DIRECTION ( 'NONE',  ( 0.000000000000000000, 0.000000000000000000, 1.000000000000000000 ) ) ;
#1476 = CARTESIAN_POINT ( 'NONE',  ( -0.6498393924658125709, 2.000000000000000444, -12.47606716297517337 ) ) ;
#1477 = ORIENTED_EDGE ( 'NONE', *, *, #3324, .F. ) ;
#1478 = CARTESIAN_POINT ( 'NONE',  ( 0.000000000000000000, 1.085000000000001741, -13.28030099261701480 ) ) ;
#1479 = CARTESIAN_POINT ( 'NONE',  ( -0.3767714644234081978, 1.159583333333334965, -14.64042279678083247 ) ) ;
#1480 = CARTESIAN_POINT ( 'NONE',  ( -2.449293598294707893E-16, -2.000000000000000888, -8.090567162975174753 ) ) ;
#1481 = CARTESIAN_POINT ( 'NONE',  ( 1.140836513298521870, -2.095682676542192134E-16, -8.867499999999999716 ) ) ;
#1482 = CARTESIAN_POINT ( 'NONE',  ( 1.062066823462629594, 0.3325000000000000178, 1.200000000000000178 ) ) ;
#1483 = VERTEX_POINT ( 'NONE', #1901 ) ;
#1484 = CARTESIAN_POINT ( 'NONE',  ( -2.102924448476535257, 1.287669847337751433E-16, -14.05723382964183799 ) ) ;
#1485 = FACE_OUTER_BOUND ( 'NONE', #1058, .T. ) ;
#1486 = CONICAL_SURFACE ( 'NONE', #1710, 2.149999999997260769, 0.1745329251994333364 ) ;
#1487 = DIRECTION ( 'NONE',  ( -1.000000000000000000, 0.000000000000000000, 0.000000000000000000 ) ) ;
#1488 = CARTESIAN_POINT ( 'NONE',  ( 1.175570504584947384, 1.618033988749895347, -2.153733829641839126 ) ) ;
#1489 = CARTESIAN_POINT ( 'NONE',  ( -1.219258070856292786, 7.465802469043678121E-17, -2.942878195836190258 ) ) ;
#1490 = ORIENTED_EDGE ( 'NONE', *, *, #3518, .T. ) ;
#1491 = ORIENTED_EDGE ( 'NONE', *, *, #2551, .T. ) ;
#1492 = AXIS2_PLACEMENT_3D ( 'NONE', #3310, #1978, #235 ) ;
#1493 = CARTESIAN_POINT ( 'NONE',  ( 0.9229561270619647262, -0.6705668777936371061, -10.32680099261701123 ) ) ;
#1494 = CARTESIAN_POINT ( 'NONE',  ( -0.1520769665417704142, 1.085000386883028911, -4.799409217153855600 ) ) ;
#1495 = ADVANCED_FACE ( 'NONE', ( #1950 ), #2223, .T. ) ;
#1496 = CARTESIAN_POINT ( 'NONE',  ( 0.9864004998515548683, -0.7166619127879004791, -9.386878195836192873 ) ) ;
#1497 =( BOUNDED_CURVE ( )  B_SPLINE_CURVE ( 2, ( #3564, #3249, #1888, #125, #1520, #3290, #4264, #423, #2544, #2564, #470, #2523, #1501 ),
 .UNSPECIFIED., .F., .T. ) 
 B_SPLINE_CURVE_WITH_KNOTS ( ( 3, 2, 2, 2, 2, 2, 3 ),
 ( 0.5744485445979226057, 0.5744498505078409201, 0.5859388475179975186, 0.5974278445281541172, 0.6089168415383108268, 0.6204058385484674254, 0.6318948708591083374 ),
 .UNSPECIFIED. ) 
 CURVE ( )  GEOMETRIC_REPRESENTATION_ITEM ( )  RATIONAL_B_SPLINE_CURVE ( ( 0.9999888748311642761, 0.9999944367832327430, 1.000000000000000000, 0.9510565162951535312, 1.000000000000000000, 0.9510565162951535312, 1.000000000000000000, 0.9510565162951535312, 1.000000000000000000, 0.9510565162951535312, 1.000000000000000000, 0.9510565162951535312, 1.000000000000000000 ) ) 
 REPRESENTATION_ITEM ( '' )  );
#1498 = CARTESIAN_POINT ( 'NONE',  ( -0.3767714644234081978, 1.159583333333334965, -14.64042279678083247 ) ) ;
#1499 =( BOUNDED_CURVE ( )  B_SPLINE_CURVE ( 2, ( #1647, #2671, #984, #2437, #3813, #4369, #361, #3140, #12, #1278, #1068, #2459, #3837 ),
 .UNSPECIFIED., .F., .T. ) 
 B_SPLINE_CURVE_WITH_KNOTS ( ( 3, 2, 2, 2, 2, 2, 3 ),
 ( 0.6893391015533024690, 0.6893398206094193403, 0.7008288176195720531, 0.7123178146297245439, 0.7238068116398771457, 0.7352958086500297474, 0.7467847935392368797 ),
 .UNSPECIFIED. ) 
 CURVE ( )  GEOMETRIC_REPRESENTATION_ITEM ( )  RATIONAL_B_SPLINE_CURVE ( ( 0.9999938739806971677, 0.9999969367986335511, 1.000000000000000000, 0.9510565162951535312, 1.000000000000000000, 0.9510565162951535312, 1.000000000000000000, 0.9510565162951535312, 1.000000000000000000, 0.9510565162951535312, 1.000000000000000000, 0.9510565162951535312, 1.000000000000000000 ) ) 
 REPRESENTATION_ITEM ( '' )  );
#1500 = CARTESIAN_POINT ( 'NONE',  ( -0.6498393924658125709, 2.000000000000000444, -9.045233829641839307 ) ) ;
#1501 = CARTESIAN_POINT ( 'NONE',  ( 2.060351236429055573E-06, -1.084999999998045528, -5.225300469559397420 ) ) ;
#1502 = CARTESIAN_POINT ( 'NONE',  ( -2.449293598294707893E-16, -2.000000000000000888, -13.46056716297517397 ) ) ;
#1503 = DIRECTION ( 'NONE',  ( -0.000000000000000000, -0.000000000000000000, -1.000000000000000000 ) ) ;
#1504 = CARTESIAN_POINT ( 'NONE',  ( 1.031896320180243354, 0.3352834388968182755, -13.63830099261701534 ) ) ;
#1505 = CARTESIAN_POINT ( 'NONE',  ( 0.8700235370851480132, 0.6712042771187413104, -8.681540777162130240 ) ) ;
#1506 = CARTESIAN_POINT ( 'NONE',  ( -2.449293598294707893E-16, -2.000000000000000888, -9.880567162975175677 ) ) ;
#1507 = CARTESIAN_POINT ( 'NONE',  ( -0.3525378704127039020, 1.085000000000001741, -11.91050000000000075 ) ) ;
#1508 = ORIENTED_EDGE ( 'NONE', *, *, #1942, .T. ) ;
#1509 = CARTESIAN_POINT ( 'NONE',  ( 0.000000000000000000, 2.000000000000000888, -14.50473382964183955 ) ) ;
#1510 = CARTESIAN_POINT ( 'NONE',  ( -0.9864004998515548683, 0.7166619127879002571, -12.07187819583619337 ) ) ;
#1511 = CARTESIAN_POINT ( 'NONE',  ( -2.102924448476535257, 1.287669847337751433E-16, 0.4119328370248263593 ) ) ;
#1512 = CARTESIAN_POINT ( 'NONE',  ( 0.000000000000000000, -3.500000000000000888, 2.799999999999999822 ) ) ;
#1513 = CARTESIAN_POINT ( 'NONE',  ( 1.701301616704080200, -1.236067977499790693, 0.9787661703581606032 ) ) ;
#1514 = CARTESIAN_POINT ( 'NONE',  ( 0.000000000000000000, 1.159583333333335409, -5.180378195836190081 ) ) ;
#1515 = CARTESIAN_POINT ( 'NONE',  ( 0.000000000000000000, 1.159583333333335409, -5.779922796780830652 ) ) ;
#1516 = LINE ( 'NONE', #3266, #756 ) ;
#1517 = CARTESIAN_POINT ( 'NONE',  ( -0.6815859821374817828, -0.9381226230606178884, -6.254378195836190812 ) ) ;
#1518 = CARTESIAN_POINT ( 'NONE',  ( 0.6815859821374817828, 0.9381226230606176664, -9.538922796780830993 ) ) ;
#1519 = FACE_OUTER_BOUND ( 'NONE', #4096, .T. ) ;
#1520 = CARTESIAN_POINT ( 'NONE',  ( -0.6377469987373344251, 0.8777834388968194235, -5.941300992617014387 ) ) ;
#1521 =( BOUNDED_CURVE ( )  B_SPLINE_CURVE ( 2, ( #1546, #2238, #3925, #475, #2933, #61, #1506, #1893, #2913, #4289, #3254, #1916, #1456, #496, #3904, #1177, #3612, #2569, #4316, #518, #2893, #1155, #1827, #1849, #854, #3208, #1480, #2851, #3230, #106, #4228, #2507, #3884, #2174, #2872, #3546, #788, #4249, #1133, #2529, #2193, #811, #1989, #2977, #3723, #3002, #3367, #1224, #4083, #3049, #3675, #246, #1292, #1661, #222, #4038, #3028, #542, #2326, #4408, #2350, #3319, #2663, #975, #564, #901, #4385, #4431, #1592, #3746, #928, #1315, #1964, #3654, #3342, #1616, #2685, #2709, #2280, #2015, #2373, #4361, #4338, #3390, #4061, #3699, #589, #637, #3295, #1271, #612, #1640, #951, #270, #176, #1570, #2956, #2638, #2614, #3991, #877, #1247, #1940, #199, #4014, #2302, #2414, #381, #3767, #657, #3499 ),
 .UNSPECIFIED., .F., .T. ) 
 B_SPLINE_CURVE_WITH_KNOTS ( ( 3, 2, 2, 2, 2, 2, 2, 2, 2, 2, 2, 2, 2, 2, 2, 2, 2, 2, 2, 2, 2, 2, 2, 2, 2, 2, 2, 2, 2, 2, 2, 2, 2, 2, 2, 2, 2, 2, 2, 2, 2, 2, 2, 2, 2, 2, 2, 2, 2, 2, 2, 2, 2, 2, 2, 3 ),
 ( 0.2550482705501173619, 0.2642472899185273616, 0.2757363025236810317, 0.2872253151288347572, 0.2987143277339883718, 0.3102033403391420974, 0.3216923529442957674, 0.3331813655494494930, 0.3446703781546031076, 0.3561593907597568331, 0.3676484033649105587, 0.3791374159700641733, 0.3906264285752178989, 0.4021154411803715689, 0.4136044537855252390, 0.4250934663906789091, 0.4365824789958325791, 0.4480714916009863047, 0.4595605042061399192, 0.4710495168112937003, 0.4825385294164473704, 0.4940275420216010405, 0.5055165546267545995, 0.5170055672319084916, 0.5284945798370620507, 0.5399835924422158318, 0.5514726050473695018, 0.5629616176525231719, 0.5744506302576768419, 0.5859396428628305120, 0.5974286554679841821, 0.6089176680731378521, 0.6204066806782915222, 0.6318956932834453033, 0.6433847058885989734, 0.6548737184937525324, 0.6663627310989063135, 0.6778517437040599836, 0.6893407563092136536, 0.7008297689143674347, 0.7123187815195211048, 0.7238077941246746638, 0.7352968067298284449, 0.7467858193349821150, 0.7582748319401356740, 0.7697638445452894551, 0.7812528571504431252, 0.7927418697555969063, 0.8042308823607504653, 0.8157198949659041354, 0.8272089075710579165, 0.8386979201762114755, 0.8501869327813651456, 0.8616759453865190377, 0.8731649579916725967, 0.8828413937654491228 ),
 .UNSPECIFIED. ) 
 CURVE ( )  GEOMETRIC_REPRESENTATION_ITEM ( )  RATIONAL_B_SPLINE_CURVE ( ( 0.9843780517376210515, 0.9608119452879372302, 1.000000000000000000, 0.9510565162951535312, 1.000000000000000000, 0.9510565162951535312, 1.000000000000000000, 0.9510565162951535312, 1.000000000000000000, 0.9510565162951535312, 1.000000000000000000, 0.9510565162951535312, 1.000000000000000000, 0.9510565162951535312, 1.000000000000000000, 0.9510565162951535312, 1.000000000000000000, 0.9510565162951535312, 1.000000000000000000, 0.9510565162951535312, 1.000000000000000000, 0.9510565162951535312, 1.000000000000000000, 0.9510565162951535312, 1.000000000000000000, 0.9510565162951535312, 1.000000000000000000, 0.9510565162951535312, 1.000000000000000000, 0.9510565162951535312, 1.000000000000000000, 0.9510565162951535312, 1.000000000000000000, 0.9510565162951535312, 1.000000000000000000, 0.9510565162951535312, 1.000000000000000000, 0.9510565162951535312, 1.000000000000000000, 0.9510565162951535312, 1.000000000000000000, 0.9510565162951535312, 1.000000000000000000, 0.9510565162951535312, 1.000000000000000000, 0.9510565162951535312, 1.000000000000000000, 0.9510565162951535312, 1.000000000000000000, 0.9510565162951535312, 1.000000000000000000, 0.9510565162951535312, 1.000000000000000000, 0.9510565162951535312, 1.000000000000000000, 0.9510565162951535312, 1.000000000000000000, 0.9510565162951535312, 1.000000000000000000, 0.9510565162951535312, 1.000000000000000000, 0.9510565162951535312, 1.000000000000000000, 0.9510565162951535312, 1.000000000000000000, 0.9510565162951535312, 1.000000000000000000, 0.9510565162951535312, 1.000000000000000000, 0.9510565162951535312, 1.000000000000000000, 0.9510565162951535312, 1.000000000000000000, 0.9510565162951535312, 1.000000000000000000, 0.9510565162951535312, 1.000000000000000000, 0.9510565162951535312, 1.000000000000000000, 0.9510565162951535312, 1.000000000000000000, 0.9510565162951535312, 1.000000000000000000, 0.9510565162951535312, 1.000000000000000000, 0.9510565162951535312, 1.000000000000000000, 0.9510565162951535312, 1.000000000000000000, 0.9510565162951535312, 1.000000000000000000, 0.9510565162951535312, 1.000000000000000000, 0.9510565162951535312, 1.000000000000000000, 0.9510565162951535312, 1.000000000000000000, 0.9510565162951535312, 1.000000000000000000, 0.9510565162951535312, 1.000000000000000000, 0.9510565162951535312, 1.000000000000000000, 0.9510565162951535312, 1.000000000000000000, 0.9510565162951535312, 1.000000000000000000, 0.9510565162951535312, 1.000000000000000000, 0.9587781393500792726, 0.9869931747612871176 ) ) 
 REPRESENTATION_ITEM ( '' )  );
#1522 = CARTESIAN_POINT ( 'NONE',  ( 1.902113032590307728, -0.6180339887498953466, -11.31256716297517428 ) ) ;
#1523 = VERTEX_POINT ( 'NONE', #2203 ) ;
#1524 = CARTESIAN_POINT ( 'NONE',  ( -0.3525378704127041241, -1.085000000000001741, -12.47480099261701447 ) ) ;
#1525 = CARTESIAN_POINT ( 'NONE',  ( 0.8941682228759670892, -0.6145679660766286689, -10.82892353646562711 ) ) ;
#1526 = CARTESIAN_POINT ( 'NONE',  ( -1.175570504584946940, 1.618033988749895569, -0.005733829641838689151 ) ) ;
#1527 = CARTESIAN_POINT ( 'NONE',  ( 0.9229561270619648372, -0.6705668777936371061, -9.046499999999996433 ) ) ;
#1528 = VERTEX_POINT ( 'NONE', #1857 ) ;
#1529 = CARTESIAN_POINT ( 'NONE',  ( -0.3525442859320712663, 1.084995338852342117, -7.820798979396095696 ) ) ;
#1530 = CARTESIAN_POINT ( 'NONE',  ( -1.102829285353923661, 0.3583309563939501285, -11.98237819583619057 ) ) ;
#1531 = CARTESIAN_POINT ( 'NONE',  ( -1.902113032590308173, -0.6180339887498949025, 0.5014328370248257727 ) ) ;
#1532 = DIRECTION ( 'NONE',  ( 3.494205448449283724E-15, 0.9961946980917455452, 0.08715574274765836016 ) ) ;
#1533 = CARTESIAN_POINT ( 'NONE',  ( -0.6498393924658125709, 2.000000000000000444, -14.26606716297517430 ) ) ;
#1534 = CARTESIAN_POINT ( 'NONE',  ( -1.420080017511287505E-16, -1.159583333333335409, -4.285378195836190507 ) ) ;
#1535 = CARTESIAN_POINT ( 'NONE',  ( -0.3767714644234084753, -1.159583333333334965, -10.34442279678083132 ) ) ;
#1536 = DIRECTION ( 'NONE',  ( -0.000000000000000000, 1.224646799147353207E-16, -1.000000000000000000 ) ) ;
#1537 = CARTESIAN_POINT ( 'NONE',  ( 0.6815859821374815608, -0.9381226230606179994, -2.316378195836190201 ) ) ;
#1538 = CARTESIAN_POINT ( 'NONE',  ( 0.6815859821374817828, 0.9381226230606176664, -7.748922796780831845 ) ) ;
#1539 = DIRECTION ( 'NONE',  ( 0.000000000000000000, 0.000000000000000000, 1.000000000000000000 ) ) ;
#1540 = AXIS2_PLACEMENT_3D ( 'NONE', #3444, #369, #750 ) ;
#1541 = CARTESIAN_POINT ( 'NONE',  ( 0.9229561270619647262, 0.6705668777936368841, -2.808800992617013215 ) ) ;
#1542 = CARTESIAN_POINT ( 'NONE',  ( 1.175570504584946718, -1.618033988749895569, -6.121567162975174448 ) ) ;
#1543 = ORIENTED_EDGE ( 'NONE', *, *, #3605, .T. ) ;
#1544 = CARTESIAN_POINT ( 'NONE',  ( 0.9229561270619648372, 0.6705668777936369951, -6.388800992617015062 ) ) ;
#1545 = CARTESIAN_POINT ( 'NONE',  ( -0.3767714644234084753, -1.159583333333334965, -13.92442279678083317 ) ) ;
#1546 = CARTESIAN_POINT ( 'NONE',  ( -1.964039045468562339, 0.3775587740669543724, -10.38274297513777533 ) ) ;
#1547 = CARTESIAN_POINT ( 'NONE',  ( -0.9229561270619648372, 0.6705668777936369951, -9.941499999999997783 ) ) ;
#1548 = EDGE_CURVE ( 'NONE', #953, #2719, #2799, .T. ) ;
#1549 = ORIENTED_EDGE ( 'NONE', *, *, #3298, .T. ) ;
#1550 = FACE_OUTER_BOUND ( 'NONE', #4509, .T. ) ;
#1551 = CARTESIAN_POINT ( 'NONE',  ( -0.3767714644234084753, -1.159583333333334965, -1.394422796780830032 ) ) ;
#1552 = CARTESIAN_POINT ( 'NONE',  ( 1.102829285353923883, 0.3583309563939498510, -10.90837819583619073 ) ) ;
#1553 = CARTESIAN_POINT ( 'NONE',  ( 2.102924448476535257, -3.863009542013253312E-16, -0.4830671629751734364 ) ) ;
#1554 = CARTESIAN_POINT ( 'NONE',  ( -0.3077600452711420909, 1.056542742067096308, -11.97748661556538430 ) ) ;
#1555 = CARTESIAN_POINT ( 'NONE',  ( -0.6498393924658125709, 2.000000000000000444, -0.09523382964183974009 ) ) ;
#1556 = CARTESIAN_POINT ( 'NONE',  ( 0.6815859821374814498, -0.9381226230606178884, -4.106378195836190237 ) ) ;
#1557 = VECTOR ( 'NONE', #3433, 1000.000000000000114 ) ;
#1558 = CARTESIAN_POINT ( 'NONE',  ( 0.6815859821374814498, -0.9381226230606178884, -8.285922796780830879 ) ) ;
#1559 = CIRCLE ( 'NONE', #393, 1.084999999999999520 ) ;
#1560 = LINE ( 'NONE', #1215, #2010 ) ;
#1561 = CARTESIAN_POINT ( 'NONE',  ( 0.9864004998515548683, -0.7166619127879004791, -5.806878195836191026 ) ) ;
#1562 = ORGANIZATION ( 'UNSPECIFIED', 'UNSPECIFIED', '' ) ;
#1563 = CARTESIAN_POINT ( 'NONE',  ( 0.9864004998515546463, -0.7166619127879003681, -9.986422796780830780 ) ) ;
#1564 = CARTESIAN_POINT ( 'NONE',  ( -1.838044505796143424, 0.3325000000000190581, 1.199999999999999734 ) ) ;
#1565 = DIRECTION ( 'NONE',  ( 0.000000000000000000, -1.000000000000000000, 0.000000000000000000 ) ) ;
#1566 = CARTESIAN_POINT ( 'NONE',  ( -2.449293598294707893E-16, -2.000000000000000888, -6.300567162975172941 ) ) ;
#1567 = CARTESIAN_POINT ( 'NONE',  ( -0.6663177046506492118, 0.8679777604780327671, -2.862617737828335063 ) ) ;
#1568 = CARTESIAN_POINT ( 'NONE',  ( -0.3525378704127039020, 1.085000000000001741, -11.40080099261701463 ) ) ;
#1569 = CARTESIAN_POINT ( 'NONE',  ( 0.3767714644234086419, 1.159583333333334965, -13.02942279678083182 ) ) ;
#1570 = CARTESIAN_POINT ( 'NONE',  ( 0.6498393924658134591, 2.000000000000000444, -1.915067162975174542 ) ) ;
#1571 = CARTESIAN_POINT ( 'NONE',  ( -0.6377469987373344251, 0.8777834388968194235, -8.240999999999999659 ) ) ;
#1572 = VERTEX_POINT ( 'NONE', #3775 ) ;
#1573 = DIRECTION ( 'NONE',  ( -0.9203638919632245452, -0.3812272063696530711, 0.08715574274765837404 ) ) ;
#1574 = CARTESIAN_POINT ( 'NONE',  ( 0.6815859821374814498, -0.9381226230606178884, -1.125922796780830293 ) ) ;
#1575 = EDGE_CURVE ( 'NONE', #3361, #4155, #1301, .T. ) ;
#1576 = CARTESIAN_POINT ( 'NONE',  ( -0.9864004998515548683, 0.7166619127879002571, -13.86187819583619074 ) ) ;
#1577 = CARTESIAN_POINT ( 'NONE',  ( -0.3325000000000000178, -1.062066823462632703, 1.199999999999999734 ) ) ;
#1578 = DIRECTION ( 'NONE',  ( -0.3826834323650893377, 0.9238795325112869605, 2.140535888111866324E-17 ) ) ;
#1579 = CARTESIAN_POINT ( 'NONE',  ( 1.909706306954517485, -0.5946642932459139663, 1.071650430424241573 ) ) ;
#1580 = CARTESIAN_POINT ( 'NONE',  ( 0.6815859821374817828, 0.9381226230606176664, -3.569378195836190759 ) ) ;
#1581 = ADVANCED_FACE ( 'NONE', ( #4048 ), #1618, .T. ) ;
#1582 = CARTESIAN_POINT ( 'NONE',  ( 0.9864004998515545353, -0.7166619127879003681, -8.196422796780829856 ) ) ;
#1583 =( NAMED_UNIT ( * ) SI_UNIT ( $, .STERADIAN. ) SOLID_ANGLE_UNIT ( ) );
#1584 = CARTESIAN_POINT ( 'NONE',  ( 0.9864004998515550904, 0.7166619127879001461, -7.238878195836191409 ) ) ;
#1585 = CARTESIAN_POINT ( 'NONE',  ( -0.3767714644234081978, 1.159583333333334965, -9.270422796780833252 ) ) ;
#1586 = CARTESIAN_POINT ( 'NONE',  ( -0.6498393924658125709, 2.000000000000000444, -1.885233829641839387 ) ) ;
#1587 = CARTESIAN_POINT ( 'NONE',  ( -2.124133646925255192, 0.3325000000000220002, 1.199999999999999734 ) ) ;
#1588 = CARTESIAN_POINT ( 'NONE',  ( 0.6498393924658125709, -2.000000000000000888, -4.421067162975174547 ) ) ;
#1589 = DIRECTION ( 'NONE',  ( 1.000000000000000000, 0.000000000000000000, 0.000000000000000000 ) ) ;
#1590 = CARTESIAN_POINT ( 'NONE',  ( 0.3525378704127042351, 1.085000000000001741, -9.789800992617013975 ) ) ;
#1591 = CARTESIAN_POINT ( 'NONE',  ( -0.9864004998515548683, 0.7166619127879002571, -14.46142279678083042 ) ) ;
#1592 = CARTESIAN_POINT ( 'NONE',  ( 1.175570504584946718, -1.618033988749895569, -4.331567162975172636 ) ) ;
#1593 = CARTESIAN_POINT ( 'NONE',  ( 0.9229561270619648372, -0.6705668777936371061, -7.256499999999999950 ) ) ;
#1594 = ORIENTED_EDGE ( 'NONE', *, *, #2497, .T. ) ;
#1595 = CARTESIAN_POINT ( 'NONE',  ( -1.701301616704080644, 1.236067977499790471, -10.65623382964183818 ) ) ;
#1596 = CARTESIAN_POINT ( 'NONE',  ( 1.175570504584946718, -1.618033988749895569, -13.43073382964183971 ) ) ;
#1597 = CARTESIAN_POINT ( 'NONE',  ( -1.175570504584947162, -1.618033988749895347, -10.20873382964183840 ) ) ;
#1598 = CARTESIAN_POINT ( 'NONE',  ( 1.219258070856293008, -2.239740740713103683E-16, -5.627878195836190756 ) ) ;
#1599 = CARTESIAN_POINT ( 'NONE',  ( -0.02303819034164956286, 1.084980705803309187, -11.99425658678364393 ) ) ;
#1600 = CARTESIAN_POINT ( 'NONE',  ( -0.3525378704127040685, -1.085000000000001741, -10.68480099261701000 ) ) ;
#1601 = ORIENTED_EDGE ( 'NONE', *, *, #2692, .T. ) ;
#1602 = DIRECTION ( 'NONE',  ( -0.000000000000000000, -2.316899349738235597E-17, 1.000000000000000000 ) ) ;
#1603 = CARTESIAN_POINT ( 'NONE',  ( 0.3767714644234080867, -1.159583333333335631, -6.585422796780830978 ) ) ;
#1604 = CARTESIAN_POINT ( 'NONE',  ( -1.062066823462628928, 0.3325000000000108979, 1.200000000000000178 ) ) ;
#1605 = CARTESIAN_POINT ( 'NONE',  ( -0.9864004998515550904, 0.7166619127879003681, -6.701878195836190599 ) ) ;
#1606 = EDGE_CURVE ( 'NONE', #2170, #2489, #3284, .T. ) ;
#1607 = CIRCLE ( 'NONE', #4359, 3.499999999999999556 ) ;
#1608 = CARTESIAN_POINT ( 'NONE',  ( -1.219258070856293008, 7.465802469043678121E-17, -7.122422796780830012 ) ) ;
#1609 = LINE ( 'NONE', #1908, #3014 ) ;
#1610 = CARTESIAN_POINT ( 'NONE',  ( -0.4395103164181884958, 1.800744056602378906, -10.66478447417490649 ) ) ;
#1611 = CARTESIAN_POINT ( 'NONE',  ( -1.701301616704080644, 1.236067977499790471, -5.137067162975173851 ) ) ;
#1612 = CARTESIAN_POINT ( 'NONE',  ( 0.4724818616414752093, -1.089910946951949677, 2.800000000000000266 ) ) ;
#1613 = CARTESIAN_POINT ( 'NONE',  ( 1.031896320180243354, 0.3352834388968182755, -10.05830099261701349 ) ) ;
#1614 = VECTOR ( 'NONE', #1823, 1000.000000000000000 ) ;
#1615 = CARTESIAN_POINT ( 'NONE',  ( -1.219258070856293008, 7.465802469043678121E-17, -14.28242279678083193 ) ) ;
#1616 = CARTESIAN_POINT ( 'NONE',  ( 0.6498393924658134591, 2.000000000000000444, -3.705067162975174355 ) ) ;
#1617 = CARTESIAN_POINT ( 'NONE',  ( 0.6377469987373346472, 0.8777834388968193124, -6.809000000000000163 ) ) ;
#1618 = CONICAL_SURFACE ( 'NONE', #4151, 3.499999999999999112, 0.5148721293383320408 ) ;
#1619 = ORIENTED_EDGE ( 'NONE', *, *, #1043, .T. ) ;
#1620 = CARTESIAN_POINT ( 'NONE',  ( -1.701301616704080644, -1.236067977499790249, -10.29823382964183942 ) ) ;
#1621 = CARTESIAN_POINT ( 'NONE',  ( 0.9864004998515546463, -0.7166619127879003681, 0.7535772032191689895 ) ) ;
#1622 = CARTESIAN_POINT ( 'NONE',  ( 1.902113032590308173, 0.6180339887498946805, -9.492733829641839094 ) ) ;
#1623 = CARTESIAN_POINT ( 'NONE',  ( 0.3767714644234086419, 1.159583333333334965, -3.479878195836191512 ) ) ;
#1624 = CARTESIAN_POINT ( 'NONE',  ( 1.918097764911736515E-11, -1.085000000000001963, -11.10499999991470688 ) ) ;
#1625 = CARTESIAN_POINT ( 'NONE',  ( 1.073727255650314127, 0.1562141706357961235, -7.035795455053107439 ) ) ;
#1626 = ORIENTED_EDGE ( 'NONE', *, *, #790, .F. ) ;
#1627 = CARTESIAN_POINT ( 'NONE',  ( 1.384031447398070380, -1.113748402448001995, -0.8874519161320724159 ) ) ;
#1628 = CARTESIAN_POINT ( 'NONE',  ( 1.902113032590308173, 0.6180339887498946805, -12.92356716297517494 ) ) ;
#1629 = CARTESIAN_POINT ( 'NONE',  ( 1.102829285353923883, -0.3583309563939503506, -2.137378195836191708 ) ) ;
#1630 = AXIS2_PLACEMENT_3D ( 'NONE', #2192, #3187, #3228 ) ;
#1631 = CARTESIAN_POINT ( 'NONE',  ( -0.3767714644234081978, 1.159583333333334965, -3.900422796780830481 ) ) ;
#1632 = CARTESIAN_POINT ( 'NONE',  ( -2.449293598294707893E-16, -2.000000000000000888, -4.659733829641838909 ) ) ;
#1633 = ADVANCED_FACE ( 'NONE', ( #4069 ), #2402, .T. ) ;
#1634 = CYLINDRICAL_SURFACE ( 'NONE', #3591, 1.085000000000001741 ) ;
#1635 = CARTESIAN_POINT ( 'NONE',  ( -1.902113032590308173, -0.6180339887498949025, -6.658567162975174369 ) ) ;
#1636 = VECTOR ( 'NONE', #3648, 1000.000000000000000 ) ;
#1637 = CARTESIAN_POINT ( 'NONE',  ( -0.4258133208652224999, -2.011540401588615357, 2.266576138033840948 ) ) ;
#1638 = CARTESIAN_POINT ( 'NONE',  ( 0.6377469987373346472, 0.8777834388968193124, -9.879300992617013222 ) ) ;
#1639 = CARTESIAN_POINT ( 'NONE',  ( 0.000000000000000000, 1.159583333333335409, -11.14992279678083165 ) ) ;
#1640 = CARTESIAN_POINT ( 'NONE',  ( 2.102924448476535257, -3.863009542013253312E-16, -2.273067162975173083 ) ) ;
#1641 = CARTESIAN_POINT ( 'NONE',  ( 0.000000000000000000, 1.085000000000001741, -3.049999999999998934 ) ) ;
#1642 = ORIENTED_EDGE ( 'NONE', *, *, #237, .T. ) ;
#1643 = CARTESIAN_POINT ( 'NONE',  ( -1.175570504584947162, -1.618033988749895347, -8.418733829641839250 ) ) ;
#1644 = CARTESIAN_POINT ( 'NONE',  ( -1.902113032590307728, 0.6180339887498951246, -12.35673382964183986 ) ) ;
#1645 = CARTESIAN_POINT ( 'NONE',  ( -2.449293598294707893E-16, -2.000000000000000888, -11.81973382964184083 ) ) ;
#1646 = CARTESIAN_POINT ( 'NONE',  ( 0.6815859821374817828, 0.9381226230606176664, -7.149378195836191274 ) ) ;
#1647 = CARTESIAN_POINT ( 'NONE',  ( 2.058081269159240715E-05, 1.084999999594008280, -4.330394198261221739 ) ) ;
#1648 = CARTESIAN_POINT ( 'NONE',  ( -0.6533226538271028616, 0.6533226538271145190, 2.800000000000000266 ) ) ;
#1649 = VERTEX_POINT ( 'NONE', #3442 ) ;
#1650 = CARTESIAN_POINT ( 'NONE',  ( 0.000000000000000000, -1.085000000000002185, 2.799999999999999822 ) ) ;
#1651 = CARTESIAN_POINT ( 'NONE',  ( -1.482270982984766450, 5.634798344990578750E-14, -1.239342090967797683 ) ) ;
#1652 = CARTESIAN_POINT ( 'NONE',  ( -1.902113032590307728, 0.6180339887498951246, -12.20756716297517386 ) ) ;
#1653 = CARTESIAN_POINT ( 'NONE',  ( -0.6815859821374816718, 0.9381226230606179994, 0.3686218041638097409 ) ) ;
#1654 = CARTESIAN_POINT ( 'NONE',  ( -1.219258070856293008, 7.465802469043678121E-17, -3.542422796780829497 ) ) ;
#1655 = CARTESIAN_POINT ( 'NONE',  ( 1.902113032590308173, 0.6180339887498946805, -4.122733829641839876 ) ) ;
#1656 = CARTESIAN_POINT ( 'NONE',  ( 0.000000000000000000, 1.974782608695651698, 1.399999999999999911 ) ) ;
#1657 = CARTESIAN_POINT ( 'NONE',  ( 0.000000000000000000, 2.000000000000000888, -0.03556716297517352465 ) ) ;
#1658 = CARTESIAN_POINT ( 'NONE',  ( -0.4647012033588273638, -0.9890069057026571464, -2.278414572914936986 ) ) ;
#1659 = CARTESIAN_POINT ( 'NONE',  ( -0.6377469987373345361, -0.8777834388968193124, -5.404300992617013577 ) ) ;
#1660 = CARTESIAN_POINT ( 'NONE',  ( -1.102829285353923883, -0.3583309563939500175, -3.452922796780831138 ) ) ;
#1661 = CARTESIAN_POINT ( 'NONE',  ( 1.701301616704080866, 1.236067977499789805, -5.674067162975173773 ) ) ;
#1662 = CARTESIAN_POINT ( 'NONE',  ( -1.031896320180243132, 0.3352834388968185531, -6.272000000000000242 ) ) ;
#1663 = ORIENTED_EDGE ( 'NONE', *, *, #3710, .F. ) ;
#1664 = ADVANCED_FACE ( 'NONE', ( #2067 ), #577, .T. ) ;
#1665 = CARTESIAN_POINT ( 'NONE',  ( 1.701301616704080866, 1.236067977499790027, -5.823233829641840664 ) ) ;
#1666 = CARTESIAN_POINT ( 'NONE',  ( -0.3184275491267627434, -1.037221702346307062, -1.729931017393235626 ) ) ;
#1667 = CARTESIAN_POINT ( 'NONE',  ( -2.449293598294707893E-16, -2.000000000000000888, -6.449733829641838945 ) ) ;
#1668 = CARTESIAN_POINT ( 'NONE',  ( 0.6815859821374817828, 0.9381226230606176664, -5.359378195836190351 ) ) ;
#1669 = CARTESIAN_POINT ( 'NONE',  ( -1.925154055351279592, -0.3791515225169697079, 1.733229342372406556 ) ) ;
#1670 =( BOUNDED_CURVE ( )  B_SPLINE_CURVE ( 2, ( #100, #2928, #490, #2168, #1107, #3627, #4310, #3898, #3224, #1194, #2587 ),
 .UNSPECIFIED., .F., .F. ) 
 B_SPLINE_CURVE_WITH_KNOTS ( ( 3, 2, 2, 2, 2, 3 ),
 ( 0.6318948708591083374, 0.6433838325687831761, 0.6548728295789422171, 0.6663618265891013692, 0.6778508235992604103, 0.6893391015533024690 ),
 .UNSPECIFIED. ) 
 CURVE ( )  GEOMETRIC_REPRESENTATION_ITEM ( )  RATIONAL_B_SPLINE_CURVE ( ( 1.000000000000000000, 0.9510565162951535312, 1.000000000000000000, 0.9510565162951535312, 1.000000000000000000, 0.9510565162951535312, 1.000000000000000000, 0.9510565162951535312, 1.000000000000000000, 0.9510595794965199801, 0.9999938739806971677 ) ) 
 REPRESENTATION_ITEM ( '' )  );
#1671 = CARTESIAN_POINT ( 'NONE',  ( 0.2838172532423683392, 1.056796344120733089, -6.703811400644560159 ) ) ;
#1672 = VERTEX_POINT ( 'NONE', #1648 ) ;
#1673 = CARTESIAN_POINT ( 'NONE',  ( 1.939130576268008221, -0.1807834082346192472, -0.6751674782865646485 ) ) ;
#1674 = PERSON_AND_ORGANIZATION ( #2711, #1562 ) ;
#1675 = CARTESIAN_POINT ( 'NONE',  ( -1.175570504584946940, 1.618033988749895569, -10.59656716297517498 ) ) ;
#1676 = CARTESIAN_POINT ( 'NONE',  ( -1.102829285353923883, 0.3583309563939501841, 0.5476218041638101219 ) ) ;
#1677 =( BOUNDED_CURVE ( )  B_SPLINE_CURVE ( 2, ( #3399, #3102, #4442, #2718, #4092, #2380, #645, #748, #3210, #3171, #44 ),
 .UNSPECIFIED., .F., .F. ) 
 B_SPLINE_CURVE_WITH_KNOTS ( ( 3, 2, 2, 2, 2, 3 ),
 ( 0.5170047944938855888, 0.5284938624672139706, 0.5399828594773707913, 0.5514718564875273898, 0.5629608534976840994, 0.5744485445979226057 ),
 .UNSPECIFIED. ) 
 CURVE ( )  GEOMETRIC_REPRESENTATION_ITEM ( )  RATIONAL_B_SPLINE_CURVE ( ( 1.000000000000000000, 0.9510565162951535312, 1.000000000000000000, 0.9510565162951535312, 1.000000000000000000, 0.9510565162951535312, 1.000000000000000000, 0.9510565162951535312, 1.000000000000000000, 0.9510620795119207882, 0.9999888748311642761 ) ) 
 REPRESENTATION_ITEM ( '' )  );
#1678 = CARTESIAN_POINT ( 'NONE',  ( -0.6815859821374815608, 0.9381226230606178884, -3.810922796780830346 ) ) ;
#1679 = CARTESIAN_POINT ( 'NONE',  ( -0.1420470530765931827, -1.084998091209965043, -5.772505141689881825 ) ) ;
#1680 = CARTESIAN_POINT ( 'NONE',  ( -0.2676484934045090247, 1.051481130996412272, -10.13928726696432747 ) ) ;
#1681 = CARTESIAN_POINT ( 'NONE',  ( 0.6498393924658134591, 2.000000000000000444, -1.915067162975174542 ) ) ;
#1682 = CARTESIAN_POINT ( 'NONE',  ( -0.9229561270619648372, -0.6705668777936369951, -5.493800992617014600 ) ) ;
#1683 = CARTESIAN_POINT ( 'NONE',  ( -0.6815859821374816718, -0.9381226230606176664, -8.643922796780831419 ) ) ;
#1684 = CARTESIAN_POINT ( 'NONE',  ( -1.140836513298521870, 6.985608921807307526E-17, -9.252800992617014941 ) ) ;
#1685 = CARTESIAN_POINT ( 'NONE',  ( -0.9229561270619648372, -0.6705668777936369951, -2.423499999999998877 ) ) ;
#1686 = EDGE_LOOP ( 'NONE', ( #749, #1642, #2571, #1165, #893 ) ) ;
#1687 = AXIS2_PLACEMENT_3D ( 'NONE', #324, #347, #391 ) ;
#1688 = CARTESIAN_POINT ( 'NONE',  ( -0.6498393924658125709, 2.000000000000000444, -5.465233829641840124 ) ) ;
#1689 = CARTESIAN_POINT ( 'NONE',  ( -0.6755115521568600956, 0.5997539145452988052, 2.800000000000000266 ) ) ;
#1690 = CARTESIAN_POINT ( 'NONE',  ( 0.4724818616414716010, -2.097441510607561010, 2.799999999999999378 ) ) ;
#1691 = CARTESIAN_POINT ( 'NONE',  ( -2.449293598294707893E-16, -2.000000000000000888, -10.02973382964183990 ) ) ;
#1692 = CARTESIAN_POINT ( 'NONE',  ( -1.420080017511287505E-16, -1.159583333333335409, -6.075378195836190542 ) ) ;
#1693 = ADVANCED_FACE ( 'NONE', ( #3350 ), #2311, .T. ) ;
#1694 = VECTOR ( 'NONE', #735, 999.9999999999998863 ) ;
#1695 = CARTESIAN_POINT ( 'NONE',  ( 0.8672418516958366741, 0.6672797890281046973, -6.889993129584023102 ) ) ;
#1696 = ORIENTED_EDGE ( 'NONE', *, *, #2472, .F. ) ;
#1697 = CARTESIAN_POINT ( 'NONE',  ( 0.000000000000000000, -3.429011037612588783E-16, 2.799999999999999822 ) ) ;
#1698 = SECURITY_CLASSIFICATION_LEVEL ( 'unclassified' ) ;
#1699 = CARTESIAN_POINT ( 'NONE',  ( 0.6498393924658134591, 2.000000000000000444, -10.86506716297517094 ) ) ;
#1700 = DIRECTION ( 'NONE',  ( -1.224646799147353207E-16, 1.000000000000000000, 0.000000000000000000 ) ) ;
#1701 = ORIENTED_EDGE ( 'NONE', *, *, #325, .F. ) ;
#1702 = CARTESIAN_POINT ( 'NONE',  ( 0.6815859821374817828, 0.9381226230606176664, -2.378922796780830851 ) ) ;
#1703 = CARTESIAN_POINT ( 'NONE',  ( -0.9229561270619647262, 0.6705668777936368841, -2.271800992617013293 ) ) ;
#1704 = CYLINDRICAL_SURFACE ( 'NONE', #3943, 1.085000000000001741 ) ;
#1705 = CARTESIAN_POINT ( 'NONE',  ( 1.902113032590308173, 0.6180339887498946805, -2.183567162975174281 ) ) ;
#1706 = CARTESIAN_POINT ( 'NONE',  ( 0.000000000000000000, 1.085000000000001741, -2.540300992617013254 ) ) ;
#1707 = CARTESIAN_POINT ( 'NONE',  ( 0.3767714644234086419, 1.159583333333334965, -5.869422796780831675 ) ) ;
#1708 = CARTESIAN_POINT ( 'NONE',  ( -1.062066823462629594, -0.3325000000000004619, 1.200000000000000178 ) ) ;
#1709 = CARTESIAN_POINT ( 'NONE',  ( -0.9229561270619648372, -0.6705668777936369951, -0.6334999999999985087 ) ) ;
#1710 = AXIS2_PLACEMENT_3D ( 'NONE', #3181, #1539, #489 ) ;
#1711 = EDGE_LOOP ( 'NONE', ( #2024, #1392, #291, #2616 ) ) ;
#1712 = CARTESIAN_POINT ( 'NONE',  ( 1.701301616704080866, 1.236067977499790027, -4.033233829641838852 ) ) ;
#1713 = DIRECTION ( 'NONE',  ( 1.000000000000000000, 0.000000000000000000, 0.000000000000000000 ) ) ;
#1714 = CARTESIAN_POINT ( 'NONE',  ( 0.8620676823266452127, -0.6595878901808726047, -10.84367513618420098 ) ) ;
#1715 = CARTESIAN_POINT ( 'NONE',  ( 1.175570504584947384, 1.618033988749895347, -5.733733829641838753 ) ) ;
#1716 = CARTESIAN_POINT ( 'NONE',  ( -0.6377469987373345361, -0.8777834388968193124, -13.07399999999999984 ) ) ;
#1717 = DIRECTION ( 'NONE',  ( 0.000000000000000000, 0.000000000000000000, 1.000000000000000000 ) ) ;
#1718 = ORIENTED_EDGE ( 'NONE', *, *, #2940, .F. ) ;
#1719 = CYLINDRICAL_SURFACE ( 'NONE', #3714, 1.085000000000001741 ) ;
#1720 = PERSON_AND_ORGANIZATION_ROLE ( 'classification_officer' ) ;
#1721 = CARTESIAN_POINT ( 'NONE',  ( -0.6498393924658125709, 2.000000000000000444, -10.68606716297517600 ) ) ;
#1722 = CARTESIAN_POINT ( 'NONE',  ( -0.6815859821374817828, -0.9381226230606178884, -0.8843781958361909279 ) ) ;
#1723 = EDGE_CURVE ( 'NONE', #2082, #1974, #2023, .T. ) ;
#1724 = CARTESIAN_POINT ( 'NONE',  ( 1.219258070856293008, -2.239740740713103683E-16, -0.8574227967808304429 ) ) ;
#1725 = CARTESIAN_POINT ( 'NONE',  ( 0.000000000000000000, 1.085000000000001741, -2.540300992617013254 ) ) ;
#1726 = DIRECTION ( 'NONE',  ( -0.3826834323650893377, 0.9238795325112869605, -0.000000000000000000 ) ) ;
#1727 = CARTESIAN_POINT ( 'NONE',  ( -1.175570504584946940, 1.618033988749895569, -3.436567162975173062 ) ) ;
#1728 = CARTESIAN_POINT ( 'NONE',  ( 0.000000000000000000, 1.085000000000001741, -4.330300992617013733 ) ) ;
#1729 = CARTESIAN_POINT ( 'NONE',  ( -0.3767714644234081978, 1.159583333333334965, -7.480422796780829664 ) ) ;
#1730 = DIRECTION ( 'NONE',  ( -1.000000000000000000, -0.000000000000000000, -0.000000000000000000 ) ) ;
#1731 = CARTESIAN_POINT ( 'NONE',  ( -1.140836513298521870, 6.985608921807308758E-17, -0.8124999999999990008 ) ) ;
#1732 = ORIENTED_EDGE ( 'NONE', *, *, #147, .F. ) ;
#1733 = CARTESIAN_POINT ( 'NONE',  ( -0.6386787502809450068, -0.9665491686063107935, -1.697507249797355566 ) ) ;
#1734 = CARTESIAN_POINT ( 'NONE',  ( 0.6815859821374817828, 0.9381226230606176664, -4.168922796780830886 ) ) ;
#1735 = CARTESIAN_POINT ( 'NONE',  ( 0.6498393924658134591, 2.000000000000000444, -5.644233829641839506 ) ) ;
#1736 = CARTESIAN_POINT ( 'NONE',  ( -1.102829285353923883, -0.3583309563939500175, 0.7266218041638086156 ) ) ;
#1737 = CARTESIAN_POINT ( 'NONE',  ( -1.465748543719677777, -0.4949625105386569746, -1.163222885894671377 ) ) ;
#1738 = ORIENTED_EDGE ( 'NONE', *, *, #3324, .T. ) ;
#1739 = FACE_OUTER_BOUND ( 'NONE', #4117, .T. ) ;
#1740 = EDGE_LOOP ( 'NONE', ( #1089, #693, #2109, #1876, #1115, #3414, #4063, #2725, #1718, #3123, #224, #2665, #2336, #4266, #660, #3951 ) ) ;
#1741 = APPLICATION_PROTOCOL_DEFINITION ( 'international standard', 'config_control_design', 1994, #4173 ) ;
#1742 = CARTESIAN_POINT ( 'NONE',  ( -1.701301616704080644, 1.236067977499790471, -6.927067162975174774 ) ) ;
#1743 = CARTESIAN_POINT ( 'NONE',  ( -2.000000000000000000, 2.449293598294706414E-16, -0.6000000000000000888 ) ) ;
#1744 = CARTESIAN_POINT ( 'NONE',  ( 0.7617677231162762741, -0.7769587133775899268, -1.934725761196577576 ) ) ;
#1745 = ORIENTED_EDGE ( 'NONE', *, *, #3901, .F. ) ;
#1746 = CARTESIAN_POINT ( 'NONE',  ( 1.102829285353923661, -0.3583309563939502396, -11.68692279678083068 ) ) ;
#1747 = PLANE ( 'NONE',  #2081 ) ;
#1748 = CARTESIAN_POINT ( 'NONE',  ( 4.286263797015735609E-16, 3.500000000000000444, -7.731501950773466803 ) ) ;
#1749 = EDGE_CURVE ( 'NONE', #3859, #1028, #1677, .T. ) ;
#1750 = CARTESIAN_POINT ( 'NONE',  ( 1.175570504584946718, -1.618033988749895569, 1.038432837024826805 ) ) ;
#1751 = CIRCLE ( 'NONE', #2476, 1.085000000000001741 ) ;
#1752 = CARTESIAN_POINT ( 'NONE',  ( -1.031896320180243132, 0.3352834388968185531, -5.762300992617014117 ) ) ;
#1753 = CARTESIAN_POINT ( 'NONE',  ( -0.3767714644234081978, 1.159583333333334965, -3.900422796780830481 ) ) ;
#1754 = FACE_OUTER_BOUND ( 'NONE', #1764, .T. ) ;
#1755 = VECTOR ( 'NONE', #4458, 1000.000000000000000 ) ;
#1756 = CARTESIAN_POINT ( 'NONE',  ( 0.3525378704127042351, 1.085000000000001741, 0.4405000000000016125 ) ) ;
#1757 = CARTESIAN_POINT ( 'NONE',  ( -2.097441510607559234, -0.4724818616414791506, 2.799999999999999822 ) ) ;
#1758 = ORIENTED_EDGE ( 'NONE', *, *, #1241, .T. ) ;
#1759 = CARTESIAN_POINT ( 'NONE',  ( 0.3325000000000000178, 2.124133646925258745, 1.200000000000000178 ) ) ;
#1760 = CARTESIAN_POINT ( 'NONE',  ( 0.3767714644234085863, 1.159583333333334965, -4.079422796780831639 ) ) ;
#1761 = CARTESIAN_POINT ( 'NONE',  ( 1.701301616704080866, 1.236067977499790027, -5.823233829641840664 ) ) ;
#1762 = CARTESIAN_POINT ( 'NONE',  ( -1.219258070856293008, 7.465802469043678121E-17, -2.942878195836190258 ) ) ;
#1763 = CARTESIAN_POINT ( 'NONE',  ( -1.412757044348091018, -0.6866324190212367284, -1.133878313918559977 ) ) ;
#1764 = EDGE_LOOP ( 'NONE', ( #1619, #340, #3141, #3154 ) ) ;
#1765 = LINE ( 'NONE', #3799, #3211 ) ;
#1766 = AXIS2_PLACEMENT_3D ( 'NONE', #4192, #1080, #1815 ) ;
#1767 = SHAPE_DEFINITION_REPRESENTATION ( #3928, #42 ) ;
#1768 = CARTESIAN_POINT ( 'NONE',  ( 1.175570504584947384, 1.618033988749895347, -7.374567162975174561 ) ) ;
#1769 = CARTESIAN_POINT ( 'NONE',  ( -2.133299041313159218E-11, -1.367300358784921066, -11.50103580506443279 ) ) ;
#1770 = B_SPLINE_CURVE_WITH_KNOTS ( 'NONE', 3,
 ( #2406, #3446, #966, #282, #2769, #2385, #4143, #1034, #2427, #696, #238, #3737, #2677, #2341, #4053, #3713, #2817, #3512 ),
 .UNSPECIFIED., .F., .F.,
 ( 4, 2, 2, 2, 2, 2, 2, 2, 4 ),
 ( 0.000000000000000000, 0.0004565760699054439422, 0.0009131521398108876676, 0.001369728209716331285, 0.001826304279621775335, 0.002282880349527218952, 0.002739456419432663003, 0.003196032489338107054, 0.003652608559243550670 ),
 .UNSPECIFIED. ) ;
#1771 = CARTESIAN_POINT ( 'NONE',  ( 1.034891855820174955, -0.3508851754927998501, -1.799276232126437280 ) ) ;
#1772 = VERTEX_POINT ( 'NONE', #1438 ) ;
#1773 = DIRECTION ( 'NONE',  ( -1.000000000000000000, 0.000000000000000000, 0.000000000000000000 ) ) ;
#1774 = CARTESIAN_POINT ( 'NONE',  ( -1.089910946951948123, -0.4724818616414791506, 2.800000000000000266 ) ) ;
#1775 = CARTESIAN_POINT ( 'NONE',  ( 2.000000000000000000, 0.000000000000000000, -0.6000000000000000888 ) ) ;
#1776 = CARTESIAN_POINT ( 'NONE',  ( 1.102829285353924105, 0.3583309563939499620, -12.69837819583619165 ) ) ;
#1777 = EDGE_CURVE ( 'NONE', #1983, #1317, #1751, .T. ) ;
#1778 = CARTESIAN_POINT ( 'NONE',  ( 0.6377469987373343141, -0.8777834388968194235, 0.3236990073829867920 ) ) ;
#1779 = CARTESIAN_POINT ( 'NONE',  ( 0.9864004998515548683, 0.7166619127879000350, -2.468422796780829653 ) ) ;
#1780 = FACE_OUTER_BOUND ( 'NONE', #1951, .T. ) ;
#1781 = CARTESIAN_POINT ( 'NONE',  ( 0.6377469987373346472, 0.8777834388968193124, 0.3510000000000006448 ) ) ;
#1782 = CARTESIAN_POINT ( 'NONE',  ( 1.175570504584946718, -1.618033988749895569, -9.701567162975173630 ) ) ;
#1783 = VERTEX_POINT ( 'NONE', #2423 ) ;
#1784 = EDGE_CURVE ( 'NONE', #208, #3907, #2631, .T. ) ;
#1785 = CARTESIAN_POINT ( 'NONE',  ( 1.031896320180243354, 0.3352834388968182755, -11.84830099261701619 ) ) ;
#1786 = CARTESIAN_POINT ( 'NONE',  ( 0.2571357510042889261, -1.055209899208638946, -11.03808728665663352 ) ) ;
#1787 = VECTOR ( 'NONE', #3830, 1000.000000000000227 ) ;
#1788 = CARTESIAN_POINT ( 'NONE',  ( 0.6498393924658125709, -2.000000000000000888, -0.9902338296418397023 ) ) ;
#1789 = CARTESIAN_POINT ( 'NONE',  ( -0.6815859821374816718, -0.9381226230606176664, 0.9056218041638089966 ) ) ;
#1790 = CARTESIAN_POINT ( 'NONE',  ( 0.000000000000000000, -3.500000000000000888, 0.2237500000000016420 ) ) ;
#1791 = VERTEX_POINT ( 'NONE', #1074 ) ;
#1792 = DIRECTION ( 'NONE',  ( 0.000000000000000000, -1.000000000000000000, -2.316899349738235597E-17 ) ) ;
#1793 = CARTESIAN_POINT ( 'NONE',  ( 0.6498393924658125709, -2.000000000000000888, -8.001067162975173730 ) ) ;
#1794 = CARTESIAN_POINT ( 'NONE',  ( 1.586685130745153716, -0.03843152359017082409, -11.11845107828999879 ) ) ;
#1795 = CARTESIAN_POINT ( 'NONE',  ( -1.420080017511287505E-16, -1.159583333333335409, -9.655378195836190613 ) ) ;
#1796 = CARTESIAN_POINT ( 'NONE',  ( 1.031896320180243354, 0.3352834388968182755, -10.05830099261701349 ) ) ;
#1797 = CARTESIAN_POINT ( 'NONE',  ( -0.3324999999999890821, 1.062066823462632925, 1.200000000000000178 ) ) ;
#1798 = CARTESIAN_POINT ( 'NONE',  ( 1.102829285353924105, 0.3583309563939499620, -10.90837819583619073 ) ) ;
#1799 = CARTESIAN_POINT ( 'NONE',  ( 1.207114143356398328, 0.2516238673185073882, 0.6593670613706978934 ) ) ;
#1800 = CARTESIAN_POINT ( 'NONE',  ( 0.000000000000000000, 2.000000000000000888, -9.134733829641840330 ) ) ;
#1801 = CARTESIAN_POINT ( 'NONE',  ( -0.4724818616414570016, 2.097441510607579218, 2.799999999999999822 ) ) ;
#1802 = CARTESIAN_POINT ( 'NONE',  ( -1.701301616704080644, 1.236067977499790471, -12.29706716297517666 ) ) ;
#1803 = EDGE_CURVE ( 'NONE', #322, #1523, #1094, .T. ) ;
#1804 = VERTEX_POINT ( 'NONE', #3148 ) ;
#1805 = FACE_OUTER_BOUND ( 'NONE', #3922, .T. ) ;
#1806 = CARTESIAN_POINT ( 'NONE',  ( 1.028460866227043802, -0.3724317845435621832, -10.75591404476526591 ) ) ;
#1807 = CARTESIAN_POINT ( 'NONE',  ( 1.902113032590307728, -0.6180339887498953466, -0.7217338296418382981 ) ) ;
#1808 = CARTESIAN_POINT ( 'NONE',  ( -1.102829285353923661, 0.3583309563939501285, -1.242378195836191690 ) ) ;
#1809 = EDGE_CURVE ( 'NONE', #2687, #2177, #63, .T. ) ;
#1810 = CARTESIAN_POINT ( 'NONE',  ( 0.000000000000000000, 0.000000000000000000, -1.729930898229566472 ) ) ;
#1811 = ORIENTED_EDGE ( 'NONE', *, *, #2910, .F. ) ;
#1812 = PLANE ( 'NONE',  #1540 ) ;
#1813 = CARTESIAN_POINT ( 'NONE',  ( 2.102924448476535257, -3.863009542013253312E-16, -5.853067162975172266 ) ) ;
#1814 = CARTESIAN_POINT ( 'NONE',  ( -0.1586088066790263262, -1.351602103867689531, -11.52878237669172101 ) ) ;
#1815 = DIRECTION ( 'NONE',  ( 0.000000000000000000, -1.000000000000000000, -2.316899349738238371E-17 ) ) ;
#1816 = CARTESIAN_POINT ( 'NONE',  ( -1.459833819190596929E-05, -1.084999999901793410, -5.735003780150671915 ) ) ;
#1817 = CARTESIAN_POINT ( 'NONE',  ( -0.7554649888915447864, 0.7790994842281142585, -4.621279629756051222 ) ) ;
#1818 = CARTESIAN_POINT ( 'NONE',  ( 0.3767714644234081423, -1.159583333333335853, -13.14587819583618966 ) ) ;
#1819 = CARTESIAN_POINT ( 'NONE',  ( 0.6815859821374814498, -0.9381226230606178884, -13.65592279678083187 ) ) ;
#1820 = CARTESIAN_POINT ( 'NONE',  ( 0.6498393924658125709, -2.000000000000000888, -8.150233829641839733 ) ) ;
#1821 = DIRECTION ( 'NONE',  ( 0.9203638919632245452, 0.3812272063696530711, 0.08715574274765837404 ) ) ;
#1822 = CARTESIAN_POINT ( 'NONE',  ( 0.000000000000000000, 2.000000000000000888, -14.35556716297517532 ) ) ;
#1823 = DIRECTION ( 'NONE',  ( -0.000000000000000000, -2.316899349738235597E-17, 1.000000000000000000 ) ) ;
#1824 = CARTESIAN_POINT ( 'NONE',  ( -1.031896320180243132, 0.3352834388968185531, -14.71230099261701341 ) ) ;
#1825 = CARTESIAN_POINT ( 'NONE',  ( 1.966664359574187948, -6.612830404870601311E-15, -0.6411660875731113318 ) ) ;
#1826 = CC_DESIGN_PERSON_AND_ORGANIZATION_ASSIGNMENT ( #2026, #1352, ( #1121 ) ) ;
#1827 = CARTESIAN_POINT ( 'NONE',  ( -1.902113032590308173, -0.6180339887498949025, -8.448567162975173517 ) ) ;
#1828 = CARTESIAN_POINT ( 'NONE',  ( 0.3525378704127042351, 1.085000000000001741, -10.29949999999999832 ) ) ;
#1829 = PLANE ( 'NONE',  #3560 ) ;
#1830 = CIRCLE ( 'NONE', #220, 2.149999999997260769 ) ;
#1831 = ORIENTED_EDGE ( 'NONE', *, *, #2201, .F. ) ;
#1832 = CARTESIAN_POINT ( 'NONE',  ( -0.6498393924658125709, 2.000000000000000444, -14.41523382964183853 ) ) ;
#1833 = ADVANCED_FACE ( 'NONE', ( #4508 ), #731, .T. ) ;
#1834 = CARTESIAN_POINT ( 'NONE',  ( 1.175570504584947384, 1.618033988749895347, -5.584567162975173638 ) ) ;
#1835 = CARTESIAN_POINT ( 'NONE',  ( 0.2105432241957680417, 1.791240302679656615, -10.75172449098415939 ) ) ;
#1836 = CARTESIAN_POINT ( 'NONE',  ( 2.225096109386693666, 0.4638174965514233472, 1.224933456780903596 ) ) ;
#1837 = CARTESIAN_POINT ( 'NONE',  ( -1.219258070856292786, 7.465802469043678121E-17, -10.10287819583619040 ) ) ;
#1838 = AXIS2_PLACEMENT_3D ( 'NONE', #2974, #1961, #1589 ) ;
#1839 = CARTESIAN_POINT ( 'NONE',  ( 0.6377469987373343141, -0.8777834388968194235, -8.626300992617014884 ) ) ;
#1840 = DIRECTION ( 'NONE',  ( -1.047444401652940007E-14, -1.000000000000000000, -1.836970198721029441E-16 ) ) ;
#1841 = AXIS2_PLACEMENT_3D ( 'NONE', #623, #667, #4488 ) ;
#1842 = CARTESIAN_POINT ( 'NONE',  ( -0.9864004998515550904, 0.7166619127879003681, -12.07187819583619337 ) ) ;
#1843 = CARTESIAN_POINT ( 'NONE',  ( -0.9864004998515548683, 0.7166619127879002571, -14.46142279678083042 ) ) ;
#1844 = CARTESIAN_POINT ( 'NONE',  ( -1.902113032590308173, -0.6180339887498949025, -6.807733829641839485 ) ) ;
#1845 = CARTESIAN_POINT ( 'NONE',  ( 0.6377469987373346472, 0.8777834388968193124, -2.719300992617013968 ) ) ;
#1846 = ORIENTED_EDGE ( 'NONE', *, *, #2726, .F. ) ;
#1847 = CARTESIAN_POINT ( 'NONE',  ( 0.6377469987373343141, -0.8777834388968194235, -13.99630099261701410 ) ) ;
#1848 = CARTESIAN_POINT ( 'NONE',  ( 1.000680429101516333, 0.4776253925977262949, -10.52947468287126931 ) ) ;
#1849 = CARTESIAN_POINT ( 'NONE',  ( -1.701301616704080644, -1.236067977499790027, -8.359067162975174270 ) ) ;
#1850 = CARTESIAN_POINT ( 'NONE',  ( 0.6377469987373343141, -0.8777834388968194235, -10.92600000000000016 ) ) ;
#1851 = CARTESIAN_POINT ( 'NONE',  ( 8.632925254265306949E-05, 1.084999992869600804, -8.420397392543426562 ) ) ;
#1852 = ORIENTED_EDGE ( 'NONE', *, *, #2606, .T. ) ;
#1853 = CARTESIAN_POINT ( 'NONE',  ( -1.902113032590307728, 0.6180339887498951246, -12.35673382964183986 ) ) ;
#1854 = CARTESIAN_POINT ( 'NONE',  ( -0.6815859821374815608, 0.9381226230606178884, -10.37137819583619169 ) ) ;
#1855 = CARTESIAN_POINT ( 'NONE',  ( -1.701301616704080644, -1.236067977499790249, -1.199067162975173240 ) ) ;
#1856 = CIRCLE ( 'NONE', #467, 2.579999999999999627 ) ;
#1857 = CARTESIAN_POINT ( 'NONE',  ( -2.133299041313159218E-11, -1.367300358784921066, -11.50103580506443279 ) ) ;
#1858 = CARTESIAN_POINT ( 'NONE',  ( -1.175570504584946940, 1.618033988749895569, -14.17656716297517505 ) ) ;
#1859 = EDGE_CURVE ( 'NONE', #50, #2353, #2124, .T. ) ;
#1860 = CARTESIAN_POINT ( 'NONE',  ( -1.219258070856292786, 7.465802469043678121E-17, -8.312878195836189477 ) ) ;
#1861 = VERTEX_POINT ( 'NONE', #1790 ) ;
#1862 = AXIS2_PLACEMENT_3D ( 'NONE', #4237, #52, #1447 ) ;
#1863 = CARTESIAN_POINT ( 'NONE',  ( 0.9864004998515547573, 0.7166619127879000350, -6.048422796780831945 ) ) ;
#1864 = CARTESIAN_POINT ( 'NONE',  ( 1.987575080367395941, 0.2225877352922666086, -0.6000000000000000888 ) ) ;
#1865 = CARTESIAN_POINT ( 'NONE',  ( -1.219258070856293230, 7.465802469043680586E-17, -8.312878195836191253 ) ) ;
#1866 = CARTESIAN_POINT ( 'NONE',  ( -0.9864004998515548683, 0.7166619127879002571, -12.67142279678083305 ) ) ;
#1867 = CARTESIAN_POINT ( 'NONE',  ( -1.902113032590307728, 0.6180339887498951246, -6.986733829641839755 ) ) ;
#1868 = DIRECTION ( 'NONE',  ( -1.000000000000000000, 0.000000000000000000, 0.000000000000000000 ) ) ;
#1869 = CARTESIAN_POINT ( 'NONE',  ( -1.175570504584946940, 1.618033988749895569, -12.38656716297517413 ) ) ;
#1870 = ORIENTED_EDGE ( 'NONE', *, *, #210, .T. ) ;
#1871 = DIRECTION ( 'NONE',  ( -0.9238795325112855172, 0.3826834323650926684, -0.000000000000000000 ) ) ;
#1872 = CARTESIAN_POINT ( 'NONE',  ( 0.8827534177706505281, 0.6569534677544045520, -10.47558280458797419 ) ) ;
#1873 = CARTESIAN_POINT ( 'NONE',  ( 1.175570504584947384, 1.618033988749895347, -0.3637338296418393679 ) ) ;
#1874 = CARTESIAN_POINT ( 'NONE',  ( -0.3525378704127041241, -1.085000000000001741, -11.19449999999999967 ) ) ;
#1875 = B_SPLINE_CURVE_WITH_KNOTS ( 'NONE', 3,
 ( #1564, #2629, #4031, #2950 ),
 .UNSPECIFIED., .F., .F.,
 ( 4, 4 ),
 ( 0.000000000000000000, 0.001626924007965245295 ),
 .UNSPECIFIED. ) ;
#1876 = ORIENTED_EDGE ( 'NONE', *, *, #296, .F. ) ;
#1877 = CARTESIAN_POINT ( 'NONE',  ( -0.3767714644234081978, 1.159583333333334965, -14.04087819583619279 ) ) ;
#1878 = CARTESIAN_POINT ( 'NONE',  ( 1.701301616704080200, -1.236067977499790693, -0.6620671629751736509 ) ) ;
#1879 = CARTESIAN_POINT ( 'NONE',  ( 2.097441510607559234, 0.4724818616414787065, 2.799999999999999822 ) ) ;
#1880 = CARTESIAN_POINT ( 'NONE',  ( -1.701301616704080644, 1.236067977499790471, -3.496233829641838931 ) ) ;
#1881 = CARTESIAN_POINT ( 'NONE',  ( 0.9864004998515545353, -0.7166619127879003681, -5.806878195836191026 ) ) ;
#1882 = CARTESIAN_POINT ( 'NONE',  ( -1.219258070856292786, 7.465802469043678121E-17, -5.332422796780829977 ) ) ;
#1883 = CARTESIAN_POINT ( 'NONE',  ( -0.7244814192423305599, 0.8077269651639811254, -4.632264102654865212 ) ) ;
#1884 = CARTESIAN_POINT ( 'NONE',  ( 0.6815859821374815608, -0.9381226230606179994, -7.686378195836192084 ) ) ;
#1885 = CARTESIAN_POINT ( 'NONE',  ( 1.219258070856293008, -2.239740740713103683E-16, -4.437422796780830403 ) ) ;
#1886 = CARTESIAN_POINT ( 'NONE',  ( -1.175570504584946940, 1.618033988749895569, -8.955733829641840060 ) ) ;
#1887 = EDGE_CURVE ( 'NONE', #1340, #1051, #3886, .T. ) ;
#1888 = CARTESIAN_POINT ( 'NONE',  ( 0.000000000000000000, 1.085000000000001741, -6.120300992617012881 ) ) ;
#1889 = CARTESIAN_POINT ( 'NONE',  ( 1.902113032590307728, -0.6180339887498953466, -4.152567162975174142 ) ) ;
#1890 = EDGE_LOOP ( 'NONE', ( #1852, #2737, #2494, #2445 ) ) ;
#1891 = CARTESIAN_POINT ( 'NONE',  ( -0.9229561270619648372, -0.6705668777936369951, -10.86380099261701559 ) ) ;
#1892 = CARTESIAN_POINT ( 'NONE',  ( 1.085405215920636435, 0.02800562454411752514, -10.64942484757427366 ) ) ;
#1893 = CARTESIAN_POINT ( 'NONE',  ( 0.6498393924658125709, -2.000000000000000888, -9.791067162975174654 ) ) ;
#1894 = CARTESIAN_POINT ( 'NONE',  ( 1.031896320180243354, 0.3352834388968182755, -12.35800000000000054 ) ) ;
#1895 = ORIENTED_EDGE ( 'NONE', *, *, #1723, .F. ) ;
#1896 = CARTESIAN_POINT ( 'NONE',  ( -1.902113032590308173, -0.6180339887498949025, -12.17773382964184137 ) ) ;
#1897 = CARTESIAN_POINT ( 'NONE',  ( -2.102924448476535257, 1.287669847337751433E-16, -12.26723382964184061 ) ) ;
#1898 = B_SPLINE_CURVE_WITH_KNOTS ( 'NONE', 3,
 ( #1651, #2675, #3711, #2990, #4051, #1304, #2968, #4350, #4329, #2697, #1929, #190, #2339, #3688 ),
 .UNSPECIFIED., .F., .F.,
 ( 4, 2, 2, 2, 2, 2, 4 ),
 ( 0.004796868201541343649, 0.005082927334719064202, 0.005368986467896785623, 0.005941104734252227598, 0.006227163867429948152, 0.006513223000607668706, 0.007085341266963110680 ),
 .UNSPECIFIED. ) ;
#1899 = CARTESIAN_POINT ( 'NONE',  ( 1.219258070856293008, -2.239740740713103683E-16, -12.78787819583618912 ) ) ;
#1900 = CARTESIAN_POINT ( 'NONE',  ( -1.175570504584947162, -1.618033988749895347, -1.109567162975173771 ) ) ;
#1901 = CARTESIAN_POINT ( 'NONE',  ( 0.000000000000000000, 3.499999999999999556, 1.400000000000000799 ) ) ;
#1902 = CARTESIAN_POINT ( 'NONE',  ( 1.701301616704080200, -1.236067977499790693, -0.8112338296418392103 ) ) ;
#1903 = CARTESIAN_POINT ( 'NONE',  ( 0.000000000000000000, 1.159583333333335409, -6.970378195836191004 ) ) ;
#1904 = CARTESIAN_POINT ( 'NONE',  ( -1.420080017511287505E-16, -1.159583333333335409, -8.464922796780831149 ) ) ;
#1905 = CYLINDRICAL_SURFACE ( 'NONE', #1492, 1.085000000000001741 ) ;
#1906 = CARTESIAN_POINT ( 'NONE',  ( 1.219258070856293230, -2.239740740713104176E-16, -5.627878195836190756 ) ) ;
#1907 = CARTESIAN_POINT ( 'NONE',  ( 0.6815859821374814498, -0.9381226230606178884, -4.705922796780829920 ) ) ;
#1908 = CARTESIAN_POINT ( 'NONE',  ( -0.5997539145452920328, -0.6755115521568666459, 2.800000000000000266 ) ) ;
#1909 = CONICAL_SURFACE ( 'NONE', #1471, 2.000000000000000000, 0.6806784082777900258 ) ;
#1910 = FACE_OUTER_BOUND ( 'NONE', #1280, .T. ) ;
#1911 = CARTESIAN_POINT ( 'NONE',  ( -2.102924448476535257, 1.287669847337751433E-16, -4.958067162975173581 ) ) ;
#1912 = CARTESIAN_POINT ( 'NONE',  ( -0.01157084293955263493, -1.085000013737950075, -2.157937681019488352 ) ) ;
#1913 = ADVANCED_FACE ( 'NONE', ( #1391 ), #1829, .T. ) ;
#1914 = CARTESIAN_POINT ( 'NONE',  ( 0.9229561270619648372, -0.6705668777936371061, -10.32680099261700946 ) ) ;
#1915 = CARTESIAN_POINT ( 'NONE',  ( -0.6815859821374815608, 0.9381226230606178884, -10.97092279678083138 ) ) ;
#1916 = CARTESIAN_POINT ( 'NONE',  ( 2.102924448476535257, -3.863009542013253312E-16, -9.433067162975174114 ) ) ;
#1917 = CARTESIAN_POINT ( 'NONE',  ( 0.9229561270619648372, 0.6705668777936369951, -8.688499999999997669 ) ) ;
#1918 = ORIENTED_EDGE ( 'NONE', *, *, #3469, .F. ) ;
#1919 = EDGE_CURVE ( 'NONE', #2695, #953, #507, .T. ) ;
#1920 = CARTESIAN_POINT ( 'NONE',  ( -0.6377469987373344251, 0.8777834388968194235, -7.731300992617013534 ) ) ;
#1921 = CARTESIAN_POINT ( 'NONE',  ( -1.102829285353923883, -0.3583309563939500175, 0.1270772032191686551 ) ) ;
#1922 = CARTESIAN_POINT ( 'NONE',  ( 0.3767714644234086419, 1.159583333333334965, -10.63987819583619121 ) ) ;
#1923 = CARTESIAN_POINT ( 'NONE',  ( 0.6498393924658125709, -2.000000000000000888, 0.9489328370248257816 ) ) ;
#1924 = DIRECTION ( 'NONE',  ( 0.000000000000000000, 0.000000000000000000, 1.000000000000000000 ) ) ;
#1925 = CARTESIAN_POINT ( 'NONE',  ( 1.175570504584946718, -1.618033988749895569, -0.9007338296418386792 ) ) ;
#1926 = CARTESIAN_POINT ( 'NONE',  ( 1.102829285353923661, -0.3583309563939502396, -3.927378195836191299 ) ) ;
#1927 = CARTESIAN_POINT ( 'NONE',  ( -0.3767714644234084753, -1.159583333333334965, -6.764422796780830360 ) ) ;
#1928 = AXIS2_PLACEMENT_3D ( 'NONE', #806, #1821, #3586 ) ;
#1929 = CARTESIAN_POINT ( 'NONE',  ( -0.5005298198084584538, 1.162296056906122699, -1.511273753082851279 ) ) ;
#1930 = CARTESIAN_POINT ( 'NONE',  ( -0.9864004998515550904, -0.7166619127879002571, -2.763878195836189544 ) ) ;
#1931 = ORIENTED_EDGE ( 'NONE', *, *, #1575, .T. ) ;
#1932 = VECTOR ( 'NONE', #1840, 1000.000000000000000 ) ;
#1933 = CARTESIAN_POINT ( 'NONE',  ( 0.3767714644234080867, -1.159583333333335631, -6.585422796780830978 ) ) ;
#1934 = CARTESIAN_POINT ( 'NONE',  ( -1.902113032590308173, -0.6180339887498949025, -1.437733829641839600 ) ) ;
#1935 = CARTESIAN_POINT ( 'NONE',  ( -0.4724818616414787620, -2.097441510607461979, 2.799999999999999378 ) ) ;
#1936 = CARTESIAN_POINT ( 'NONE',  ( 1.175570504584947384, 1.618033988749895347, -5.584567162975173638 ) ) ;
#1937 = CARTESIAN_POINT ( 'NONE',  ( -0.7732475995014862491, -0.7652110836658236881, -2.379151589813117695 ) ) ;
#1938 = CARTESIAN_POINT ( 'NONE',  ( 1.031896320180243132, -0.3352834388968186641, -10.23730099261701376 ) ) ;
#1939 = CARTESIAN_POINT ( 'NONE',  ( -0.6815859821374816718, -0.9381226230606176664, -10.43392279678083057 ) ) ;
#1940 = CARTESIAN_POINT ( 'NONE',  ( -1.902113032590308173, -0.6180339887498949025, -1.288567162975174263 ) ) ;
#1941 = CARTESIAN_POINT ( 'NONE',  ( -0.6377469987373344251, 0.8777834388968194235, -6.450999999999999623 ) ) ;
#1942 = EDGE_CURVE ( 'NONE', #2082, #3172, #2739, .T. ) ;
#1943 = ORIENTED_EDGE ( 'NONE', *, *, #3218, .T. ) ;
#1944 = CARTESIAN_POINT ( 'NONE',  ( -1.701301616704080644, -1.236067977499790249, -8.508233829641838497 ) ) ;
#1945 = CARTESIAN_POINT ( 'NONE',  ( -1.701301616704080644, 1.236067977499790471, -14.23623382964184003 ) ) ;
#1946 = CARTESIAN_POINT ( 'NONE',  ( -1.175570504584946940, 1.618033988749895569, -8.955733829641840060 ) ) ;
#1947 = CARTESIAN_POINT ( 'NONE',  ( -0.6815859821374815608, 0.9381226230606178884, -13.95137819583619176 ) ) ;
#1948 = EDGE_CURVE ( 'NONE', #2381, #2353, #1045, .T. ) ;
#1949 = CARTESIAN_POINT ( 'NONE',  ( -1.890637388046801037, -0.6522961497046981805, -10.38274297513777178 ) ) ;
#1950 = FACE_OUTER_BOUND ( 'NONE', #4187, .T. ) ;
#1951 = EDGE_LOOP ( 'NONE', ( #13, #1870, #3212, #835 ) ) ;
#1952 = CARTESIAN_POINT ( 'NONE',  ( 0.6815859821374814498, -0.9381226230606178884, -5.896378195836192049 ) ) ;
#1953 = PRODUCT ( '99461A966_Phillips Rounded Head Thread-Forming Screws', '99461A966_Phillips Rounded Head Thread-Forming Screws', '', ( #1328 ) ) ;
#1954 = CARTESIAN_POINT ( 'NONE',  ( 0.000000000000000000, 1.159583333333335409, -9.359922796780832499 ) ) ;
#1955 = CYLINDRICAL_SURFACE ( 'NONE', #2227, 1.085000000000001741 ) ;
#1956 = CARTESIAN_POINT ( 'NONE',  ( -0.6815859821374816718, 0.9381226230606179994, -3.211378195836190219 ) ) ;
#1957 = CARTESIAN_POINT ( 'NONE',  ( -0.6815859821374816718, -0.9381226230606176664, -6.853922796780830495 ) ) ;
#1958 = CARTESIAN_POINT ( 'NONE',  ( 2.102924448476535257, -3.863009542013253312E-16, -4.212233829641839122 ) ) ;
#1959 = CARTESIAN_POINT ( 'NONE',  ( -1.817386955297700446, 0.7916152040750273899, -10.43585407621466388 ) ) ;
#1960 = CARTESIAN_POINT ( 'NONE',  ( 1.701301616704080866, 1.236067977499790027, -9.254067162975172067 ) ) ;
#1961 = DIRECTION ( 'NONE',  ( 0.000000000000000000, -3.673940397442058882E-16, 1.000000000000000000 ) ) ;
#1962 = CARTESIAN_POINT ( 'NONE',  ( -0.6377469987373344251, 0.8777834388968194235, -11.31130099261701361 ) ) ;
#1963 = CARTESIAN_POINT ( 'NONE',  ( -0.9864004998515548683, -0.7166619127879001461, -14.10342279678082988 ) ) ;
#1964 = CARTESIAN_POINT ( 'NONE',  ( 1.902113032590308173, 0.6180339887498946805, -3.973567162975173872 ) ) ;
#1965 = CARTESIAN_POINT ( 'NONE',  ( 1.031896320180243354, 0.3352834388968182755, -3.407999999999999474 ) ) ;
#1966 = ORIENTED_EDGE ( 'NONE', *, *, #4472, .T. ) ;
#1967 = CARTESIAN_POINT ( 'NONE',  ( 1.902113032590307728, -0.6180339887498953466, -7.881733829641839328 ) ) ;
#1968 = CARTESIAN_POINT ( 'NONE',  ( -1.102829285353923661, 0.3583309563939501285, -0.05192279678082993566 ) ) ;
#1969 = CARTESIAN_POINT ( 'NONE',  ( -2.449293598294707893E-16, -2.000000000000000888, -8.239733829641840757 ) ) ;
#1970 =( BOUNDED_SURFACE ( )  B_SPLINE_SURFACE ( 1, 2, ( 
 ( #1822, #2213, #1172, #1108, #77, #2848, #2126, #784, #1129, #2828, #1502, #2169, #3225, #2502, #3587, #2189, #3565, #4223, #4245, #807, #3880, #1476, #1869, #1802, #2565, #2868, #3250, #764, #3858, #3542, #2524, #102, #126, #1088, #1522, #2908, #4285, #3501, #3523, #447, #2545, #3899, #2888, #3942, #4265, #1150, #3921, #4203, #3184, #742, #2148, #383, #1782, #3164, #36, #1985, #4380, #1960, #4404, #4356, #1242, #1196, #1220, #3695, #2588, #3965, #2322, #2610, #3987, #2681, #585, #3608, #3363, #850, #2973, #170, #492, #217, #3271, #3338, #1264, #2254, #872, #3671, #2275, #242, #1635, #535, #2658, #1288, #1566, #2952, #1542, #829, #2634, #4334, #3649, #4009, #1936, #4034, #3628, #560, #512, #1611, #895, #1911, #3315, #195, #3023, #2234, #2998, #1588, #924, #2298, #1889, #145, #2929, #4311, #3291, #2390, #3408, #3450, #1727, #2053, #2345, #4476, #2076, #3430, #1310, #654, #3763, #2410, #308, #2704, #1359, #995, #1705, #3112, #334, #1681, #4427, #265, #1379, #3785, #2369, #3742, #608, #4149, #4498, #3091, #2754, #2431, #4057, #4125, #2774, #1016, #677, #1038, #3807, #1401, #1657, #699, #2032, #2097, #286, #3719, #4105, #3386, #3473, #633, #356, #3068, #1750, #3135, #947, #4079, #6 ),
 ( #2009, #4451, #3045, #971, #1335, #2731, #2119, #1104, #399, #3831, #3895, #1818, #3496, #780, #3200, #3917, #1776, #2475, #30, #71, #2863, #3179, #1425, #1842, #53, #1063, #4260, #3158, #420, #2143, #2454, #2185, #720, #378, #2822, #2498, #1798, #4196, #3559, #1472, #1083, #443, #4239, #802, #3852, #738, #3516, #1124, #2518, #1448, #2844, #3221, #4220, #1496, #96, #3873, #759, #2883, #2165, #3538, #1146, #2540, #2208, #3584, #466, #1865, #3245, #119, #2797, #4174, #3334, #918, #1884, #3287, #4281, #3311, #4029, #1584, #2561, #2969, #2652, #2293, #1216, #1605, #580, #508, #3982, #2249, #1517, #191, #530, #2230, #890, #1561, #1237, #1906, #2992, #4351, #2627, #3623, #3645, #213, #3961, #2605, #4375, #4304, #1980, #867, #1260, #165, #3267, #2948, #4330, #4004, #2317, #487, #3690, #3356, #2905, #1168, #2925, #3667, #1956, #2270, #555, #3938, #824, #1930, #845, #3604, #1190, #141, #1537, #2584, #1629, #4074, #4100, #1375, #3779, #1354, #3802, #3757, #650, #603, #628, #3107, #2003, #3381, #1722, #2028, #3404, #2093, #4493, #3018, #2049, #2749, #990, #260, #1330, #4447, #3085, #2724, #1653, #3424, #1676, #3063, #672, #4120, #2363, #3041, #943, #2072, #4471, #4422, #1306, #1284, #328 ) ),
 .UNSPECIFIED., .F., .F., .T. ) 
 B_SPLINE_SURFACE_WITH_KNOTS ( ( 2, 2 ),
 ( 3, 2, 2, 2, 2, 2, 2, 2, 2, 2, 2, 2, 2, 2, 2, 2, 2, 2, 2, 2, 2, 2, 2, 2, 2, 2, 2, 2, 2, 2, 2, 2, 2, 2, 2, 2, 2, 2, 2, 2, 2, 2, 2, 2, 2, 2, 2, 2, 2, 2, 2, 2, 2, 2, 2, 2, 2, 2, 2, 2, 2, 2, 2, 2, 2, 2, 2, 2, 2, 2, 2, 2, 2, 2, 2, 2, 2, 2, 2, 2, 2, 2, 2, 2, 2, 2, 2, 2, 3 ),
 ( 0.000000000000000000, 1.000000000000000000 ),
 ( 0.000000000000000000, 0.01111111111111111154, 0.02222222222222222307, 0.03333333333333333287, 0.04444444444444444614, 0.05555555555555555247, 0.06666666666666666574, 0.07777777777777777901, 0.08888888888888889228, 0.1000000000000000056, 0.1111111111111111049, 0.1222222222222222182, 0.1333333333333333315, 0.1444444444444444309, 0.1555555555555555580, 0.1666666666666666574, 0.1777777777777777846, 0.1888888888888888840, 0.2000000000000000111, 0.2111111111111111105, 0.2222222222222222099, 0.2333333333333333370, 0.2444444444444444364, 0.2555555555555555358, 0.2666666666666666630, 0.2777777777777777901, 0.2888888888888888618, 0.2999999999999999889, 0.3111111111111111160, 0.3222222222222222432, 0.3333333333333333148, 0.3444444444444444420, 0.3555555555555555691, 0.3666666666666666408, 0.3777777777777777679, 0.3888888888888888951, 0.4000000000000000222, 0.4111111111111110938, 0.4222222222222222210, 0.4333333333333333481, 0.4444444444444444198, 0.4555555555555555469, 0.4666666666666666741, 0.4777777777777778012, 0.4888888888888888729, 0.5000000000000000000, 0.5111111111111110716, 0.5222222222222222543, 0.5333333333333333259, 0.5444444444444443976, 0.5555555555555555802, 0.5666666666666666519, 0.5777777777777777235, 0.5888888888888889062, 0.5999999999999999778, 0.6111111111111111605, 0.6222222222222222321, 0.6333333333333333037, 0.6444444444444444864, 0.6555555555555555580, 0.6666666666666666297, 0.6777777777777778123, 0.6888888888888888840, 0.6999999999999999556, 0.7111111111111111382, 0.7222222222222222099, 0.7333333333333332815, 0.7444444444444444642, 0.7555555555555555358, 0.7666666666666667185, 0.7777777777777777901, 0.7888888888888888618, 0.8000000000000000444, 0.8111111111111111160, 0.8222222222222221877, 0.8333333333333333703, 0.8444444444444444420, 0.8555555555555555136, 0.8666666666666666963, 0.8777777777777777679, 0.8888888888888888395, 0.9000000000000000222, 0.9111111111111110938, 0.9222222222222222765, 0.9333333333333333481, 0.9444444444444444198, 0.9555555555555556024, 0.9666666666666666741, 0.9671078083381834389 ),
 .UNSPECIFIED. ) 
 GEOMETRIC_REPRESENTATION_ITEM ( )  RATIONAL_B_SPLINE_SURFACE ( (
 ( 1.000000000000000000, 0.9510565162951535312, 1.000000000000000000, 0.9510565162951535312, 1.000000000000000000, 0.9510565162951535312, 1.000000000000000000, 0.9510565162951535312, 1.000000000000000000, 0.9510565162951535312, 1.000000000000000000, 0.9510565162951535312, 1.000000000000000000, 0.9510565162951535312, 1.000000000000000000, 0.9510565162951535312, 1.000000000000000000, 0.9510565162951535312, 1.000000000000000000, 0.9510565162951535312, 1.000000000000000000, 0.9510565162951535312, 1.000000000000000000, 0.9510565162951535312, 1.000000000000000000, 0.9510565162951535312, 1.000000000000000000, 0.9510565162951535312, 1.000000000000000000, 0.9510565162951535312, 1.000000000000000000, 0.9510565162951535312, 1.000000000000000000, 0.9510565162951535312, 1.000000000000000000, 0.9510565162951535312, 1.000000000000000000, 0.9510565162951535312, 1.000000000000000000, 0.9510565162951535312, 1.000000000000000000, 0.9510565162951535312, 1.000000000000000000, 0.9510565162951535312, 1.000000000000000000, 0.9510565162951535312, 1.000000000000000000, 0.9510565162951535312, 1.000000000000000000, 0.9510565162951535312, 1.000000000000000000, 0.9510565162951535312, 1.000000000000000000, 0.9510565162951535312, 1.000000000000000000, 0.9510565162951535312, 1.000000000000000000, 0.9510565162951535312, 1.000000000000000000, 0.9510565162951535312, 1.000000000000000000, 0.9510565162951535312, 1.000000000000000000, 0.9510565162951535312, 1.000000000000000000, 0.9510565162951535312, 1.000000000000000000, 0.9510565162951535312, 1.000000000000000000, 0.9510565162951535312, 1.000000000000000000, 0.9510565162951535312, 1.000000000000000000, 0.9510565162951535312, 1.000000000000000000, 0.9510565162951535312, 1.000000000000000000, 0.9510565162951535312, 1.000000000000000000, 0.9510565162951535312, 1.000000000000000000, 0.9510565162951535312, 1.000000000000000000, 0.9510565162951535312, 1.000000000000000000, 0.9510565162951535312, 1.000000000000000000, 0.9510565162951535312, 1.000000000000000000, 0.9510565162951535312, 1.000000000000000000, 0.9510565162951535312, 1.000000000000000000, 0.9510565162951535312, 1.000000000000000000, 0.9510565162951535312, 1.000000000000000000, 0.9510565162951535312, 1.000000000000000000, 0.9510565162951535312, 1.000000000000000000, 0.9510565162951535312, 1.000000000000000000, 0.9510565162951535312, 1.000000000000000000, 0.9510565162951535312, 1.000000000000000000, 0.9510565162951535312, 1.000000000000000000, 0.9510565162951535312, 1.000000000000000000, 0.9510565162951535312, 1.000000000000000000, 0.9510565162951535312, 1.000000000000000000, 0.9510565162951535312, 1.000000000000000000, 0.9510565162951535312, 1.000000000000000000, 0.9510565162951535312, 1.000000000000000000, 0.9510565162951535312, 1.000000000000000000, 0.9510565162951535312, 1.000000000000000000, 0.9510565162951535312, 1.000000000000000000, 0.9510565162951535312, 1.000000000000000000, 0.9510565162951535312, 1.000000000000000000, 0.9510565162951535312, 1.000000000000000000, 0.9510565162951535312, 1.000000000000000000, 0.9510565162951535312, 1.000000000000000000, 0.9510565162951535312, 1.000000000000000000, 0.9510565162951535312, 1.000000000000000000, 0.9510565162951535312, 1.000000000000000000, 0.9510565162951535312, 1.000000000000000000, 0.9510565162951535312, 1.000000000000000000, 0.9510565162951535312, 1.000000000000000000, 0.9510565162951535312, 1.000000000000000000, 0.9510565162951535312, 1.000000000000000000, 0.9510565162951535312, 1.000000000000000000, 0.9510565162951535312, 1.000000000000000000, 0.9510565162951535312, 1.000000000000000000, 0.9510565162951535312, 1.000000000000000000, 0.9510565162951535312, 1.000000000000000000, 0.9510565162951535312, 1.000000000000000000, 0.9510565162951535312, 1.000000000000000000, 0.9510565162951535312, 1.000000000000000000, 0.9510565162951535312, 1.000000000000000000, 0.9510565162951535312, 1.000000000000000000, 0.9510565162951535312, 1.000000000000000000, 0.9980568090809731618, 0.9962679182101634723),
 ( 1.000000000000000000, 0.9510565162951535312, 1.000000000000000000, 0.9510565162951535312, 1.000000000000000000, 0.9510565162951535312, 1.000000000000000000, 0.9510565162951535312, 1.000000000000000000, 0.9510565162951535312, 1.000000000000000000, 0.9510565162951535312, 1.000000000000000000, 0.9510565162951535312, 1.000000000000000000, 0.9510565162951535312, 1.000000000000000000, 0.9510565162951535312, 1.000000000000000000, 0.9510565162951535312, 1.000000000000000000, 0.9510565162951535312, 1.000000000000000000, 0.9510565162951535312, 1.000000000000000000, 0.9510565162951535312, 1.000000000000000000, 0.9510565162951535312, 1.000000000000000000, 0.9510565162951535312, 1.000000000000000000, 0.9510565162951535312, 1.000000000000000000, 0.9510565162951535312, 1.000000000000000000, 0.9510565162951535312, 1.000000000000000000, 0.9510565162951535312, 1.000000000000000000, 0.9510565162951535312, 1.000000000000000000, 0.9510565162951535312, 1.000000000000000000, 0.9510565162951535312, 1.000000000000000000, 0.9510565162951535312, 1.000000000000000000, 0.9510565162951535312, 1.000000000000000000, 0.9510565162951535312, 1.000000000000000000, 0.9510565162951535312, 1.000000000000000000, 0.9510565162951535312, 1.000000000000000000, 0.9510565162951535312, 1.000000000000000000, 0.9510565162951535312, 1.000000000000000000, 0.9510565162951535312, 1.000000000000000000, 0.9510565162951535312, 1.000000000000000000, 0.9510565162951535312, 1.000000000000000000, 0.9510565162951535312, 1.000000000000000000, 0.9510565162951535312, 1.000000000000000000, 0.9510565162951535312, 1.000000000000000000, 0.9510565162951535312, 1.000000000000000000, 0.9510565162951535312, 1.000000000000000000, 0.9510565162951535312, 1.000000000000000000, 0.9510565162951535312, 1.000000000000000000, 0.9510565162951535312, 1.000000000000000000, 0.9510565162951535312, 1.000000000000000000, 0.9510565162951535312, 1.000000000000000000, 0.9510565162951535312, 1.000000000000000000, 0.9510565162951535312, 1.000000000000000000, 0.9510565162951535312, 1.000000000000000000, 0.9510565162951535312, 1.000000000000000000, 0.9510565162951535312, 1.000000000000000000, 0.9510565162951535312, 1.000000000000000000, 0.9510565162951535312, 1.000000000000000000, 0.9510565162951535312, 1.000000000000000000, 0.9510565162951535312, 1.000000000000000000, 0.9510565162951535312, 1.000000000000000000, 0.9510565162951535312, 1.000000000000000000, 0.9510565162951535312, 1.000000000000000000, 0.9510565162951535312, 1.000000000000000000, 0.9510565162951535312, 1.000000000000000000, 0.9510565162951535312, 1.000000000000000000, 0.9510565162951535312, 1.000000000000000000, 0.9510565162951535312, 1.000000000000000000, 0.9510565162951535312, 1.000000000000000000, 0.9510565162951535312, 1.000000000000000000, 0.9510565162951535312, 1.000000000000000000, 0.9510565162951535312, 1.000000000000000000, 0.9510565162951535312, 1.000000000000000000, 0.9510565162951535312, 1.000000000000000000, 0.9510565162951535312, 1.000000000000000000, 0.9510565162951535312, 1.000000000000000000, 0.9510565162951535312, 1.000000000000000000, 0.9510565162951535312, 1.000000000000000000, 0.9510565162951535312, 1.000000000000000000, 0.9510565162951535312, 1.000000000000000000, 0.9510565162951535312, 1.000000000000000000, 0.9510565162951535312, 1.000000000000000000, 0.9510565162951535312, 1.000000000000000000, 0.9510565162951535312, 1.000000000000000000, 0.9510565162951535312, 1.000000000000000000, 0.9510565162951535312, 1.000000000000000000, 0.9510565162951535312, 1.000000000000000000, 0.9510565162951535312, 1.000000000000000000, 0.9510565162951535312, 1.000000000000000000, 0.9510565162951535312, 1.000000000000000000, 0.9510565162951535312, 1.000000000000000000, 0.9510565162951535312, 1.000000000000000000, 0.9510565162951535312, 1.000000000000000000, 0.9510565162951535312, 1.000000000000000000, 0.9510565162951535312, 1.000000000000000000, 0.9510565162951535312, 1.000000000000000000, 0.9980568090809731618, 0.9962679182101634723) ) ) 
 REPRESENTATION_ITEM ( '' )  SURFACE ( )  );
#1971 = CARTESIAN_POINT ( 'NONE',  ( 1.102829285353923883, 0.3583309563939498510, -7.328378195836190656 ) ) ;
#1972 = CARTESIAN_POINT ( 'NONE',  ( -0.9448208199918334271, -0.5518062042180512661, -11.40421406632127876 ) ) ;
#1973 = CARTESIAN_POINT ( 'NONE',  ( 1.067744324873669992, 0.1930034888161596407, -7.025974698916545691 ) ) ;
#1974 = VERTEX_POINT ( 'NONE', #3143 ) ;
#1975 = CARTESIAN_POINT ( 'NONE',  ( -0.1471448795457715175, -1.470684353201405559, -1.247850638783821520 ) ) ;
#1976 = EDGE_CURVE ( 'NONE', #109, #1672, #341, .T. ) ;
#1977 = CARTESIAN_POINT ( 'NONE',  ( -0.9864004998515547573, 0.7166619127879002571, -3.721422796780830211 ) ) ;
#1978 = DIRECTION ( 'NONE',  ( -0.000000000000000000, -2.316899349738235597E-17, 1.000000000000000000 ) ) ;
#1979 = CARTESIAN_POINT ( 'NONE',  ( -2.449293598294707893E-16, -2.000000000000000888, -11.67056716297517482 ) ) ;
#1980 = CARTESIAN_POINT ( 'NONE',  ( -1.102829285353924105, -0.3583309563939500730, -4.643378195836191047 ) ) ;
#1981 = CARTESIAN_POINT ( 'NONE',  ( 1.059684787897845704, -0.2330089060484513419, -12.00000000000000000 ) ) ;
#1982 = CARTESIAN_POINT ( 'NONE',  ( 0.000000000000000000, 2.000000000000000888, -1.974733829641838856 ) ) ;
#1983 = VERTEX_POINT ( 'NONE', #1343 ) ;
#1984 = DIRECTION ( 'NONE',  ( -1.000000000000000000, 1.049051542329170510E-14, 2.430546836264348515E-31 ) ) ;
#1985 = CARTESIAN_POINT ( 'NONE',  ( 2.102924448476535257, -3.863009542013253312E-16, -9.433067162975175890 ) ) ;
#1986 = CARTESIAN_POINT ( 'NONE',  ( 4.012249075706516583E-16, 3.276250000000000107, 0.2237500000000018086 ) ) ;
#1987 = CARTESIAN_POINT ( 'NONE',  ( 1.031896320180243132, -0.3352834388968186641, -8.447300992617014614 ) ) ;
#1988 = CARTESIAN_POINT ( 'NONE',  ( -1.102829285353923661, 0.3583309563939501285, -14.37192279678083118 ) ) ;
#1989 = CARTESIAN_POINT ( 'NONE',  ( -1.902113032590308173, -0.6180339887498949025, -6.658567162975174369 ) ) ;
#1990 = CARTESIAN_POINT ( 'NONE',  ( 0.3525378704127037910, -1.085000000000001963, -3.855499999999999705 ) ) ;
#1991 = B_SPLINE_CURVE_WITH_KNOTS ( 'NONE', 3,
 ( #136, #2899, #3261, #185, #3578, #2963, #502, #2919, #1554, #2986, #1231, #4345 ),
 .UNSPECIFIED., .F., .F.,
 ( 4, 2, 2, 2, 2, 4 ),
 ( 0.000000000000000000, 0.0004649204999475231733, 0.0009298409998950463466, 0.001394761499842569466, 0.001627221749816331296, 0.001859681999790093127 ),
 .UNSPECIFIED. ) ;
#1992 = VERTEX_POINT ( 'NONE', #2062 ) ;
#1993 = CARTESIAN_POINT ( 'NONE',  ( 0.6498393924658125709, -2.000000000000000888, -6.360233829641838810 ) ) ;
#1994 = CARTESIAN_POINT ( 'NONE',  ( 0.3767714644234080867, -1.159583333333335631, -1.215422796780831094 ) ) ;
#1995 = CARTESIAN_POINT ( 'NONE',  ( 1.175570504584946718, -1.618033988749895569, -11.64073382964184056 ) ) ;
#1996 = CARTESIAN_POINT ( 'NONE',  ( -0.6815859821374815608, 0.9381226230606178884, -3.211378195836190219 ) ) ;
#1997 = CARTESIAN_POINT ( 'NONE',  ( -1.059458675652285242, 0.2733565135648367006, -11.62703686484658583 ) ) ;
#1998 = CARTESIAN_POINT ( 'NONE',  ( 1.062066823462629594, 0.3325000000000000178, 1.200000000000000178 ) ) ;
#1999 = ORIENTED_EDGE ( 'NONE', *, *, #2002, .T. ) ;
#2000 = CYLINDRICAL_SURFACE ( 'NONE', #3067, 1.085000000000001741 ) ;
#2001 = CARTESIAN_POINT ( 'NONE',  ( -0.6498393924658131260, -2.000000000000000444, -11.76006716297517407 ) ) ;
#2002 = EDGE_CURVE ( 'NONE', #1317, #3581, #2521, .T. ) ;
#2003 = CARTESIAN_POINT ( 'NONE',  ( -1.102829285353924105, -0.3583309563939500730, -1.063378195836191198 ) ) ;
#2004 = CIRCLE ( 'NONE', #2573, 3.499999999999999556 ) ;
#2005 = CARTESIAN_POINT ( 'NONE',  ( 0.9864004998515548683, 0.7166619127879000350, -0.6784227967808302839 ) ) ;
#2006 = CARTESIAN_POINT ( 'NONE',  ( 0.6498393924658125709, -2.000000000000000888, -2.780233829641839627 ) ) ;
#2007 = DIRECTION ( 'NONE',  ( -0.000000000000000000, -2.316899349738235597E-17, 1.000000000000000000 ) ) ;
#2008 = EDGE_CURVE ( 'NONE', #4224, #690, #1023, .T. ) ;
#2009 = CARTESIAN_POINT ( 'NONE',  ( 0.000000000000000000, 1.159583333333335631, -14.13037819583619203 ) ) ;
#2010 = VECTOR ( 'NONE', #3622, 1000.000000000000114 ) ;
#2011 = DIRECTION ( 'NONE',  ( -0.000000000000000000, -1.836970198721029441E-16, 1.000000000000000000 ) ) ;
#2012 = CARTESIAN_POINT ( 'NONE',  ( 0.3525378704127042351, 1.085000000000001741, -0.8398009926170126871 ) ) ;
#2013 =( BOUNDED_CURVE ( )  B_SPLINE_CURVE ( 2, ( #1184, #2288, #861, #3618, #2556, #839, #207, #3306, #2265, #3933, #3663, #1600, #818 ),
 .UNSPECIFIED., .F., .T. ) 
 B_SPLINE_CURVE_WITH_KNOTS ( ( 3, 2, 2, 2, 2, 2, 3 ),
 ( 0.2297792339299820075, 0.2297799402031360239, 0.2412689372132928445, 0.2527579342234496096, 0.2642469312336063747, 0.2757359282437631953, 0.2872249387878395011 ),
 .UNSPECIFIED. ) 
 CURVE ( )  GEOMETRIC_REPRESENTATION_ITEM ( )  RATIONAL_B_SPLINE_CURVE ( ( 0.9999939828788224627, 0.9999969912544519612, 1.000000000000000000, 0.9510565162951535312, 1.000000000000000000, 0.9510565162951535312, 1.000000000000000000, 0.9510565162951535312, 1.000000000000000000, 0.9510565162951535312, 1.000000000000000000, 0.9510565162951535312, 1.000000000000000000 ) ) 
 REPRESENTATION_ITEM ( '' )  );
#2014 = CARTESIAN_POINT ( 'NONE',  ( -0.6815859821374816718, -0.9381226230606176664, -14.01392279678083241 ) ) ;
#2015 = CARTESIAN_POINT ( 'NONE',  ( -1.701301616704080644, 1.236067977499790249, -3.347067162975173815 ) ) ;
#2016 = CARTESIAN_POINT ( 'NONE',  ( 0.6377469987373346472, 0.8777834388968193124, -5.018999999999999240 ) ) ;
#2017 = ORIENTED_EDGE ( 'NONE', *, *, #4497, .T. ) ;
#2018 = CARTESIAN_POINT ( 'NONE',  ( -1.701301616704080644, -1.236067977499790249, -6.718233829641837573 ) ) ;
#2019 = PLANE ( 'NONE',  #2770 ) ;
#2020 = CARTESIAN_POINT ( 'NONE',  ( 1.701301616704080866, 1.236067977499790027, -9.403233829641838071 ) ) ;
#2021 = CARTESIAN_POINT ( 'NONE',  ( 0.9864004998515548683, 0.7166619127879000350, -7.238878195836191409 ) ) ;
#2022 = FACE_OUTER_BOUND ( 'NONE', #4210, .T. ) ;
#2023 = LINE ( 'NONE', #3684, #4212 ) ;
#2024 = ORIENTED_EDGE ( 'NONE', *, *, #1548, .T. ) ;
#2025 = CARTESIAN_POINT ( 'NONE',  ( 0.2095165752207596432, -1.539665239852450185, -1.163711981538798845 ) ) ;
#2026 = PERSON_AND_ORGANIZATION ( #2711, #1562 ) ;
#2027 = CARTESIAN_POINT ( 'NONE',  ( -1.175570504584947162, -1.618033988749895347, -13.63956716297517424 ) ) ;
#2028 = CARTESIAN_POINT ( 'NONE',  ( -0.3767714644234085308, -1.159583333333335631, -0.7948781958361899047 ) ) ;
#2029 = CARTESIAN_POINT ( 'NONE',  ( 0.3767714644234086419, 1.159583333333334965, -0.4994227967808299029 ) ) ;
#2030 = CARTESIAN_POINT ( 'NONE',  ( -0.9480008437036425706, 0.5465277884790342711, -6.332547296300688799 ) ) ;
#2031 = FACE_OUTER_BOUND ( 'NONE', #2788, .T. ) ;
#2032 = CARTESIAN_POINT ( 'NONE',  ( -1.175570504584946940, 1.618033988749895569, 0.1434328370248268147 ) ) ;
#2033 = CARTESIAN_POINT ( 'NONE',  ( -1.155357523949571474, -0.09890651544585064847, -11.86817440462182383 ) ) ;
#2034 = EDGE_CURVE ( 'NONE', #3256, #1075, #4132, .T. ) ;
#2035 = CARTESIAN_POINT ( 'NONE',  ( 1.140836513298521870, -2.095682676542192134E-16, -1.197800992617013449 ) ) ;
#2036 = CARTESIAN_POINT ( 'NONE',  ( 0.9864004998515548683, 0.7166619127879000350, -7.838422796780830204 ) ) ;
#2037 = LINE ( 'NONE', #4108, #323 ) ;
#2038 = CARTESIAN_POINT ( 'NONE',  ( 1.031896320180243354, 0.3352834388968182755, -5.197999999999999510 ) ) ;
#2039 = VERTEX_POINT ( 'NONE', #4112 ) ;
#2040 = CARTESIAN_POINT ( 'NONE',  ( -0.6498393924658131260, -2.000000000000000444, -8.329233829641840003 ) ) ;
#2041 = LINE ( 'NONE', #1454, #795 ) ;
#2042 = CARTESIAN_POINT ( 'NONE',  ( -2.102924448476535257, 1.287669847337751433E-16, -6.897233829641838732 ) ) ;
#2043 = CARTESIAN_POINT ( 'NONE',  ( 0.000000000000000000, 1.159583333333335409, -6.970378195836191004 ) ) ;
#2044 = DIRECTION ( 'NONE',  ( -1.000000000000000000, -0.000000000000000000, -0.000000000000000000 ) ) ;
#2045 = VERTEX_POINT ( 'NONE', #3098 ) ;
#2046 = PLANE ( 'NONE',  #3572 ) ;
#2047 = DATE_AND_TIME ( #4141, #618 ) ;
#2048 = CARTESIAN_POINT ( 'NONE',  ( -2.102924448476535257, 1.287669847337751433E-16, -12.11806716297517461 ) ) ;
#2049 = CARTESIAN_POINT ( 'NONE',  ( 1.102829285353923883, -0.3583309563939503506, -0.3473781958361898958 ) ) ;
#2050 = CARTESIAN_POINT ( 'NONE',  ( 0.9864004998515546463, -0.7166619127879003681, -2.826422796780831082 ) ) ;
#2051 = CARTESIAN_POINT ( 'NONE',  ( -0.1419638084418511081, 1.085000206114350441, -6.592403733661281962 ) ) ;
#2052 = CARTESIAN_POINT ( 'NONE',  ( -2.124133646925255192, 0.3325000000000220002, 1.199999999999999734 ) ) ;
#2053 = CARTESIAN_POINT ( 'NONE',  ( -1.701301616704080644, 1.236067977499790471, -3.347067162975172927 ) ) ;
#2054 = AXIS2_PLACEMENT_3D ( 'NONE', #2853, #84, #2132 ) ;
#2055 = CARTESIAN_POINT ( 'NONE',  ( -1.140836513298521870, 6.985608921807308758E-17, -3.882800992617013502 ) ) ;
#2056 = CARTESIAN_POINT ( 'NONE',  ( 0.6815859821374814498, -0.9381226230606178884, -6.495922796780831732 ) ) ;
#2057 = DIRECTION ( 'NONE',  ( 0.000000000000000000, -1.000000000000000000, -2.316899349738235597E-17 ) ) ;
#2058 = CARTESIAN_POINT ( 'NONE',  ( 7.899238833686599454E-07, -1.084999999999714193, -10.59530079208889397 ) ) ;
#2059 = EDGE_CURVE ( 'NONE', #2282, #1772, #4309, .T. ) ;
#2060 = EDGE_LOOP ( 'NONE', ( #124, #3344, #938, #201 ) ) ;
#2061 = CARTESIAN_POINT ( 'NONE',  ( 1.902113032590307728, -0.6180339887498953466, -4.301733829641840146 ) ) ;
#2062 = CARTESIAN_POINT ( 'NONE',  ( 0.000000000000000000, -3.276250000000000995, 1.414870572221769497E-15 ) ) ;
#2063 = CARTESIAN_POINT ( 'NONE',  ( 0.9864004998515547573, 0.7166619127879000350, -4.258422796780830133 ) ) ;
#2064 = CARTESIAN_POINT ( 'NONE',  ( 1.701301616704080866, 1.236067977499790027, -4.033233829641838852 ) ) ;
#2065 = CARTESIAN_POINT ( 'NONE',  ( 0.000000000000000000, 1.159583333333335409, -8.760378195836191040 ) ) ;
#2066 = ADVANCED_FACE ( 'NONE', ( #619 ), #2019, .T. ) ;
#2067 = FACE_OUTER_BOUND ( 'NONE', #3276, .T. ) ;
#2068 = ORIENTED_EDGE ( 'NONE', *, *, #325, .T. ) ;
#2069 = DIRECTION ( 'NONE',  ( -0.9238795325112855172, 0.3826834323650926684, 0.000000000000000000 ) ) ;
#2070 = B_SPLINE_CURVE_WITH_KNOTS ( 'NONE', 3,
 ( #3203, #1309, #1959, #2633, #559, #3385, #3362, #1610, #534, #216 ),
 .UNSPECIFIED., .F., .F.,
 ( 4, 2, 2, 2, 4 ),
 ( 0.000000000000000000, 0.0006611096976830500068, 0.001322219395366100014, 0.001983329093049150237, 0.002644438790732199594 ),
 .UNSPECIFIED. ) ;
#2071 = CARTESIAN_POINT ( 'NONE',  ( 1.902113032590307728, -0.6180339887498953466, -11.31256716297517428 ) ) ;
#2072 = CARTESIAN_POINT ( 'NONE',  ( 0.3767714644234081423, -1.159583333333335853, 1.174121804163808624 ) ) ;
#2073 = CARTESIAN_POINT ( 'NONE',  ( -0.3767714644234084753, -1.159583333333334965, -3.184422796780831622 ) ) ;
#2074 = CARTESIAN_POINT ( 'NONE',  ( -0.8676751878907638105, -0.6667368233013505341, -5.997046592466571902 ) ) ;
#2075 = DIRECTION ( 'NONE',  ( -0.3812272063696499069, 0.9203638919632258775, 0.08715574274765837404 ) ) ;
#2076 = CARTESIAN_POINT ( 'NONE',  ( -1.902113032590308173, -0.6180339887498949025, -3.078567162975174298 ) ) ;
#2077 = CARTESIAN_POINT ( 'NONE',  ( -1.031896320180243132, 0.3352834388968185531, -3.972300992617014526 ) ) ;
#2078 = CARTESIAN_POINT ( 'NONE',  ( -0.6815859821374815608, 0.9381226230606178884, -5.600922796780832158 ) ) ;
#2079 = CARTESIAN_POINT ( 'NONE',  ( 4.286263797015736102E-16, -3.499999999999999556, 1.399999999999999911 ) ) ;
#2080 = CARTESIAN_POINT ( 'NONE',  ( 0.3791515225169693748, 1.925154055351289806, 1.733229342372406556 ) ) ;
#2081 = AXIS2_PLACEMENT_3D ( 'NONE', #4474, #4171, #2452 ) ;
#2082 = VERTEX_POINT ( 'NONE', #642 ) ;
#2083 = CARTESIAN_POINT ( 'NONE',  ( -0.09918030824119912492, -1.080833646489345323, -7.550525300794129535 ) ) ;
#2084 = CARTESIAN_POINT ( 'NONE',  ( -0.9864004998515547573, 0.7166619127879002571, -1.931422796780830620 ) ) ;
#2085 = CARTESIAN_POINT ( 'NONE',  ( -0.6498393924658131260, -2.000000000000000444, -2.959233829641839897 ) ) ;
#2086 = VECTOR ( 'NONE', #702, 1000.000000000000114 ) ;
#2087 = CARTESIAN_POINT ( 'NONE',  ( 0.6815859821374814498, -0.9381226230606178884, -0.5263781958361902769 ) ) ;
#2088 = CARTESIAN_POINT ( 'NONE',  ( -1.236656864412798429, -1.044167187918516593, -1.074792166521978842 ) ) ;
#2089 = EDGE_LOOP ( 'NONE', ( #58, #1007, #3351, #1477 ) ) ;
#2090 = CARTESIAN_POINT ( 'NONE',  ( 0.8822097967517836814, 0.6324717953421362671, -5.110313922677735654 ) ) ;
#2091 = EDGE_CURVE ( 'NONE', #4155, #1340, #2041, .T. ) ;
#2092 = CARTESIAN_POINT ( 'NONE',  ( -1.175570504584946940, 1.618033988749895569, -5.226567162975174874 ) ) ;
#2093 = CARTESIAN_POINT ( 'NONE',  ( 0.3767714644234081423, -1.159583333333335853, -0.6158781958361910780 ) ) ;
#2094 = DIRECTION ( 'NONE',  ( 1.836970198721029441E-16, -1.836970198721035850E-16, 1.000000000000000000 ) ) ;
#2095 = CARTESIAN_POINT ( 'NONE',  ( -0.5463039872682381448, 0.9481298311664192457, -6.481153560514314016 ) ) ;
#2096 = CARTESIAN_POINT ( 'NONE',  ( -0.2567615503144287104, 1.054181567151782017, -10.14227287215425299 ) ) ;
#2097 = CARTESIAN_POINT ( 'NONE',  ( -1.701301616704080644, 1.236067977499790471, 0.2329328370248260893 ) ) ;
#2098 = CARTESIAN_POINT ( 'NONE',  ( 1.140836513298521870, -2.095682676542192134E-16, -4.777800992617011744 ) ) ;
#2099 = CARTESIAN_POINT ( 'NONE',  ( 0.000000000000000000, 1.159583333333335409, -7.569922796780831575 ) ) ;
#2100 = CARTESIAN_POINT ( 'NONE',  ( 8.632925254265306949E-05, 1.084999992869600804, -8.420397392543426562 ) ) ;
#2101 = CARTESIAN_POINT ( 'NONE',  ( 1.031896320180243354, 0.3352834388968182755, -11.84830099261701619 ) ) ;
#2102 = DIRECTION ( 'NONE',  ( 0.000000000000000000, 1.000000000000000000, 2.316899349738235597E-17 ) ) ;
#2103 = ORIENTED_EDGE ( 'NONE', *, *, #2008, .F. ) ;
#2104 = CARTESIAN_POINT ( 'NONE',  ( 1.056660590453731619, -0.2844414018016165890, -3.574138135321049514 ) ) ;
#2105 = CARTESIAN_POINT ( 'NONE',  ( -0.9864004998515547573, -0.7166619127879001461, -5.153422796780830595 ) ) ;
#2106 = CARTESIAN_POINT ( 'NONE',  ( -1.902113032590308173, -0.6180339887498949025, -1.437733829641839600 ) ) ;
#2107 = CARTESIAN_POINT ( 'NONE',  ( 1.200696227967836149, -0.03110270401448724659, 1.524353309816265378 ) ) ;
#2108 = CARTESIAN_POINT ( 'NONE',  ( 0.8875507514791106667, -1.653373547157011458, -0.7557063052548997906 ) ) ;
#2109 = ORIENTED_EDGE ( 'NONE', *, *, #905, .T. ) ;
#2110 = CARTESIAN_POINT ( 'NONE',  ( 0.8432427276449963038, 0.6827692592949293759, -5.093357572681330936 ) ) ;
#2111 = DATE_TIME_ROLE ( 'classification_date' ) ;
#2112 = CARTESIAN_POINT ( 'NONE',  ( 1.902113032590308173, 0.6180339887498946805, -3.973567162975173872 ) ) ;
#2113 = LINE ( 'NONE', #1743, #1694 ) ;
#2114 = ADVANCED_FACE ( 'NONE', ( #1805 ), #2527, .T. ) ;
#2115 = CARTESIAN_POINT ( 'NONE',  ( -0.9864004998515547573, 0.7166619127879002571, -10.28187819583619067 ) ) ;
#2116 = DESIGN_CONTEXT ( 'detailed design', #4173, 'design' ) ;
#2117 = DIRECTION ( 'NONE',  ( 0.08714264840443960991, -0.01733375049386067651, 0.9960450290638855897 ) ) ;
#2118 = CARTESIAN_POINT ( 'NONE',  ( -0.2541978511357991244, 1.054805367756682211, -10.14297492327085415 ) ) ;
#2119 = CARTESIAN_POINT ( 'NONE',  ( -1.102829285353924105, -0.3583309563939500730, -13.59337819583619300 ) ) ;
#2120 = B_SPLINE_CURVE_WITH_KNOTS ( 'NONE', 3,
 ( #485, #2843, #3937, #1864 ),
 .UNSPECIFIED., .F., .F.,
 ( 4, 4 ),
 ( 0.004475731016317060704, 0.004702510525233688163 ),
 .UNSPECIFIED. ) ;
#2121 = CARTESIAN_POINT ( 'NONE',  ( -1.102829285353923883, -0.3583309563939500175, -12.40292279678083176 ) ) ;
#2122 = CARTESIAN_POINT ( 'NONE',  ( 1.219258070856293008, -2.239740740713103683E-16, -2.647422796780829923 ) ) ;
#2123 = DIRECTION ( 'NONE',  ( 0.000000000000000000, -0.08715574274765836016, 0.9961946980917455452 ) ) ;
#2124 = CIRCLE ( 'NONE', #1160, 2.000000000000000000 ) ;
#2125 = CARTESIAN_POINT ( 'NONE',  ( -0.9229561270619648372, -0.6705668777936369951, 1.156500000000001194 ) ) ;
#2126 = CARTESIAN_POINT ( 'NONE',  ( -1.902113032590308173, -0.6180339887498949025, -13.81856716297517451 ) ) ;
#2127 = EDGE_LOOP ( 'NONE', ( #808, #2068, #3486, #3052 ) ) ;
#2128 = CARTESIAN_POINT ( 'NONE',  ( 0.6377469987373343141, -0.8777834388968194235, -12.20630099261701496 ) ) ;
#2129 = DIRECTION ( 'NONE',  ( 0.01733375049386038508, 0.08714264840443966542, 0.9960450290638855897 ) ) ;
#2130 = CARTESIAN_POINT ( 'NONE',  ( -1.175570504584947162, -1.618033988749895347, -1.258733829641839330 ) ) ;
#2131 = CARTESIAN_POINT ( 'NONE',  ( 0.9864004998515546463, -0.7166619127879003681, -2.226878195836191399 ) ) ;
#2132 = DIRECTION ( 'NONE',  ( 0.000000000000000000, -1.000000000000000000, 0.000000000000000000 ) ) ;
#2133 = CONICAL_SURFACE ( 'NONE', #229, 3.499999999999999112, 0.5148721293383320408 ) ;
#2134 = ORIENTED_EDGE ( 'NONE', *, *, #2141, .T. ) ;
#2135 = CARTESIAN_POINT ( 'NONE',  ( 1.092192729603995272, 0.1035084843139640470, -5.262059030778852176 ) ) ;
#2136 = VECTOR ( 'NONE', #1578, 1000.000000000000114 ) ;
#2137 = CARTESIAN_POINT ( 'NONE',  ( 0.000000000000000000, 2.000000000000000888, -5.405567162975173368 ) ) ;
#2138 = CARTESIAN_POINT ( 'NONE',  ( 0.000000000000000000, 1.807008033354412735, -10.72385512136679608 ) ) ;
#2139 = CARTESIAN_POINT ( 'NONE',  ( -0.9864004998515547573, -0.7166619127879001461, -11.71387819583619105 ) ) ;
#2140 = CARTESIAN_POINT ( 'NONE',  ( 1.031896320180243132, -0.3352834388968186641, -8.447300992617014614 ) ) ;
#2141 = EDGE_CURVE ( 'NONE', #3881, #842, #4420, .T. ) ;
#2142 = CARTESIAN_POINT ( 'NONE',  ( 0.3325000000000000178, 1.062066823462632259, 1.200000000000000178 ) ) ;
#2143 = CARTESIAN_POINT ( 'NONE',  ( -0.3767714644234085308, -1.159583333333335631, -11.53487819583618901 ) ) ;
#2144 = CARTESIAN_POINT ( 'NONE',  ( -1.102829285353923883, -0.3583309563939500175, -14.19292279678083268 ) ) ;
#2145 = CARTESIAN_POINT ( 'NONE',  ( -2.449293598294707893E-16, -2.000000000000000888, -10.02973382964183990 ) ) ;
#2146 = ADVANCED_FACE ( 'NONE', ( #449 ), #803, .F. ) ;
#2147 = CARTESIAN_POINT ( 'NONE',  ( -1.031896320180243132, 0.3352834388968185531, 0.8880000000000016769 ) ) ;
#2148 = CARTESIAN_POINT ( 'NONE',  ( -2.449293598294707893E-16, -2.000000000000000888, -9.880567162975175677 ) ) ;
#2149 = ORIENTED_EDGE ( 'NONE', *, *, #4472, .F. ) ;
#2150 = CARTESIAN_POINT ( 'NONE',  ( -0.9229561270619648372, 0.6705668777936369951, -13.01180099261701351 ) ) ;
#2151 = CARTESIAN_POINT ( 'NONE',  ( 8.632925254265306949E-05, 1.084999992869600804, -8.420397392543426562 ) ) ;
#2152 = VECTOR ( 'NONE', #2274, 1000.000000000000000 ) ;
#2153 = CARTESIAN_POINT ( 'NONE',  ( 1.175570504584946718, -1.618033988749895569, -0.9007338296418386792 ) ) ;
#2154 = CARTESIAN_POINT ( 'NONE',  ( 0.6815859821374814498, -0.9381226230606178884, -2.316378195836190201 ) ) ;
#2155 = B_SPLINE_CURVE_WITH_KNOTS ( 'NONE', 3,
 ( #2138, #1835, #436, #3175, #775, #2536, #1079, #2470, #4167, #3911, #1098, #394, #1794, #3868, #48, #3215, #715, #3196, #372, #4234, #2492, #416, #88, #1119 ),
 .UNSPECIFIED., .F., .F.,
 ( 4, 2, 2, 2, 2, 2, 2, 2, 2, 2, 2, 4 ),
 ( 0.002644438790732199594, 0.003273735756282022957, 0.003903032721831845887, 0.004532329687381668817, 0.004846978170156580716, 0.005161626652931492615, 0.005476275135706404514, 0.005790923618481316412, 0.006420220584031140210, 0.007049517549580964007, 0.007364166032355876773, 0.007678814515130789539 ),
 .UNSPECIFIED. ) ;
#2156 = CARTESIAN_POINT ( 'NONE',  ( -1.483508684742064654, -0.3951064333472026902, -1.177846363611311231 ) ) ;
#2157 = ORIENTED_EDGE ( 'NONE', *, *, #4440, .F. ) ;
#2158 = CONICAL_SURFACE ( 'NONE', #541, 2.000000000000000000, 0.6806784082777900258 ) ;
#2159 = PLANE ( 'NONE',  #1687 ) ;
#2160 = CARTESIAN_POINT ( 'NONE',  ( 1.701301616704080866, 1.236067977499790027, -5.674067162975173773 ) ) ;
#2161 = DIRECTION ( 'NONE',  ( -0.000000000000000000, -2.316899349738235597E-17, 1.000000000000000000 ) ) ;
#2162 = CARTESIAN_POINT ( 'NONE',  ( 1.070557638623974794, -0.2215413013245711993, -1.764334619826863459 ) ) ;
#2163 = CARTESIAN_POINT ( 'NONE',  ( 0.3525378704127037355, -1.085000000000001963, -10.50580099261701505 ) ) ;
#2164 = CARTESIAN_POINT ( 'NONE',  ( -0.7369543680002178521, 0.7963632566648184419, -4.627870549649047760 ) ) ;
#2165 = CARTESIAN_POINT ( 'NONE',  ( 0.6815859821374818939, 0.9381226230606178884, -8.939378195836193086 ) ) ;
#2166 = CARTESIAN_POINT ( 'NONE',  ( -0.3767714644234084753, -1.159583333333334965, -13.92442279678083317 ) ) ;
#2167 = CARTESIAN_POINT ( 'NONE',  ( 1.701301616704080200, -1.236067977499790693, -9.761233829641836834 ) ) ;
#2168 = CARTESIAN_POINT ( 'NONE',  ( 0.9229561270619647262, -0.6705668777936371061, -4.956800992617012902 ) ) ;
#2169 = CARTESIAN_POINT ( 'NONE',  ( 0.6498393924658125709, -2.000000000000000888, -13.37106716297517650 ) ) ;
#2170 = VERTEX_POINT ( 'NONE', #1981 ) ;
#2171 = EDGE_CURVE ( 'NONE', #4131, #338, #3563, .T. ) ;
#2172 = CARTESIAN_POINT ( 'NONE',  ( 0.9229561270619648372, -0.6705668777936371061, -13.90680099261701308 ) ) ;
#2173 = CARTESIAN_POINT ( 'NONE',  ( 1.036192612879026642, 0.3657335173587165089, -8.773016206912101822 ) ) ;
#2174 = CARTESIAN_POINT ( 'NONE',  ( 1.701301616704080866, 1.236067977499789805, -7.464067162975172920 ) ) ;
#2175 = CARTESIAN_POINT ( 'NONE',  ( 0.6377469987373343141, -0.8777834388968194235, -12.71599999999999930 ) ) ;
#2176 = CARTESIAN_POINT ( 'NONE',  ( 1.157400708778809406, -1.524245684354327279, -0.7191011098840944804 ) ) ;
#2177 = VERTEX_POINT ( 'NONE', #1059 ) ;
#2178 = CARTESIAN_POINT ( 'NONE',  ( 2.102924448476535257, -3.863009542013253312E-16, -11.37223382964183749 ) ) ;
#2179 = CARTESIAN_POINT ( 'NONE',  ( -2.449293598294707893E-16, -2.000000000000000888, -6.300567162975172941 ) ) ;
#2180 = CYLINDRICAL_SURFACE ( 'NONE', #2786, 1.085000000000001741 ) ;
#2181 = CARTESIAN_POINT ( 'NONE',  ( 0.000000000000000000, 2.000000000000000888, -0.1847338296418390424 ) ) ;
#2182 = CARTESIAN_POINT ( 'NONE',  ( 0.3767714644234085863, 1.159583333333334965, -10.63987819583619121 ) ) ;
#2183 = DIRECTION ( 'NONE',  ( -0.000000000000000000, 1.224646799147353207E-16, -1.000000000000000000 ) ) ;
#2184 = DIRECTION ( 'NONE',  ( -0.000000000000000000, -2.316899349738235597E-17, 1.000000000000000000 ) ) ;
#2185 = CARTESIAN_POINT ( 'NONE',  ( 0.3767714644234081423, -1.159583333333335853, -11.35587819583619229 ) ) ;
#2186 = CARTESIAN_POINT ( 'NONE',  ( -0.3767714644234081978, 1.159583333333334965, -11.06042279678083062 ) ) ;
#2187 = CARTESIAN_POINT ( 'NONE',  ( -1.175570504584946940, 1.618033988749895569, -7.165733829641839137 ) ) ;
#2188 = DIRECTION ( 'NONE',  ( 0.000000000000000000, 0.000000000000000000, 1.000000000000000000 ) ) ;
#2189 = CARTESIAN_POINT ( 'NONE',  ( 2.102924448476535257, -3.863009542013253312E-16, -13.01306716297517418 ) ) ;
#2190 = ORIENTED_EDGE ( 'NONE', *, *, #905, .F. ) ;
#2191 = VECTOR ( 'NONE', #14, 1000.000000000000114 ) ;
#2192 = CARTESIAN_POINT ( 'NONE',  ( 0.000000000000000000, 0.000000000000000000, -0.6000000000000000888 ) ) ;
#2193 = CARTESIAN_POINT ( 'NONE',  ( -1.902113032590307728, 0.6180339887498951246, -6.837567162975174639 ) ) ;
#2194 = CARTESIAN_POINT ( 'NONE',  ( 1.140836513298521870, -2.095682676542192134E-16, -10.65749999999999886 ) ) ;
#2195 = PRODUCT_DEFINITION ( 'UNKNOWN', '', #1121, #2116 ) ;
#2196 = CARTESIAN_POINT ( 'NONE',  ( -0.1040046174556550213, 1.081297375449311371, -8.393328079929043284 ) ) ;
#2197 = CIRCLE ( 'NONE', #2411, 2.149999999997260769 ) ;
#2198 = ORIENTED_EDGE ( 'NONE', *, *, #4185, .F. ) ;
#2199 = CARTESIAN_POINT ( 'NONE',  ( 1.175570504584946718, -1.618033988749895569, -13.43073382964183971 ) ) ;
#2200 = CARTESIAN_POINT ( 'NONE',  ( -0.9864004998515548683, 0.7166619127879002571, -10.28187819583619067 ) ) ;
#2201 = EDGE_CURVE ( 'NONE', #3821, #1791, #2197, .T. ) ;
#2202 = CARTESIAN_POINT ( 'NONE',  ( 1.701301616704080866, 1.236067977499790027, -0.3040671629751731109 ) ) ;
#2203 = CARTESIAN_POINT ( 'NONE',  ( -0.5461851752634718782, 0.5461851752634809820, 1.200000000000000178 ) ) ;
#2204 = CARTESIAN_POINT ( 'NONE',  ( 2.070909618462714263, -0.05364879949624541677, 1.149997070855033554 ) ) ;
#2205 = CARTESIAN_POINT ( 'NONE',  ( 1.219258070856292786, -2.239740740713103683E-16, -7.417878195836190791 ) ) ;
#2206 = CARTESIAN_POINT ( 'NONE',  ( 0.3767714644234080867, -1.159583333333335631, -8.375422796780830126 ) ) ;
#2207 = DIRECTION ( 'NONE',  ( -0.000000000000000000, -2.316899349738235597E-17, 1.000000000000000000 ) ) ;
#2208 = CARTESIAN_POINT ( 'NONE',  ( -0.6815859821374816718, 0.9381226230606179994, -8.581378195836190770 ) ) ;
#2209 = CARTESIAN_POINT ( 'NONE',  ( -1.102829285353923661, 0.3583309563939501285, -10.79192279678083111 ) ) ;
#2210 = CARTESIAN_POINT ( 'NONE',  ( -0.6498393924658131260, -2.000000000000000444, -8.329233829641840003 ) ) ;
#2211 = ORIENTED_EDGE ( 'NONE', *, *, #1241, .F. ) ;
#2212 = DIRECTION ( 'NONE',  ( 0.000000000000000000, -1.000000000000000000, -2.316899349738235597E-17 ) ) ;
#2213 = CARTESIAN_POINT ( 'NONE',  ( -0.6498393924658125709, 2.000000000000000444, -14.26606716297517430 ) ) ;
#2214 = ORIENTED_EDGE ( 'NONE', *, *, #2726, .T. ) ;
#2215 = CARTESIAN_POINT ( 'NONE',  ( -0.6377469987373344251, 0.8777834388968194235, -13.10130099261701453 ) ) ;
#2216 = CARTESIAN_POINT ( 'NONE',  ( 1.073909463884522797, -0.1695479585661693600, -10.70128369259684931 ) ) ;
#2217 = CARTESIAN_POINT ( 'NONE',  ( -3.490181284755988057E-07, 1.084999999999888942, -9.700299436759417304 ) ) ;
#2218 = CARTESIAN_POINT ( 'NONE',  ( 0.6377469987373343141, -0.8777834388968194235, -7.346000000000000085 ) ) ;
#2219 = EDGE_LOOP ( 'NONE', ( #2915, #1663, #2103, #3425 ) ) ;
#2220 = CARTESIAN_POINT ( 'NONE',  ( -0.6498393924658125709, 2.000000000000000444, -10.83523382964184023 ) ) ;
#2221 = CARTESIAN_POINT ( 'NONE',  ( 1.701301616704080866, 1.236067977499790027, -2.094067162975172813 ) ) ;
#2222 = AXIS2_PLACEMENT_3D ( 'NONE', #2297, #4008, #894 ) ;
#2223 = CYLINDRICAL_SURFACE ( 'NONE', #2707, 3.500000000000000444 ) ;
#2224 = CARTESIAN_POINT ( 'NONE',  ( 0.6498393924658134591, 2.000000000000000444, -0.2742338296418382892 ) ) ;
#2225 = CARTESIAN_POINT ( 'NONE',  ( -1.102829285353923661, 0.3583309563939501285, -8.402378195836190500 ) ) ;
#2226 = EDGE_CURVE ( 'NONE', #1483, #2656, #1607, .T. ) ;
#2227 = AXIS2_PLACEMENT_3D ( 'NONE', #578, #3333, #3980 ) ;
#2228 = CARTESIAN_POINT ( 'NONE',  ( -0.9864004998515547573, 0.7166619127879002571, -5.511422796780831135 ) ) ;
#2229 = CARTESIAN_POINT ( 'NONE',  ( -0.3090136857034609941, -1.051485170737388675, -9.397420152315239861 ) ) ;
#2230 = CARTESIAN_POINT ( 'NONE',  ( 0.3767714644234081423, -1.159583333333335853, -5.985878195836190407 ) ) ;
#2231 = CARTESIAN_POINT ( 'NONE',  ( 1.102829285353923661, -0.3583309563939502396, -4.526922796780831426 ) ) ;
#2232 = CARTESIAN_POINT ( 'NONE',  ( -0.6498393924658131260, -2.000000000000000444, -6.539233829641839080 ) ) ;
#2233 = CARTESIAN_POINT ( 'NONE',  ( 0.3525450257767351880, 1.084994801323729829, -2.629803238004757127 ) ) ;
#2234 = CARTESIAN_POINT ( 'NONE',  ( -0.6498393924658131260, -2.000000000000000444, -4.600067162975174817 ) ) ;
#2235 = ORIENTED_EDGE ( 'NONE', *, *, #790, .T. ) ;
#2236 = CARTESIAN_POINT ( 'NONE',  ( 1.031896320180243132, -0.3352834388968186641, -6.657300992617014579 ) ) ;
#2237 = CARTESIAN_POINT ( 'NONE',  ( 1.076936953794479734, 0.2026835043040000894, -8.816078749170207729 ) ) ;
#2238 = CARTESIAN_POINT ( 'NONE',  ( -2.061266152785931283, -0.1282110508337493127, -10.30950040247575750 ) ) ;
#2239 = CARTESIAN_POINT ( 'NONE',  ( 0.3525378704127037910, -1.085000000000001963, -11.01549999999999763 ) ) ;
#2240 = VERTEX_POINT ( 'NONE', #1816 ) ;
#2241 = CARTESIAN_POINT ( 'NONE',  ( 1.701301616704080200, -1.236067977499790693, -11.55123382964183953 ) ) ;
#2242 = CARTESIAN_POINT ( 'NONE',  ( -0.3767714644234081978, 1.159583333333334965, -10.46087819583618916 ) ) ;
#2243 = PLANE ( 'NONE',  #2348 ) ;
#2244 = DIRECTION ( 'NONE',  ( 0.000000000000000000, -0.08715574274765836016, 0.9961946980917455452 ) ) ;
#2245 = CARTESIAN_POINT ( 'NONE',  ( 0.000000000000000000, 2.000000000000000888, -1.974733829641838856 ) ) ;
#2246 = CARTESIAN_POINT ( 'NONE',  ( -1.102829285353923883, -0.3583309563939500175, -6.433378195836191082 ) ) ;
#2247 = CARTESIAN_POINT ( 'NONE',  ( 0.9864004998515547573, 0.7166619127879000350, -9.628422796780832016 ) ) ;
#2248 = EDGE_CURVE ( 'NONE', #3205, #2532, #2542, .T. ) ;
#2249 = CARTESIAN_POINT ( 'NONE',  ( -0.9864004998515550904, -0.7166619127879002571, -6.343878195836190059 ) ) ;
#2250 = CARTESIAN_POINT ( 'NONE',  ( 0.6815859821374817828, 0.9381226230606176664, -5.958922796780830922 ) ) ;
#2251 = CARTESIAN_POINT ( 'NONE',  ( 1.902113032590307728, -0.6180339887498953466, -0.7217338296418382981 ) ) ;
#2252 = CARTESIAN_POINT ( 'NONE',  ( 0.000000000000000000, 1.085000000000001741, 1.527324875269049340E-15 ) ) ;
#2253 = EDGE_CURVE ( 'NONE', #2719, #1028, #4218, .T. ) ;
#2254 = CARTESIAN_POINT ( 'NONE',  ( -0.6498393924658125709, 2.000000000000000444, -7.106067162975174156 ) ) ;
#2255 = CARTESIAN_POINT ( 'NONE',  ( -0.05195200294673860825, -1.083835365199265155, -2.168229448861219932 ) ) ;
#2256 = CARTESIAN_POINT ( 'NONE',  ( -0.6377469987373345361, -0.8777834388968193124, -10.77430099261701280 ) ) ;
#2257 = CARTESIAN_POINT ( 'NONE',  ( 0.9864004998515548683, 0.7166619127879000350, -9.628422796780832016 ) ) ;
#2258 = CARTESIAN_POINT ( 'NONE',  ( -2.449293598294707893E-16, -2.000000000000000888, 0.7102661703581609753 ) ) ;
#2259 = CARTESIAN_POINT ( 'NONE',  ( 0.6377469987373343141, -0.8777834388968194235, -9.135999999999999233 ) ) ;
#2260 = EDGE_LOOP ( 'NONE', ( #1943, #103, #765, #2214, #2328, #3758, #3664, #1738, #1426, #1386, #2902, #4371, #1999, #4489, #3369 ) ) ;
#2261 = CARTESIAN_POINT ( 'NONE',  ( 0.5461851752634756529, -0.5461851752634775403, 1.200000000000000178 ) ) ;
#2262 = CARTESIAN_POINT ( 'NONE',  ( 0.9864004998515546463, -0.7166619127879003681, -1.036422796780831046 ) ) ;
#2263 = CARTESIAN_POINT ( 'NONE',  ( -1.219258070856293008, 7.465802469043678121E-17, -13.68287819583619225 ) ) ;
#2264 = CARTESIAN_POINT ( 'NONE',  ( 1.916723127538735527, -0.5711150955439142640, 1.224227351595829072 ) ) ;
#2265 = CARTESIAN_POINT ( 'NONE',  ( -1.031896320180243354, -0.3352834388968184420, -10.95330099261701484 ) ) ;
#2266 = CARTESIAN_POINT ( 'NONE',  ( -1.701301616704080644, -1.236067977499790249, 0.4417661703581612365 ) ) ;
#2267 = CARTESIAN_POINT ( 'NONE',  ( 0.9864004998515547573, 0.7166619127879000350, -5.448878195836191374 ) ) ;
#2268 = CARTESIAN_POINT ( 'NONE',  ( -1.102829285353923661, 0.3583309563939501285, -7.211922796780831035 ) ) ;
#2269 = DIRECTION ( 'NONE',  ( -0.000000000000000000, -2.316899349738235597E-17, 1.000000000000000000 ) ) ;
#2270 = CARTESIAN_POINT ( 'NONE',  ( -0.9864004998515550904, 0.7166619127879003681, -3.121878195836190084 ) ) ;
#2271 = CIRCLE ( 'NONE', #4148, 1.085000000000001741 ) ;
#2272 = CARTESIAN_POINT ( 'NONE',  ( -0.9864004998515548683, -0.7166619127879001461, -6.943422796780829742 ) ) ;
#2273 = CARTESIAN_POINT ( 'NONE',  ( -1.175570504584946940, 1.618033988749895569, -3.585733829641838621 ) ) ;
#2274 = DIRECTION ( 'NONE',  ( 0.000000000000000000, -1.000000000000000000, -3.673940397442058882E-16 ) ) ;
#2275 = CARTESIAN_POINT ( 'NONE',  ( -1.902113032590307728, 0.6180339887498951246, -6.837567162975174639 ) ) ;
#2276 = CARTESIAN_POINT ( 'NONE',  ( 1.009115817449407926, 0.5411263924867422137, -1.695486937592839194 ) ) ;
#2277 = EDGE_CURVE ( 'NONE', #1783, #2289, #4032, .T. ) ;
#2278 = CARTESIAN_POINT ( 'NONE',  ( 0.3525378704127037910, -1.085000000000001963, -8.715800992617012355 ) ) ;
#2279 = CARTESIAN_POINT ( 'NONE',  ( 1.102829285353923883, 0.3583309563939498510, -9.717922796780831263 ) ) ;
#2280 = CARTESIAN_POINT ( 'NONE',  ( -1.175570504584946940, 1.618033988749895569, -3.436567162975173062 ) ) ;
#2281 = CARTESIAN_POINT ( 'NONE',  ( 1.140836513298521870, -2.095682676542192134E-16, -1.707499999999998908 ) ) ;
#2282 = VERTEX_POINT ( 'NONE', #3536 ) ;
#2283 = CARTESIAN_POINT ( 'NONE',  ( 1.701301616704080866, 1.236067977499790027, -9.403233829641838071 ) ) ;
#2284 = CARTESIAN_POINT ( 'NONE',  ( -1.219258070856293008, 7.465802469043678121E-17, 0.03757720321916935974 ) ) ;
#2285 = CARTESIAN_POINT ( 'NONE',  ( 0.6498393924658125709, -2.000000000000000888, -8.150233829641839733 ) ) ;
#2286 = CARTESIAN_POINT ( 'NONE',  ( 0.3767714644234080867, -1.159583333333335631, -11.35587819583619229 ) ) ;
#2287 = CARTESIAN_POINT ( 'NONE',  ( 0.3324999999999965206, -1.062066823462630927, 1.199999999999999734 ) ) ;
#2288 = CARTESIAN_POINT ( 'NONE',  ( 2.061123387465248300E-05, 1.085000000000001741, -11.49030622526175094 ) ) ;
#2289 = VERTEX_POINT ( 'NONE', #3893 ) ;
#2290 = CARTESIAN_POINT ( 'NONE',  ( 0.9864004998515547573, 0.7166619127879000350, -3.658878195836189562 ) ) ;
#2291 = CARTESIAN_POINT ( 'NONE',  ( -0.9864004998515547573, 0.7166619127879002571, -10.88142279678082680 ) ) ;
#2292 = VECTOR ( 'NONE', #2117, 1000.000000000000227 ) ;
#2293 = CARTESIAN_POINT ( 'NONE',  ( -0.3767714644234083088, 1.159583333333335631, -6.880878195836189981 ) ) ;
#2294 = APPROVAL_PERSON_ORGANIZATION ( #21, #261, #3466 ) ;
#2295 = CARTESIAN_POINT ( 'NONE',  ( 0.3767714644234080867, -1.159583333333335631, -8.375422796780831902 ) ) ;
#2296 = CARTESIAN_POINT ( 'NONE',  ( 1.175570504584947384, 1.618033988749895347, -2.153733829641839126 ) ) ;
#2297 = CARTESIAN_POINT ( 'NONE',  ( 0.000000000000000000, 0.000000000000000000, -0.6000000000000000888 ) ) ;
#2298 = CARTESIAN_POINT ( 'NONE',  ( 1.701301616704080200, -1.236067977499790693, -4.242067162975174277 ) ) ;
#2299 = CARTESIAN_POINT ( 'NONE',  ( 1.101285582659386808, 0.2706986097741482800, -1.709819878510975943 ) ) ;
#2300 = CARTESIAN_POINT ( 'NONE',  ( 0.9229561270619648372, 0.6705668777936369951, -8.178800992617013321 ) ) ;
#2301 = CARTESIAN_POINT ( 'NONE',  ( 1.219258070856293008, -2.239740740713103683E-16, -9.807422796780830510 ) ) ;
#2302 = CARTESIAN_POINT ( 'NONE',  ( -0.6498393924658131260, -2.000000000000000444, -1.020067162975172748 ) ) ;
#2303 = CARTESIAN_POINT ( 'NONE',  ( -1.328741777074880588E-16, -1.085000000000001741, -5.734999999999998543 ) ) ;
#2304 = EDGE_CURVE ( 'NONE', #1445, #1151, #4305, .T. ) ;
#2305 = ORIENTED_EDGE ( 'NONE', *, *, #2331, .F. ) ;
#2306 = CARTESIAN_POINT ( 'NONE',  ( 0.000000000000000000, 2.000000000000000888, -9.134733829641840330 ) ) ;
#2307 = CARTESIAN_POINT ( 'NONE',  ( -0.9864004998515548683, 0.7166619127879002571, -0.1414227967808309450 ) ) ;
#2308 = CARTESIAN_POINT ( 'NONE',  ( -1.701301616704080644, 1.236067977499790471, -8.866233829641840813 ) ) ;
#2309 = CARTESIAN_POINT ( 'NONE',  ( 0.3767714644234080867, -1.159583333333335631, -4.195878195836189484 ) ) ;
#2310 = DIRECTION ( 'NONE',  ( 0.000000000000000000, 2.316899349738235597E-17, -1.000000000000000000 ) ) ;
#2311 = CYLINDRICAL_SURFACE ( 'NONE', #3557, 2.000000000000000000 ) ;
#2312 = ORIENTED_EDGE ( 'NONE', *, *, #3626, .F. ) ;
#2313 = CARTESIAN_POINT ( 'NONE',  ( -0.7645025394513597083, -1.097999722960186775, -1.431705945275160596 ) ) ;
#2314 = CARTESIAN_POINT ( 'NONE',  ( 1.219258070856292786, -2.239740740713103683E-16, -2.647422796780829923 ) ) ;
#2315 = CARTESIAN_POINT ( 'NONE',  ( -2.029939486406956206, 0.03474846741613663720, -10.38274297513777533 ) ) ;
#2316 = CARTESIAN_POINT ( 'NONE',  ( 1.701301616704080200, -1.236067977499790693, -9.612067162975172607 ) ) ;
#2317 = CARTESIAN_POINT ( 'NONE',  ( 1.102829285353923883, -0.3583309563939503506, -3.927378195836191299 ) ) ;
#2318 = CARTESIAN_POINT ( 'NONE',  ( -1.420080017511287505E-16, -1.159583333333335409, -4.884922796780830190 ) ) ;
#2319 = CARTESIAN_POINT ( 'NONE',  ( -0.6498393924658131260, -2.000000000000000444, -2.959233829641839897 ) ) ;
#2320 = ORIENTED_EDGE ( 'NONE', *, *, #2837, .F. ) ;
#2321 = LINE ( 'NONE', #2368, #1052 ) ;
#2322 = CARTESIAN_POINT ( 'NONE',  ( -1.902113032590308173, -0.6180339887498949025, -8.448567162975173517 ) ) ;
#2323 = CARTESIAN_POINT ( 'NONE',  ( -0.0002973581249317066980, 1.084999915761509337, -3.048636645870178796 ) ) ;
#2324 = CARTESIAN_POINT ( 'NONE',  ( 0.3525378704127037910, -1.085000000000001963, -6.925800992617013208 ) ) ;
#2325 = CARTESIAN_POINT ( 'NONE',  ( 0.6815859821374817828, 0.9381226230606176664, -11.32892279678083014 ) ) ;
#2326 = CARTESIAN_POINT ( 'NONE',  ( -1.175570504584946940, 1.618033988749895569, -5.226567162975174874 ) ) ;
#2327 = CARTESIAN_POINT ( 'NONE',  ( -1.328741777074880588E-16, -1.085000000000001741, -3.944999999999998952 ) ) ;
#2328 = ORIENTED_EDGE ( 'NONE', *, *, #2304, .T. ) ;
#2329 = CARTESIAN_POINT ( 'NONE',  ( -2.102924448476535257, 1.287669847337751433E-16, -6.897233829641838732 ) ) ;
#2330 = CARTESIAN_POINT ( 'NONE',  ( -1.175570504584946940, 1.618033988749895569, -12.53573382964184013 ) ) ;
#2331 = EDGE_CURVE ( 'NONE', #2289, #432, #1830, .T. ) ;
#2332 = CARTESIAN_POINT ( 'NONE',  ( -1.175570504584946940, 1.618033988749895569, -7.165733829641839137 ) ) ;
#2333 = CARTESIAN_POINT ( 'NONE',  ( -0.6815859821374815608, 0.9381226230606178884, -6.791378195836190734 ) ) ;
#2334 = CARTESIAN_POINT ( 'NONE',  ( -0.3653939943715135974, 1.024060592012478343, -11.90365444104116577 ) ) ;
#2335 = DIRECTION ( 'NONE',  ( 1.000000000000000000, 0.000000000000000000, 0.000000000000000000 ) ) ;
#2336 = ORIENTED_EDGE ( 'NONE', *, *, #4101, .F. ) ;
#2337 = CARTESIAN_POINT ( 'NONE',  ( -0.3160021368218900450, -1.407143119302861178, -1.292188351731498264 ) ) ;
#2338 = B_SPLINE_CURVE_WITH_KNOTS ( 'NONE', 3,
 ( #2517, #1494, #1189, #758, #3537, #3916, #1883, #2164, #1817, #3243, #823, #4303, #801, #70, #2882, #844, #3894, #1123 ),
 .UNSPECIFIED., .F., .F.,
 ( 4, 2, 2, 2, 1, 1, 2, 2, 2, 4 ),
 ( 0.5773182717720877211, 0.5841406573656920953, 0.5875518501624943379, 0.5879782492620945211, 0.5884046483616948153, 0.5892574465608954037, 0.5909630429592964695, 0.6046078141465053291, 0.6182525853337142996, 0.6318973565209231591 ),
 .UNSPECIFIED. ) ;
#2339 = CARTESIAN_POINT ( 'NONE',  ( -0.02822844667382064590, 1.204840469366749378, -1.599810582778770307 ) ) ;
#2340 = CARTESIAN_POINT ( 'NONE',  ( 0.6498393924658125709, -2.000000000000000888, -11.58106716297517380 ) ) ;
#2341 = CARTESIAN_POINT ( 'NONE',  ( 0.6971588878160991376, 1.392475465091632891, -11.17795064130896598 ) ) ;
#2342 = CARTESIAN_POINT ( 'NONE',  ( 0.9864004998515546463, -0.7166619127879003681, -1.036422796780831046 ) ) ;
#2343 = CARTESIAN_POINT ( 'NONE',  ( 0.000000000000000000, 2.000000000000000888, -3.764733829641838891 ) ) ;
#2344 = DIRECTION ( 'NONE',  ( 0.000000000000000000, 0.000000000000000000, 1.000000000000000000 ) ) ;
#2345 = CARTESIAN_POINT ( 'NONE',  ( -1.902113032590307728, 0.6180339887498951246, -3.257567162975174568 ) ) ;
#2346 = CARTESIAN_POINT ( 'NONE',  ( -0.9611505366987432852, -0.5039000108490108154, -2.465250232693157351 ) ) ;
#2347 = CARTESIAN_POINT ( 'NONE',  ( 1.031896320180243354, 0.3352834388968182755, -1.108300992617014202 ) ) ;
#2348 = AXIS2_PLACEMENT_3D ( 'NONE', #2287, #3662, #550 ) ;
#2349 = CARTESIAN_POINT ( 'NONE',  ( -0.6815859821374815608, 0.9381226230606178884, -9.180922796780832229 ) ) ;
#2350 = CARTESIAN_POINT ( 'NONE',  ( -1.902113032590307728, 0.6180339887498951246, -5.047567162975174604 ) ) ;
#2351 = CARTESIAN_POINT ( 'NONE',  ( -1.031896320180243132, 0.3352834388968185531, -2.692000000000000171 ) ) ;
#2352 = VECTOR ( 'NONE', #4214, 1000.000000000000000 ) ;
#2353 = VERTEX_POINT ( 'NONE', #3850 ) ;
#2354 = CARTESIAN_POINT ( 'NONE',  ( -0.6498393924658131260, -2.000000000000000444, -6.539233829641839080 ) ) ;
#2355 = CARTESIAN_POINT ( 'NONE',  ( 0.000000000000000000, 2.000000000000000888, -14.50473382964183955 ) ) ;
#2356 = CARTESIAN_POINT ( 'NONE',  ( -0.6498393924658131260, -2.000000000000000444, -6.539233829641839080 ) ) ;
#2357 = CARTESIAN_POINT ( 'NONE',  ( 0.9864004998515546463, -0.7166619127879003681, -5.806878195836191026 ) ) ;
#2358 = CARTESIAN_POINT ( 'NONE',  ( -1.054607454996849825, -0.2915125808068020352, -11.47863820872870200 ) ) ;
#2359 = CARTESIAN_POINT ( 'NONE',  ( 0.9387896814168923409, -0.5751487063710535308, -7.233698015796530711 ) ) ;
#2360 = EDGE_LOOP ( 'NONE', ( #3754, #2640, #2632, #1295, #454, #3480 ) ) ;
#2361 = CYLINDRICAL_SURFACE ( 'NONE', #596, 2.000000000000000000 ) ;
#2362 = CARTESIAN_POINT ( 'NONE',  ( 1.175570504584947384, 1.618033988749895347, -9.164567162975172820 ) ) ;
#2363 = CARTESIAN_POINT ( 'NONE',  ( -0.6815859821374817828, -0.9381226230606178884, 0.9056218041638089966 ) ) ;
#2364 = EDGE_CURVE ( 'NONE', #2489, #3581, #1347, .T. ) ;
#2365 = CIRCLE ( 'NONE', #615, 3.276250000000000551 ) ;
#2366 = CARTESIAN_POINT ( 'NONE',  ( 0.6815859821374814498, -0.9381226230606178884, -2.915922796780830328 ) ) ;
#2367 = CARTESIAN_POINT ( 'NONE',  ( -0.8675642757978392350, 0.6668811367905760346, -6.369728006183672520 ) ) ;
#2368 = CARTESIAN_POINT ( 'NONE',  ( 0.5475281105265031867, -0.5475281105265052961, 1.220055506715775673 ) ) ;
#2369 = CARTESIAN_POINT ( 'NONE',  ( -1.902113032590307728, 0.6180339887498951246, -1.467567162975174533 ) ) ;
#2370 = CARTESIAN_POINT ( 'NONE',  ( -0.3767714644234084753, -1.159583333333334965, -9.744878195836191637 ) ) ;
#2371 = CARTESIAN_POINT ( 'NONE',  ( 0.9229561270619648372, -0.6705668777936371061, -1.376800992617013941 ) ) ;
#2372 = CARTESIAN_POINT ( 'NONE',  ( 0.3767714644234080867, -1.159583333333335631, -8.375422796780831902 ) ) ;
#2373 = CARTESIAN_POINT ( 'NONE',  ( -1.902113032590307728, 0.6180339887498951246, -3.257567162975174568 ) ) ;
#2374 = CARTESIAN_POINT ( 'NONE',  ( 1.031896320180243132, -0.3352834388968186641, -7.166999999999999815 ) ) ;
#2375 = ORIENTED_EDGE ( 'NONE', *, *, #514, .F. ) ;
#2376 = CARTESIAN_POINT ( 'NONE',  ( -1.902113032590307728, 0.6180339887498951246, -10.56673382964183894 ) ) ;
#2377 = CARTESIAN_POINT ( 'NONE',  ( -0.04240979763260290664, -1.084223152216443831, -7.535849368494052847 ) ) ;
#2378 = CARTESIAN_POINT ( 'NONE',  ( -0.6498393924658125709, 2.000000000000000444, -10.83523382964184023 ) ) ;
#2379 = CARTESIAN_POINT ( 'NONE',  ( 0.3767714644234086419, 1.159583333333334965, -5.269878195836191992 ) ) ;
#2380 = CARTESIAN_POINT ( 'NONE',  ( 1.140836513298521870, -2.095682676542191888E-16, -6.567800992617012668 ) ) ;
#2381 = VERTEX_POINT ( 'NONE', #3353 ) ;
#2382 = CARTESIAN_POINT ( 'NONE',  ( 0.6815859821374814498, -0.9381226230606178884, -2.316378195836190201 ) ) ;
#2383 = PERSON_AND_ORGANIZATION_ROLE ( 'design_supplier' ) ;
#2384 = CARTESIAN_POINT ( 'NONE',  ( -2.102924448476535257, 1.287669847337751433E-16, -8.538067162975172764 ) ) ;
#2385 = CARTESIAN_POINT ( 'NONE',  ( 1.313211516701086268, -0.1681716979970577230, -11.59206816928665518 ) ) ;
#2386 = CARTESIAN_POINT ( 'NONE',  ( 0.6815859821374814498, -0.9381226230606178884, -1.125922796780830293 ) ) ;
#2387 = CARTESIAN_POINT ( 'NONE',  ( -1.084988183938984330, 0.1421227073703188737, -6.220888591333440409 ) ) ;
#2388 = EDGE_CURVE ( 'NONE', #4155, #3614, #708, .T. ) ;
#2389 = CARTESIAN_POINT ( 'NONE',  ( -0.2392971878658470275, 1.058298351982305485, -10.14703627125581953 ) ) ;
#2390 = CARTESIAN_POINT ( 'NONE',  ( 0.6498393924658134591, 2.000000000000000444, -3.705067162975174355 ) ) ;
#2391 = CARTESIAN_POINT ( 'NONE',  ( -0.6377469987373344251, 0.8777834388968194235, -0.5713009926170131703 ) ) ;
#2392 = CARTESIAN_POINT ( 'NONE',  ( -0.9864004998515548683, -0.7166619127879001461, -6.943422796780829742 ) ) ;
#2393 = CARTESIAN_POINT ( 'NONE',  ( 0.4724818616414753203, -1.062066823462631371, 2.800000000000000266 ) ) ;
#2394 = ORIENTED_EDGE ( 'NONE', *, *, #766, .T. ) ;
#2395 = CARTESIAN_POINT ( 'NONE',  ( -0.3525378704127041241, -1.085000000000001741, 1.335500000000001242 ) ) ;
#2396 = ORIENTED_EDGE ( 'NONE', *, *, #2417, .T. ) ;
#2397 = CARTESIAN_POINT ( 'NONE',  ( -0.6498393924658131260, -2.000000000000000444, -4.749233829641838156 ) ) ;
#2398 = CARTESIAN_POINT ( 'NONE',  ( -0.07432330943860886163, -1.082660974000486886, -7.544081472119482434 ) ) ;
#2399 = CARTESIAN_POINT ( 'NONE',  ( 1.062234595591228237, 0.3333434474477812715, 1.209640648442770638 ) ) ;
#2400 = CARTESIAN_POINT ( 'NONE',  ( 1.701301616704080200, -1.236067977499790693, -4.391233829641838504 ) ) ;
#2401 = CARTESIAN_POINT ( 'NONE',  ( -0.6815859821374816718, -0.9381226230606176664, -4.464378195836190777 ) ) ;
#2402 = PLANE ( 'NONE',  #1841 ) ;
#2403 = ORIENTED_EDGE ( 'NONE', *, *, #178, .F. ) ;
#2404 = DIRECTION ( 'NONE',  ( 0.000000000000000000, -1.000000000000000000, 0.000000000000000000 ) ) ;
#2405 = CARTESIAN_POINT ( 'NONE',  ( -0.6498393924658131260, -2.000000000000000444, -13.55006716297517144 ) ) ;
#2406 = CARTESIAN_POINT ( 'NONE',  ( 0.6739050170436026166, -0.9436554111262811517, -11.86817440462188067 ) ) ;
#2407 = CARTESIAN_POINT ( 'NONE',  ( -1.102829285353923883, -0.3583309563939500175, -3.452922796780831138 ) ) ;
#2408 = DIRECTION ( 'NONE',  ( 0.000000000000000000, -1.000000000000000000, 0.000000000000000000 ) ) ;
#2409 = CARTESIAN_POINT ( 'NONE',  ( -4.141833834462461787E-06, -1.084999999992096509, -7.015302044137303739 ) ) ;
#2410 = CARTESIAN_POINT ( 'NONE',  ( 0.6498393924658125709, -2.000000000000000888, -2.631067162975174512 ) ) ;
#2411 = AXIS2_PLACEMENT_3D ( 'NONE', #418, #2094, #717 ) ;
#2412 = CARTESIAN_POINT ( 'NONE',  ( 0.3525378704127037910, -1.085000000000001963, -3.345800992617013581 ) ) ;
#2413 = CARTESIAN_POINT ( 'NONE',  ( 1.219258070856293008, -2.239740740713103683E-16, -6.227422796780831327 ) ) ;
#2414 = CARTESIAN_POINT ( 'NONE',  ( -2.449293598294707893E-16, -2.000000000000000888, -0.9305671629751735008 ) ) ;
#2415 = CARTESIAN_POINT ( 'NONE',  ( -1.328741777074880588E-16, -1.085000000000001741, -0.3649999999999989919 ) ) ;
#2416 = ORIENTED_EDGE ( 'NONE', *, *, #2748, .F. ) ;
#2417 = EDGE_CURVE ( 'NONE', #772, #1791, #4090, .T. ) ;
#2418 = TOROIDAL_SURFACE ( 'NONE', #2854, 3.276250000000000551, 0.2237500000000000044 ) ;
#2419 = CARTESIAN_POINT ( 'NONE',  ( 1.085020049565190270, 0.1420211480419011352, -3.462123091792181917 ) ) ;
#2420 = CARTESIAN_POINT ( 'NONE',  ( 0.1657199167194468858, -1.072406896705946355, -11.06182567550659712 ) ) ;
#2421 = CARTESIAN_POINT ( 'NONE',  ( -1.701301616704080644, -1.236067977499790249, -3.138233829641837946 ) ) ;
#2422 = CARTESIAN_POINT ( 'NONE',  ( -0.3767714644234084753, -1.159583333333334965, 0.9951218041638101308 ) ) ;
#2423 = CARTESIAN_POINT ( 'NONE',  ( 1.838044505796146311, -0.3325000000000066236, 1.199999999999999734 ) ) ;
#2424 = ORIENTED_EDGE ( 'NONE', *, *, #967, .T. ) ;
#2425 = CARTESIAN_POINT ( 'NONE',  ( 0.7766477742102717574, 0.7594020154226365227, -5.066368088148982096 ) ) ;
#2426 = CARTESIAN_POINT ( 'NONE',  ( -1.701301616704080644, -1.236067977499790249, -2.989067162975173275 ) ) ;
#2427 = CARTESIAN_POINT ( 'NONE',  ( 1.340757879206093683, 0.4232486533632923709, -11.44638168559162494 ) ) ;
#2428 = CARTESIAN_POINT ( 'NONE',  ( 1.290091651674670326, 0.2689205924529233238, 0.9997452572068810106 ) ) ;
#2429 = CARTESIAN_POINT ( 'NONE',  ( -1.031896320180243132, 0.3352834388968185531, -2.182300992617014490 ) ) ;
#2430 = CARTESIAN_POINT ( 'NONE',  ( 0.000000000000000000, -1.714505518806294884E-16, 1.400000000000000355 ) ) ;
#2431 = CARTESIAN_POINT ( 'NONE',  ( 0.6498393924658125709, -2.000000000000000888, -0.8410671629751741429 ) ) ;
#2432 = CARTESIAN_POINT ( 'NONE',  ( 1.140836513298521870, -2.095682676542192134E-16, -2.987800992617013485 ) ) ;
#2433 = CARTESIAN_POINT ( 'NONE',  ( 0.6815859821374817828, 0.9381226230606176664, -7.748922796780831845 ) ) ;
#2434 = DIRECTION ( 'NONE',  ( 3.477436956357154838E-15, 1.000000000000000000, 2.316899349738235597E-17 ) ) ;
#2435 = CARTESIAN_POINT ( 'NONE',  ( 1.123468551070155863, -0.02910220670273986135, 1.864731505652452048 ) ) ;
#2436 = VECTOR ( 'NONE', #1148, 1000.000000000000000 ) ;
#2437 = CARTESIAN_POINT ( 'NONE',  ( -0.3525378704127038465, 1.085000000000001741, -4.240800992617014487 ) ) ;
#2438 = ORIENTED_EDGE ( 'NONE', *, *, #1606, .T. ) ;
#2439 = CARTESIAN_POINT ( 'NONE',  ( 1.056740816066088939, 0.2841432069964983098, -3.424578087177179597 ) ) ;
#2440 = CARTESIAN_POINT ( 'NONE',  ( 0.6815859821374814498, -0.9381226230606178884, -4.705922796780829920 ) ) ;
#2441 = CARTESIAN_POINT ( 'NONE',  ( -1.175570504584946940, 1.618033988749895569, -1.795733829641838586 ) ) ;
#2442 = CARTESIAN_POINT ( 'NONE',  ( -0.6815859821374815608, 0.9381226230606178884, 0.3686218041638097409 ) ) ;
#2443 = EDGE_CURVE ( 'NONE', #2045, #3321, #407, .T. ) ;
#2444 = CARTESIAN_POINT ( 'NONE',  ( 1.322163493965502701, -1.409787557580917117, -0.6957372667097753149 ) ) ;
#2445 = ORIENTED_EDGE ( 'NONE', *, *, #1327, .T. ) ;
#2446 = CARTESIAN_POINT ( 'NONE',  ( 0.5657909255273031457, 0.9356612462351977522, -4.994064667227144483 ) ) ;
#2447 = DATE_AND_TIME ( #626, #3522 ) ;
#2448 = CARTESIAN_POINT ( 'NONE',  ( -1.701301616704080644, 1.236067977499790471, -5.137067162975173851 ) ) ;
#2449 = CARTESIAN_POINT ( 'NONE',  ( 0.5461851752634754309, 0.5461851752634773183, 1.200000000000000178 ) ) ;
#2450 = CARTESIAN_POINT ( 'NONE',  ( 1.219258070856292786, -2.239740740713103683E-16, -10.99787819583619175 ) ) ;
#2451 = CARTESIAN_POINT ( 'NONE',  ( 1.219258070856292786, -2.239740740713103683E-16, -11.59742279678082966 ) ) ;
#2452 = DIRECTION ( 'NONE',  ( 0.08715574274765836016, 0.000000000000000000, -0.9961946980917455452 ) ) ;
#2453 = PLANE ( 'NONE',  #3159 ) ;
#2454 = CARTESIAN_POINT ( 'NONE',  ( -1.420080017511287752E-16, -1.159583333333335631, -11.44537819583619154 ) ) ;
#2455 = CARTESIAN_POINT ( 'NONE',  ( -0.9864004998515548683, -0.7166619127879001461, -10.52342279678082804 ) ) ;
#2456 = CARTESIAN_POINT ( 'NONE',  ( 0.3767714644234080867, -1.159583333333335631, -4.795422796780830055 ) ) ;
#2457 = CARTESIAN_POINT ( 'NONE',  ( 8.931115395849342775E-15, 1.036497276896142239E-13, 2.799999999999999822 ) ) ;
#2458 = CARTESIAN_POINT ( 'NONE',  ( 0.6377469987373346472, 0.8777834388968193124, -11.66930099261701415 ) ) ;
#2459 = CARTESIAN_POINT ( 'NONE',  ( -0.3525378704127040685, -1.085000000000001741, -3.524800992617013851 ) ) ;
#2460 = ORIENTED_EDGE ( 'NONE', *, *, #2886, .T. ) ;
#2461 = CARTESIAN_POINT ( 'NONE',  ( -0.0002973581249317066980, 1.084999915761509337, -3.048636645870178796 ) ) ;
#2462 = CARTESIAN_POINT ( 'NONE',  ( -0.3767714644234081978, 1.159583333333334965, -2.110422796780831334 ) ) ;
#2463 = CARTESIAN_POINT ( 'NONE',  ( 1.902113032590307728, -0.6180339887498953466, -6.091733829641840181 ) ) ;
#2464 = CARTESIAN_POINT ( 'NONE',  ( -0.3767714644234084753, -1.159583333333334965, -0.7948781958361899047 ) ) ;
#2465 = CARTESIAN_POINT ( 'NONE',  ( -0.6549038605171473293, -1.577576036356522549, -0.9639720904703998894 ) ) ;
#2466 = ORIENTED_EDGE ( 'NONE', *, *, #154, .F. ) ;
#2467 = CARTESIAN_POINT ( 'NONE',  ( 1.088868311864843230, -1.944950119079587722E-16, -1.725153930907082023 ) ) ;
#2468 = ADVANCED_FACE ( 'NONE', ( #3253 ), #3297, .T. ) ;
#2469 = CARTESIAN_POINT ( 'NONE',  ( -1.175570504584946940, 1.618033988749895569, -3.436567162975173062 ) ) ;
#2470 = CARTESIAN_POINT ( 'NONE',  ( 1.502566654650460132, 0.6811467644909617869, -11.00765840303645504 ) ) ;
#2471 = CARTESIAN_POINT ( 'NONE',  ( 0.1977853495594985578, -1.074305360210624949, -2.104519721230440954 ) ) ;
#2472 = EDGE_CURVE ( 'NONE', #3524, #153, #1336, .T. ) ;
#2473 = CARTESIAN_POINT ( 'NONE',  ( -7.091967079604857481E-06, 1.084999999952577454, -7.910269118149812151 ) ) ;
#2474 = LINE ( 'NONE', #3806, #1787 ) ;
#2475 = CARTESIAN_POINT ( 'NONE',  ( 0.9864004998515550904, 0.7166619127879001461, -12.60887819583619063 ) ) ;
#2476 = AXIS2_PLACEMENT_3D ( 'NONE', #1810, #1050, #18 ) ;
#2477 = CARTESIAN_POINT ( 'NONE',  ( 0.3767714644234080867, -1.159583333333335631, -10.16542279678083105 ) ) ;
#2478 = CARTESIAN_POINT ( 'NONE',  ( 0.3767714644234080867, -1.159583333333335631, -3.005422796780831352 ) ) ;
#2479 = LINE ( 'NONE', #3162, #1557 ) ;
#2480 = CYLINDRICAL_SURFACE ( 'NONE', #2937, 1.085000000000001741 ) ;
#2481 = CARTESIAN_POINT ( 'NONE',  ( -1.062066823462629594, -0.4724818616414791506, 2.800000000000000266 ) ) ;
#2482 = VERTEX_POINT ( 'NONE', #1825 ) ;
#2483 = CARTESIAN_POINT ( 'NONE',  ( -0.6377469987373345361, -0.8777834388968193124, -12.56430099261701372 ) ) ;
#2484 = CARTESIAN_POINT ( 'NONE',  ( 0.2858255234030036007, -1.047298592891358515, -9.238839224266106598 ) ) ;
#2485 = CARTESIAN_POINT ( 'NONE',  ( -0.6498393924658131260, -2.000000000000000444, -4.749233829641838156 ) ) ;
#2486 = CARTESIAN_POINT ( 'NONE',  ( 0.3767714644234080867, -1.159583333333335631, -0.6158781958361910780 ) ) ;
#2487 = DIRECTION ( 'NONE',  ( -0.3826834323651023273, -0.9238795325112815204, -2.400117229230490587E-16 ) ) ;
#2488 = VECTOR ( 'NONE', #1173, 1000.000000000000114 ) ;
#2489 = VERTEX_POINT ( 'NONE', #3207 ) ;
#2490 = DIRECTION ( 'NONE',  ( -0.000000000000000000, -2.316899349738235597E-17, 1.000000000000000000 ) ) ;
#2491 = CARTESIAN_POINT ( 'NONE',  ( -1.701301616704080644, -1.236067977499790249, -8.359067162975176046 ) ) ;
#2492 = CARTESIAN_POINT ( 'NONE',  ( 0.4142924940470805728, -1.350652409339221371, -11.42735008538302743 ) ) ;
#2493 = CARTESIAN_POINT ( 'NONE',  ( 0.9864004998515547573, 0.7166619127879000350, -9.028878195836192333 ) ) ;
#2494 = ORIENTED_EDGE ( 'NONE', *, *, #1575, .F. ) ;
#2495 = CARTESIAN_POINT ( 'NONE',  ( 0.3525378704127037355, -1.085000000000001963, -8.715800992617012355 ) ) ;
#2496 = CARTESIAN_POINT ( 'NONE',  ( 2.058081269159240715E-05, 1.084999999594008280, -4.330394198261221739 ) ) ;
#2497 = EDGE_CURVE ( 'NONE', #755, #2695, #188, .T. ) ;
#2498 = CARTESIAN_POINT ( 'NONE',  ( 1.219258070856293230, -2.239740740713104176E-16, -10.99787819583619353 ) ) ;
#2499 = CARTESIAN_POINT ( 'NONE',  ( -0.3767714644234084753, -1.159583333333334965, -12.13442279678083047 ) ) ;
#2500 = CARTESIAN_POINT ( 'NONE',  ( -1.701301616704080644, -1.236067977499790027, -8.508233829641840273 ) ) ;
#2501 = CARTESIAN_POINT ( 'NONE',  ( 0.000000000000000000, 0.000000000000000000, -0.6000000000000000888 ) ) ;
#2502 = CARTESIAN_POINT ( 'NONE',  ( 1.701301616704080200, -1.236067977499790693, -13.19206716297517268 ) ) ;
#2503 = ORIENTED_EDGE ( 'NONE', *, *, #4156, .F. ) ;
#2504 = CARTESIAN_POINT ( 'NONE',  ( -0.9229561270619648372, 0.6705668777936369951, -14.80180099261701621 ) ) ;
#2505 = CARTESIAN_POINT ( 'NONE',  ( 0.2507703279075946812, -1.056240888784212517, -9.248238404531598178 ) ) ;
#2506 = VECTOR ( 'NONE', #2772, 1000.000000000000114 ) ;
#2507 = CARTESIAN_POINT ( 'NONE',  ( 2.102924448476535257, -3.863009542013253312E-16, -7.643067162975173190 ) ) ;
#2508 = CARTESIAN_POINT ( 'NONE',  ( 0.000000000000000000, 1.159583333333335409, 0.1896218041638093876 ) ) ;
#2509 = DIRECTION ( 'NONE',  ( 1.000000000000000000, 0.000000000000000000, 0.000000000000000000 ) ) ;
#2510 = EDGE_LOOP ( 'NONE', ( #2525, #673, #2403, #2396 ) ) ;
#2511 = AXIS2_PLACEMENT_3D ( 'NONE', #442, #95, #3286 ) ;
#2512 = CARTESIAN_POINT ( 'NONE',  ( 1.074634102150037407, -0.2208178240563573036, -5.347793315248173585 ) ) ;
#2513 = CARTESIAN_POINT ( 'NONE',  ( 1.175570504584946718, -1.618033988749895569, -7.911567162975174483 ) ) ;
#2514 = CARTESIAN_POINT ( 'NONE',  ( -1.020701531178719312, -0.7085219273029925713, -11.73917367892225982 ) ) ;
#2515 = CARTESIAN_POINT ( 'NONE',  ( -0.3767714644234084753, -1.159583333333334965, -11.53487819583618901 ) ) ;
#2516 = CARTESIAN_POINT ( 'NONE',  ( 1.140836513298521870, -2.095682676542191888E-16, -8.357800992617013591 ) ) ;
#2517 = CARTESIAN_POINT ( 'NONE',  ( -9.618868235926957369E-05, 1.084999991224358418, -4.839560724297450101 ) ) ;
#2518 = CARTESIAN_POINT ( 'NONE',  ( -0.6815859821374817828, -0.9381226230606178884, -9.834378195836192660 ) ) ;
#2519 = EDGE_CURVE ( 'NONE', #2240, #4204, #3527, .T. ) ;
#2520 = CARTESIAN_POINT ( 'NONE',  ( -0.9229561270619648372, -0.6705668777936369951, -0.1238009926170131614 ) ) ;
#2521 = B_SPLINE_CURVE_WITH_KNOTS ( 'NONE', 3,
 ( #1666, #1733, #1409, #1387 ),
 .UNSPECIFIED., .F., .F.,
 ( 4, 4 ),
 ( 0.000000000000000000, 0.0009772958469474169168 ),
 .UNSPECIFIED. ) ;
#2522 = DIRECTION ( 'NONE',  ( -0.9238795325112855172, 0.3826834323650926684, 8.866389956022791347E-18 ) ) ;
#2523 = CARTESIAN_POINT ( 'NONE',  ( -0.3525378704127040685, -1.085000000000001741, -5.314800992617012554 ) ) ;
#2524 = CARTESIAN_POINT ( 'NONE',  ( -2.449293598294707893E-16, -2.000000000000000888, -11.67056716297517482 ) ) ;
#2525 = ORIENTED_EDGE ( 'NONE', *, *, #2574, .T. ) ;
#2526 = ADVANCED_FACE ( 'NONE', ( #1455 ), #902, .F. ) ;
#2527 = CYLINDRICAL_SURFACE ( 'NONE', #440, 3.500000000000000444 ) ;
#2528 = CARTESIAN_POINT ( 'NONE',  ( 0.09282254719615590233, 1.085000173757122655, -10.23490232870736172 ) ) ;
#2529 = CARTESIAN_POINT ( 'NONE',  ( -1.701301616704080644, 1.236067977499790249, -6.927067162975174774 ) ) ;
#2530 = CARTESIAN_POINT ( 'NONE',  ( -0.9229561270619648372, -0.6705668777936369951, -7.793499999999998984 ) ) ;
#2531 = CARTESIAN_POINT ( 'NONE',  ( -0.1824924750025099240, 1.069869379980041169, -8.372410331719542853 ) ) ;
#2532 = VERTEX_POINT ( 'NONE', #2217 ) ;
#2533 = CARTESIAN_POINT ( 'NONE',  ( -1.031896320180243132, 0.3352834388968185531, -7.552300992617014153 ) ) ;
#2534 = CARTESIAN_POINT ( 'NONE',  ( 0.000000000000000000, 1.159583333333335409, -14.13037819583619203 ) ) ;
#2535 = CARTESIAN_POINT ( 'NONE',  ( 1.701301616704080200, -1.236067977499790693, -2.452067162975173353 ) ) ;
#2536 = CARTESIAN_POINT ( 'NONE',  ( 1.262113422102148386, 1.144412317395616885, -10.92933725558658686 ) ) ;
#2537 = CARTESIAN_POINT ( 'NONE',  ( -2.449293598294707893E-16, -2.000000000000000888, -1.079733829641839060 ) ) ;
#2538 = CARTESIAN_POINT ( 'NONE',  ( 0.3767714644234080867, -1.159583333333335631, -7.775878195836191331 ) ) ;
#2539 = CARTESIAN_POINT ( 'NONE',  ( 0.3525378704127042351, 1.085000000000001741, -7.999800992617013939 ) ) ;
#2540 = CARTESIAN_POINT ( 'NONE',  ( -0.3767714644234083088, 1.159583333333335631, -8.670878195836191793 ) ) ;
#2541 = CARTESIAN_POINT ( 'NONE',  ( 0.000000000000000000, 1.159583333333335409, -12.93992279678083257 ) ) ;
#2542 =( BOUNDED_CURVE ( )  B_SPLINE_CURVE ( 2, ( #757, #2163, #51, #1493, #1081, #2819, #1796, #441, #3492, #1144, #1446 ),
 .UNSPECIFIED., .F., .T. ) 
 B_SPLINE_CURVE_WITH_KNOTS ( ( 3, 2, 2, 2, 2, 3 ),
 ( 0.2872249387878395011, 0.2987139222640581293, 0.3102029192741963537, 0.3216919162843345781, 0.3331809132944728025, 0.3446699222976148391 ),
 .UNSPECIFIED. ) 
 CURVE ( )  GEOMETRIC_REPRESENTATION_ITEM ( )  RATIONAL_B_SPLINE_CURVE ( ( 1.000000000000000000, 0.9510565162951535312, 1.000000000000000000, 0.9510565162951535312, 1.000000000000000000, 0.9510565162951535312, 1.000000000000000000, 0.9510565162951535312, 1.000000000000000000, 0.9510565162951535312, 1.000000000000000000 ) ) 
 REPRESENTATION_ITEM ( '' )  );
#2543 = CARTESIAN_POINT ( 'NONE',  ( 1.701301616704080866, 1.236067977499789805, -7.613233829641838923 ) ) ;
#2544 = CARTESIAN_POINT ( 'NONE',  ( -1.031896320180243354, -0.3352834388968184420, -5.583300992617013847 ) ) ;
#2545 = CARTESIAN_POINT ( 'NONE',  ( 0.000000000000000000, 2.000000000000000888, -10.77556716297517525 ) ) ;
#2546 = ORIENTED_EDGE ( 'NONE', *, *, #4378, .T. ) ;
#2547 = CARTESIAN_POINT ( 'NONE',  ( -0.7174944879080841220, 1.570348533160784044, -10.87672540004726507 ) ) ;
#2548 = DIRECTION ( 'NONE',  ( 0.000000000000000000, 0.000000000000000000, 1.000000000000000000 ) ) ;
#2549 = CARTESIAN_POINT ( 'NONE',  ( -0.6498393924658131260, -2.000000000000000444, 0.6207661703581615065 ) ) ;
#2550 = CARTESIAN_POINT ( 'NONE',  ( 0.6377469987373346472, 0.8777834388968193124, -10.38899999999999935 ) ) ;
#2551 = EDGE_CURVE ( 'NONE', #3246, #208, #1521, .T. ) ;
#2552 = ORIENTED_EDGE ( 'NONE', *, *, #3441, .T. ) ;
#2553 = CARTESIAN_POINT ( 'NONE',  ( -0.9229561270619647262, 0.6705668777936368841, -7.641800992617014288 ) ) ;
#2554 = CARTESIAN_POINT ( 'NONE',  ( -1.102829285353923883, -0.3583309563939500175, -10.01337819583619115 ) ) ;
#2555 = CARTESIAN_POINT ( 'NONE',  ( 1.701301616704080200, -1.236067977499790693, 1.127932837024826052 ) ) ;
#2556 = CARTESIAN_POINT ( 'NONE',  ( -0.6377469987373344251, 0.8777834388968194235, -11.31130099261701361 ) ) ;
#2557 = CARTESIAN_POINT ( 'NONE',  ( 0.6498393924658125709, -2.000000000000000888, -0.9902338296418397023 ) ) ;
#2558 = CARTESIAN_POINT ( 'NONE',  ( -0.3767714644234084753, -1.159583333333334965, -4.374878195836190642 ) ) ;
#2559 = CARTESIAN_POINT ( 'NONE',  ( 0.9864004998515545353, -0.7166619127879003681, -6.406422796780830708 ) ) ;
#2560 = LINE ( 'NONE', #3603, #980 ) ;
#2561 = CARTESIAN_POINT ( 'NONE',  ( 0.6815859821374818939, 0.9381226230606178884, -7.149378195836191274 ) ) ;
#2562 = CARTESIAN_POINT ( 'NONE',  ( -0.3767714644234081978, 1.159583333333334965, -5.690422796780831405 ) ) ;
#2563 = CARTESIAN_POINT ( 'NONE',  ( 0.6498393924658125709, -2.000000000000000888, -6.360233829641838810 ) ) ;
#2564 = CARTESIAN_POINT ( 'NONE',  ( -0.9229561270619647262, -0.6705668777936368841, -5.493800992617013712 ) ) ;
#2565 = CARTESIAN_POINT ( 'NONE',  ( -1.902113032590307728, 0.6180339887498951246, -12.20756716297517386 ) ) ;
#2566 = ORIENTED_EDGE ( 'NONE', *, *, #638, .T. ) ;
#2567 = CARTESIAN_POINT ( 'NONE',  ( -1.031896320180243354, -0.3352834388968184420, -7.373300992617013883 ) ) ;
#2568 = CARTESIAN_POINT ( 'NONE',  ( 0.2094014725261174881, 1.073519368173769806, -10.26517398018519067 ) ) ;
#2569 = CARTESIAN_POINT ( 'NONE',  ( -0.6498393924658125709, 2.000000000000000444, -8.896067162975173304 ) ) ;
#2570 = CARTESIAN_POINT ( 'NONE',  ( -1.031896320180243132, 0.3352834388968185531, -11.64199999999999946 ) ) ;
#2571 = ORIENTED_EDGE ( 'NONE', *, *, #514, .T. ) ;
#2572 = CARTESIAN_POINT ( 'NONE',  ( 1.701301616704080866, 1.236067977499790027, -12.98323382964183814 ) ) ;
#2573 = AXIS2_PLACEMENT_3D ( 'NONE', #2430, #2752, #3449 ) ;
#2574 = EDGE_CURVE ( 'NONE', #1791, #179, #1362, .T. ) ;
#2575 = CARTESIAN_POINT ( 'NONE',  ( 0.6815859821374814498, -0.9381226230606178884, -11.26637819583619127 ) ) ;
#2576 = CARTESIAN_POINT ( 'NONE',  ( 0.3324999999999938005, -1.838044505796227135, 1.199999999999999512 ) ) ;
#2577 = CC_DESIGN_APPROVAL ( #1350, ( #2195 ) ) ;
#2578 = CARTESIAN_POINT ( 'NONE',  ( 8.855726147994392812E-06, -1.084999999963861539, -7.524997751766554721 ) ) ;
#2579 = CARTESIAN_POINT ( 'NONE',  ( -1.902113032590308173, -0.6180339887498949025, -3.227733829641839414 ) ) ;
#2580 = CARTESIAN_POINT ( 'NONE',  ( 1.219258070856292786, -2.239740740713103683E-16, -3.837878195836189832 ) ) ;
#2581 = EDGE_CURVE ( 'NONE', #1523, #4464, #2479, .T. ) ;
#2582 = CARTESIAN_POINT ( 'NONE',  ( 1.102829285353923661, -0.3583309563939502396, -6.316922796780831462 ) ) ;
#2583 = CARTESIAN_POINT ( 'NONE',  ( 0.000000000000000000, 2.579999999999999183, 2.799999999999999822 ) ) ;
#2584 = CARTESIAN_POINT ( 'NONE',  ( 0.9864004998515548683, -0.7166619127879004791, -2.226878195836191399 ) ) ;
#2585 = CARTESIAN_POINT ( 'NONE',  ( 1.102829285353923661, -0.3583309563939502396, -9.896922796780831533 ) ) ;
#2586 = CARTESIAN_POINT ( 'NONE',  ( 1.175570504584947384, 1.618033988749895347, -5.733733829641838753 ) ) ;
#2587 = CARTESIAN_POINT ( 'NONE',  ( 2.058081269159240715E-05, 1.084999999594008280, -4.330394198261221739 ) ) ;
#2588 = CARTESIAN_POINT ( 'NONE',  ( -1.902113032590307728, 0.6180339887498951246, -8.627567162975173787 ) ) ;
#2589 = EDGE_LOOP ( 'NONE', ( #3685, #4144, #726, #2503 ) ) ;
#2590 = CARTESIAN_POINT ( 'NONE',  ( 0.6377469987373346472, 0.8777834388968193124, -6.299300992617014039 ) ) ;
#2591 = CARTESIAN_POINT ( 'NONE',  ( -1.420080017511287505E-16, -1.159583333333335409, -10.25492279678083207 ) ) ;
#2592 = CARTESIAN_POINT ( 'NONE',  ( 0.6498393924658134591, 2.000000000000000444, -0.2742338296418382892 ) ) ;
#2593 = CARTESIAN_POINT ( 'NONE',  ( 0.000000000000000000, 1.085000000000001741, -12.00000000000000000 ) ) ;
#2594 = ORIENTED_EDGE ( 'NONE', *, *, #1355, .F. ) ;
#2595 = CARTESIAN_POINT ( 'NONE',  ( -0.6498393924658125709, 2.000000000000000444, -12.62523382964184115 ) ) ;
#2596 = CARTESIAN_POINT ( 'NONE',  ( 1.102829285353923661, -0.3583309563939502396, -0.9469227967808299118 ) ) ;
#2597 = CARTESIAN_POINT ( 'NONE',  ( 0.6815859821374814498, -0.9381226230606178884, -13.05637819583619219 ) ) ;
#2598 = CARTESIAN_POINT ( 'NONE',  ( -1.175570504584946940, 1.618033988749895569, -1.646567162975173026 ) ) ;
#2599 = FACE_OUTER_BOUND ( 'NONE', #3192, .T. ) ;
#2600 = CARTESIAN_POINT ( 'NONE',  ( 0.6498393924658134591, 2.000000000000000444, -2.064233829641839879 ) ) ;
#2601 = ADVANCED_FACE ( 'NONE', ( #1754 ), #311, .T. ) ;
#2602 = CARTESIAN_POINT ( 'NONE',  ( 1.102829285353923883, 0.3583309563939498510, -7.328378195836190656 ) ) ;
#2603 = CARTESIAN_POINT ( 'NONE',  ( -0.9864004998515547573, -0.7166619127879001461, -6.943422796780829742 ) ) ;
#2604 = FACE_OUTER_BOUND ( 'NONE', #1686, .T. ) ;
#2605 = CARTESIAN_POINT ( 'NONE',  ( -0.9864004998515550904, 0.7166619127879003681, -4.911878195836191452 ) ) ;
#2606 = EDGE_CURVE ( 'NONE', #432, #3614, #3453, .T. ) ;
#2607 = CARTESIAN_POINT ( 'NONE',  ( -1.420080017511287505E-16, -1.159583333333335409, -8.464922796780831149 ) ) ;
#2608 = CARTESIAN_POINT ( 'NONE',  ( -0.6498393924658125709, 2.000000000000000444, -3.675233829641839645 ) ) ;
#2609 = LINE ( 'NONE', #3985, #4094 ) ;
#2610 = CARTESIAN_POINT ( 'NONE',  ( -1.701301616704080644, -1.236067977499790249, -8.359067162975176046 ) ) ;
#2611 = CARTESIAN_POINT ( 'NONE',  ( -0.9714452194780364147, -0.4837763861371890961, -2.471304007700826144 ) ) ;
#2612 = CARTESIAN_POINT ( 'NONE',  ( -0.6377469987373345361, -0.8777834388968193124, -8.984300992617013648 ) ) ;
#2613 = CARTESIAN_POINT ( 'NONE',  ( -0.9864004998515548683, -0.7166619127879001461, -12.31342279678083074 ) ) ;
#2614 = CARTESIAN_POINT ( 'NONE',  ( -1.175570504584946940, 1.618033988749895569, -1.646567162975173026 ) ) ;
#2615 = CARTESIAN_POINT ( 'NONE',  ( -1.031896320180243354, -0.3352834388968184420, -11.46300000000000097 ) ) ;
#2616 = ORIENTED_EDGE ( 'NONE', *, *, #7, .F. ) ;
#2617 = CARTESIAN_POINT ( 'NONE',  ( -7.091967079604857481E-06, 1.084999999952577454, -7.910269118149812151 ) ) ;
#2618 = CARTESIAN_POINT ( 'NONE',  ( 1.107238534249620709, -0.3447606836563549271, 0.8464666380093910369 ) ) ;
#2619 = CARTESIAN_POINT ( 'NONE',  ( 1.701301616704080200, -1.236067977499790693, -7.971233829641839463 ) ) ;
#2620 = CARTESIAN_POINT ( 'NONE',  ( -0.5461851752634754309, -0.5461851752634777624, 1.200000000000000178 ) ) ;
#2621 = CARTESIAN_POINT ( 'NONE',  ( -1.701301616704080644, -1.236067977499790249, 0.5909328370248267959 ) ) ;
#2622 = CARTESIAN_POINT ( 'NONE',  ( 2.738911528132881301E-12, 2.160543879220488961E-13, 1.200000000000000178 ) ) ;
#2623 = ORIENTED_EDGE ( 'NONE', *, *, #898, .T. ) ;
#2624 = CARTESIAN_POINT ( 'NONE',  ( -0.3767714644234081978, 1.159583333333334965, -6.880878195836189981 ) ) ;
#2625 = CARTESIAN_POINT ( 'NONE',  ( 1.102829285353923661, -0.3583309563939502396, -9.896922796780831533 ) ) ;
#2626 =( LENGTH_UNIT ( ) NAMED_UNIT ( * ) SI_UNIT ( .MILLI., .METRE. ) );
#2627 = CARTESIAN_POINT ( 'NONE',  ( 0.6815859821374818939, 0.9381226230606178884, -5.359378195836190351 ) ) ;
#2628 = CARTESIAN_POINT ( 'NONE',  ( 1.219258070856293008, -2.239740740713103683E-16, -9.807422796780830510 ) ) ;
#2629 = CARTESIAN_POINT ( 'NONE',  ( -1.925154055351189442, 0.3791515225169892478, 1.733229342372406334 ) ) ;
#2630 = ADVANCED_FACE ( 'NONE', ( #3094 ), #998, .T. ) ;
#2631 = B_SPLINE_CURVE_WITH_KNOTS ( 'NONE', 3,
 ( #4186, #3462, #2834, #2444, #2176, #2108, #4230, #3864, #1027, #4161, #3191, #3820, #1413, #3797, #367, #711, #2465, #3530, #689, #389, #771, #2088, #345, #3843, #1763, #1737, #2156, #4209, #3122, #412 ),
 .UNSPECIFIED., .F., .F.,
 ( 4, 2, 2, 2, 2, 2, 2, 2, 2, 2, 2, 2, 2, 2, 4 ),
 ( 0.000000000000000000, 0.0005996085251926679561, 0.001199217050385335912, 0.001499021312981669782, 0.001798825575578003868, 0.002098629838174337955, 0.002398434100770671824, 0.002698238363367005694, 0.002998042625963339564, 0.003297846888559673867, 0.003597651151156007737, 0.003897455413752341606, 0.004197259676348675909, 0.004497063938945009345, 0.004796868201541343649 ),
 .UNSPECIFIED. ) ;
#2632 = ORIENTED_EDGE ( 'NONE', *, *, #4185, .T. ) ;
#2633 = CARTESIAN_POINT ( 'NONE',  ( -1.569061119719389108, 1.158668375657218252, -10.49242843121493074 ) ) ;
#2634 = CARTESIAN_POINT ( 'NONE',  ( 1.902113032590307728, -0.6180339887498953466, -5.942567162975174178 ) ) ;
#2635 = CARTESIAN_POINT ( 'NONE',  ( -0.9476369339780574830, 0.5471443036688606876, -2.753192963650227920 ) ) ;
#2636 = CARTESIAN_POINT ( 'NONE',  ( -0.3525378704127041241, -1.085000000000001741, -10.68480099261701177 ) ) ;
#2637 = CARTESIAN_POINT ( 'NONE',  ( -1.102829285353923661, 0.3583309563939501285, -9.001922796780831959 ) ) ;
#2638 = CARTESIAN_POINT ( 'NONE',  ( -0.6498393924658125709, 2.000000000000000444, -1.736067162975173606 ) ) ;
#2639 = CARTESIAN_POINT ( 'NONE',  ( -0.3525378704127039020, 1.085000000000001741, -2.960499999999999243 ) ) ;
#2640 = ORIENTED_EDGE ( 'NONE', *, *, #406, .T. ) ;
#2641 = CARTESIAN_POINT ( 'NONE',  ( 0.6498393924658134591, 2.000000000000000444, -7.434233829641839542 ) ) ;
#2642 = CARTESIAN_POINT ( 'NONE',  ( 1.175570504584947384, 1.618033988749895347, -12.89373382964184067 ) ) ;
#2643 = CARTESIAN_POINT ( 'NONE',  ( 0.6498393924658125709, -2.000000000000000888, -11.73023382964183980 ) ) ;
#2644 = CARTESIAN_POINT ( 'NONE',  ( 0.9864004998515546463, -0.7166619127879003681, -4.016878195836190990 ) ) ;
#2645 = DIRECTION ( 'NONE',  ( 0.000000000000000000, -2.316899349738235597E-17, 1.000000000000000000 ) ) ;
#2646 = PLANE ( 'NONE',  #963 ) ;
#2647 = ORIENTED_EDGE ( 'NONE', *, *, #2034, .T. ) ;
#2648 = CARTESIAN_POINT ( 'NONE',  ( -0.9689227816103538338, -0.8040063028698365422, -1.529997688975878845 ) ) ;
#2649 = CARTESIAN_POINT ( 'NONE',  ( 1.219258070856292786, -2.239740740713103683E-16, -4.437422796780830403 ) ) ;
#2650 = AXIS2_PLACEMENT_3D ( 'NONE', #3095, #2188, #1868 ) ;
#2651 = CARTESIAN_POINT ( 'NONE',  ( 1.175570504584946718, -1.618033988749895569, -9.701567162975173630 ) ) ;
#2652 = CARTESIAN_POINT ( 'NONE',  ( 0.000000000000000000, 1.159583333333335631, -6.970378195836191004 ) ) ;
#2653 = AXIS2_PLACEMENT_3D ( 'NONE', #1418, #4165, #648 ) ;
#2654 = CARTESIAN_POINT ( 'NONE',  ( -1.102829285353923661, 0.3583309563939501285, -5.421922796780831888 ) ) ;
#2655 = DIRECTION ( 'NONE',  ( 0.9238795325112855172, -0.3826834323650926684, -8.866389956022791347E-18 ) ) ;
#2656 = VERTEX_POINT ( 'NONE', #2079 ) ;
#2657 = LINE ( 'NONE', #607, #4465 ) ;
#2658 = CARTESIAN_POINT ( 'NONE',  ( -1.175570504584947162, -1.618033988749895347, -6.479567162975173211 ) ) ;
#2659 = DIRECTION ( 'NONE',  ( 1.000000000000000000, -1.224646799147353207E-16, -2.837383372603514273E-33 ) ) ;
#2660 = ADVANCED_FACE ( 'NONE', ( #1429 ), #491, .F. ) ;
#2661 = CARTESIAN_POINT ( 'NONE',  ( -0.3525378704127039020, 1.085000000000001741, -7.820800992617014558 ) ) ;
#2662 = CARTESIAN_POINT ( 'NONE',  ( 1.102829285353923661, -0.3583309563939502396, -11.68692279678083068 ) ) ;
#2663 = CARTESIAN_POINT ( 'NONE',  ( -1.902113032590308173, -0.6180339887498949025, -4.868567162975174334 ) ) ;
#2664 = CARTESIAN_POINT ( 'NONE',  ( 1.140836513298521870, -2.095682676542192134E-16, -5.287499999999997868 ) ) ;
#2665 = ORIENTED_EDGE ( 'NONE', *, *, #2497, .F. ) ;
#2666 = ADVANCED_FACE ( 'NONE', ( #1780 ), #3259, .T. ) ;
#2667 = CARTESIAN_POINT ( 'NONE',  ( 0.000000000000000000, 2.000000000000000888, -7.344733829641839407 ) ) ;
#2668 = CARTESIAN_POINT ( 'NONE',  ( -2.449293598294707893E-16, -2.000000000000000888, -13.60973382964183998 ) ) ;
#2669 = CARTESIAN_POINT ( 'NONE',  ( -1.701301616704080644, -1.236067977499790249, -8.508233829641838497 ) ) ;
#2670 = CARTESIAN_POINT ( 'NONE',  ( 1.219258070856293008, -2.239740740713103683E-16, -3.837878195836189832 ) ) ;
#2671 = CARTESIAN_POINT ( 'NONE',  ( 2.098428138926443620E-05, 1.085000000000001741, -4.330306319968602935 ) ) ;
#2672 = DIRECTION ( 'NONE',  ( 0.000000000000000000, -1.000000000000000000, -2.478176394252582127E-16 ) ) ;
#2673 = ORIENTED_EDGE ( 'NONE', *, *, #3495, .F. ) ;
#2674 = CARTESIAN_POINT ( 'NONE',  ( 0.000000000000000000, 0.000000000000000000, -0.6000000000000000888 ) ) ;
#2675 = CARTESIAN_POINT ( 'NONE',  ( -1.470030372928110562, 0.09414658672038460352, -1.254457985521012509 ) ) ;
#2676 = CARTESIAN_POINT ( 'NONE',  ( -1.701301616704080644, -1.236067977499790249, -10.14906716297517342 ) ) ;
#2677 = CARTESIAN_POINT ( 'NONE',  ( 0.9304207111458997481, 1.203167842599683013, -11.24240481034021322 ) ) ;
#2678 = CARTESIAN_POINT ( 'NONE',  ( -0.6815859821374816718, -0.9381226230606176664, 0.3060772032191689807 ) ) ;
#2679 = CARTESIAN_POINT ( 'NONE',  ( -2.102924448476535257, 1.287669847337750940E-16, -1.527233829641838847 ) ) ;
#2680 = DIRECTION ( 'NONE',  ( -3.011578924828404329E-17, -1.000000000000000000, -2.316899349738235597E-17 ) ) ;
#2681 = CARTESIAN_POINT ( 'NONE',  ( -0.6498393924658131260, -2.000000000000000444, -8.180067162975174000 ) ) ;
#2682 = CARTESIAN_POINT ( 'NONE',  ( -0.5460214441742957669, 0.9482748856125436943, -2.899310146866290960 ) ) ;
#2683 = CARTESIAN_POINT ( 'NONE',  ( 0.9229561270619648372, 0.6705668777936369951, -4.598800992617012362 ) ) ;
#2684 = CARTESIAN_POINT ( 'NONE',  ( 0.3767714644234080867, -1.159583333333335631, -10.16542279678083105 ) ) ;
#2685 = CARTESIAN_POINT ( 'NONE',  ( 0.000000000000000000, 2.000000000000000888, -3.615567162975173332 ) ) ;
#2686 = CARTESIAN_POINT ( 'NONE',  ( -1.031896320180243354, -0.3352834388968184420, -4.302999999999999936 ) ) ;
#2687 = VERTEX_POINT ( 'NONE', #4177 ) ;
#2688 = CARTESIAN_POINT ( 'NONE',  ( 2.102924448476535257, -3.863009542013253312E-16, -6.002233829641839158 ) ) ;
#2689 = CARTESIAN_POINT ( 'NONE',  ( -1.102829285353923661, 0.3583309563939501285, -1.841922796780831595 ) ) ;
#2690 = CARTESIAN_POINT ( 'NONE',  ( -1.902113032590307728, 0.6180339887498951246, -8.776733829641839790 ) ) ;
#2691 = CARTESIAN_POINT ( 'NONE',  ( 1.102829285353923883, 0.3583309563939498510, -5.538378195836191509 ) ) ;
#2692 = EDGE_CURVE ( 'NONE', #3185, #2039, #3115, .T. ) ;
#2693 = CARTESIAN_POINT ( 'NONE',  ( -0.1067597570009519298, 1.079879204349935451, -11.97247863901549003 ) ) ;
#2694 = DIRECTION ( 'NONE',  ( -0.000000000000000000, -1.836970198721029441E-16, 1.000000000000000000 ) ) ;
#2695 = VERTEX_POINT ( 'NONE', #2100 ) ;
#2696 = CARTESIAN_POINT ( 'NONE',  ( 0.9864004998515545353, -0.7166619127879003681, -2.226878195836190955 ) ) ;
#2697 = CARTESIAN_POINT ( 'NONE',  ( -0.5928612988172333731, 1.134236208513801358, -1.493555793291788669 ) ) ;
#2698 = CARTESIAN_POINT ( 'NONE',  ( -2.449293598294707893E-16, -2.000000000000000888, -9.880567162975175677 ) ) ;
#2699 = CARTESIAN_POINT ( 'NONE',  ( 2.418411200750989633E-16, -1.974782608695651698, 1.399999999999999467 ) ) ;
#2700 = CARTESIAN_POINT ( 'NONE',  ( -0.9864004998515548683, -0.7166619127879001461, 0.2165772032191697061 ) ) ;
#2701 = DIRECTION ( 'NONE',  ( -0.000000000000000000, -2.316899349738235597E-17, 1.000000000000000000 ) ) ;
#2702 = CARTESIAN_POINT ( 'NONE',  ( 1.089910946951948123, 0.4724818616414787065, 2.800000000000000266 ) ) ;
#2703 = CIRCLE ( 'NONE', #1031, 2.000000000000000000 ) ;
#2704 = CARTESIAN_POINT ( 'NONE',  ( 1.701301616704080200, -1.236067977499790693, -2.452067162975173353 ) ) ;
#2705 = CARTESIAN_POINT ( 'NONE',  ( -1.143994970873313699, -0.2316360037743905587, -11.83502267995657675 ) ) ;
#2706 = CARTESIAN_POINT ( 'NONE',  ( 0.6377469987373346472, 0.8777834388968193124, -4.509300992617014003 ) ) ;
#2707 = AXIS2_PLACEMENT_3D ( 'NONE', #4370, #1255, #4023 ) ;
#2708 = CARTESIAN_POINT ( 'NONE',  ( -0.6815859821374816718, -0.9381226230606176664, -3.273922796780830868 ) ) ;
#2709 = CARTESIAN_POINT ( 'NONE',  ( -0.6498393924658125709, 2.000000000000000444, -3.526067162975173641 ) ) ;
#2710 = CARTESIAN_POINT ( 'NONE',  ( 1.031896320180243354, 0.3352834388968182755, -6.987999999999999545 ) ) ;
#2711 = PERSON ( 'UNSPECIFIED', 'UNSPECIFIED', 'UNSPECIFIED', ('UNSPECIFIED'), ('UNSPECIFIED'), ('UNSPECIFIED') ) ;
#2712 = ORIENTED_EDGE ( 'NONE', *, *, #4347, .F. ) ;
#2713 = CARTESIAN_POINT ( 'NONE',  ( 0.000000000000000000, 2.000000000000000888, -5.554733829641838483 ) ) ;
#2714 = CARTESIAN_POINT ( 'NONE',  ( 0.2837720959529964060, 1.084997424363689733, -3.121948743089534961 ) ) ;
#2715 = CARTESIAN_POINT ( 'NONE',  ( 0.6498393924658125709, -2.000000000000000888, -9.940233829641842433 ) ) ;
#2716 = CARTESIAN_POINT ( 'NONE',  ( -0.3767714644234081978, 1.159583333333334965, -6.880878195836189981 ) ) ;
#2717 = CARTESIAN_POINT ( 'NONE',  ( -0.09001728119931821925, 1.081491492955630074, -11.97684270416906216 ) ) ;
#2718 = CARTESIAN_POINT ( 'NONE',  ( 0.9229561270619647262, -0.6705668777936371061, -6.746800992617012938 ) ) ;
#2719 = VERTEX_POINT ( 'NONE', #4153 ) ;
#2720 = CARTESIAN_POINT ( 'NONE',  ( -0.05988466056279702354, -1.494020183150681413, -1.226660937836592691 ) ) ;
#2721 = EDGE_CURVE ( 'NONE', #1772, #1249, #2801, .T. ) ;
#2722 = APPROVAL_STATUS ( 'not_yet_approved' ) ;
#2723 = CARTESIAN_POINT ( 'NONE',  ( -1.701301616704080644, 1.236067977499790471, -8.717067162975174810 ) ) ;
#2724 = CARTESIAN_POINT ( 'NONE',  ( -0.3767714644234083088, 1.159583333333335631, 0.2791218041638087177 ) ) ;
#2725 = ORIENTED_EDGE ( 'NONE', *, *, #661, .F. ) ;
#2726 = EDGE_CURVE ( 'NONE', #2532, #1445, #2891, .T. ) ;
#2727 = TOROIDAL_SURFACE ( 'NONE', #31, 1.974782608695651698, 1.525217391304348080 ) ;
#2728 = CARTESIAN_POINT ( 'NONE',  ( 0.3767714644234086419, 1.159583333333334965, -4.079422796780831639 ) ) ;
#2729 = LINE ( 'NONE', #1060, #2506 ) ;
#2730 = CARTESIAN_POINT ( 'NONE',  ( -0.8333573235418957337, 0.7117473366884903285, -9.963338085297564817 ) ) ;
#2731 = CARTESIAN_POINT ( 'NONE',  ( -1.219258070856293230, 7.465802469043680586E-17, -13.68287819583619225 ) ) ;
#2732 = VECTOR ( 'NONE', #2269, 1000.000000000000000 ) ;
#2733 = CARTESIAN_POINT ( 'NONE',  ( -1.328741777074880588E-16, -1.085000000000001741, -5.225300992617013307 ) ) ;
#2734 = CARTESIAN_POINT ( 'NONE',  ( 1.219258070856293008, -2.239740740713103683E-16, -4.437422796780830403 ) ) ;
#2735 = CARTESIAN_POINT ( 'NONE',  ( -0.5475281105265030757, -0.5475281105265052961, 1.220055506715775673 ) ) ;
#2736 = CARTESIAN_POINT ( 'NONE',  ( -0.6377469987373345361, -0.8777834388968193124, -5.913999999999998813 ) ) ;
#2737 = ORIENTED_EDGE ( 'NONE', *, *, #2388, .F. ) ;
#2738 = CARTESIAN_POINT ( 'NONE',  ( -1.175570504584946940, 1.618033988749895569, -10.74573382964183921 ) ) ;
#2739 = LINE ( 'NONE', #1759, #1311 ) ;
#2740 = CARTESIAN_POINT ( 'NONE',  ( 0.5159494932247318255, -0.9668601609107155825, -10.96715315090427900 ) ) ;
#2741 = CARTESIAN_POINT ( 'NONE',  ( 1.902113032590308173, 0.6180339887498946805, -0.5427338296418396935 ) ) ;
#2742 = CARTESIAN_POINT ( 'NONE',  ( -0.9864004998515548683, 0.7166619127879002571, -4.911878195836191452 ) ) ;
#2743 = CARTESIAN_POINT ( 'NONE',  ( 1.072504412053125300, 0.1644028013033247138, -7.033614108957812583 ) ) ;
#2744 = ORIENTED_EDGE ( 'NONE', *, *, #3764, .T. ) ;
#2745 = LINE ( 'NONE', #3709, #3142 ) ;
#2746 = PERSON_AND_ORGANIZATION ( #2711, #1562 ) ;
#2747 = CARTESIAN_POINT ( 'NONE',  ( 0.6498393924658134591, 2.000000000000000444, -12.65506716297517364 ) ) ;
#2748 = EDGE_CURVE ( 'NONE', #2759, #4318, #1086, .T. ) ;
#2749 = CARTESIAN_POINT ( 'NONE',  ( 1.219258070856293230, -2.239740740713104176E-16, -0.2578781958361905935 ) ) ;
#2750 = CARTESIAN_POINT ( 'NONE',  ( -0.3767714644234084753, -1.159583333333334965, -1.394422796780830032 ) ) ;
#2751 = FACE_OUTER_BOUND ( 'NONE', #3748, .T. ) ;
#2752 = DIRECTION ( 'NONE',  ( -0.000000000000000000, 1.224646799147353207E-16, -1.000000000000000000 ) ) ;
#2753 = EDGE_CURVE ( 'NONE', #1804, #2170, #1559, .T. ) ;
#2754 = CARTESIAN_POINT ( 'NONE',  ( -2.449293598294707893E-16, -2.000000000000000888, -0.9305671629751735008 ) ) ;
#2755 = CARTESIAN_POINT ( 'NONE',  ( 0.3525378704127042351, 1.085000000000001741, -4.419800992617013868 ) ) ;
#2756 = CARTESIAN_POINT ( 'NONE',  ( -0.9864004998515548683, -0.7166619127879001461, -8.733422796780830666 ) ) ;
#2757 = CARTESIAN_POINT ( 'NONE',  ( 1.328741777074880588E-16, 1.085000000000001297, 2.799999999999999822 ) ) ;
#2758 = CARTESIAN_POINT ( 'NONE',  ( 0.3325000000000000178, 1.838044505796231798, 1.200000000000000178 ) ) ;
#2759 = VERTEX_POINT ( 'NONE', #3788 ) ;
#2760 = CARTESIAN_POINT ( 'NONE',  ( 0.9477005330585001053, -0.5470851982255879875, -3.648298189076845333 ) ) ;
#2761 = CARTESIAN_POINT ( 'NONE',  ( -0.6815859821374815608, 0.9381226230606178884, -3.810922796780830346 ) ) ;
#2762 = CARTESIAN_POINT ( 'NONE',  ( 0.000000000000000000, 2.000000000000000888, -3.764733829641838891 ) ) ;
#2763 = CARTESIAN_POINT ( 'NONE',  ( -1.219258070856293008, 7.465802469043678121E-17, 0.6371218041638093688 ) ) ;
#2764 = CARTESIAN_POINT ( 'NONE',  ( 1.042574636425080081, -0.3708775707706712388, -11.97720460603376225 ) ) ;
#2765 = EDGE_LOOP ( 'NONE', ( #2546, #1543, #3421 ) ) ;
#2766 = CARTESIAN_POINT ( 'NONE',  ( 0.8477933613613301000, 0.6771343147827536546, -5.095288296433824193 ) ) ;
#2767 = COORDINATED_UNIVERSAL_TIME_OFFSET ( 6, 0, .BEHIND. ) ;
#2768 = CARTESIAN_POINT ( 'NONE',  ( 1.175570504584946718, -1.618033988749895569, -6.121567162975174448 ) ) ;
#2769 = CARTESIAN_POINT ( 'NONE',  ( 1.202707739082833127, -0.4430100253154182210, -11.66719079311232399 ) ) ;
#2770 = AXIS2_PLACEMENT_3D ( 'NONE', #4087, #981, #3750 ) ;
#2771 = CARTESIAN_POINT ( 'NONE',  ( -1.102829285353923661, 0.3583309563939501285, -0.05192279678082993566 ) ) ;
#2772 = DIRECTION ( 'NONE',  ( -0.9238795325112909573, -0.3826834323650796232, -8.866389956022492442E-18 ) ) ;
#2773 = CARTESIAN_POINT ( 'NONE',  ( -0.2470301956443899938, 1.056522439680008807, -10.14493341976557339 ) ) ;
#2774 = CARTESIAN_POINT ( 'NONE',  ( 1.902113032590307728, -0.6180339887498953466, -0.5725671629751728497 ) ) ;
#2775 = EDGE_CURVE ( 'NONE', #3614, #1051, #2037, .T. ) ;
#2776 = CARTESIAN_POINT ( 'NONE',  ( -1.031896320180243354, -0.3352834388968184420, -2.003300992617014220 ) ) ;
#2777 = CARTESIAN_POINT ( 'NONE',  ( -1.102829285353923883, -0.3583309563939500175, -5.242922796780830730 ) ) ;
#2778 = CARTESIAN_POINT ( 'NONE',  ( -0.9229561270619647262, 0.6705668777936368841, -9.431800992617013435 ) ) ;
#2779 = CARTESIAN_POINT ( 'NONE',  ( -0.6377469987373344251, 0.8777834388968194235, 0.7090000000000012959 ) ) ;
#2780 = ORIENTED_EDGE ( 'NONE', *, *, #1777, .F. ) ;
#2781 = CIRCLE ( 'NONE', #1318, 0.2237500000000000044 ) ;
#2782 = CARTESIAN_POINT ( 'NONE',  ( 0.9478548797539407822, 0.5468177405213917597, -3.349178092789108607 ) ) ;
#2783 = CARTESIAN_POINT ( 'NONE',  ( -1.102829285353923661, 0.3583309563939501285, -3.631922796780831408 ) ) ;
#2784 = CARTESIAN_POINT ( 'NONE',  ( 2.102924448476535257, -3.863009542013253312E-16, -2.422233829641839087 ) ) ;
#2785 = CARTESIAN_POINT ( 'NONE',  ( -1.140836513298521870, 6.985608921807308758E-17, -13.34249999999999758 ) ) ;
#2786 = AXIS2_PLACEMENT_3D ( 'NONE', #4255, #3553, #350 ) ;
#2787 = DIRECTION ( 'NONE',  ( 0.000000000000000000, -0.9961946980917455452, 0.08715574274765836016 ) ) ;
#2788 = EDGE_LOOP ( 'NONE', ( #3477, #2623, #4340, #232 ) ) ;
#2789 = CARTESIAN_POINT ( 'NONE',  ( 0.7335885427827795180, -0.7998817561699090861, -5.524406405077687765 ) ) ;
#2790 = CARTESIAN_POINT ( 'NONE',  ( 1.701301616704080200, -1.236067977499790693, -6.032067162975172536 ) ) ;
#2791 = CARTESIAN_POINT ( 'NONE',  ( -0.3184275491267627434, -1.037221702346307062, -1.729931017393235626 ) ) ;
#2792 = CARTESIAN_POINT ( 'NONE',  ( 1.062066823462631371, -0.3325000000000039035, 1.199999999999999734 ) ) ;
#2793 = ORIENTED_EDGE ( 'NONE', *, *, #4040, .T. ) ;
#2794 = CARTESIAN_POINT ( 'NONE',  ( 0.000000000000000000, 1.159583333333335409, -11.14992279678083165 ) ) ;
#2795 = CARTESIAN_POINT ( 'NONE',  ( -0.3525378704127038465, 1.085000000000001741, -2.450800992617013563 ) ) ;
#2796 = DIRECTION ( 'NONE',  ( -0.06666269134683149022, 0.06666269134683315556, 0.9955461672694008168 ) ) ;
#2797 = CARTESIAN_POINT ( 'NONE',  ( -0.6815859821374817828, -0.9381226230606178884, -8.044378195836191736 ) ) ;
#2798 = CARTESIAN_POINT ( 'NONE',  ( -1.219258070856293008, 7.465802469043678121E-17, -10.70242279678083186 ) ) ;
#2799 = B_SPLINE_CURVE_WITH_KNOTS ( 'NONE', 3,
 ( #2578, #113, #3281, #3599, #160, #2943, #1324, #2359, #3731, #4463, #3420, #3036, #1279, #1625, #2743, #3753, #3707, #598, #1973, #1006, #297, #4417, #1695, #1370, #3079, #1671, #3375, #231 ),
 .UNSPECIFIED., .F., .F.,
 ( 4, 2, 2, 2, 2, 2, 2, 2, 2, 1, 1, 2, 2, 2, 4 ),
 ( 0.4021170645980107206, 0.4092969771770906817, 0.4164768897561705874, 0.4236568023352505485, 0.4308367149143304542, 0.4326316930591004306, 0.4335291821314854466, 0.4337535543995816867, 0.4338657405336298067, 0.4339779266676779268, 0.4344266712038704070, 0.4380166274934103043, 0.4451965400724900435, 0.4523764526515698381, 0.4595563652306495772 ),
 .UNSPECIFIED. ) ;
#2800 = CARTESIAN_POINT ( 'NONE',  ( -0.3767714644234081978, 1.159583333333334965, -5.690422796780831405 ) ) ;
#2801 = LINE ( 'NONE', #3476, #923 ) ;
#2802 = DIRECTION ( 'NONE',  ( -0.000000000000000000, -2.316899349738235597E-17, 1.000000000000000000 ) ) ;
#2803 = VECTOR ( 'NONE', #3783, 1000.000000000000114 ) ;
#2804 = CARTESIAN_POINT ( 'NONE',  ( -1.086173027393285473, 0.1319265836618977172, -11.58999340440423431 ) ) ;
#2805 = ORIENTED_EDGE ( 'NONE', *, *, #3796, .T. ) ;
#2806 =( GEOMETRIC_REPRESENTATION_CONTEXT ( 3 ) GLOBAL_UNCERTAINTY_ASSIGNED_CONTEXT ( ( #1011 ) ) GLOBAL_UNIT_ASSIGNED_CONTEXT ( ( #2626, #4027, #1583 ) ) REPRESENTATION_CONTEXT ( 'NONE', 'WORKASPACE' ) );
#2807 = CARTESIAN_POINT ( 'NONE',  ( 0.5461851752634756529, -0.5461851752634775403, 1.200000000000000178 ) ) ;
#2808 = CARTESIAN_POINT ( 'NONE',  ( -0.6815859821374816718, -0.9381226230606176664, -3.273922796780830868 ) ) ;
#2809 = CARTESIAN_POINT ( 'NONE',  ( -1.175570504584946940, 1.618033988749895569, -3.585733829641838621 ) ) ;
#2810 = CARTESIAN_POINT ( 'NONE',  ( -1.031896320180243354, -0.3352834388968184420, -13.25300000000000011 ) ) ;
#2811 = ADVANCED_FACE ( 'NONE', ( #1519 ), #1486, .F. ) ;
#2812 = DIRECTION ( 'NONE',  ( 0.9238795325112882928, 0.3826834323650861180, 8.866389956022640354E-18 ) ) ;
#2813 = EDGE_LOOP ( 'NONE', ( #3400, #2979, #912, #1745 ) ) ;
#2814 = CARTESIAN_POINT ( 'NONE',  ( 0.02661670382408604443, -1.084719583228382689, -5.727972390613840226 ) ) ;
#2815 = DATE_AND_TIME ( #1032, #2942 ) ;
#2816 = CARTESIAN_POINT ( 'NONE',  ( -2.102924448476535257, 1.287669847337751433E-16, -6.748067162975174504 ) ) ;
#2817 = CARTESIAN_POINT ( 'NONE',  ( 0.1483120448536769664, 1.621936586713428996, -11.05096779588212286 ) ) ;
#2818 = CARTESIAN_POINT ( 'NONE',  ( 1.102829285353923883, 0.3583309563939498510, -10.90837819583619073 ) ) ;
#2819 = CARTESIAN_POINT ( 'NONE',  ( 1.140836513298521870, -2.095682676542191888E-16, -10.14780099261701451 ) ) ;
#2820 = CARTESIAN_POINT ( 'NONE',  ( 1.219258070856293008, -2.239740740713103683E-16, -9.207878195836189050 ) ) ;
#2821 = DIRECTION ( 'NONE',  ( 0.000000000000000000, -1.000000000000000000, -2.316899349738238371E-17 ) ) ;
#2822 = CARTESIAN_POINT ( 'NONE',  ( 1.102829285353923883, -0.3583309563939503506, -11.08737819583619100 ) ) ;
#2823 = EDGE_LOOP ( 'NONE', ( #3463, #1157, #1439, #3701 ) ) ;
#2824 = CARTESIAN_POINT ( 'NONE',  ( 0.3767714644234086419, 1.159583333333334965, -11.23942279678083267 ) ) ;
#2825 = CARTESIAN_POINT ( 'NONE',  ( 1.102829285353923883, 0.3583309563939498510, -2.557922796780831121 ) ) ;
#2826 = DIRECTION ( 'NONE',  ( 0.000000000000000000, 0.000000000000000000, 1.000000000000000000 ) ) ;
#2827 = CARTESIAN_POINT ( 'NONE',  ( -0.9229561270619648372, 0.6705668777936369951, -0.9914999999999993818 ) ) ;
#2828 = CARTESIAN_POINT ( 'NONE',  ( -0.6498393924658131260, -2.000000000000000444, -13.55006716297517144 ) ) ;
#2829 = ORIENTED_EDGE ( 'NONE', *, *, #3981, .F. ) ;
#2830 = CARTESIAN_POINT ( 'NONE',  ( -1.625784714202480830, 0.8804123540266014514, -10.65981257958195094 ) ) ;
#2831 = CARTESIAN_POINT ( 'NONE',  ( 0.000000000000000000, 0.000000000000000000, -0.6000000000000000888 ) ) ;
#2832 = CARTESIAN_POINT ( 'NONE',  ( -1.701301616704080644, 1.236067977499790471, -5.286233829641839854 ) ) ;
#2833 = CARTESIAN_POINT ( 'NONE',  ( -1.102829285353923883, -0.3583309563939500175, -2.853378195836191011 ) ) ;
#2834 = CARTESIAN_POINT ( 'NONE',  ( 1.612992720796760926, -1.134428263545251614, -0.6470783943978452024 ) ) ;
#2835 = ORIENTED_EDGE ( 'NONE', *, *, #2606, .F. ) ;
#2836 = FACE_OUTER_BOUND ( 'NONE', #2219, .T. ) ;
#2837 = EDGE_CURVE ( 'NONE', #3264, #109, #74, .T. ) ;
#2838 = CARTESIAN_POINT ( 'NONE',  ( 1.902113032590307728, -0.6180339887498953466, -5.942567162975174178 ) ) ;
#2839 = CARTESIAN_POINT ( 'NONE',  ( 0.000000000000000000, 0.000000000000000000, -0.6000000000000000888 ) ) ;
#2840 = CARTESIAN_POINT ( 'NONE',  ( 0.6815859821374817828, 0.9381226230606176664, -8.939378195836193086 ) ) ;
#2841 = ORIENTED_EDGE ( 'NONE', *, *, #3790, .T. ) ;
#2842 = CARTESIAN_POINT ( 'NONE',  ( -4.149159937520358552E-07, -1.084999999999922471, -8.805301097967001667 ) ) ;
#2843 = CARTESIAN_POINT ( 'NONE',  ( 1.977825169433454988, 0.07328049409627281074, -0.6273836352132743377 ) ) ;
#2844 = CARTESIAN_POINT ( 'NONE',  ( -1.420080017511287752E-16, -1.159583333333335631, -9.655378195836190613 ) ) ;
#2845 = CARTESIAN_POINT ( 'NONE',  ( -1.219258070856293008, 7.465802469043678121E-17, -12.49242279678082923 ) ) ;
#2846 = CARTESIAN_POINT ( 'NONE',  ( 1.175570504584946718, -1.618033988749895569, -8.060733829641840487 ) ) ;
#2847 = CARTESIAN_POINT ( 'NONE',  ( -2.738911528132881301E-12, -2.170830912333326865E-13, 2.799999999999999822 ) ) ;
#2848 = CARTESIAN_POINT ( 'NONE',  ( -2.102924448476535257, 1.287669847337751433E-16, -13.90806716297517198 ) ) ;
#2849 = ORIENTED_EDGE ( 'NONE', *, *, #3682, .F. ) ;
#2850 = CARTESIAN_POINT ( 'NONE',  ( -1.826536589089741591, 0.4940748636257659143, -10.58297923027730114 ) ) ;
#2851 = CARTESIAN_POINT ( 'NONE',  ( 0.6498393924658125709, -2.000000000000000888, -8.001067162975173730 ) ) ;
#2852 = CARTESIAN_POINT ( 'NONE',  ( -0.9229561270619648372, 0.6705668777936369951, -13.52150000000000141 ) ) ;
#2853 = CARTESIAN_POINT ( 'NONE',  ( 0.000000000000000000, -3.429011037612588783E-16, 2.799999999999999822 ) ) ;
#2854 = AXIS2_PLACEMENT_3D ( 'NONE', #1053, #2490, #1792 ) ;
#2855 = ORIENTED_EDGE ( 'NONE', *, *, #2997, .T. ) ;
#2856 = CARTESIAN_POINT ( 'NONE',  ( 0.7139318941392700513, -0.8174202134611202597, -5.531164200649132390 ) ) ;
#2857 = CARTESIAN_POINT ( 'NONE',  ( 1.175570504584946718, -1.618033988749895569, -4.331567162975172636 ) ) ;
#2858 = CARTESIAN_POINT ( 'NONE',  ( -0.7213291903383652892, -1.075067816532625509, -11.64653466040057950 ) ) ;
#2859 = EDGE_CURVE ( 'NONE', #842, #153, #1195, .T. ) ;
#2860 = CARTESIAN_POINT ( 'NONE',  ( 0.8221773814730286567, -0.7138657566657053977, -1.911647341912928066 ) ) ;
#2861 = DIRECTION ( 'NONE',  ( 0.000000000000000000, 1.000000000000000000, 1.680933600752720204E-16 ) ) ;
#2862 = FACE_OUTER_BOUND ( 'NONE', #2930, .T. ) ;
#2863 = CARTESIAN_POINT ( 'NONE',  ( 0.000000000000000000, 1.159583333333335631, -12.34037819583619111 ) ) ;
#2864 = EDGE_CURVE ( 'NONE', #1325, #1649, #1875, .T. ) ;
#2865 = CARTESIAN_POINT ( 'NONE',  ( 0.9864004998515548683, 0.7166619127879000350, -13.20842279678082853 ) ) ;
#2866 = CARTESIAN_POINT ( 'NONE',  ( 0.000000000000000000, 2.000000000000000888, -7.344733829641839407 ) ) ;
#2867 = CARTESIAN_POINT ( 'NONE',  ( 6.191935984217926208E-05, 1.084999996348546381, -10.21028384475809503 ) ) ;
#2868 = CARTESIAN_POINT ( 'NONE',  ( -2.102924448476535257, 1.287669847337751433E-16, -12.11806716297517461 ) ) ;
#2869 = CARTESIAN_POINT ( 'NONE',  ( 0.000000000000000000, 0.000000000000000000, 0.000000000000000000 ) ) ;
#2870 = CARTESIAN_POINT ( 'NONE',  ( -0.6377469987373345361, -0.8777834388968193124, -14.35430099261701464 ) ) ;
#2871 = CARTESIAN_POINT ( 'NONE',  ( 0.5263086267257396367, -0.9533986712984138245, -9.172059118866407346 ) ) ;
#2872 = CARTESIAN_POINT ( 'NONE',  ( 1.175570504584947384, 1.618033988749895347, -7.374567162975174561 ) ) ;
#2873 = CARTESIAN_POINT ( 'NONE',  ( -1.031896320180243132, 0.3352834388968185531, -8.061999999999999389 ) ) ;
#2874 = CARTESIAN_POINT ( 'NONE',  ( -0.2152782369063228063, 1.063881011818651467, -8.363626956579233607 ) ) ;
#2875 = EDGE_LOOP ( 'NONE', ( #3015, #2134, #85, #4085 ) ) ;
#2876 = CARTESIAN_POINT ( 'NONE',  ( -1.175570504584947162, -1.618033988749895347, -13.78873382964184025 ) ) ;
#2877 = CARTESIAN_POINT ( 'NONE',  ( 0.6498393924658125709, -2.000000000000000888, -2.631067162975174512 ) ) ;
#2878 = DIRECTION ( 'NONE',  ( 1.000000000000000000, 0.000000000000000000, 0.000000000000000000 ) ) ;
#2879 = CARTESIAN_POINT ( 'NONE',  ( -1.175570504584946940, 1.618033988749895569, -1.795733829641838586 ) ) ;
#2880 = CARTESIAN_POINT ( 'NONE',  ( -1.102829285353923883, -0.3583309563939500175, -2.853378195836191011 ) ) ;
#2881 = CARTESIAN_POINT ( 'NONE',  ( 0.6777567913452641202, -0.9409046930190102520, -11.86704712832013442 ) ) ;
#2882 = CARTESIAN_POINT ( 'NONE',  ( -0.9349547150157532238, -0.6131639348841264603, -4.230368887394027944 ) ) ;
#2883 = CARTESIAN_POINT ( 'NONE',  ( 0.9864004998515550904, 0.7166619127879001461, -9.028878195836192333 ) ) ;
#2884 = CARTESIAN_POINT ( 'NONE',  ( 0.000000000000000000, 1.159583333333335409, -14.72992279678083172 ) ) ;
#2885 = CARTESIAN_POINT ( 'NONE',  ( -1.685189129593290147, -1.247774384617717613, -10.29549085407281872 ) ) ;
#2886 = EDGE_CURVE ( 'NONE', #3117, #2039, #1609, .T. ) ;
#2887 = FACE_BOUND ( 'NONE', #2895, .T. ) ;
#2888 = CARTESIAN_POINT ( 'NONE',  ( -1.175570504584946940, 1.618033988749895569, -10.59656716297517498 ) ) ;
#2889 = DIRECTION ( 'NONE',  ( 1.000000000000000000, 0.000000000000000000, 0.000000000000000000 ) ) ;
#2890 = CARTESIAN_POINT ( 'NONE',  ( -0.2905963223290355946, 1.652102687949789761, -10.96363233484759547 ) ) ;
#2891 =( BOUNDED_CURVE ( )  B_SPLINE_CURVE ( 2, ( #4501, #1404, #4454, #2778, #4200, #1684, #1383, #723, #1066, #4479, #3834 ),
 .UNSPECIFIED., .F., .T. ) 
 B_SPLINE_CURVE_WITH_KNOTS ( ( 3, 2, 2, 2, 2, 3 ),
 ( 0.3446699222976148391, 0.3561589073147863882, 0.3676479043249618051, 0.3791369013351372219, 0.3906258983453126388, 0.4021148882465678809 ),
 .UNSPECIFIED. ) 
 CURVE ( )  GEOMETRIC_REPRESENTATION_ITEM ( )  RATIONAL_B_SPLINE_CURVE ( ( 1.000000000000000000, 0.9510565162951535312, 1.000000000000000000, 0.9510565162951535312, 1.000000000000000000, 0.9510565162951535312, 1.000000000000000000, 0.9510565162951535312, 1.000000000000000000, 0.9510565162951535312, 1.000000000000000000 ) ) 
 REPRESENTATION_ITEM ( '' )  );
#2892 = CARTESIAN_POINT ( 'NONE',  ( 0.7613068056601322020, -0.7813722436637254853, -9.096374944429795661 ) ) ;
#2893 = CARTESIAN_POINT ( 'NONE',  ( -1.902113032590307728, 0.6180339887498951246, -8.627567162975173787 ) ) ;
#2894 = CARTESIAN_POINT ( 'NONE',  ( 0.000000000000000000, 1.085000000000001741, -10.21000000000000085 ) ) ;
#2895 = EDGE_LOOP ( 'NONE', ( #1012, #4252 ) ) ;
#2896 = CARTESIAN_POINT ( 'NONE',  ( -0.6498393924658131260, -2.000000000000000444, -11.90923382964184007 ) ) ;
#2897 = CARTESIAN_POINT ( 'NONE',  ( -1.102829285353923661, 0.3583309563939501285, -13.77237819583619149 ) ) ;
#2898 = CARTESIAN_POINT ( 'NONE',  ( -2.449293598294707893E-16, -2.000000000000000888, 0.8594328370248264237 ) ) ;
#2899 = CARTESIAN_POINT ( 'NONE',  ( -1.162568117054173067, 0.05735303428063574099, -11.87903357473567745 ) ) ;
#2900 = CARTESIAN_POINT ( 'NONE',  ( -1.175570504584946940, 1.618033988749895569, -3.585733829641838621 ) ) ;
#2901 = CARTESIAN_POINT ( 'NONE',  ( -0.9864004998515547573, 0.7166619127879002571, -4.911878195836191452 ) ) ;
#2902 = ORIENTED_EDGE ( 'NONE', *, *, #3357, .T. ) ;
#2903 = CARTESIAN_POINT ( 'NONE',  ( 0.6815859821374817828, 0.9381226230606176664, -5.958922796780830922 ) ) ;
#2904 = CARTESIAN_POINT ( 'NONE',  ( -0.9199198799107864977, -0.5956995356795409258, -9.601430441118395720 ) ) ;
#2905 = CARTESIAN_POINT ( 'NONE',  ( 0.6815859821374818939, 0.9381226230606178884, -3.569378195836190759 ) ) ;
#2906 = CARTESIAN_POINT ( 'NONE',  ( 0.3767714644234086419, 1.159583333333334965, -5.869422796780831675 ) ) ;
#2907 = CARTESIAN_POINT ( 'NONE',  ( 1.175570504584946718, -1.618033988749895569, -9.850733829641839634 ) ) ;
#2908 = CARTESIAN_POINT ( 'NONE',  ( 2.102924448476535257, -3.863009542013253312E-16, -11.22306716297517326 ) ) ;
#2909 = LINE ( 'NONE', #493, #1614 ) ;
#2910 = EDGE_CURVE ( 'NONE', #755, #1445, #4006, .T. ) ;
#2911 = CARTESIAN_POINT ( 'NONE',  ( -0.6377469987373344251, 0.8777834388968194235, -14.89130099261701368 ) ) ;
#2912 = CARTESIAN_POINT ( 'NONE',  ( 0.3289778981704825078, -1.033963316949221278, -9.227153889305276024 ) ) ;
#2913 = CARTESIAN_POINT ( 'NONE',  ( 1.175570504584946718, -1.618033988749895569, -9.701567162975173630 ) ) ;
#2914 = CARTESIAN_POINT ( 'NONE',  ( -1.140836513298521870, 6.985608921807308758E-17, -9.762500000000001066 ) ) ;
#2915 = ORIENTED_EDGE ( 'NONE', *, *, #4347, .T. ) ;
#2916 = CARTESIAN_POINT ( 'NONE',  ( 1.175570504584947384, 1.618033988749895347, -12.89373382964184067 ) ) ;
#2917 = CARTESIAN_POINT ( 'NONE',  ( 0.9864004998515548683, 0.7166619127879000350, -10.81887819583619148 ) ) ;
#2918 = CARTESIAN_POINT ( 'NONE',  ( 1.902113032590308173, 0.6180339887498946805, -2.183567162975174281 ) ) ;
#2919 = CARTESIAN_POINT ( 'NONE',  ( -0.3836311037849984285, 1.034902163793492758, -11.97168945168565202 ) ) ;
#2920 = CARTESIAN_POINT ( 'NONE',  ( -1.701301616704080644, -1.236067977499790249, -3.138233829641837946 ) ) ;
#2921 = CARTESIAN_POINT ( 'NONE',  ( -1.219258070856292786, 7.465802469043678121E-17, -6.522878195836190329 ) ) ;
#2922 = CIRCLE ( 'NONE', #4368, 3.500000000000000444 ) ;
#2923 = CARTESIAN_POINT ( 'NONE',  ( -0.3767714644234084753, -1.159583333333334965, -8.554422796780830396 ) ) ;
#2924 = CARTESIAN_POINT ( 'NONE',  ( 0.000000000000000000, -3.429011037612588783E-16, 2.799999999999999822 ) ) ;
#2925 = CARTESIAN_POINT ( 'NONE',  ( 0.000000000000000000, 1.159583333333335631, -3.390378195836190489 ) ) ;
#2926 = CARTESIAN_POINT ( 'NONE',  ( -0.6815859821374815608, 0.9381226230606178884, -9.180922796780832229 ) ) ;
#2927 = CARTESIAN_POINT ( 'NONE',  ( 1.701301616704080866, 1.236067977499789805, -5.823233829641839776 ) ) ;
#2928 = CARTESIAN_POINT ( 'NONE',  ( 0.3525378704127037355, -1.085000000000001963, -5.135800992617013172 ) ) ;
#2929 = CARTESIAN_POINT ( 'NONE',  ( 1.902113032590308173, 0.6180339887498946805, -3.973567162975173872 ) ) ;
#2930 = EDGE_LOOP ( 'NONE', ( #2312, #384, #127, #1846 ) ) ;
#2931 = CARTESIAN_POINT ( 'NONE',  ( -0.3525378704127039020, 1.085000000000001741, -9.610800992617011929 ) ) ;
#2932 = CARTESIAN_POINT ( 'NONE',  ( 0.6815859821374817828, 0.9381226230606176664, -13.11892279678083284 ) ) ;
#2933 = CARTESIAN_POINT ( 'NONE',  ( -1.175570504584947162, -1.618033988749895347, -10.05956716297517417 ) ) ;
#2934 = CARTESIAN_POINT ( 'NONE',  ( 0.3525378704127042351, 1.085000000000001741, -8.509500000000000952 ) ) ;
#2935 = ORIENTED_EDGE ( 'NONE', *, *, #2171, .T. ) ;
#2936 = CARTESIAN_POINT ( 'NONE',  ( -3.457824547736949867E-12, -1.085000000000001741, -9.315000000015379200 ) ) ;
#2937 = AXIS2_PLACEMENT_3D ( 'NONE', #4481, #2802, #3456 ) ;
#2938 = CARTESIAN_POINT ( 'NONE',  ( 0.6815859821374817828, 0.9381226230606176664, -0.5889227967808309261 ) ) ;
#2939 = CARTESIAN_POINT ( 'NONE',  ( 0.3767714644234080867, -1.159583333333335631, -9.565878195836187814 ) ) ;
#2940 = EDGE_CURVE ( 'NONE', #2719, #2240, #3147, .T. ) ;
#2941 = CARTESIAN_POINT ( 'NONE',  ( 1.175570504584947384, 1.618033988749895347, -0.2145671629751738640 ) ) ;
#2942 = LOCAL_TIME ( 20, 15, 35.00000000000000000, #280 ) ;
#2943 = CARTESIAN_POINT ( 'NONE',  ( 0.5539639112296336210, -0.9420266223276659856, -7.373772820567595865 ) ) ;
#2944 = CARTESIAN_POINT ( 'NONE',  ( -1.701301616704080644, 1.236067977499790471, 0.08376617035816059931 ) ) ;
#2945 = CARTESIAN_POINT ( 'NONE',  ( -0.3767714644234084753, -1.159583333333334965, -6.164878195836190677 ) ) ;
#2946 = CARTESIAN_POINT ( 'NONE',  ( 0.6815859821374814498, -0.9381226230606178884, -10.07592279678083180 ) ) ;
#2947 = CARTESIAN_POINT ( 'NONE',  ( -7.074485523250553921E-07, -1.084999999999771259, -3.435301172233002909 ) ) ;
#2948 = CARTESIAN_POINT ( 'NONE',  ( 0.3767714644234081423, -1.159583333333335853, -4.195878195836189484 ) ) ;
#2949 = CARTESIAN_POINT ( 'NONE',  ( -1.102829285353923661, 0.3583309563939501285, -9.001922796780831959 ) ) ;
#2950 = CARTESIAN_POINT ( 'NONE',  ( -2.097441510607456205, 0.4724818616415005224, 2.799999999999999822 ) ) ;
#2951 = CARTESIAN_POINT ( 'NONE',  ( 2.000000000000000000, 0.000000000000000000, -0.6000000000000000888 ) ) ;
#2952 = CARTESIAN_POINT ( 'NONE',  ( 0.6498393924658125709, -2.000000000000000888, -6.211067162975172806 ) ) ;
#2953 = CARTESIAN_POINT ( 'NONE',  ( 1.288123006870941532E-06, -1.084999999999237241, -2.154999673043139552 ) ) ;
#2954 = CARTESIAN_POINT ( 'NONE',  ( -0.6377469987373344251, 0.8777834388968194235, -9.521300992617014458 ) ) ;
#2955 = CARTESIAN_POINT ( 'NONE',  ( 1.102829285353923661, -0.3583309563939502396, -9.896922796780831533 ) ) ;
#2956 = CARTESIAN_POINT ( 'NONE',  ( 0.000000000000000000, 2.000000000000000888, -1.825567162975173519 ) ) ;
#2957 = CARTESIAN_POINT ( 'NONE',  ( -0.3525378704127041241, -1.085000000000001741, -12.98449999999999704 ) ) ;
#2958 = ORIENTED_EDGE ( 'NONE', *, *, #1942, .F. ) ;
#2959 = CARTESIAN_POINT ( 'NONE',  ( 1.902113032590307728, -0.6180339887498953466, -11.46173382964184029 ) ) ;
#2960 = CARTESIAN_POINT ( 'NONE',  ( -0.3767714644234081978, 1.159583333333334965, -0.3204227967808312982 ) ) ;
#2961 = CARTESIAN_POINT ( 'NONE',  ( -1.102829285353923661, 0.3583309563939501285, -10.19237819583619142 ) ) ;
#2962 = LINE ( 'NONE', #184, #3358 ) ;
#2963 = CARTESIAN_POINT ( 'NONE',  ( -0.7300883006665733754, 0.8587320652141029464, -11.94421378938383960 ) ) ;
#2964 = CARTESIAN_POINT ( 'NONE',  ( -0.6498393924658125709, 2.000000000000000444, -3.675233829641839645 ) ) ;
#2965 = CARTESIAN_POINT ( 'NONE',  ( 0.000000000000000000, 1.159583333333335409, -3.390378195836190489 ) ) ;
#2966 = EDGE_CURVE ( 'NONE', #3929, #1804, #4018, .T. ) ;
#2967 = CARTESIAN_POINT ( 'NONE',  ( 0.6815859821374817828, 0.9381226230606176664, -7.748922796780831845 ) ) ;
#2968 = CARTESIAN_POINT ( 'NONE',  ( -1.078580925980661354, 0.8442513913010568638, -1.394373464114574634 ) ) ;
#2969 = CARTESIAN_POINT ( 'NONE',  ( 0.3767714644234087529, 1.159583333333335631, -7.059878195836190251 ) ) ;
#2970 = CARTESIAN_POINT ( 'NONE',  ( -1.219258070856293008, 7.465802469043678121E-17, -8.912422796780830936 ) ) ;
#2971 = CARTESIAN_POINT ( 'NONE',  ( 1.902113032590307728, -0.6180339887498953466, -4.301733829641840146 ) ) ;
#2972 = DIRECTION ( 'NONE',  ( -1.000000000000000000, 0.000000000000000000, 0.000000000000000000 ) ) ;
#2973 = CARTESIAN_POINT ( 'NONE',  ( 1.902113032590307728, -0.6180339887498953466, -7.732567162975174213 ) ) ;
#2974 = CARTESIAN_POINT ( 'NONE',  ( -2.738911528132881301E-12, -2.170830912333326865E-13, 2.799999999999999822 ) ) ;
#2975 = CARTESIAN_POINT ( 'NONE',  ( 0.000000000000000000, 1.085000000000001741, -9.700300992617014728 ) ) ;
#2976 = CARTESIAN_POINT ( 'NONE',  ( -0.3767714644234084753, -1.159583333333334965, -10.34442279678083132 ) ) ;
#2977 = CARTESIAN_POINT ( 'NONE',  ( -1.701301616704080644, -1.236067977499790027, -6.569067162975173346 ) ) ;
#2978 = CARTESIAN_POINT ( 'NONE',  ( 0.000000000000000000, 1.085000000000001741, -6.629999999999999893 ) ) ;
#2979 = ORIENTED_EDGE ( 'NONE', *, *, #3682, .T. ) ;
#2980 = CARTESIAN_POINT ( 'NONE',  ( 1.701301616704080200, -1.236067977499790693, -7.971233829641839463 ) ) ;
#2981 = CARTESIAN_POINT ( 'NONE',  ( 1.701301616704080200, -1.236067977499790693, -13.34123382964183868 ) ) ;
#2982 = CARTESIAN_POINT ( 'NONE',  ( -1.701301616704080644, 1.236067977499790471, -10.65623382964183818 ) ) ;
#2983 = CARTESIAN_POINT ( 'NONE',  ( -0.3767714644234081978, 1.159583333333334965, -5.090878195836190834 ) ) ;
#2984 = AXIS2_PLACEMENT_3D ( 'NONE', #27, #69, #2861 ) ;
#2985 = DIRECTION ( 'NONE',  ( 0.9961946980917455452, -1.045059584493288195E-14, 0.08715574274765836016 ) ) ;
#2986 = CARTESIAN_POINT ( 'NONE',  ( -0.1553504822695608578, 1.082957604422101872, -11.98884537236708425 ) ) ;
#2987 = ORIENTED_EDGE ( 'NONE', *, *, #1887, .T. ) ;
#2988 = CARTESIAN_POINT ( 'NONE',  ( 1.102829285353923661, -0.3583309563939502396, -2.137378195836191708 ) ) ;
#2989 = CARTESIAN_POINT ( 'NONE',  ( -0.9864004998515547573, -0.7166619127879001461, -10.52342279678082981 ) ) ;
#2990 = CARTESIAN_POINT ( 'NONE',  ( -1.388376059986492717, 0.3670341366389896498, -1.300168121043257630 ) ) ;
#2991 = CC_DESIGN_PERSON_AND_ORGANIZATION_ASSIGNMENT ( #348, #1394, ( #1953 ) ) ;
#2992 = CARTESIAN_POINT ( 'NONE',  ( 1.102829285353924105, 0.3583309563939499620, -5.538378195836191509 ) ) ;
#2993 = CIRCLE ( 'NONE', #1766, 3.276250000000000551 ) ;
#2994 = CARTESIAN_POINT ( 'NONE',  ( 1.102829285353923661, -0.3583309563939502396, -6.316922796780831462 ) ) ;
#2995 = CARTESIAN_POINT ( 'NONE',  ( 0.6498393924658134591, 2.000000000000000444, -3.854233829641839915 ) ) ;
#2996 = LINE ( 'NONE', #3670, #4312 ) ;
#2997 = EDGE_CURVE ( 'NONE', #4093, #3264, #4109, .T. ) ;
#2998 = CARTESIAN_POINT ( 'NONE',  ( -2.449293598294707893E-16, -2.000000000000000888, -4.510567162975172906 ) ) ;
#2999 = CARTESIAN_POINT ( 'NONE',  ( -1.085132797107642766, -0.1409590730240108392, -2.567489582578886154 ) ) ;
#3000 = CARTESIAN_POINT ( 'NONE',  ( 0.000000000000000000, 1.085000000000001741, -11.49030099261701565 ) ) ;
#3001 = CARTESIAN_POINT ( 'NONE',  ( 0.000000000000000000, 1.159583333333335409, -12.93992279678083257 ) ) ;
#3002 = CARTESIAN_POINT ( 'NONE',  ( -0.6498393924658131260, -2.000000000000000444, -6.390067162975172188 ) ) ;
#3003 = CARTESIAN_POINT ( 'NONE',  ( 0.3525378704127042351, 1.085000000000001741, -6.719500000000000028 ) ) ;
#3004 = VERTEX_POINT ( 'NONE', #1332 ) ;
#3005 = CARTESIAN_POINT ( 'NONE',  ( -1.701301616704080644, 1.236067977499790471, -8.866233829641840813 ) ) ;
#3006 = CARTESIAN_POINT ( 'NONE',  ( 1.701301616704080866, 1.236067977499790027, -12.98323382964183814 ) ) ;
#3007 = CARTESIAN_POINT ( 'NONE',  ( 1.902113032590307728, -0.6180339887498953466, -11.46173382964184029 ) ) ;
#3008 = CARTESIAN_POINT ( 'NONE',  ( -0.9864004998515548683, -0.7166619127879001461, -6.343878195836190059 ) ) ;
#3009 = PLANE ( 'NONE',  #4075 ) ;
#3010 = CARTESIAN_POINT ( 'NONE',  ( 0.6739050170436026166, -0.9436554111262811517, -11.86817440462188067 ) ) ;
#3011 = ORIENTED_EDGE ( 'NONE', *, *, #290, .F. ) ;
#3012 = CARTESIAN_POINT ( 'NONE',  ( 1.732146746921379155, -0.6900511169392353761, -0.7781995531026674184 ) ) ;
#3013 = B_SPLINE_CURVE_WITH_KNOTS ( 'NONE', 3,
 ( #1769, #1814, #67, #1464, #2858, #24, #2514, #3468, #3127, #1396 ),
 .UNSPECIFIED., .F., .F.,
 ( 4, 2, 2, 2, 4 ),
 ( 0.007678814515130789539, 0.008155644986313537875, 0.008632475457496284477, 0.009109305928679032813, 0.009586136399861781149 ),
 .UNSPECIFIED. ) ;
#3014 = VECTOR ( 'NONE', #2655, 1000.000000000000114 ) ;
#3015 = ORIENTED_EDGE ( 'NONE', *, *, #3871, .F. ) ;
#3016 = DIRECTION ( 'NONE',  ( -0.000000000000000000, -2.316899349738235597E-17, 1.000000000000000000 ) ) ;
#3017 = CARTESIAN_POINT ( 'NONE',  ( 0.6498393924658125709, -2.000000000000000888, -13.37106716297517650 ) ) ;
#3018 = CARTESIAN_POINT ( 'NONE',  ( 0.9864004998515548683, -0.7166619127879004791, -0.4368781958361909190 ) ) ;
#3019 = CARTESIAN_POINT ( 'NONE',  ( 0.6815859821374817828, 0.9381226230606176664, -4.168922796780830886 ) ) ;
#3020 = CARTESIAN_POINT ( 'NONE',  ( 0.6498393924658134591, 2.000000000000000444, -2.064233829641839879 ) ) ;
#3021 = LINE ( 'NONE', #3314, #1636 ) ;
#3022 = B_SPLINE_CURVE_WITH_KNOTS ( 'NONE', 3,
 ( #3988, #851, #1637, #3292 ),
 .UNSPECIFIED., .F., .F.,
 ( 4, 4 ),
 ( 0.000000000000000000, 0.001626924007965244645 ),
 .UNSPECIFIED. ) ;
#3023 = CARTESIAN_POINT ( 'NONE',  ( -1.175570504584947162, -1.618033988749895347, -4.689567162975174064 ) ) ;
#3024 = CARTESIAN_POINT ( 'NONE',  ( 0.1543037892780088627, 1.149271007012226287, -1.637828151971327362 ) ) ;
#3025 = EDGE_CURVE ( 'NONE', #1672, #3838, #2729, .T. ) ;
#3026 = CARTESIAN_POINT ( 'NONE',  ( -0.9229561270619648372, 0.6705668777936369951, -11.22180099261701081 ) ) ;
#3027 = CARTESIAN_POINT ( 'NONE',  ( -0.3767714644234081978, 1.159583333333334965, -11.06042279678083062 ) ) ;
#3028 = CARTESIAN_POINT ( 'NONE',  ( 0.000000000000000000, 2.000000000000000888, -5.405567162975173368 ) ) ;
#3029 = CARTESIAN_POINT ( 'NONE',  ( 0.6377469987373343141, -0.8777834388968194235, -5.556000000000000050 ) ) ;
#3030 = EDGE_LOOP ( 'NONE', ( #2394, #4313, #1414, #1601 ) ) ;
#3031 = CARTESIAN_POINT ( 'NONE',  ( -1.902113032590308173, -0.6180339887498949025, -6.807733829641839485 ) ) ;
#3032 = CARTESIAN_POINT ( 'NONE',  ( 0.3767714644234086419, 1.159583333333334965, -0.4994227967808299029 ) ) ;
#3033 = CARTESIAN_POINT ( 'NONE',  ( -1.175570504584947162, -1.618033988749895347, -8.418733829641839250 ) ) ;
#3034 = CARTESIAN_POINT ( 'NONE',  ( 0.3767714644234086419, 1.159583333333334965, -7.059878195836190251 ) ) ;
#3035 = CARTESIAN_POINT ( 'NONE',  ( 1.087581799790256376, -0.02804618146859248762, -1.726742641009838319 ) ) ;
#3036 = CARTESIAN_POINT ( 'NONE',  ( 1.082307121488461865, 0.08287648445731064795, -7.055246407650183293 ) ) ;
#3037 = ORIENTED_EDGE ( 'NONE', *, *, #2277, .F. ) ;
#3038 = CARTESIAN_POINT ( 'NONE',  ( -0.3767714644234084753, -1.159583333333334965, -2.584878195836191495 ) ) ;
#3039 = CARTESIAN_POINT ( 'NONE',  ( -0.4724818616414787620, -1.089910946951951010, 2.800000000000000266 ) ) ;
#3040 = CARTESIAN_POINT ( 'NONE',  ( -2.449293598294707893E-16, -2.000000000000000888, -13.46056716297517397 ) ) ;
#3041 = CARTESIAN_POINT ( 'NONE',  ( -0.3767714644234085308, -1.159583333333335631, 0.9951218041638101308 ) ) ;
#3042 = CARTESIAN_POINT ( 'NONE',  ( 0.000000000000000000, 1.159583333333335409, -2.199922796780830581 ) ) ;
#3043 = CARTESIAN_POINT ( 'NONE',  ( 1.701301616704080200, -1.236067977499790693, -4.391233829641838504 ) ) ;
#3044 = CARTESIAN_POINT ( 'NONE',  ( -2.097441510607559234, -0.4724818616414791506, 2.799999999999999822 ) ) ;
#3045 = CARTESIAN_POINT ( 'NONE',  ( -0.6815859821374816718, 0.9381226230606179994, -13.95137819583619176 ) ) ;
#3046 = CARTESIAN_POINT ( 'NONE',  ( -0.2197779316331983090, -1.064083872204593995, -2.211685259096237921 ) ) ;
#3047 = CARTESIAN_POINT ( 'NONE',  ( -0.3525378704127039020, 1.085000000000001741, -2.450800992617013119 ) ) ;
#3048 = CARTESIAN_POINT ( 'NONE',  ( -0.3767714644234084753, -1.159583333333334965, -8.554422796780828619 ) ) ;
#3049 = CARTESIAN_POINT ( 'NONE',  ( 1.701301616704080200, -1.236067977499790693, -6.032067162975172536 ) ) ;
#3050 = CARTESIAN_POINT ( 'NONE',  ( 0.3525378704127037910, -1.085000000000001963, -5.645499999999998408 ) ) ;
#3051 = EDGE_CURVE ( 'NONE', #1249, #1317, #4129, .T. ) ;
#3052 = ORIENTED_EDGE ( 'NONE', *, *, #1462, .T. ) ;
#3053 = CARTESIAN_POINT ( 'NONE',  ( 0.6498393924658134591, 2.000000000000000444, -9.224233829641839577 ) ) ;
#3054 = CARTESIAN_POINT ( 'NONE',  ( 0.2836621394009126162, -1.056827669518790813, -3.869986104974412644 ) ) ;
#3055 = CARTESIAN_POINT ( 'NONE',  ( 2.102924448476535257, -3.863009542013253312E-16, -9.582233829641840117 ) ) ;
#3056 = CARTESIAN_POINT ( 'NONE',  ( -1.420080017511287505E-16, -1.159583333333335409, -7.865378195836190578 ) ) ;
#3057 = CARTESIAN_POINT ( 'NONE',  ( -0.1405014175399447451, -1.085000000000001963, -11.14235038025917923 ) ) ;
#3058 = CARTESIAN_POINT ( 'NONE',  ( 0.8673880361302673814, -0.7454121190433428135, -11.91089163111434956 ) ) ;
#3059 = ORIENTED_EDGE ( 'NONE', *, *, #2864, .T. ) ;
#3060 = CARTESIAN_POINT ( 'NONE',  ( -0.5461851752634754309, -0.5461851752634777624, 1.200000000000000178 ) ) ;
#3061 = CALENDAR_DATE ( 2026, 8, 1 ) ;
#3062 = CARTESIAN_POINT ( 'NONE',  ( -1.701301616704080644, 1.236067977499790471, -10.50706716297517218 ) ) ;
#3063 = CARTESIAN_POINT ( 'NONE',  ( -1.219258070856293230, 7.465802469043680586E-17, 0.6371218041638093688 ) ) ;
#3064 = CARTESIAN_POINT ( 'NONE',  ( -0.9864004998515548683, -0.7166619127879001461, -3.363422796780829671 ) ) ;
#3065 = CARTESIAN_POINT ( 'NONE',  ( -1.085011808556480384, -0.1419422365981285739, -6.146352308590022240 ) ) ;
#3066 = CARTESIAN_POINT ( 'NONE',  ( -0.5284660539422988412, 0.9507415815122091107, -10.06502252560916055 ) ) ;
#3067 = AXIS2_PLACEMENT_3D ( 'NONE', #1697, #1008, #2404 ) ;
#3068 = CARTESIAN_POINT ( 'NONE',  ( 0.6498393924658125709, -2.000000000000000888, 0.9489328370248257816 ) ) ;
#3069 = CARTESIAN_POINT ( 'NONE',  ( -0.6377469987373344251, 0.8777834388968194235, -2.361300992617012984 ) ) ;
#3070 = CARTESIAN_POINT ( 'NONE',  ( 0.6815859821374814498, -0.9381226230606178884, -8.285922796780830879 ) ) ;
#3071 = DIRECTION ( 'NONE',  ( 0.000000000000000000, 0.9961946980917455452, 0.08715574274765836016 ) ) ;
#3072 = CARTESIAN_POINT ( 'NONE',  ( -1.328741777074880588E-16, -1.085000000000001741, -2.154999999999998916 ) ) ;
#3073 = ORIENTED_EDGE ( 'NONE', *, *, #766, .F. ) ;
#3074 = CARTESIAN_POINT ( 'NONE',  ( -1.175570504584946940, 1.618033988749895569, -5.375733829641839989 ) ) ;
#3075 = CARTESIAN_POINT ( 'NONE',  ( -0.7012736314862432208, -0.8358263783494721544, -7.722687738605397811 ) ) ;
#3076 = CARTESIAN_POINT ( 'NONE',  ( 0.9864004998515547573, 0.7166619127879000350, -2.468422796780829653 ) ) ;
#3077 = CARTESIAN_POINT ( 'NONE',  ( 0.6498393924658134591, 2.000000000000000444, -11.01423382964184050 ) ) ;
#3078 = CARTESIAN_POINT ( 'NONE',  ( 1.102829285353923661, -0.3583309563939502396, -5.717378195836191779 ) ) ;
#3079 = CARTESIAN_POINT ( 'NONE',  ( 0.5461072550591644648, 0.9482286708156076882, -6.778206809580778369 ) ) ;
#3080 = EDGE_LOOP ( 'NONE', ( #2190, #1109, #3299, #960, #2780, #646 ) ) ;
#3081 = CARTESIAN_POINT ( 'NONE',  ( -0.3324999999999890821, 1.062066823462632925, 1.200000000000000178 ) ) ;
#3082 = EDGE_CURVE ( 'NONE', #4224, #179, #1377, .T. ) ;
#3083 = CALENDAR_DATE ( 2026, 8, 1 ) ;
#3084 = CARTESIAN_POINT ( 'NONE',  ( -1.701301616704080644, 1.236067977499790471, -12.29706716297517666 ) ) ;
#3085 = CARTESIAN_POINT ( 'NONE',  ( 0.000000000000000000, 1.159583333333335631, 0.1896218041638093876 ) ) ;
#3086 = AXIS2_PLACEMENT_3D ( 'NONE', #1708, #3071, #2123 ) ;
#3087 = VECTOR ( 'NONE', #4146, 1000.000000000000000 ) ;
#3088 = CARTESIAN_POINT ( 'NONE',  ( -0.9864004998515548683, 0.7166619127879002571, -1.931422796780830398 ) ) ;
#3089 = CARTESIAN_POINT ( 'NONE',  ( -0.6377469987373345361, -0.8777834388968193124, -1.824300992617013728 ) ) ;
#3090 = LINE ( 'NONE', #1748, #2803 ) ;
#3091 = CARTESIAN_POINT ( 'NONE',  ( -0.6498393924658131260, -2.000000000000000444, -1.020067162975172748 ) ) ;
#3092 = CARTESIAN_POINT ( 'NONE',  ( 1.031896320180243132, -0.3352834388968186641, -1.287300992617012696 ) ) ;
#3093 = CARTESIAN_POINT ( 'NONE',  ( 0.000000000000000000, 1.159583333333335409, -5.779922796780830652 ) ) ;
#3094 = FACE_OUTER_BOUND ( 'NONE', #3165, .T. ) ;
#3095 = CARTESIAN_POINT ( 'NONE',  ( 8.931115395849342775E-15, 1.036497276896142239E-13, 1.200000000000000178 ) ) ;
#3096 = ORIENTED_EDGE ( 'NONE', *, *, #2775, .F. ) ;
#3097 = CARTESIAN_POINT ( 'NONE',  ( -1.701301616704080644, -1.236067977499790249, -4.928233829641839314 ) ) ;
#3098 = CARTESIAN_POINT ( 'NONE',  ( 1.918097764911736515E-11, -1.085000000000001963, -11.10499999991470688 ) ) ;
#3099 = CARTESIAN_POINT ( 'NONE',  ( 0.3767714644234080867, -1.159583333333335631, -3.005422796780831352 ) ) ;
#3100 = CARTESIAN_POINT ( 'NONE',  ( -0.6498393924658125709, 2.000000000000000444, -5.465233829641840124 ) ) ;
#3101 = CARTESIAN_POINT ( 'NONE',  ( -1.420080017511287505E-16, -1.159583333333335409, -2.495378195836190471 ) ) ;
#3102 = CARTESIAN_POINT ( 'NONE',  ( 0.3525378704127037355, -1.085000000000001963, -6.925800992617013208 ) ) ;
#3103 = EDGE_LOOP ( 'NONE', ( #2552, #616, #1256, #2211, #439 ) ) ;
#3104 = CARTESIAN_POINT ( 'NONE',  ( 0.1452861005190549393, -1.075563043656792006, -5.696556764218633440 ) ) ;
#3105 = COORDINATED_UNIVERSAL_TIME_OFFSET ( 6, 0, .BEHIND. ) ;
#3106 = CARTESIAN_POINT ( 'NONE',  ( -1.701301616704080644, -1.236067977499790249, -13.72906716297517349 ) ) ;
#3107 = CARTESIAN_POINT ( 'NONE',  ( -1.219258070856293230, 7.465802469043680586E-17, -1.152878195836190223 ) ) ;
#3108 = ADVANCED_FACE ( 'NONE', ( #354 ), #1747, .T. ) ;
#3109 = CARTESIAN_POINT ( 'NONE',  ( 0.000000000000000000, 1.159583333333335409, -3.989922796780830616 ) ) ;
#3110 = CARTESIAN_POINT ( 'NONE',  ( -0.3791515225169493908, 1.925154055351290028, 1.733229342372407000 ) ) ;
#3111 = DIRECTION ( 'NONE',  ( 0.6293203910498386122, 0.000000000000000000, 0.7771459614569700136 ) ) ;
#3112 = CARTESIAN_POINT ( 'NONE',  ( 1.701301616704080866, 1.236067977499790027, -2.094067162975172813 ) ) ;
#3113 = CARTESIAN_POINT ( 'NONE',  ( 0.9229561270619648372, 0.6705668777936369951, -1.018800992617013179 ) ) ;
#3114 = CARTESIAN_POINT ( 'NONE',  ( -1.102829285353923661, 0.3583309563939501285, -7.211922796780831035 ) ) ;
#3115 = LINE ( 'NONE', #2735, #2086 ) ;
#3116 = CARTESIAN_POINT ( 'NONE',  ( -1.031896320180243354, -0.3352834388968184420, -0.7229999999999996430 ) ) ;
#3117 = VERTEX_POINT ( 'NONE', #1774 ) ;
#3118 = CARTESIAN_POINT ( 'NONE',  ( -0.2548727532931177042, -1.058130982835560951, -7.591346280486673592 ) ) ;
#3119 = CARTESIAN_POINT ( 'NONE',  ( 0.000000000000000000, 1.159583333333335409, -3.989922796780830616 ) ) ;
#3120 = CARTESIAN_POINT ( 'NONE',  ( -1.902113032590307728, 0.6180339887498951246, -5.196733829641839719 ) ) ;
#3121 = CARTESIAN_POINT ( 'NONE',  ( 1.102829285353923661, -0.3583309563939502396, -2.137378195836191708 ) ) ;
#3122 = CARTESIAN_POINT ( 'NONE',  ( -1.495099753844131740, -0.09867032628566142771, -1.223499878311731681 ) ) ;
#3123 = ORIENTED_EDGE ( 'NONE', *, *, #1548, .F. ) ;
#3124 = CARTESIAN_POINT ( 'NONE',  ( -1.459833819190596929E-05, -1.084999999901793410, -5.735003780150671915 ) ) ;
#3125 = APPROVAL_ROLE ( '' ) ;
#3126 = CARTESIAN_POINT ( 'NONE',  ( 2.102924448476535257, -3.863009542013253312E-16, -7.643067162975173190 ) ) ;
#3127 = CARTESIAN_POINT ( 'NONE',  ( -1.161102717601630863, -0.2572800916615131106, -11.83418070279336298 ) ) ;
#3128 = CARTESIAN_POINT ( 'NONE',  ( 1.288123006870941532E-06, -1.084999999999237241, -2.154999673043139552 ) ) ;
#3129 = EDGE_LOOP ( 'NONE', ( #2235, #425, #2958, #520 ) ) ;
#3130 = VECTOR ( 'NONE', #2812, 999.9999999999998863 ) ;
#3131 = CARTESIAN_POINT ( 'NONE',  ( 1.102829285353923883, 0.3583309563939498510, -11.50792279678083219 ) ) ;
#3132 = CARTESIAN_POINT ( 'NONE',  ( 0.000000000000000000, -1.085000000000002185, 2.799999999999999822 ) ) ;
#3133 = ADVANCED_FACE ( 'NONE', ( #2751 ), #4122, .T. ) ;
#3134 = CARTESIAN_POINT ( 'NONE',  ( -0.0002211427535189968373, 1.084999977132613314, -11.99999914979668603 ) ) ;
#3135 = CARTESIAN_POINT ( 'NONE',  ( 1.701301616704080200, -1.236067977499790693, 1.127932837024826052 ) ) ;
#3136 = CARTESIAN_POINT ( 'NONE',  ( -0.9229561270619648372, 0.6705668777936369951, -4.061800992617014217 ) ) ;
#3137 = CARTESIAN_POINT ( 'NONE',  ( -0.6815859821374815608, 0.9381226230606178884, -3.810922796780830346 ) ) ;
#3138 = DIRECTION ( 'NONE',  ( 0.000000000000000000, -1.000000000000000000, 0.000000000000000000 ) ) ;
#3139 = CARTESIAN_POINT ( 'NONE',  ( -0.6377469987373345361, -0.8777834388968193124, 1.246000000000000663 ) ) ;
#3140 = CARTESIAN_POINT ( 'NONE',  ( -1.140836513298521870, 6.985608921807307526E-17, -3.882800992617013502 ) ) ;
#3141 = ORIENTED_EDGE ( 'NONE', *, *, #2034, .F. ) ;
#3142 = VECTOR ( 'NONE', #299, 1000.000000000000114 ) ;
#3143 = CARTESIAN_POINT ( 'NONE',  ( 0.4724818616414787065, 1.089910946951950566, 2.800000000000000266 ) ) ;
#3144 = CARTESIAN_POINT ( 'NONE',  ( 1.102829285353923883, 0.3583309563939498510, -4.347922796780831156 ) ) ;
#3145 = CARTESIAN_POINT ( 'NONE',  ( -2.449293598294707893E-16, -2.000000000000000888, -2.869733829641838874 ) ) ;
#3146 = CARTESIAN_POINT ( 'NONE',  ( 0.3767714644234080867, -1.159583333333335631, -2.405878195836191225 ) ) ;
#3147 = B_SPLINE_CURVE_WITH_KNOTS ( 'NONE', 3,
 ( #331, #2051, #969, #2095, #630, #2367, #2030, #1399, #2387, #3065, #3406, #1036, #2074, #992, #3739, #3829, #1679, #3761 ),
 .UNSPECIFIED., .F., .F.,
 ( 4, 2, 2, 2, 2, 2, 2, 2, 4 ),
 ( 0.4595563652306495772, 0.4667377788001794148, 0.4739191923697092523, 0.4811006059392390899, 0.4882820195087689275, 0.4954634330782987650, 0.5026448466478286026, 0.5098262602173584401, 0.5170076737868882777 ),
 .UNSPECIFIED. ) ;
#3148 = CARTESIAN_POINT ( 'NONE',  ( 0.000000000000000000, -1.084999999999997966, -12.00000000000000000 ) ) ;
#3149 = ORIENTED_EDGE ( 'NONE', *, *, #2551, .F. ) ;
#3150 = CARTESIAN_POINT ( 'NONE',  ( 0.2247094047032384967, -1.062829398810120729, -5.675347731215129699 ) ) ;
#3151 = CARTESIAN_POINT ( 'NONE',  ( -0.6498393924658125709, 2.000000000000000444, -7.106067162975174156 ) ) ;
#3152 = CARTESIAN_POINT ( 'NONE',  ( -2.738911528132881301E-12, -2.170830912333326865E-13, 1.200000000000000178 ) ) ;
#3153 = CARTESIAN_POINT ( 'NONE',  ( 1.102829285353923661, -0.3583309563939502396, -11.08737819583619100 ) ) ;
#3154 = ORIENTED_EDGE ( 'NONE', *, *, #870, .T. ) ;
#3155 = CARTESIAN_POINT ( 'NONE',  ( -0.6815859821374815608, 0.9381226230606178884, -10.97092279678083138 ) ) ;
#3156 = DIRECTION ( 'NONE',  ( 0.3826834323651023273, 0.9238795325112815204, 0.000000000000000000 ) ) ;
#3157 = LINE ( 'NONE', #2142, #1188 ) ;
#3158 = CARTESIAN_POINT ( 'NONE',  ( -0.9864004998515550904, -0.7166619127879002571, -11.71387819583619105 ) ) ;
#3159 = AXIS2_PLACEMENT_3D ( 'NONE', #5, #2075, #1082 ) ;
#3160 = CARTESIAN_POINT ( 'NONE',  ( 1.039822982319732692, -0.3098276382760271619, 0.5094941361941720537 ) ) ;
#3161 = CARTESIAN_POINT ( 'NONE',  ( -0.3767714644234081978, 1.159583333333334965, -2.110422796780831334 ) ) ;
#3162 = CARTESIAN_POINT ( 'NONE',  ( -1.062066823462628928, 0.3325000000000108979, 1.200000000000000178 ) ) ;
#3163 = CARTESIAN_POINT ( 'NONE',  ( 0.3525378704127037910, -1.085000000000001963, 1.514499999999999957 ) ) ;
#3164 = CARTESIAN_POINT ( 'NONE',  ( 1.701301616704080200, -1.236067977499790693, -9.612067162975172607 ) ) ;
#3165 = EDGE_LOOP ( 'NONE', ( #37, #3198, #3769, #4001 ) ) ;
#3166 = ADVANCED_FACE ( 'NONE', ( #284 ), #675, .T. ) ;
#3167 = CARTESIAN_POINT ( 'NONE',  ( 0.9229561270619648372, 0.6705668777936369951, -11.75880099261701517 ) ) ;
#3168 = CARTESIAN_POINT ( 'NONE',  ( -0.6815859821374816718, -0.9381226230606176664, -5.063922796780830460 ) ) ;
#3169 = CARTESIAN_POINT ( 'NONE',  ( -1.902113032590307728, 0.6180339887498951246, -1.616733829641840092 ) ) ;
#3170 = CARTESIAN_POINT ( 'NONE',  ( -0.9864004998515548683, -0.7166619127879001461, -0.9738781958361900637 ) ) ;
#3171 = CARTESIAN_POINT ( 'NONE',  ( 0.3525719571677159991, 1.084975234522843834, -6.209811689205134044 ) ) ;
#3172 = VERTEX_POINT ( 'NONE', #3616 ) ;
#3173 = FACE_OUTER_BOUND ( 'NONE', #390, .T. ) ;
#3174 = CARTESIAN_POINT ( 'NONE',  ( 1.902113032590308173, 0.6180339887498946805, -7.553567162975173943 ) ) ;
#3175 = CARTESIAN_POINT ( 'NONE',  ( 0.7946851512750243707, 1.563137825704837169, -10.84068335698248475 ) ) ;
#3176 = CARTESIAN_POINT ( 'NONE',  ( 0.6815859821374814498, -0.9381226230606178884, -9.476378195836192120 ) ) ;
#3177 = CARTESIAN_POINT ( 'NONE',  ( 2.011540401588613580, -0.4258133208652297719, 2.266576138033841836 ) ) ;
#3178 = CYLINDRICAL_SURFACE ( 'NONE', #1862, 1.085000000000001741 ) ;
#3179 = CARTESIAN_POINT ( 'NONE',  ( -0.3767714644234083088, 1.159583333333335631, -12.25087819583618831 ) ) ;
#3180 = CARTESIAN_POINT ( 'NONE',  ( 1.102829285353923883, 0.3583309563939498510, -13.29792279678083311 ) ) ;
#3181 = CARTESIAN_POINT ( 'NONE',  ( 2.165687395776812114E-13, -2.739425879788524143E-12, 2.799999999999999822 ) ) ;
#3182 = B_SPLINE_CURVE_WITH_KNOTS ( 'NONE', 3,
 ( #3706, #1669, #597, #1757 ),
 .UNSPECIFIED., .F., .F.,
 ( 4, 4 ),
 ( 0.000000000000000000, 0.001626924007965247464 ),
 .UNSPECIFIED. ) ;
#3183 = CARTESIAN_POINT ( 'NONE',  ( -1.031896320180243132, 0.3352834388968185531, -0.9020000000000000240 ) ) ;
#3184 = CARTESIAN_POINT ( 'NONE',  ( -1.175570504584947162, -1.618033988749895347, -10.05956716297517417 ) ) ;
#3185 = VERTEX_POINT ( 'NONE', #2620 ) ;
#3186 = CARTESIAN_POINT ( 'NONE',  ( -1.703794652737337989, 0.7556108326720120116, -10.63323468085310708 ) ) ;
#3187 = DIRECTION ( 'NONE',  ( 0.000000000000000000, 0.000000000000000000, 1.000000000000000000 ) ) ;
#3188 = CARTESIAN_POINT ( 'NONE',  ( -1.902113032590308173, -0.6180339887498949025, -5.017733829641839449 ) ) ;
#3189 = CARTESIAN_POINT ( 'NONE',  ( 0.000000000000000000, 1.159583333333335409, -1.600378195836190454 ) ) ;
#3190 = ADVANCED_FACE ( 'NONE', ( #1138 ), #1054, .F. ) ;
#3191 = CARTESIAN_POINT ( 'NONE',  ( 0.2061349332954574010, -1.792285497119391335, -0.8452840784235511329 ) ) ;
#3192 = EDGE_LOOP ( 'NONE', ( #3780, #3594, #1364, #2198, #45, #2466 ) ) ;
#3193 = CARTESIAN_POINT ( 'NONE',  ( 0.1038983676482946733, -1.080689782323074555, -5.707548929067118415 ) ) ;
#3194 = ADVANCED_FACE ( 'NONE', ( #35 ), #2480, .T. ) ;
#3195 = CARTESIAN_POINT ( 'NONE',  ( 0.6498393924658125709, -2.000000000000000888, -4.421067162975174547 ) ) ;
#3196 = CARTESIAN_POINT ( 'NONE',  ( 0.9909337619332317937, -1.104387564775087816, -11.32064997296724940 ) ) ;
#3197 = CARTESIAN_POINT ( 'NONE',  ( 0.9647844330142774094, -0.4974656096553758955, -1.842472705865141114 ) ) ;
#3198 = ORIENTED_EDGE ( 'NONE', *, *, #1919, .T. ) ;
#3199 = CARTESIAN_POINT ( 'NONE',  ( -0.1545384611209804360, -1.085000000000001963, -9.356288752796331210 ) ) ;
#3200 = CARTESIAN_POINT ( 'NONE',  ( 1.102829285353923883, -0.3583309563939503506, -12.87737819583619192 ) ) ;
#3201 = CARTESIAN_POINT ( 'NONE',  ( -0.6815859821374816718, -0.9381226230606176664, -12.22392279678082971 ) ) ;
#3202 = CARTESIAN_POINT ( 'NONE',  ( 2.102924448476535257, -3.863009542013253312E-16, -7.792233829641839193 ) ) ;
#3203 = CARTESIAN_POINT ( 'NONE',  ( -1.964039045468562339, 0.3775587740669543724, -10.38274297513777533 ) ) ;
#3204 = DIRECTION ( 'NONE',  ( -0.000000000000000000, -2.316899349738235597E-17, 1.000000000000000000 ) ) ;
#3205 = VERTEX_POINT ( 'NONE', #2058 ) ;
#3206 = CARTESIAN_POINT ( 'NONE',  ( 0.9229561270619648372, 0.6705668777936369951, -13.54880099261701254 ) ) ;
#3207 = CARTESIAN_POINT ( 'NONE',  ( 0.6739050170436026166, -0.9436554111262811517, -11.86817440462188067 ) ) ;
#3208 = CARTESIAN_POINT ( 'NONE',  ( -0.6498393924658131260, -2.000000000000000444, -8.180067162975174000 ) ) ;
#3209 = CARTESIAN_POINT ( 'NONE',  ( -1.031896320180243132, 0.3352834388968185531, -9.852000000000000313 ) ) ;
#3210 = CARTESIAN_POINT ( 'NONE',  ( 0.6377469987373346472, 0.8777834388968193124, -6.299300992617014039 ) ) ;
#3211 = VECTOR ( 'NONE', #1440, 1000.000000000000000 ) ;
#3212 = ORIENTED_EDGE ( 'NONE', *, *, #4467, .F. ) ;
#3213 = CARTESIAN_POINT ( 'NONE',  ( -1.902113032590307728, 0.6180339887498951246, -14.14673382964183901 ) ) ;
#3214 = CARTESIAN_POINT ( 'NONE',  ( -1.902113032590307728, 0.6180339887498951246, -3.257567162975174568 ) ) ;
#3215 = CARTESIAN_POINT ( 'NONE',  ( 1.405227011993061437, -0.6353605001656894569, -11.21662209805779931 ) ) ;
#3216 = CARTESIAN_POINT ( 'NONE',  ( 1.902113032590308173, 0.6180339887498946805, -2.332733829641839840 ) ) ;
#3217 = CARTESIAN_POINT ( 'NONE',  ( 1.081290088097354607, -0.08962817648451677777, -1.729932983802751956 ) ) ;
#3218 = EDGE_CURVE ( 'NONE', #2170, #1572, #117, .T. ) ;
#3219 = DIRECTION ( 'NONE',  ( -0.000000000000000000, -2.316899349738235597E-17, 1.000000000000000000 ) ) ;
#3220 = DIRECTION ( 'NONE',  ( 0.000000000000000000, 0.000000000000000000, 1.000000000000000000 ) ) ;
#3221 = CARTESIAN_POINT ( 'NONE',  ( 0.3767714644234081423, -1.159583333333335853, -9.565878195836187814 ) ) ;
#3222 = CARTESIAN_POINT ( 'NONE',  ( -0.6815859821374815608, 0.9381226230606178884, -12.76092279678083230 ) ) ;
#3223 = CARTESIAN_POINT ( 'NONE',  ( -1.701301616704080644, -1.236067977499790027, -6.718233829641837573 ) ) ;
#3224 = CARTESIAN_POINT ( 'NONE',  ( 0.6377469987373346472, 0.8777834388968193124, -4.509300992617014003 ) ) ;
#3225 = CARTESIAN_POINT ( 'NONE',  ( 1.175570504584946718, -1.618033988749895569, -13.28156716297517370 ) ) ;
#3226 = CARTESIAN_POINT ( 'NONE',  ( 0.000000000000000000, 0.000000000000000000, -1.729930898229566472 ) ) ;
#3227 = CARTESIAN_POINT ( 'NONE',  ( -1.328741777074880588E-16, -1.085000000000001741, -14.17530099261701437 ) ) ;
#3228 = DIRECTION ( 'NONE',  ( 1.000000000000000000, 0.000000000000000000, 0.000000000000000000 ) ) ;
#3229 = AXIS2_PLACEMENT_3D ( 'NONE', #2847, #1475, #3920 ) ;
#3230 = CARTESIAN_POINT ( 'NONE',  ( 1.175570504584946718, -1.618033988749895569, -7.911567162975174483 ) ) ;
#3231 = CARTESIAN_POINT ( 'NONE',  ( 0.3525378704127037910, -1.085000000000001963, -9.225500000000002032 ) ) ;
#3232 = CARTESIAN_POINT ( 'NONE',  ( -0.2757182546784983090, 1.049841402608420404, -8.347263347865224503 ) ) ;
#3233 = ORIENTED_EDGE ( 'NONE', *, *, #1803, .T. ) ;
#3234 = CARTESIAN_POINT ( 'NONE',  ( -1.701301616704080644, -1.236067977499790249, -12.08823382964183679 ) ) ;
#3235 = CARTESIAN_POINT ( 'NONE',  ( 1.219258070856293008, -2.239740740713103683E-16, -10.99787819583619353 ) ) ;
#3236 = B_SPLINE_CURVE_WITH_KNOTS ( 'NONE', 3,
 ( #1300, #1599, #3730, #2717, #2693, #571, #4416, #4394, #2334, #705, #622, #3374, #3683, #1997, #2804, #4441, #2358, #1972, #3479, #4179, #3349, #230, #3057, #1624 ),
 .UNSPECIFIED., .F., .F.,
 ( 4, 2, 2, 2, 2, 2, 2, 2, 2, 2, 2, 4 ),
 ( 0.1152201404810685448, 0.1161126078100933046, 0.1170050751391180505, 0.1187900097971675423, 0.1223598791132665120, 0.1294996177454644515, 0.1366393563776624187, 0.1437790950098603582, 0.1509188336420582977, 0.1580585722742562371, 0.1651983109064542043, 0.1723380495386521438 ),
 .UNSPECIFIED. ) ;
#3237 = CARTESIAN_POINT ( 'NONE',  ( 0.6498393924658125709, -2.000000000000000888, -0.8410671629751741429 ) ) ;
#3238 = FACE_OUTER_BOUND ( 'NONE', #4180, .T. ) ;
#3239 = CARTESIAN_POINT ( 'NONE',  ( -1.701301616704080644, -1.236067977499790249, -1.348233829641838355 ) ) ;
#3240 = CARTESIAN_POINT ( 'NONE',  ( -1.102829285353923661, 0.3583309563939501285, -6.612378195836191352 ) ) ;
#3241 = ORIENTED_EDGE ( 'NONE', *, *, #3025, .F. ) ;
#3242 = CARTESIAN_POINT ( 'NONE',  ( 0.3767714644234085863, 1.159583333333334965, -5.869422796780831675 ) ) ;
#3243 = CARTESIAN_POINT ( 'NONE',  ( -0.7972295859282659825, 0.7373227279953570301, -4.605896683982507511 ) ) ;
#3244 = EDGE_CURVE ( 'NONE', #3172, #3609, #1458, .T. ) ;
#3245 = CARTESIAN_POINT ( 'NONE',  ( -1.102829285353924105, -0.3583309563939500730, -8.223378195836190230 ) ) ;
#3246 = VERTEX_POINT ( 'NONE', #681 ) ;
#3247 = CARTESIAN_POINT ( 'NONE',  ( -1.102829285353923883, -0.3583309563939500175, -7.032922796780830765 ) ) ;
#3248 = CARTESIAN_POINT ( 'NONE',  ( 1.701301616704080200, -1.236067977499790693, -6.181233829641839428 ) ) ;
#3249 = CARTESIAN_POINT ( 'NONE',  ( 3.811058561264442238E-05, 1.085000000000001741, -6.120310667882277400 ) ) ;
#3250 = CARTESIAN_POINT ( 'NONE',  ( -1.902113032590308173, -0.6180339887498949025, -12.02856716297517536 ) ) ;
#3251 = EDGE_LOOP ( 'NONE', ( #346, #3443, #1432, #3798 ) ) ;
#3252 = CARTESIAN_POINT ( 'NONE',  ( -0.9229561270619648372, -0.6705668777936369951, -12.65380099261701119 ) ) ;
#3253 = FACE_OUTER_BOUND ( 'NONE', #1069, .T. ) ;
#3254 = CARTESIAN_POINT ( 'NONE',  ( 1.902113032590307728, -0.6180339887498953466, -9.522567162975173360 ) ) ;
#3255 = CARTESIAN_POINT ( 'NONE',  ( -0.6377469987373344251, 0.8777834388968194235, -10.03100000000000058 ) ) ;
#3256 = VERTEX_POINT ( 'NONE', #403 ) ;
#3257 = CARTESIAN_POINT ( 'NONE',  ( 1.701301616704080200, -1.236067977499790693, -13.34123382964183868 ) ) ;
#3258 = CARTESIAN_POINT ( 'NONE',  ( -0.3767714644234081978, 1.159583333333334965, -12.25087819583618831 ) ) ;
#3259 = TOROIDAL_SURFACE ( 'NONE', #4201, 3.276250000000000551, 0.2237500000000000044 ) ;
#3260 = CARTESIAN_POINT ( 'NONE',  ( -0.6498393924658125709, 2.000000000000000444, 0.05393283702482578462 ) ) ;
#3261 = CARTESIAN_POINT ( 'NONE',  ( -1.137764025365713971, 0.2132714563779535555, -11.89001568149421750 ) ) ;
#3262 = CARTESIAN_POINT ( 'NONE',  ( 0.6498393924658125709, -2.000000000000000888, 0.7997661703581603332 ) ) ;
#3263 = CARTESIAN_POINT ( 'NONE',  ( 1.219258070856292786, -2.239740740713103683E-16, -5.627878195836190756 ) ) ;
#3264 = VERTEX_POINT ( 'NONE', #1801 ) ;
#3265 = CARTESIAN_POINT ( 'NONE',  ( 0.9864004998515547573, 0.7166619127879000350, -7.838422796780830204 ) ) ;
#3266 = CARTESIAN_POINT ( 'NONE',  ( 1.328741777074880588E-16, 1.085000000000001297, 2.799999999999999822 ) ) ;
#3267 = CARTESIAN_POINT ( 'NONE',  ( -1.420080017511287752E-16, -1.159583333333335631, -4.285378195836190507 ) ) ;
#3268 = CARTESIAN_POINT ( 'NONE',  ( -0.3767714644234084753, -1.159583333333334965, -4.974422796780830325 ) ) ;
#3269 = CARTESIAN_POINT ( 'NONE',  ( 1.701301616704080200, -1.236067977499790693, -7.971233829641839463 ) ) ;
#3270 = CARTESIAN_POINT ( 'NONE',  ( -7.074485523250553921E-07, -1.084999999999771259, -3.435301172233002909 ) ) ;
#3271 = CARTESIAN_POINT ( 'NONE',  ( 1.175570504584947384, 1.618033988749895347, -7.374567162975174561 ) ) ;
#3272 = ORIENTED_EDGE ( 'NONE', *, *, #2966, .F. ) ;
#3273 = CARTESIAN_POINT ( 'NONE',  ( -0.3525378704127041241, -1.085000000000001741, -7.104800992617012589 ) ) ;
#3274 = CARTESIAN_POINT ( 'NONE',  ( 1.064517834830070342, -0.2487979453889074544, -8.934565685476979269 ) ) ;
#3275 = CARTESIAN_POINT ( 'NONE',  ( -1.328741777074880588E-16, -1.085000000000001741, -11.10500000000000043 ) ) ;
#3276 = EDGE_LOOP ( 'NONE', ( #2935, #314, #821, #2673 ) ) ;
#3277 = CARTESIAN_POINT ( 'NONE',  ( -0.6498393924658131260, -2.000000000000000444, -13.69923382964183745 ) ) ;
#3278 = CARTESIAN_POINT ( 'NONE',  ( -1.175570504584947162, -1.618033988749895347, -11.99873382964183932 ) ) ;
#3279 = CARTESIAN_POINT ( 'NONE',  ( 0.9864004998515548683, 0.7166619127879000350, -12.60887819583619063 ) ) ;
#3280 = CARTESIAN_POINT ( 'NONE',  ( 0.000000000000000000, 2.000000000000000888, -0.03556716297517352465 ) ) ;
#3281 = CARTESIAN_POINT ( 'NONE',  ( 0.06489794886255823014, -1.085613890586860419, -7.508292079262716356 ) ) ;
#3282 = CARTESIAN_POINT ( 'NONE',  ( -0.6498393924658131260, -2.000000000000000444, -2.959233829641839897 ) ) ;
#3283 = CARTESIAN_POINT ( 'NONE',  ( -1.420080017511287505E-16, -1.159583333333335409, -6.075378195836190542 ) ) ;
#3284 = B_SPLINE_CURVE_WITH_KNOTS ( 'NONE', 3,
 ( #1348, #2764, #4116, #3058, #255, #3010 ),
 .UNSPECIFIED., .F., .F.,
 ( 4, 2, 4 ),
 ( 0.000000000000000000, 0.0004170292335952121513, 0.0008340584671904243026 ),
 .UNSPECIFIED. ) ;
#3285 = CARTESIAN_POINT ( 'NONE',  ( 1.102829285353923883, 0.3583309563939498510, -7.927922796780831227 ) ) ;
#3286 = DIRECTION ( 'NONE',  ( 0.000000000000000000, -1.000000000000000000, -2.478176394252582127E-16 ) ) ;
#3287 = CARTESIAN_POINT ( 'NONE',  ( 0.9864004998515548683, -0.7166619127879004791, -7.596878195836191949 ) ) ;
#3288 = CARTESIAN_POINT ( 'NONE',  ( 0.000000000000000000, 1.159583333333335409, -5.779922796780830652 ) ) ;
#3289 = CARTESIAN_POINT ( 'NONE',  ( -1.701301616704080644, -1.236067977499790027, -3.138233829641837946 ) ) ;
#3290 = CARTESIAN_POINT ( 'NONE',  ( -0.9229561270619647262, 0.6705668777936368841, -5.851800992617014252 ) ) ;
#3291 = CARTESIAN_POINT ( 'NONE',  ( 1.175570504584947384, 1.618033988749895347, -3.794567162975173602 ) ) ;
#3292 = CARTESIAN_POINT ( 'NONE',  ( -0.4724818616414787620, -2.097441510607461979, 2.799999999999999378 ) ) ;
#3293 = CARTESIAN_POINT ( 'NONE',  ( -1.140836513298521870, 6.985608921807308758E-17, -7.462800992617013129 ) ) ;
#3294 = CARTESIAN_POINT ( 'NONE',  ( -1.219258070856293008, 7.465802469043678121E-17, -10.70242279678083186 ) ) ;
#3295 = CARTESIAN_POINT ( 'NONE',  ( 1.175570504584946718, -1.618033988749895569, -2.541567162975173044 ) ) ;
#3296 = CARTESIAN_POINT ( 'NONE',  ( -1.031896320180243354, -0.3352834388968184420, -9.673000000000001819 ) ) ;
#3297 = CONICAL_SURFACE ( 'NONE', #1630, 2.000000000000000000, 0.6806784082777900258 ) ;
#3298 = EDGE_CURVE ( 'NONE', #3172, #4093, #3948, .T. ) ;
#3299 = ORIENTED_EDGE ( 'NONE', *, *, #406, .F. ) ;
#3300 = CARTESIAN_POINT ( 'NONE',  ( 0.6498393924658125709, -2.000000000000000888, -11.73023382964183980 ) ) ;
#3301 = AXIS2_PLACEMENT_3D ( 'NONE', #718, #3471, #2408 ) ;
#3302 = CARTESIAN_POINT ( 'NONE',  ( 1.102829285353923661, -0.3583309563939502396, 0.8430772032191700127 ) ) ;
#3303 = CARTESIAN_POINT ( 'NONE',  ( 0.000000000000000000, 1.159583333333335409, -10.55037819583619196 ) ) ;
#3304 = CARTESIAN_POINT ( 'NONE',  ( 1.902113032590307728, -0.6180339887498953466, -0.5725671629751728497 ) ) ;
#3305 = CONICAL_SURFACE ( 'NONE', #2511, 3.499999999999999112, 0.5148721293383320408 ) ;
#3306 = CARTESIAN_POINT ( 'NONE',  ( -1.140836513298521870, 6.985608921807307526E-17, -11.04280099261701231 ) ) ;
#3307 = CARTESIAN_POINT ( 'NONE',  ( 1.701301616704080866, 1.236067977499790027, -0.4532338296418386148 ) ) ;
#3308 = CARTESIAN_POINT ( 'NONE',  ( -0.9864004998515547573, -0.7166619127879001461, -4.553878195836190912 ) ) ;
#3309 = CARTESIAN_POINT ( 'NONE',  ( 1.102829285353923661, -0.3583309563939502396, -8.106922796780830609 ) ) ;
#3310 = CARTESIAN_POINT ( 'NONE',  ( 0.000000000000000000, -3.429011037612588783E-16, 2.799999999999999822 ) ) ;
#3311 = CARTESIAN_POINT ( 'NONE',  ( 1.219258070856293230, -2.239740740713104176E-16, -7.417878195836190791 ) ) ;
#3312 = CARTESIAN_POINT ( 'NONE',  ( -0.6815859821374815608, 0.9381226230606178884, -5.600922796780832158 ) ) ;
#3313 = CARTESIAN_POINT ( 'NONE',  ( -1.175570504584947162, -1.618033988749895347, -1.258733829641839330 ) ) ;
#3314 = CARTESIAN_POINT ( 'NONE',  ( 2.124133646925257413, -0.3325000000000076228, 1.199999999999999734 ) ) ;
#3315 = CARTESIAN_POINT ( 'NONE',  ( -1.902113032590308173, -0.6180339887498949025, -4.868567162975174334 ) ) ;
#3316 = CARTESIAN_POINT ( 'NONE',  ( -1.057045922131752524, -0.2829073453993566356, -2.529776797510255193 ) ) ;
#3317 = CARTESIAN_POINT ( 'NONE',  ( -1.140836513298521870, 6.985608921807308758E-17, -11.04280099261701409 ) ) ;
#3318 = CARTESIAN_POINT ( 'NONE',  ( 0.9864004998515546463, -0.7166619127879003681, -11.77642279678082815 ) ) ;
#3319 = CARTESIAN_POINT ( 'NONE',  ( -2.102924448476535257, 1.287669847337750940E-16, -4.958067162975173581 ) ) ;
#3320 = CARTESIAN_POINT ( 'NONE',  ( 1.031896320180243132, -0.3352834388968186641, -1.796999999999999931 ) ) ;
#3321 = VERTEX_POINT ( 'NONE', #2867 ) ;
#3322 = CARTESIAN_POINT ( 'NONE',  ( -2.449293598294707893E-16, -2.000000000000000888, -8.239733829641840757 ) ) ;
#3323 = CARTESIAN_POINT ( 'NONE',  ( -1.902113032590308173, -0.6180339887498949025, -13.96773382964184052 ) ) ;
#3324 = EDGE_CURVE ( 'NONE', #1028, #4204, #1497, .T. ) ;
#3325 = CARTESIAN_POINT ( 'NONE',  ( -1.701301616704080644, -1.236067977499790249, -6.718233829641837573 ) ) ;
#3326 = CARTESIAN_POINT ( 'NONE',  ( 0.9864004998515546463, -0.7166619127879003681, -9.386878195836192873 ) ) ;
#3327 = DIRECTION ( 'NONE',  ( -1.000000000000000000, 0.000000000000000000, 0.000000000000000000 ) ) ;
#3328 = FACE_OUTER_BOUND ( 'NONE', #1453, .T. ) ;
#3329 = ORIENTED_EDGE ( 'NONE', *, *, #3548, .T. ) ;
#3330 = CARTESIAN_POINT ( 'NONE',  ( -1.102829285353923661, 0.3583309563939501285, -4.822378195836191317 ) ) ;
#3331 = EDGE_CURVE ( 'NONE', #1992, #1861, #752, .T. ) ;
#3332 = CARTESIAN_POINT ( 'NONE',  ( -1.102829285353923661, 0.3583309563939501285, -9.001922796780831959 ) ) ;
#3333 = DIRECTION ( 'NONE',  ( -0.000000000000000000, -2.316899349738235597E-17, 1.000000000000000000 ) ) ;
#3334 = CARTESIAN_POINT ( 'NONE',  ( -1.420080017511287752E-16, -1.159583333333335631, -7.865378195836190578 ) ) ;
#3335 = CARTESIAN_POINT ( 'NONE',  ( -0.3767714644234081978, 1.159583333333334965, -7.480422796780829664 ) ) ;
#3336 = CARTESIAN_POINT ( 'NONE',  ( 1.902113032590307728, -0.6180339887498953466, -2.511733829641840110 ) ) ;
#3337 = CARTESIAN_POINT ( 'NONE',  ( -0.3341042614155920187, -1.062385930898704034, 1.218336791887518533 ) ) ;
#3338 = CARTESIAN_POINT ( 'NONE',  ( 0.6498393924658134591, 2.000000000000000444, -7.285067162975174426 ) ) ;
#3339 = CARTESIAN_POINT ( 'NONE',  ( -0.2798461615962327675, -1.050297740082559272, -2.227614310393313701 ) ) ;
#3340 = CARTESIAN_POINT ( 'NONE',  ( -1.031896320180243132, 0.3352834388968185531, -11.13230099261701334 ) ) ;
#3341 = CARTESIAN_POINT ( 'NONE',  ( 1.219258070856293008, -2.239740740713103683E-16, -13.38742279678082880 ) ) ;
#3342 = CARTESIAN_POINT ( 'NONE',  ( 1.175570504584947384, 1.618033988749895347, -3.794567162975173602 ) ) ;
#3343 = CARTESIAN_POINT ( 'NONE',  ( 0.6377469987373343141, -0.8777834388968194235, -1.975999999999998646 ) ) ;
#3344 = ORIENTED_EDGE ( 'NONE', *, *, #1887, .F. ) ;
#3345 = CARTESIAN_POINT ( 'NONE',  ( -2.102924448476535257, 1.287669847337751433E-16, -10.47723382964183791 ) ) ;
#3346 = CARTESIAN_POINT ( 'NONE',  ( 1.219258070856293008, -2.239740740713103683E-16, -0.8574227967808304429 ) ) ;
#3347 = CARTESIAN_POINT ( 'NONE',  ( 0.000000000000000000, 2.000000000000000888, -7.344733829641839407 ) ) ;
#3348 = CARTESIAN_POINT ( 'NONE',  ( 0.9864004998515548683, 0.7166619127879000350, -3.658878195836190006 ) ) ;
#3349 = CARTESIAN_POINT ( 'NONE',  ( -0.5436718242315531358, -0.9495248371794535736, -11.25491615280948743 ) ) ;
#3350 = FACE_OUTER_BOUND ( 'NONE', #3656, .T. ) ;
#3351 = ORIENTED_EDGE ( 'NONE', *, *, #2519, .T. ) ;
#3352 = CARTESIAN_POINT ( 'NONE',  ( 0.3922700334562186364, -1.538730407638494890, -1.121507705161506774 ) ) ;
#3353 = CARTESIAN_POINT ( 'NONE',  ( -2.000000000000000000, 2.449293598294706414E-16, -0.6000000000000000888 ) ) ;
#3354 = DIRECTION ( 'NONE',  ( 1.000000000000000000, 0.000000000000000000, 0.000000000000000000 ) ) ;
#3355 = CARTESIAN_POINT ( 'NONE',  ( 1.701301616704080200, -1.236067977499790693, -11.40206716297517353 ) ) ;
#3356 = CARTESIAN_POINT ( 'NONE',  ( 0.9864004998515550904, 0.7166619127879001461, -3.658878195836190006 ) ) ;
#3357 = EDGE_CURVE ( 'NONE', #4468, #1249, #4302, .T. ) ;
#3358 = VECTOR ( 'NONE', #838, 1000.000000000000000 ) ;
#3359 = CARTESIAN_POINT ( 'NONE',  ( -0.6815859821374815608, 0.9381226230606178884, -2.020922796780830311 ) ) ;
#3360 = CARTESIAN_POINT ( 'NONE',  ( -1.175570504584947162, -1.618033988749895347, -3.048733829641839144 ) ) ;
#3361 = VERTEX_POINT ( 'NONE', #1128 ) ;
#3362 = CARTESIAN_POINT ( 'NONE',  ( -0.8645141030382764713, 1.677470352640371809, -10.60509620957563826 ) ) ;
#3363 = CARTESIAN_POINT ( 'NONE',  ( 1.175570504584946718, -1.618033988749895569, -7.911567162975174483 ) ) ;
#3364 = CARTESIAN_POINT ( 'NONE',  ( 1.088868311864843230, -1.944950119079587722E-16, -1.725153930907082023 ) ) ;
#3365 = CARTESIAN_POINT ( 'NONE',  ( 0.6377469987373346472, 0.8777834388968193124, -8.089300992617014074 ) ) ;
#3366 = CARTESIAN_POINT ( 'NONE',  ( 0.9864004998515548683, 0.7166619127879000350, -13.20842279678082853 ) ) ;
#3367 = CARTESIAN_POINT ( 'NONE',  ( -2.449293598294707893E-16, -2.000000000000000888, -6.300567162975172941 ) ) ;
#3368 = CARTESIAN_POINT ( 'NONE',  ( 0.6377469987373346472, 0.8777834388968193124, -3.228999999999999204 ) ) ;
#3369 = ORIENTED_EDGE ( 'NONE', *, *, #1606, .F. ) ;
#3370 = CARTESIAN_POINT ( 'NONE',  ( 1.175570504584946718, -1.618033988749895569, -6.270733829641840451 ) ) ;
#3371 = CARTESIAN_POINT ( 'NONE',  ( -0.3767714644234084753, -1.159583333333334965, 0.3955772032191699483 ) ) ;
#3372 = CARTESIAN_POINT ( 'NONE',  ( 0.000000000000000000, 2.000000000000000888, -10.92473382964183948 ) ) ;
#3373 = CARTESIAN_POINT ( 'NONE',  ( 1.102829285353923883, 0.3583309563939498510, -3.748378195836191029 ) ) ;
#3374 = CARTESIAN_POINT ( 'NONE',  ( -0.8756138580353912682, 0.6561073391979510561, -11.73794243182517150 ) ) ;
#3375 = CARTESIAN_POINT ( 'NONE',  ( 0.1419372867548653327, 1.084999793926445966, -6.666652337496232761 ) ) ;
#3376 = ORIENTED_EDGE ( 'NONE', *, *, #1099, .T. ) ;
#3377 = DIRECTION ( 'NONE',  ( 1.000000000000000000, 0.000000000000000000, 0.000000000000000000 ) ) ;
#3378 = VECTOR ( 'NONE', #1358, 1000.000000000000114 ) ;
#3379 = CARTESIAN_POINT ( 'NONE',  ( 0.000000000000000000, 0.000000000000000000, -12.00000000000000000 ) ) ;
#3380 = CARTESIAN_POINT ( 'NONE',  ( 1.902113032590308173, 0.6180339887498946805, -11.13356716297517579 ) ) ;
#3381 = CARTESIAN_POINT ( 'NONE',  ( -0.9864004998515550904, -0.7166619127879002571, -0.9738781958361900637 ) ) ;
#3382 = CARTESIAN_POINT ( 'NONE',  ( -1.219258070856293008, 7.465802469043678121E-17, 0.03757720321916935974 ) ) ;
#3383 = CARTESIAN_POINT ( 'NONE',  ( -2.449293598294707893E-16, -2.000000000000000888, -1.079733829641839060 ) ) ;
#3384 = EDGE_CURVE ( 'NONE', #4204, #4318, #1670, .T. ) ;
#3385 = CARTESIAN_POINT ( 'NONE',  ( -1.060884626612837334, 1.579434764196997687, -10.57752603004162673 ) ) ;
#3386 = CARTESIAN_POINT ( 'NONE',  ( -1.701301616704080644, -1.236067977499790249, 0.5909328370248267959 ) ) ;
#3387 = CARTESIAN_POINT ( 'NONE',  ( -0.8297357569272489908, -0.7043838949249013881, -2.401106858370994690 ) ) ;
#3388 = CARTESIAN_POINT ( 'NONE',  ( 0.000000000000000000, 1.085000000000001741, -0.7503009926170135513 ) ) ;
#3389 = CARTESIAN_POINT ( 'NONE',  ( -1.102829285353923661, 0.3583309563939501285, -3.631922796780831408 ) ) ;
#3390 = CARTESIAN_POINT ( 'NONE',  ( -1.701301616704080644, -1.236067977499790027, -2.989067162975173275 ) ) ;
#3391 = ADVANCED_FACE ( 'NONE', ( #2887, #1149 ), #511, .F. ) ;
#3392 = CARTESIAN_POINT ( 'NONE',  ( 0.000000000000000000, 1.085000000000001741, -4.839999999999998970 ) ) ;
#3393 = ORIENTED_EDGE ( 'NONE', *, *, #3981, .T. ) ;
#3394 = CARTESIAN_POINT ( 'NONE',  ( -1.701301616704080644, 1.236067977499790471, -7.076233829641838113 ) ) ;
#3395 = CARTESIAN_POINT ( 'NONE',  ( -0.7989322657794288851, -0.7480321421345735855, -7.756602106957400267 ) ) ;
#3396 = CARTESIAN_POINT ( 'NONE',  ( 0.6498393924658134591, 2.000000000000000444, -9.224233829641839577 ) ) ;
#3397 = CARTESIAN_POINT ( 'NONE',  ( 0.000000000000000000, 1.159583333333335409, -5.180378195836190081 ) ) ;
#3398 = CARTESIAN_POINT ( 'NONE',  ( 8.855726147994392812E-06, -1.084999999963861539, -7.524997751766554721 ) ) ;
#3399 = CARTESIAN_POINT ( 'NONE',  ( -4.141833834462461787E-06, -1.084999999992096509, -7.015302044137303739 ) ) ;
#3400 = ORIENTED_EDGE ( 'NONE', *, *, #1077, .F. ) ;
#3401 = CARTESIAN_POINT ( 'NONE',  ( 0.9229311287315756784, -1.409712351736544411, -1.001109011793681836 ) ) ;
#3402 = PERSON_AND_ORGANIZATION ( #2711, #1562 ) ;
#3403 = CARTESIAN_POINT ( 'NONE',  ( -1.175570504584947162, -1.618033988749895347, -11.84956716297517332 ) ) ;
#3404 = CARTESIAN_POINT ( 'NONE',  ( -1.420080017511287752E-16, -1.159583333333335631, -0.7053781958361905469 ) ) ;
#3405 = CARTESIAN_POINT ( 'NONE',  ( 1.102829285353923883, 0.3583309563939498510, -2.557922796780831121 ) ) ;
#3406 = CARTESIAN_POINT ( 'NONE',  ( -1.056781432461808778, -0.2839211637696877344, -6.109055023388734185 ) ) ;
#3407 = LINE ( 'NONE', #3337, #23 ) ;
#3408 = CARTESIAN_POINT ( 'NONE',  ( 0.000000000000000000, 2.000000000000000888, -3.615567162975173332 ) ) ;
#3409 = CARTESIAN_POINT ( 'NONE',  ( -1.102829285353923883, -0.3583309563939500175, -11.80337819583619030 ) ) ;
#3410 = CARTESIAN_POINT ( 'NONE',  ( -0.3525378704127039020, 1.085000000000001741, -0.6608009926170143045 ) ) ;
#3411 = CARTESIAN_POINT ( 'NONE',  ( 0.3767714644234080867, -1.159583333333335631, -6.585422796780830978 ) ) ;
#3412 = DIRECTION ( 'NONE',  ( -0.000000000000000000, -1.836970198721029441E-16, 1.000000000000000000 ) ) ;
#3413 = CARTESIAN_POINT ( 'NONE',  ( 0.9229561270619648372, 0.6705668777936369951, -5.108500000000000263 ) ) ;
#3414 = ORIENTED_EDGE ( 'NONE', *, *, #2059, .F. ) ;
#3415 = ADVANCED_FACE ( 'NONE', ( #1910 ), #3803, .F. ) ;
#3416 = CARTESIAN_POINT ( 'NONE',  ( 1.701301616704080200, -1.236067977499790693, -9.761233829641836834 ) ) ;
#3417 = CARTESIAN_POINT ( 'NONE',  ( -1.062066823462629594, -0.3325000000000004619, 1.200000000000000178 ) ) ;
#3418 = CARTESIAN_POINT ( 'NONE',  ( -0.6498393924658131260, -2.000000000000000444, -11.90923382964184007 ) ) ;
#3419 = CARTESIAN_POINT ( 'NONE',  ( -0.9864004998515548683, -0.7166619127879001461, -8.133878195836190983 ) ) ;
#3420 = CARTESIAN_POINT ( 'NONE',  ( 1.086818405485538319, -0.01340227967294574732, -7.080639939827957363 ) ) ;
#3421 = ORIENTED_EDGE ( 'NONE', *, *, #3218, .F. ) ;
#3422 = CARTESIAN_POINT ( 'NONE',  ( 2.097441510607559234, 0.4724818616414787065, 2.799999999999999822 ) ) ;
#3423 = CARTESIAN_POINT ( 'NONE',  ( -1.701301616704080644, -1.236067977499790249, -11.93906716297517256 ) ) ;
#3424 = CARTESIAN_POINT ( 'NONE',  ( -0.9864004998515550904, 0.7166619127879003681, 0.4581218041638090988 ) ) ;
#3425 = ORIENTED_EDGE ( 'NONE', *, *, #3082, .T. ) ;
#3426 = CARTESIAN_POINT ( 'NONE',  ( -0.3767714644234081978, 1.159583333333334965, -2.110422796780831334 ) ) ;
#3427 = CARTESIAN_POINT ( 'NONE',  ( -0.4724818616414570016, 2.097441510607579218, 2.799999999999999822 ) ) ;
#3428 = CARTESIAN_POINT ( 'NONE',  ( -1.084079016087672320, -0.1608825943770898215, -9.722530955577672884 ) ) ;
#3429 = CIRCLE ( 'NONE', #4292, 2.149999999999896438 ) ;
#3430 = CARTESIAN_POINT ( 'NONE',  ( -1.701301616704080644, -1.236067977499790249, -2.989067162975173275 ) ) ;
#3431 = CARTESIAN_POINT ( 'NONE',  ( 1.031896320180243132, -0.3352834388968186641, -3.077300992617014508 ) ) ;
#3432 = CARTESIAN_POINT ( 'NONE',  ( -1.420080017511287505E-16, -1.159583333333335409, -6.674922796780830225 ) ) ;
#3433 = DIRECTION ( 'NONE',  ( -0.9238795325112909573, -0.3826834323650796787, -2.400117229230476289E-16 ) ) ;
#3434 = CARTESIAN_POINT ( 'NONE',  ( 0.9229561270619647262, 0.6705668777936368841, -11.75880099261701517 ) ) ;
#3435 = ORIENTED_EDGE ( 'NONE', *, *, #1236, .F. ) ;
#3436 = CARTESIAN_POINT ( 'NONE',  ( 2.102924448476535257, -3.863009542013253312E-16, -4.212233829641838234 ) ) ;
#3437 = DIRECTION ( 'NONE',  ( 0.3826834323650958880, 0.9238795325112841850, 9.941611076325954036E-17 ) ) ;
#3438 = CARTESIAN_POINT ( 'NONE',  ( 0.3767714644234085863, 1.159583333333334965, -2.289422796780831604 ) ) ;
#3439 = CARTESIAN_POINT ( 'NONE',  ( -0.6498393924658125709, 2.000000000000000444, -3.675233829641839645 ) ) ;
#3440 = CARTESIAN_POINT ( 'NONE',  ( -1.031896320180243132, 0.3352834388968185531, -13.43199999999999861 ) ) ;
#3441 = EDGE_CURVE ( 'NONE', #153, #2381, #691, .T. ) ;
#3442 = CARTESIAN_POINT ( 'NONE',  ( -2.097441510607456205, 0.4724818616415005224, 2.799999999999999822 ) ) ;
#3443 = ORIENTED_EDGE ( 'NONE', *, *, #1327, .F. ) ;
#3444 = CARTESIAN_POINT ( 'NONE',  ( -1.062066823462628928, 0.3325000000000108979, 1.200000000000000178 ) ) ;
#3445 = CARTESIAN_POINT ( 'NONE',  ( 1.175570504584947384, 1.618033988749895347, -12.74456716297517467 ) ) ;
#3446 = CARTESIAN_POINT ( 'NONE',  ( 0.8066907089715571466, -0.8774289446667850045, -11.82703494724521676 ) ) ;
#3447 = CARTESIAN_POINT ( 'NONE',  ( 0.6815859821374817828, 0.9381226230606176664, -0.5889227967808309261 ) ) ;
#3448 = CARTESIAN_POINT ( 'NONE',  ( -0.4912910379421478457, -0.9841899228944078759, -1.778342405778762902 ) ) ;
#3449 = DIRECTION ( 'NONE',  ( 0.000000000000000000, 1.000000000000000000, 1.239088197126290817E-16 ) ) ;
#3450 = CARTESIAN_POINT ( 'NONE',  ( -0.6498393924658125709, 2.000000000000000444, -3.526067162975173197 ) ) ;
#3451 = CARTESIAN_POINT ( 'NONE',  ( 0.9229561270619648372, 0.6705668777936369951, -2.808800992617013215 ) ) ;
#3452 = CARTESIAN_POINT ( 'NONE',  ( 1.219258070856293008, -2.239740740713103683E-16, -8.017422796780833139 ) ) ;
#3453 = LINE ( 'NONE', #359, #4307 ) ;
#3454 = B_SPLINE_CURVE_WITH_KNOTS ( 'NONE', 3,
 ( #3124, #4490, #3532, #4211, #2814, #1076, #3193, #3104, #3150, #1461, #46, #1096, #733, #3866, #773, #4139, #2856, #2789, #4232, #4163, #1372, #2512, #2135, #1116, #692, #713, #3888, #2090, #3464, #2766, #2110, #3487, #1029, #2425, #4510, #2446, #20, #1416, #4188 ),
 .UNSPECIFIED., .F., .F.,
 ( 4, 2, 1, 1, 1, 2, 2, 2, 2, 2, 2, 2, 2, 2, 2, 1, 2, 2, 1, 2, 2, 4 ),
 ( 0.5170076737868882777, 0.5171254679235781637, 0.5172432620602679387, 0.5174788503336475998, 0.5179500268804070329, 0.5188923799739257881, 0.5207770861609631874, 0.5245464985350380971, 0.5283159109091130068, 0.5302006170961505171, 0.5320853232831880275, 0.5396241480313378469, 0.5471629727794876663, 0.5547017975276375967, 0.5565865037146749961, 0.5575288568081937512, 0.5580000333549530733, 0.5582356216283327344, 0.5584712099017125064, 0.5622406222757875272, 0.5697794470239375686, 0.5773182717720877211 ),
 .UNSPECIFIED. ) ;
#3455 = ORIENTED_EDGE ( 'NONE', *, *, #4216, .T. ) ;
#3456 = DIRECTION ( 'NONE',  ( 0.000000000000000000, -1.000000000000000000, 0.000000000000000000 ) ) ;
#3457 = ORIENTED_EDGE ( 'NONE', *, *, #2692, .F. ) ;
#3458 = CARTESIAN_POINT ( 'NONE',  ( -0.002237835297211380591, -1.085000018301264468, -7.525568167788286189 ) ) ;
#3459 = CARTESIAN_POINT ( 'NONE',  ( -1.420080017511287505E-16, -1.159583333333335409, -4.884922796780830190 ) ) ;
#3460 = CARTESIAN_POINT ( 'NONE',  ( 1.701301616704080200, -1.236067977499790693, -2.601233829641839801 ) ) ;
#3461 = CARTESIAN_POINT ( 'NONE',  ( -1.102829285353923661, 0.3583309563939501285, -3.032378195836191725 ) ) ;
#3462 = CARTESIAN_POINT ( 'NONE',  ( 1.734718148247091918, -0.9776628203202299972, -0.6233061079422448358 ) ) ;
#3463 = ORIENTED_EDGE ( 'NONE', *, *, #43, .T. ) ;
#3464 = CARTESIAN_POINT ( 'NONE',  ( 0.8594692958563661112, 0.6623408373177378516, -5.100311393625378109 ) ) ;
#3465 = ADVANCED_FACE ( 'NONE', ( #763 ), #3541, .T. ) ;
#3466 = APPROVAL_ROLE ( '' ) ;
#3467 = CARTESIAN_POINT ( 'NONE',  ( -2.102924448476535257, 1.287669847337751433E-16, -4.958067162975173581 ) ) ;
#3468 = CARTESIAN_POINT ( 'NONE',  ( -1.133391654391557202, -0.4134575293955879971, -11.80344038161491937 ) ) ;
#3469 = EDGE_CURVE ( 'NONE', #3246, #4049, #2070, .T. ) ;
#3470 = CARTESIAN_POINT ( 'NONE',  ( 0.000000000000000000, 1.085000000000001741, -7.910300992617014693 ) ) ;
#3471 = DIRECTION ( 'NONE',  ( -0.000000000000000000, -1.836970198721029441E-16, 1.000000000000000000 ) ) ;
#3472 = CARTESIAN_POINT ( 'NONE',  ( -0.2606261408344538455, 1.053235413347624272, -10.14121379249039734 ) ) ;
#3473 = CARTESIAN_POINT ( 'NONE',  ( -1.175570504584947162, -1.618033988749895347, 0.6804328370248260427 ) ) ;
#3474 = CARTESIAN_POINT ( 'NONE',  ( 0.6377469987373343141, -0.8777834388968194235, -1.466300992617013188 ) ) ;
#3475 = CARTESIAN_POINT ( 'NONE',  ( 0.9864004998515548683, 0.7166619127879000350, -6.048422796780831945 ) ) ;
#3476 = CARTESIAN_POINT ( 'NONE',  ( 1.328741777074880588E-16, 1.085000000000001297, 2.799999999999999822 ) ) ;
#3477 = ORIENTED_EDGE ( 'NONE', *, *, #3605, .F. ) ;
#3478 = CARTESIAN_POINT ( 'NONE',  ( 0.9229561270619648372, 0.6705668777936369951, -1.528499999999998638 ) ) ;
#3479 = CARTESIAN_POINT ( 'NONE',  ( -0.8642159428818286804, -0.6710493819106199131, -11.36694579153044948 ) ) ;
#3480 = ORIENTED_EDGE ( 'NONE', *, *, #1099, .F. ) ;
#3481 = CARTESIAN_POINT ( 'NONE',  ( -0.1841326167999247643, -1.070781303131271178, -7.572724065591179610 ) ) ;
#3482 = CARTESIAN_POINT ( 'NONE',  ( -0.3767714644234084753, -1.159583333333334965, -4.974422796780830325 ) ) ;
#3483 = CARTESIAN_POINT ( 'NONE',  ( 0.6498393924658125709, -2.000000000000000888, -4.570233829641838774 ) ) ;
#3484 = CARTESIAN_POINT ( 'NONE',  ( 1.290091717462622301, 0.2689202110549343550, 1.599289762890088618 ) ) ;
#3485 = CARTESIAN_POINT ( 'NONE',  ( -0.5461851752634718782, 0.5461851752634809820, 1.200000000000000178 ) ) ;
#3486 = ORIENTED_EDGE ( 'NONE', *, *, #1294, .T. ) ;
#3487 = CARTESIAN_POINT ( 'NONE',  ( 0.8398650092421544588, 0.6869198828211304786, -5.091931250439971635 ) ) ;
#3488 = COORDINATED_UNIVERSAL_TIME_OFFSET ( 6, 0, .BEHIND. ) ;
#3489 = CARTESIAN_POINT ( 'NONE',  ( 0.6498393924658134591, 2.000000000000000444, -3.705067162975174355 ) ) ;
#3490 = CARTESIAN_POINT ( 'NONE',  ( 7.891820033768399189E-06, 1.084999999941005600, -2.540336538185393955 ) ) ;
#3491 = CARTESIAN_POINT ( 'NONE',  ( -1.102829285353923883, -0.3583309563939500175, -10.01337819583619115 ) ) ;
#3492 = CARTESIAN_POINT ( 'NONE',  ( 0.6377469987373346472, 0.8777834388968193124, -9.879300992617013222 ) ) ;
#3493 = CARTESIAN_POINT ( 'NONE',  ( -1.031896320180243354, -0.3352834388968184420, -2.003300992617014220 ) ) ;
#3494 = CARTESIAN_POINT ( 'NONE',  ( -0.3511100464189456094, 1.027344619175482698, -10.11618991908837373 ) ) ;
#3495 = EDGE_CURVE ( 'NONE', #4131, #1483, #1415, .T. ) ;
#3496 = CARTESIAN_POINT ( 'NONE',  ( 0.6815859821374815608, -0.9381226230606179994, -13.05637819583619219 ) ) ;
#3497 = CARTESIAN_POINT ( 'NONE',  ( -1.328741777074880588E-16, -1.085000000000001741, 0.1446990073829864665 ) ) ;
#3498 = CARTESIAN_POINT ( 'NONE',  ( 0.000000000000000000, 1.159583333333335409, -2.199922796780830581 ) ) ;
#3499 = CARTESIAN_POINT ( 'NONE',  ( 1.832368019814738291, -0.8015157141068508517, -0.6000000000000000888 ) ) ;
#3500 = CARTESIAN_POINT ( 'NONE',  ( 0.6377469987373343141, -0.8777834388968194235, 1.604000000000001203 ) ) ;
#3501 = CARTESIAN_POINT ( 'NONE',  ( 1.701301616704080866, 1.236067977499790027, -11.04406716297517477 ) ) ;
#3502 = ORIENTED_EDGE ( 'NONE', *, *, #4467, .T. ) ;
#3503 = CIRCLE ( 'NONE', #1838, 2.149999999997260769 ) ;
#3504 = CARTESIAN_POINT ( 'NONE',  ( 1.031896320180243132, -0.3352834388968186641, -12.02730099261701469 ) ) ;
#3505 = CARTESIAN_POINT ( 'NONE',  ( 0.3324999999999938005, -1.838044505796227135, 1.199999999999999512 ) ) ;
#3506 = CARTESIAN_POINT ( 'NONE',  ( -2.449293598294707893E-16, -2.000000000000000888, -1.079733829641839060 ) ) ;
#3507 = CARTESIAN_POINT ( 'NONE',  ( 0.9864004998515548683, 0.7166619127879000350, -1.868878195836190192 ) ) ;
#3508 = DIRECTION ( 'NONE',  ( 0.000000000000000000, 0.000000000000000000, 1.000000000000000000 ) ) ;
#3509 = ORIENTED_EDGE ( 'NONE', *, *, #3877, .T. ) ;
#3510 = DIRECTION ( 'NONE',  ( 0.000000000000000000, -1.000000000000000000, 0.000000000000000000 ) ) ;
#3511 = CARTESIAN_POINT ( 'NONE',  ( -1.175570504584947162, -1.618033988749895347, -2.899567162975173584 ) ) ;
#3512 = CARTESIAN_POINT ( 'NONE',  ( 0.000000000000000000, 1.638563085345883241, -11.02158055903820788 ) ) ;
#3513 = CARTESIAN_POINT ( 'NONE',  ( 0.6815859821374814498, -0.9381226230606178884, -11.26637819583619127 ) ) ;
#3514 = CARTESIAN_POINT ( 'NONE',  ( 0.6815859821374814498, -0.9381226230606178884, -11.86592279678083095 ) ) ;
#3515 = CYLINDRICAL_SURFACE ( 'NONE', #3808, 1.085000000000001741 ) ;
#3516 = CARTESIAN_POINT ( 'NONE',  ( -1.102829285353924105, -0.3583309563939500730, -10.01337819583619115 ) ) ;
#3517 = VECTOR ( 'NONE', #3111, 999.9999999999998863 ) ;
#3518 = EDGE_CURVE ( 'NONE', #298, #2177, #2996, .T. ) ;
#3519 = CARTESIAN_POINT ( 'NONE',  ( -1.102829285353923661, 0.3583309563939501285, -12.58192279678083025 ) ) ;
#3520 = CARTESIAN_POINT ( 'NONE',  ( 0.000000000000000000, 2.000000000000000888, -5.554733829641838483 ) ) ;
#3521 = CARTESIAN_POINT ( 'NONE',  ( 0.4258133208652224444, 2.011540401588721050, 2.266576138033842280 ) ) ;
#3522 = LOCAL_TIME ( 20, 15, 35.00000000000000000, #3488 ) ;
#3523 = CARTESIAN_POINT ( 'NONE',  ( 1.175570504584947384, 1.618033988749895347, -10.95456716297517374 ) ) ;
#3524 = VERTEX_POINT ( 'NONE', #2951 ) ;
#3525 = EDGE_CURVE ( 'NONE', #792, #4386, #3407, .T. ) ;
#3526 = CARTESIAN_POINT ( 'NONE',  ( 0.000000000000000000, -3.429011037612588783E-16, 2.799999999999999822 ) ) ;
#3527 = LINE ( 'NONE', #409, #4461 ) ;
#3528 = CARTESIAN_POINT ( 'NONE',  ( 1.701301616704080200, -1.236067977499790693, -0.8112338296418392103 ) ) ;
#3529 = CARTESIAN_POINT ( 'NONE',  ( 0.3767714644234086419, 1.159583333333334965, 0.1001218041638100853 ) ) ;
#3530 = CARTESIAN_POINT ( 'NONE',  ( -0.8227367463194875663, -1.471538384810237465, -0.9914247731446718115 ) ) ;
#3531 = ORIENTED_EDGE ( 'NONE', *, *, #3764, .F. ) ;
#3532 = CARTESIAN_POINT ( 'NONE',  ( 0.007633553116945190897, -1.084979822364618540, -5.732984525687171207 ) ) ;
#3533 = CARTESIAN_POINT ( 'NONE',  ( 0.6498393924658134591, 2.000000000000000444, -5.495067162975174391 ) ) ;
#3534 = CARTESIAN_POINT ( 'NONE',  ( -1.155357523949571474, -0.09890651544585064847, -11.86817440462182383 ) ) ;
#3535 = CARTESIAN_POINT ( 'NONE',  ( 0.6815859821374817828, 0.9381226230606176664, -10.72937819583619223 ) ) ;
#3536 = CARTESIAN_POINT ( 'NONE',  ( -3.093056325110807920E-12, -1.085000000000001741, -3.945000000013751951 ) ) ;
#3537 = CARTESIAN_POINT ( 'NONE',  ( -0.6376769701020049697, 0.8830725337353747539, -4.662190044111537368 ) ) ;
#3538 = CARTESIAN_POINT ( 'NONE',  ( 0.3767714644234087529, 1.159583333333335631, -8.849878195836190287 ) ) ;
#3539 = CARTESIAN_POINT ( 'NONE',  ( -0.6377469987373345361, -0.8777834388968193124, -0.03430099261701388680 ) ) ;
#3540 = CARTESIAN_POINT ( 'NONE',  ( 1.701301616704080866, 1.236067977499789805, -9.403233829641838071 ) ) ;
#3541 = PLANE ( 'NONE',  #1928 ) ;
#3542 = CARTESIAN_POINT ( 'NONE',  ( -0.6498393924658131260, -2.000000000000000444, -11.76006716297517407 ) ) ;
#3543 = ORIENTED_EDGE ( 'NONE', *, *, #3548, .F. ) ;
#3544 = DIRECTION ( 'NONE',  ( 0.000000000000000000, -1.000000000000000000, 0.000000000000000000 ) ) ;
#3545 = CARTESIAN_POINT ( 'NONE',  ( 0.7439839362161573266, 0.8132241603469703151, -8.633127889670253907 ) ) ;
#3546 = CARTESIAN_POINT ( 'NONE',  ( 0.6498393924658134591, 2.000000000000000444, -7.285067162975174426 ) ) ;
#3547 = CARTESIAN_POINT ( 'NONE',  ( 0.3525378704127042351, 1.085000000000001741, -12.08950000000000102 ) ) ;
#3548 = EDGE_CURVE ( 'NONE', #322, #109, #4403, .T. ) ;
#3549 = CARTESIAN_POINT ( 'NONE',  ( 0.5475281105265030757, 0.5475281105265049630, 1.220055506715776117 ) ) ;
#3550 = ORIENTED_EDGE ( 'NONE', *, *, #183, .T. ) ;
#3551 = CARTESIAN_POINT ( 'NONE',  ( 0.000000000000000000, 2.000000000000000888, -10.92473382964183948 ) ) ;
#3552 = CARTESIAN_POINT ( 'NONE',  ( -2.449293598294707893E-16, -2.000000000000000888, -4.510567162975172906 ) ) ;
#3553 = DIRECTION ( 'NONE',  ( -0.000000000000000000, -2.316899349738235597E-17, 1.000000000000000000 ) ) ;
#3554 = CARTESIAN_POINT ( 'NONE',  ( 1.902113032590307728, -0.6180339887498953466, 1.068266170358161515 ) ) ;
#3555 = CARTESIAN_POINT ( 'NONE',  ( 0.8828391624919712521, -0.6308332263767357784, -1.884213403315068813 ) ) ;
#3556 = CARTESIAN_POINT ( 'NONE',  ( 0.000000000000000000, -1.714505518806294884E-16, 1.400000000000000355 ) ) ;
#3557 = AXIS2_PLACEMENT_3D ( 'NONE', #937, #1717, #2335 ) ;
#3558 = FACE_OUTER_BOUND ( 'NONE', #2875, .T. ) ;
#3559 = CARTESIAN_POINT ( 'NONE',  ( 0.6815859821374818939, 0.9381226230606178884, -10.72937819583619223 ) ) ;
#3560 = AXIS2_PLACEMENT_3D ( 'NONE', #1482, #2787, #4136 ) ;
#3561 = CARTESIAN_POINT ( 'NONE',  ( 1.123468562838065843, -0.02910188547875987991, 0.5844305987824349735 ) ) ;
#3562 = CARTESIAN_POINT ( 'NONE',  ( 1.175570504584947384, 1.618033988749895347, -9.313733829641838824 ) ) ;
#3563 = CIRCLE ( 'NONE', #2984, 2.579999999999999627 ) ;
#3564 = CARTESIAN_POINT ( 'NONE',  ( 3.786788911569441456E-05, 1.084999998661314358, -6.120470394385433721 ) ) ;
#3565 = CARTESIAN_POINT ( 'NONE',  ( 1.902113032590308173, 0.6180339887498946805, -12.92356716297517494 ) ) ;
#3566 = ORIENTED_EDGE ( 'NONE', *, *, #2519, .F. ) ;
#3567 = CARTESIAN_POINT ( 'NONE',  ( -0.9229561270619648372, -0.6705668777936369951, -14.44380099261701389 ) ) ;
#3568 = CARTESIAN_POINT ( 'NONE',  ( 0.3480075268524153720, -1.027684151400100054, -9.221979815494909971 ) ) ;
#3569 = CARTESIAN_POINT ( 'NONE',  ( -1.175570504584947162, -1.618033988749895347, 0.5312661703581605943 ) ) ;
#3570 = CARTESIAN_POINT ( 'NONE',  ( 0.9229561270619648372, 0.6705668777936369951, -10.47850000000000037 ) ) ;
#3571 = CARTESIAN_POINT ( 'NONE',  ( -0.5571254347892530268, 0.9381257482540091841, -8.267536028400543913 ) ) ;
#3572 = AXIS2_PLACEMENT_3D ( 'NONE', #3060, #939, #2069 ) ;
#3573 = ORIENTED_EDGE ( 'NONE', *, *, #2721, .T. ) ;
#3574 = CARTESIAN_POINT ( 'NONE',  ( 1.902113032590308173, 0.6180339887498946805, -13.07273382964184094 ) ) ;
#3575 = EDGE_CURVE ( 'NONE', #4386, #3821, #2657, .T. ) ;
#3576 = CARTESIAN_POINT ( 'NONE',  ( 1.102829285353923883, 0.3583309563939498510, -9.118378195836191580 ) ) ;
#3577 = CARTESIAN_POINT ( 'NONE',  ( -2.102924448476535257, 1.287669847337751433E-16, -1.378067162975173510 ) ) ;
#3578 = CARTESIAN_POINT ( 'NONE',  ( -0.9446821184729905507, 0.6372402806915029583, -11.92213617131837644 ) ) ;
#3579 = CARTESIAN_POINT ( 'NONE',  ( -0.6498393924658125709, 2.000000000000000444, -1.885233829641839387 ) ) ;
#3580 = CARTESIAN_POINT ( 'NONE',  ( 0.6815859821374817828, 0.9381226230606176664, -7.149378195836191274 ) ) ;
#3581 = VERTEX_POINT ( 'NONE', #4355 ) ;
#3582 = CARTESIAN_POINT ( 'NONE',  ( -0.3767714644234081978, 1.159583333333334965, -7.480422796780830552 ) ) ;
#3583 = FACE_OUTER_BOUND ( 'NONE', #2765, .T. ) ;
#3584 = CARTESIAN_POINT ( 'NONE',  ( -0.9864004998515550904, 0.7166619127879003681, -8.491878195836193299 ) ) ;
#3585 = CARTESIAN_POINT ( 'NONE',  ( -1.102829285353923661, 0.3583309563939501285, -14.37192279678083118 ) ) ;
#3586 = DIRECTION ( 'NONE',  ( -0.3826834323650893377, 0.9238795325112869605, 0.000000000000000000 ) ) ;
#3587 = CARTESIAN_POINT ( 'NONE',  ( 1.902113032590307728, -0.6180339887498953466, -13.10256716297517343 ) ) ;
#3588 = CARTESIAN_POINT ( 'NONE',  ( 2.000000000000000000, 0.000000000000000000, 0.000000000000000000 ) ) ;
#3589 = CARTESIAN_POINT ( 'NONE',  ( -1.140836513298521870, 6.985608921807308758E-17, -12.83280099261701501 ) ) ;
#3590 = CARTESIAN_POINT ( 'NONE',  ( 1.072185002139776966, 0.1689684078272282453, -10.61236179522354384 ) ) ;
#3591 = AXIS2_PLACEMENT_3D ( 'NONE', #1219, #4033, #1565 ) ;
#3592 = CARTESIAN_POINT ( 'NONE',  ( 1.701301616704080200, -1.236067977499790693, 0.9787661703581606032 ) ) ;
#3593 = CARTESIAN_POINT ( 'NONE',  ( 0.9229561270619648372, -0.6705668777936371061, -12.62649999999999828 ) ) ;
#3594 = ORIENTED_EDGE ( 'NONE', *, *, #1152, .T. ) ;
#3595 = CC_DESIGN_SECURITY_CLASSIFICATION ( #1191, ( #1121 ) ) ;
#3596 = CARTESIAN_POINT ( 'NONE',  ( -1.031896320180243354, -0.3352834388968184420, -7.373300992617013883 ) ) ;
#3597 = CARTESIAN_POINT ( 'NONE',  ( -0.3767714644234084753, -1.159583333333334965, -13.32487819583619171 ) ) ;
#3598 = LINE ( 'NONE', #1183, #1101 ) ;
#3599 = CARTESIAN_POINT ( 'NONE',  ( 0.2125949443080064338, -1.066570510025653062, -7.469325188173166374 ) ) ;
#3600 = CARTESIAN_POINT ( 'NONE',  ( 0.6498393924658134591, 2.000000000000000444, -3.854233829641839915 ) ) ;
#3601 = CARTESIAN_POINT ( 'NONE',  ( 1.102829285353923661, -0.3583309563939502396, -7.507378195836190926 ) ) ;
#3602 = CARTESIAN_POINT ( 'NONE',  ( -1.219258070856292786, 7.465802469043678121E-17, -7.122422796780830012 ) ) ;
#3603 = CARTESIAN_POINT ( 'NONE',  ( 0.000000000000000000, -1.085000000000002185, 2.799999999999999822 ) ) ;
#3604 = CARTESIAN_POINT ( 'NONE',  ( -0.3767714644234085308, -1.159583333333335631, -2.584878195836191495 ) ) ;
#3605 = EDGE_CURVE ( 'NONE', #3929, #1572, #4056, .T. ) ;
#3606 = CARTESIAN_POINT ( 'NONE',  ( 1.102829285353923661, -0.3583309563939502396, -8.106922796780830609 ) ) ;
#3607 = CARTESIAN_POINT ( 'NONE',  ( -1.175570504584947162, -1.618033988749895347, -6.628733829641839215 ) ) ;
#3608 = CARTESIAN_POINT ( 'NONE',  ( 0.6498393924658125709, -2.000000000000000888, -8.001067162975173730 ) ) ;
#3609 = VERTEX_POINT ( 'NONE', #1287 ) ;
#3610 = CARTESIAN_POINT ( 'NONE',  ( 1.031896320180243354, 0.3352834388968182755, -8.268300992617014344 ) ) ;
#3611 = CARTESIAN_POINT ( 'NONE',  ( 0.9786726713235025521, -0.4769027678312639518, -10.78600072799532583 ) ) ;
#3612 = CARTESIAN_POINT ( 'NONE',  ( 0.000000000000000000, 2.000000000000000888, -8.985567162975174327 ) ) ;
#3613 = CARTESIAN_POINT ( 'NONE',  ( 1.140836513298521870, -2.095682676542192134E-16, -12.44750000000000156 ) ) ;
#3614 = VERTEX_POINT ( 'NONE', #2702 ) ;
#3615 = CARTESIAN_POINT ( 'NONE',  ( 1.902113032590308173, 0.6180339887498946805, -11.28273382964184179 ) ) ;
#3616 = CARTESIAN_POINT ( 'NONE',  ( 0.3325000000000000178, 1.838044505796231798, 1.200000000000000178 ) ) ;
#3617 = CARTESIAN_POINT ( 'NONE',  ( 0.000000000000000000, 2.000000000000000888, -1.825567162975173519 ) ) ;
#3618 = CARTESIAN_POINT ( 'NONE',  ( -0.3525378704127038465, 1.085000000000001741, -11.40080099261701463 ) ) ;
#3619 = CARTESIAN_POINT ( 'NONE',  ( 0.6498393924658125709, -2.000000000000000888, -2.780233829641839627 ) ) ;
#3620 = CARTESIAN_POINT ( 'NONE',  ( -1.102829285353923883, -0.3583309563939500175, -8.223378195836190230 ) ) ;
#3621 = CARTESIAN_POINT ( 'NONE',  ( -1.219258070856292786, 7.465802469043678121E-17, -10.70242279678083186 ) ) ;
#3622 = DIRECTION ( 'NONE',  ( 0.3826834323650958880, 0.9238795325112841850, 2.140535888111859545E-17 ) ) ;
#3623 = CARTESIAN_POINT ( 'NONE',  ( 0.3767714644234087529, 1.159583333333335631, -5.269878195836191992 ) ) ;
#3624 = CARTESIAN_POINT ( 'NONE',  ( -0.9864004998515548683, 0.7166619127879002571, -5.511422796780830247 ) ) ;
#3625 = CARTESIAN_POINT ( 'NONE',  ( -0.6498393924658125709, 2.000000000000000444, -5.465233829641839236 ) ) ;
#3626 = EDGE_CURVE ( 'NONE', #3321, #2532, #4425, .T. ) ;
#3627 = CARTESIAN_POINT ( 'NONE',  ( 1.140836513298521870, -2.095682676542191888E-16, -4.777800992617012632 ) ) ;
#3628 = CARTESIAN_POINT ( 'NONE',  ( 0.000000000000000000, 2.000000000000000888, -5.405567162975173368 ) ) ;
#3629 = CARTESIAN_POINT ( 'NONE',  ( 0.6490643685173094202, 0.9423962833691517105, -1.666576305354723342 ) ) ;
#3630 = CARTESIAN_POINT ( 'NONE',  ( -0.6377469987373344251, 0.8777834388968194235, -5.941300992617014387 ) ) ;
#3631 = CARTESIAN_POINT ( 'NONE',  ( 0.3767714644234086419, 1.159583333333334965, -9.449422796780829970 ) ) ;
#3632 = CARTESIAN_POINT ( 'NONE',  ( -1.701301616704080644, -1.236067977499790249, 0.4417661703581612365 ) ) ;
#3633 = CARTESIAN_POINT ( 'NONE',  ( 0.000000000000000000, 1.085000000000001741, -8.419999999999999929 ) ) ;
#3634 = ORIENTED_EDGE ( 'NONE', *, *, #2171, .F. ) ;
#3635 = CARTESIAN_POINT ( 'NONE',  ( -2.102924448476535257, 1.287669847337751433E-16, -12.26723382964184061 ) ) ;
#3636 = CARTESIAN_POINT ( 'NONE',  ( 0.000000000000000000, 1.159583333333335409, -0.4099227967808306006 ) ) ;
#3637 = CARTESIAN_POINT ( 'NONE',  ( 0.6815859821374817828, 0.9381226230606176664, -12.51937819583619138 ) ) ;
#3638 = AXIS2_PLACEMENT_3D ( 'NONE', #1406, #2310, #2102 ) ;
#3639 = CARTESIAN_POINT ( 'NONE',  ( 1.175570504584946718, -1.618033988749895569, -0.7515671629751731198 ) ) ;
#3640 = CARTESIAN_POINT ( 'NONE',  ( 2.011540401588706395, 0.4258133208652224999, 2.266576138033841836 ) ) ;
#3641 = CARTESIAN_POINT ( 'NONE',  ( -0.6498393924658131260, -2.000000000000000444, 0.6207661703581615065 ) ) ;
#3642 = CARTESIAN_POINT ( 'NONE',  ( 0.6815859821374817828, 0.9381226230606176664, -5.359378195836190351 ) ) ;
#3643 = CARTESIAN_POINT ( 'NONE',  ( -0.6815859821374816718, -0.9381226230606176664, -6.853922796780830495 ) ) ;
#3644 = FACE_OUTER_BOUND ( 'NONE', #1711, .T. ) ;
#3645 = CARTESIAN_POINT ( 'NONE',  ( 0.000000000000000000, 1.159583333333335631, -5.180378195836190081 ) ) ;
#3646 = CARTESIAN_POINT ( 'NONE',  ( 0.3767714644234086419, 1.159583333333334965, -9.449422796780829970 ) ) ;
#3647 = CARTESIAN_POINT ( 'NONE',  ( -2.449293598294707893E-16, -2.000000000000000888, -2.869733829641838874 ) ) ;
#3648 = DIRECTION ( 'NONE',  ( 1.000000000000000000, -3.491481338843133355E-15, -1.836970198721035850E-16 ) ) ;
#3649 = CARTESIAN_POINT ( 'NONE',  ( 1.902113032590308173, 0.6180339887498946805, -5.763567162975173908 ) ) ;
#3650 = CARTESIAN_POINT ( 'NONE',  ( -0.4724818616414675487, 1.089910946951952786, 2.800000000000000266 ) ) ;
#3651 = ADVANCED_FACE ( 'NONE', ( #1240 ), #194, .T. ) ;
#3652 = CARTESIAN_POINT ( 'NONE',  ( 0.000000000000000000, 1.085000000000001741, -7.910300992617014693 ) ) ;
#3653 = CARTESIAN_POINT ( 'NONE',  ( -0.6815859821374815608, 0.9381226230606178884, -12.76092279678083230 ) ) ;
#3654 = CARTESIAN_POINT ( 'NONE',  ( 1.701301616704080866, 1.236067977499789805, -3.884067162975172849 ) ) ;
#3655 = CARTESIAN_POINT ( 'NONE',  ( -0.6377469987373344251, 0.8777834388968194235, -4.661000000000000476 ) ) ;
#3656 = EDGE_LOOP ( 'NONE', ( #552, #4443, #545, #1758, #93 ) ) ;
#3657 = CARTESIAN_POINT ( 'NONE',  ( -1.175570504584947162, -1.618033988749895347, -10.20873382964183840 ) ) ;
#3658 = VECTOR ( 'NONE', #2007, 1000.000000000000000 ) ;
#3659 = CARTESIAN_POINT ( 'NONE',  ( -0.6815859821374816718, -0.9381226230606176664, 0.3060772032191689807 ) ) ;
#3660 = CARTESIAN_POINT ( 'NONE',  ( -1.902113032590307728, 0.6180339887498951246, -6.986733829641839755 ) ) ;
#3661 = CARTESIAN_POINT ( 'NONE',  ( -1.420080017511287505E-16, -1.159583333333335409, -9.655378195836190613 ) ) ;
#3662 = DIRECTION ( 'NONE',  ( -0.9961946980917455452, 3.462184948034314504E-15, 0.08715574274765836016 ) ) ;
#3663 = CARTESIAN_POINT ( 'NONE',  ( -0.6377469987373345361, -0.8777834388968193124, -10.77430099261701280 ) ) ;
#3664 = ORIENTED_EDGE ( 'NONE', *, *, #1749, .T. ) ;
#3665 = CARTESIAN_POINT ( 'NONE',  ( -1.102829285353923661, 0.3583309563939501285, -3.032378195836191725 ) ) ;
#3666 = CARTESIAN_POINT ( 'NONE',  ( -0.9864004998515547573, 0.7166619127879002571, -7.301422796780830282 ) ) ;
#3667 = CARTESIAN_POINT ( 'NONE',  ( -0.3767714644234083088, 1.159583333333335631, -3.300878195836191242 ) ) ;
#3668 = CARTESIAN_POINT ( 'NONE',  ( -0.6815859821374815608, 0.9381226230606178884, -7.390922796780830417 ) ) ;
#3669 = CARTESIAN_POINT ( 'NONE',  ( 0.6498393924658125709, -2.000000000000000888, -4.570233829641838774 ) ) ;
#3670 = CARTESIAN_POINT ( 'NONE',  ( 1.062385930898702702, -0.3341042614155959600, 1.218336791887518977 ) ) ;
#3671 = CARTESIAN_POINT ( 'NONE',  ( -1.701301616704080644, 1.236067977499790471, -6.927067162975174774 ) ) ;
#3672 = CARTESIAN_POINT ( 'NONE',  ( 1.832368019814738291, -0.8015157141068508517, -0.6000000000000000888 ) ) ;
#3673 = CARTESIAN_POINT ( 'NONE',  ( 0.3525378704127037910, -1.085000000000001963, -10.50580099261701505 ) ) ;
#3674 = CARTESIAN_POINT ( 'NONE',  ( 0.6815859821374814498, -0.9381226230606178884, -13.65592279678083187 ) ) ;
#3675 = CARTESIAN_POINT ( 'NONE',  ( 1.902113032590307728, -0.6180339887498953466, -5.942567162975174178 ) ) ;
#3676 = CARTESIAN_POINT ( 'NONE',  ( -0.9229561270619648372, 0.6705668777936369951, -6.361500000000000377 ) ) ;
#3677 = EDGE_LOOP ( 'NONE', ( #1136, #4482, #986, #3566 ) ) ;
#3678 = CARTESIAN_POINT ( 'NONE',  ( 1.175570504584946718, -1.618033988749895569, -9.850733829641839634 ) ) ;
#3679 = CARTESIAN_POINT ( 'NONE',  ( -1.902113032590307728, 0.6180339887498951246, -14.14673382964183901 ) ) ;
#3680 = CARTESIAN_POINT ( 'NONE',  ( 0.6498393924658134591, 2.000000000000000444, -7.434233829641839542 ) ) ;
#3681 = CARTESIAN_POINT ( 'NONE',  ( 1.102829285353923661, -0.3583309563939502396, -3.927378195836191299 ) ) ;
#3682 = EDGE_CURVE ( 'NONE', #338, #4131, #1856, .T. ) ;
#3683 = CARTESIAN_POINT ( 'NONE',  ( -0.9541588231807979215, 0.5354973473972131082, -11.70101137855705531 ) ) ;
#3684 = CARTESIAN_POINT ( 'NONE',  ( 0.3341042614155920742, 1.062385930898703590, 1.218336791887519199 ) ) ;
#3685 = ORIENTED_EDGE ( 'NONE', *, *, #2443, .T. ) ;
#3686 = CARTESIAN_POINT ( 'NONE',  ( -0.9864004998515547573, -0.7166619127879001461, -2.763878195836189544 ) ) ;
#3687 = CARTESIAN_POINT ( 'NONE',  ( 0.000000000000000000, 1.159583333333335409, -2.199922796780830581 ) ) ;
#3688 = CARTESIAN_POINT ( 'NONE',  ( 0.1543037892780088627, 1.149271007012226287, -1.637828151971327362 ) ) ;
#3689 = CARTESIAN_POINT ( 'NONE',  ( 1.902113032590307728, -0.6180339887498953466, -9.522567162975173360 ) ) ;
#3690 = CARTESIAN_POINT ( 'NONE',  ( 1.102829285353924105, 0.3583309563939499620, -3.748378195836191029 ) ) ;
#3691 = CARTESIAN_POINT ( 'NONE',  ( 0.6815859821374814498, -0.9381226230606178884, -10.07592279678083180 ) ) ;
#3692 = CARTESIAN_POINT ( 'NONE',  ( -1.701301616704080644, 1.236067977499790249, -3.496233829641838931 ) ) ;
#3693 = VERTEX_POINT ( 'NONE', #3044 ) ;
#3694 = DIRECTION ( 'NONE',  ( -0.000000000000000000, 1.224646799147353207E-16, -1.000000000000000000 ) ) ;
#3695 = CARTESIAN_POINT ( 'NONE',  ( -1.701301616704080644, 1.236067977499790471, -8.717067162975174810 ) ) ;
#3696 = CARTESIAN_POINT ( 'NONE',  ( 1.062066823462631371, -0.3325000000000039035, 1.199999999999999734 ) ) ;
#3697 = CARTESIAN_POINT ( 'NONE',  ( 1.140836513298521870, -2.095682676542192134E-16, -10.14780099261701629 ) ) ;
#3698 = CARTESIAN_POINT ( 'NONE',  ( 0.9864004998515546463, -0.7166619127879003681, -13.56642279678083263 ) ) ;
#3699 = CARTESIAN_POINT ( 'NONE',  ( -0.6498393924658131260, -2.000000000000000444, -2.810067162975174337 ) ) ;
#3700 = CARTESIAN_POINT ( 'NONE',  ( -0.9229561270619648372, 0.6705668777936369951, -2.781499999999999417 ) ) ;
#3701 = ORIENTED_EDGE ( 'NONE', *, *, #3244, .T. ) ;
#3702 = CARTESIAN_POINT ( 'NONE',  ( -2.102924448476535257, 1.287669847337751433E-16, -8.687233829641840543 ) ) ;
#3703 = CARTESIAN_POINT ( 'NONE',  ( -1.701301616704080644, 1.236067977499790471, -12.44623382964183733 ) ) ;
#3704 = CARTESIAN_POINT ( 'NONE',  ( 1.902113032590308173, 0.6180339887498946805, -11.28273382964184179 ) ) ;
#3705 = CARTESIAN_POINT ( 'NONE',  ( 0.000000000000000000, 1.159583333333335409, -3.390378195836190489 ) ) ;
#3706 = CARTESIAN_POINT ( 'NONE',  ( -1.838044505796226025, -0.3325000000000004619, 1.200000000000000178 ) ) ;
#3707 = CARTESIAN_POINT ( 'NONE',  ( 1.070351678160074149, 0.1776997564854198575, -7.030064943019041834 ) ) ;
#3708 = EDGE_LOOP ( 'NONE', ( #3272, #477, #4388 ) ) ;
#3709 = CARTESIAN_POINT ( 'NONE',  ( -0.3325000000000000178, -1.062066823462632703, 1.199999999999999734 ) ) ;
#3710 = EDGE_CURVE ( 'NONE', #690, #2687, #2321, .T. ) ;
#3711 = CARTESIAN_POINT ( 'NONE',  ( -1.448390189806778361, 0.1879272606801687118, -1.269900148365781023 ) ) ;
#3712 = CARTESIAN_POINT ( 'NONE',  ( -1.175570504584947162, -1.618033988749895347, -10.05956716297517417 ) ) ;
#3713 = CARTESIAN_POINT ( 'NONE',  ( 0.2935162595437019739, 1.584325662162808124, -11.08193769415370689 ) ) ;
#3714 = AXIS2_PLACEMENT_3D ( 'NONE', #1393, #3822, #3510 ) ;
#3715 = CARTESIAN_POINT ( 'NONE',  ( 0.3767714644234086419, 1.159583333333334965, -2.289422796780831604 ) ) ;
#3716 = CARTESIAN_POINT ( 'NONE',  ( -0.6498393924658131260, -2.000000000000000444, -1.169233829641838307 ) ) ;
#3717 = CIRCLE ( 'NONE', #4295, 2.000000000000000000 ) ;
#3718 = DIRECTION ( 'NONE',  ( -1.045059584493288195E-14, -0.9961946980917455452, 0.08715574274765836016 ) ) ;
#3719 = CARTESIAN_POINT ( 'NONE',  ( -2.102924448476535257, 1.287669847337751433E-16, 0.4119328370248263593 ) ) ;
#3720 = CARTESIAN_POINT ( 'NONE',  ( -0.9051763315972760626, -0.5997741934715127288, -2.435546315523011263 ) ) ;
#3721 = CARTESIAN_POINT ( 'NONE',  ( 0.6377469987373346472, 0.8777834388968193124, -0.9293009926170138213 ) ) ;
#3722 = CARTESIAN_POINT ( 'NONE',  ( 0.3767714644234086419, 1.159583333333334965, -11.23942279678083267 ) ) ;
#3723 = CARTESIAN_POINT ( 'NONE',  ( -1.175570504584947162, -1.618033988749895347, -6.479567162975173211 ) ) ;
#3724 = CARTESIAN_POINT ( 'NONE',  ( 1.140836513298521870, -2.095682676542192134E-16, -3.497499999999999165 ) ) ;
#3725 = EDGE_LOOP ( 'NONE', ( #4041, #462 ) ) ;
#3726 = CARTESIAN_POINT ( 'NONE',  ( 1.902113032590307728, -0.6180339887498953466, -6.091733829641840181 ) ) ;
#3727 = CARTESIAN_POINT ( 'NONE',  ( -1.701301616704080644, -1.236067977499790249, -13.87823382964184127 ) ) ;
#3728 = CARTESIAN_POINT ( 'NONE',  ( -1.902113032590308173, -0.6180339887498949025, -8.597733829641839520 ) ) ;
#3729 = CARTESIAN_POINT ( 'NONE',  ( -1.102829285353923661, 0.3583309563939501285, -8.402378195836190500 ) ) ;
#3730 = CARTESIAN_POINT ( 'NONE',  ( -0.04529554224355337999, 1.084285605411589248, -11.98847644497418763 ) ) ;
#3731 = CARTESIAN_POINT ( 'NONE',  ( 1.045867275272317487, -0.3773946084469542717, -7.177112539280507519 ) ) ;
#3732 = ORIENTED_EDGE ( 'NONE', *, *, #1384, .T. ) ;
#3733 = VECTOR ( 'NONE', #1263, 1000.000000000000227 ) ;
#3734 = CARTESIAN_POINT ( 'NONE',  ( 0.000000000000000000, -3.499999999999997780, -7.731501950773468579 ) ) ;
#3735 = APPROVAL_DATE_TIME ( #2815, #1350 ) ;
#3736 = CARTESIAN_POINT ( 'NONE',  ( -1.902113032590307728, 0.6180339887498951246, -13.99756716297517478 ) ) ;
#3737 = CARTESIAN_POINT ( 'NONE',  ( 1.031067539640191377, 1.093615043337738069, -11.27400930157322811 ) ) ;
#3738 = CARTESIAN_POINT ( 'NONE',  ( 1.102829285353923661, -0.3583309563939502396, -0.9469227967808299118 ) ) ;
#3739 = CARTESIAN_POINT ( 'NONE',  ( -0.5464616848493263346, -0.9480389497345377281, -5.884863298566953560 ) ) ;
#3740 = DIRECTION ( 'NONE',  ( 0.06666269134683196207, -0.06666269134683269759, 0.9955461672694008168 ) ) ;
#3741 = ADVANCED_FACE ( 'NONE', ( #2031 ), #1634, .T. ) ;
#3742 = CARTESIAN_POINT ( 'NONE',  ( -2.102924448476535257, 1.287669847337751433E-16, -1.378067162975173510 ) ) ;
#3743 = CARTESIAN_POINT ( 'NONE',  ( 1.102829285353923661, -0.3583309563939502396, -9.297378195836191850 ) ) ;
#3744 = CARTESIAN_POINT ( 'NONE',  ( -1.031896320180243354, -0.3352834388968184420, -3.793300992617014256 ) ) ;
#3745 = CARTESIAN_POINT ( 'NONE',  ( -1.219258070856293008, 7.465802469043678121E-17, -7.122422796780830012 ) ) ;
#3746 = CARTESIAN_POINT ( 'NONE',  ( 1.701301616704080200, -1.236067977499790693, -4.242067162975174277 ) ) ;
#3747 = CARTESIAN_POINT ( 'NONE',  ( -1.140836513298521870, 6.985608921807308758E-17, -2.602499999999999147 ) ) ;
#3748 = EDGE_LOOP ( 'NONE', ( #498, #78, #4293, #3329 ) ) ;
#3749 = CARTESIAN_POINT ( 'NONE',  ( -1.902113032590308173, -0.6180339887498949025, -10.38773382964184044 ) ) ;
#3750 = DIRECTION ( 'NONE',  ( 0.9238795325112855172, -0.3826834323650926684, 0.000000000000000000 ) ) ;
#3751 = CARTESIAN_POINT ( 'NONE',  ( 1.175570504584947384, 1.618033988749895347, -7.523733829641839677 ) ) ;
#3752 = CARTESIAN_POINT ( 'NONE',  ( -1.219258070856293008, 7.465802469043678121E-17, -8.312878195836191253 ) ) ;
#3753 = CARTESIAN_POINT ( 'NONE',  ( 1.070522340274463247, 0.1767036154433168638, -7.030331220079229837 ) ) ;
#3754 = ORIENTED_EDGE ( 'NONE', *, *, #2364, .T. ) ;
#3755 = CARTESIAN_POINT ( 'NONE',  ( -1.037946591014041298, -0.6339650049926687236, -1.583457964658033124 ) ) ;
#3756 = CARTESIAN_POINT ( 'NONE',  ( 0.000000000000000000, 2.000000000000000888, -10.77556716297517525 ) ) ;
#3757 = CARTESIAN_POINT ( 'NONE',  ( -0.3767714644234083088, 1.159583333333335631, -1.510878195836191207 ) ) ;
#3758 = ORIENTED_EDGE ( 'NONE', *, *, #688, .T. ) ;
#3759 = AXIS2_PLACEMENT_3D ( 'NONE', #2457, #2826, #1041 ) ;
#3760 = CARTESIAN_POINT ( 'NONE',  ( -1.102829285353923883, -0.3583309563939500175, 0.1270772032191686551 ) ) ;
#3761 = CARTESIAN_POINT ( 'NONE',  ( -1.459833819190596929E-05, -1.084999999901793410, -5.735003780150671915 ) ) ;
#3762 = CARTESIAN_POINT ( 'NONE',  ( -0.3324999999999809774, 1.838044505796231798, 1.200000000000000400 ) ) ;
#3763 = CARTESIAN_POINT ( 'NONE',  ( -2.449293598294707893E-16, -2.000000000000000888, -2.720567162975173314 ) ) ;
#3764 = EDGE_CURVE ( 'NONE', #3838, #1649, #2609, .T. ) ;
#3765 = CARTESIAN_POINT ( 'NONE',  ( -0.9229561270619648372, 0.6705668777936369951, -0.4818009926170139234 ) ) ;
#3766 = CARTESIAN_POINT ( 'NONE',  ( 1.102829285353923883, 0.3583309563939498510, -7.927922796780831227 ) ) ;
#3767 = CARTESIAN_POINT ( 'NONE',  ( 1.175570504584946718, -1.618033988749895569, -0.7515671629751731198 ) ) ;
#3768 = CARTESIAN_POINT ( 'NONE',  ( 0.9229561270619648372, -0.6705668777936371061, -0.09649999999999936406 ) ) ;
#3769 = ORIENTED_EDGE ( 'NONE', *, *, #7, .T. ) ;
#3770 = CARTESIAN_POINT ( 'NONE',  ( 1.701301616704080200, -1.236067977499790693, -4.391233829641838504 ) ) ;
#3771 = CARTESIAN_POINT ( 'NONE',  ( -0.01520016706724843132, -1.084900796016083691, -7.528871699331859624 ) ) ;
#3772 = CARTESIAN_POINT ( 'NONE',  ( 0.7660518143944291536, -0.7737851528399822820, -10.88342988054209037 ) ) ;
#3773 = CARTESIAN_POINT ( 'NONE',  ( 2.102924448476535257, -3.863009542013253312E-16, -4.212233829641838234 ) ) ;
#3774 = CARTESIAN_POINT ( 'NONE',  ( 0.6815859821374814498, -0.9381226230606178884, -4.106378195836190237 ) ) ;
#3775 = CARTESIAN_POINT ( 'NONE',  ( 2.020169281164256378E-05, 1.084999999608305288, -11.49039253783589309 ) ) ;
#3776 = ORIENTED_EDGE ( 'NONE', *, *, #3518, .F. ) ;
#3777 = DIRECTION ( 'NONE',  ( 0.000000000000000000, 0.000000000000000000, 1.000000000000000000 ) ) ;
#3778 = CARTESIAN_POINT ( 'NONE',  ( 1.175570504584947384, 1.618033988749895347, -10.95456716297517374 ) ) ;
#3779 = CARTESIAN_POINT ( 'NONE',  ( 0.6815859821374818939, 0.9381226230606178884, -1.779378195836190946 ) ) ;
#3780 = ORIENTED_EDGE ( 'NONE', *, *, #4497, .F. ) ;
#3781 = CARTESIAN_POINT ( 'NONE',  ( 1.200696240544673277, -0.03110236070944150458, 0.9248087946186177577 ) ) ;
#3782 = DIRECTION ( 'NONE',  ( 0.9203638919632191051, -0.3812272063696660607, 0.08715574274765833240 ) ) ;
#3783 = DIRECTION ( 'NONE',  ( 6.030449367054603384E-17, 0.4924235601034711030, 0.8703556959398973669 ) ) ;
#3784 = CIRCLE ( 'NONE', #875, 1.867876830863716364 ) ;
#3785 = CARTESIAN_POINT ( 'NONE',  ( -1.701301616704080644, 1.236067977499790471, -1.557067162975173558 ) ) ;
#3786 = CARTESIAN_POINT ( 'NONE',  ( 0.3525378704127037910, -1.085000000000001963, -5.135800992617013172 ) ) ;
#3787 = CARTESIAN_POINT ( 'NONE',  ( 1.102829285353923661, -0.3583309563939502396, -8.106922796780830609 ) ) ;
#3788 = CARTESIAN_POINT ( 'NONE',  ( -9.618868235926957369E-05, 1.084999991224358418, -4.839560724297450101 ) ) ;
#3789 = CARTESIAN_POINT ( 'NONE',  ( 0.000000000000000000, 1.085000000000001741, 0.5300000000000009148 ) ) ;
#3790 = EDGE_CURVE ( 'NONE', #792, #368, #241, .T. ) ;
#3791 = ORIENTED_EDGE ( 'NONE', *, *, #1784, .T. ) ;
#3792 = CARTESIAN_POINT ( 'NONE',  ( 1.084979928834224339, -0.1423273286353247402, -3.536903115864115765 ) ) ;
#3793 = CARTESIAN_POINT ( 'NONE',  ( 0.2164805909582440679, -1.063738560614529982, -11.04875551009924273 ) ) ;
#3794 = CARTESIAN_POINT ( 'NONE',  ( -1.175570504584947162, -1.618033988749895347, -3.048733829641839144 ) ) ;
#3795 = CARTESIAN_POINT ( 'NONE',  ( -0.3525378704127039020, 1.085000000000001741, -13.70049999999999812 ) ) ;
#3796 = EDGE_CURVE ( 'NONE', #298, #1783, #3021, .T. ) ;
#3797 = CARTESIAN_POINT ( 'NONE',  ( -0.2855307119703668350, -1.728849498545419250, -0.9093581213962461662 ) ) ;
#3798 = ORIENTED_EDGE ( 'NONE', *, *, #2277, .T. ) ;
#3799 = CARTESIAN_POINT ( 'NONE',  ( 2.124133646925256969, -0.4724818616414864225, 2.800000000000000266 ) ) ;
#3800 = AXIS2_PLACEMENT_3D ( 'NONE', #680, #34, #3138 ) ;
#3801 = CARTESIAN_POINT ( 'NONE',  ( -2.449293598294707893E-16, -2.000000000000000888, -2.720567162975173314 ) ) ;
#3802 = CARTESIAN_POINT ( 'NONE',  ( 0.000000000000000000, 1.159583333333335631, -1.600378195836190454 ) ) ;
#3803 = CONICAL_SURFACE ( 'NONE', #3229, 2.149999999997260769, 0.1745329251994333364 ) ;
#3804 = CARTESIAN_POINT ( 'NONE',  ( -0.3767714644234081978, 1.159583333333334965, -0.3204227967808312982 ) ) ;
#3805 = CARTESIAN_POINT ( 'NONE',  ( 0.3333434474477778298, -1.062234595591229569, 1.209640648442770638 ) ) ;
#3806 = CARTESIAN_POINT ( 'NONE',  ( -1.062234595591228237, -0.3333434474477817155, 1.209640648442770638 ) ) ;
#3807 = CARTESIAN_POINT ( 'NONE',  ( 1.175570504584947384, 1.618033988749895347, -0.2145671629751738640 ) ) ;
#3808 = AXIS2_PLACEMENT_3D ( 'NONE', #2924, #2184, #1470 ) ;
#3809 = CARTESIAN_POINT ( 'NONE',  ( 0.6377469987373343141, -0.8777834388968194235, -5.046300992617013037 ) ) ;
#3810 = CARTESIAN_POINT ( 'NONE',  ( 0.3767714644234086419, 1.159583333333334965, -4.079422796780831639 ) ) ;
#3811 = DIRECTION ( 'NONE',  ( -0.000000000000000000, -2.316899349738235597E-17, 1.000000000000000000 ) ) ;
#3812 = CARTESIAN_POINT ( 'NONE',  ( -0.6377469987373344251, 0.8777834388968194235, -1.080999999999998629 ) ) ;
#3813 = CARTESIAN_POINT ( 'NONE',  ( -0.6377469987373344251, 0.8777834388968194235, -4.151300992617013463 ) ) ;
#3814 = ORIENTED_EDGE ( 'NONE', *, *, #318, .F. ) ;
#3815 = CARTESIAN_POINT ( 'NONE',  ( -0.007255210129939672521, -1.084983015627974945, -7.526844484483320663 ) ) ;
#3816 = CARTESIAN_POINT ( 'NONE',  ( -0.3767714644234084753, -1.159583333333334965, -3.184422796780831622 ) ) ;
#3817 = CC_DESIGN_PERSON_AND_ORGANIZATION_ASSIGNMENT ( #3824, #2383, ( #1121 ) ) ;
#3818 = CARTESIAN_POINT ( 'NONE',  ( -1.701301616704080644, 1.236067977499790471, -1.706233829641839339 ) ) ;
#3819 = CARTESIAN_POINT ( 'NONE',  ( -0.3767714644234081978, 1.159583333333334965, -1.510878195836191207 ) ) ;
#3820 = CARTESIAN_POINT ( 'NONE',  ( 0.006917555114719790670, -1.783465238019888321, -0.8707890490544177853 ) ) ;
#3821 = VERTEX_POINT ( 'NONE', #1935 ) ;
#3822 = DIRECTION ( 'NONE',  ( -0.000000000000000000, -2.316899349738235597E-17, 1.000000000000000000 ) ) ;
#3823 = EDGE_CURVE ( 'NONE', #208, #3524, #977, .T. ) ;
#3824 = PERSON_AND_ORGANIZATION ( #2711, #1562 ) ;
#3825 = CARTESIAN_POINT ( 'NONE',  ( -0.6498393924658125709, 2.000000000000000444, -5.316067162975173233 ) ) ;
#3826 = LINE ( 'NONE', #1443, #2352 ) ;
#3827 = CARTESIAN_POINT ( 'NONE',  ( -0.3767714644234081978, 1.159583333333334965, -10.46087819583619094 ) ) ;
#3828 = CARTESIAN_POINT ( 'NONE',  ( 0.3767714644234085863, 1.159583333333334965, -11.23942279678083267 ) ) ;
#3829 = CARTESIAN_POINT ( 'NONE',  ( -0.2840232523467842163, -1.056753999447593850, -5.809977289868622385 ) ) ;
#3830 = DIRECTION ( 'NONE',  ( -0.01733375049386038508, -0.08714264840443966542, 0.9960450290638855897 ) ) ;
#3831 = CARTESIAN_POINT ( 'NONE',  ( -0.3767714644234085308, -1.159583333333335631, -13.32487819583619171 ) ) ;
#3832 = CARTESIAN_POINT ( 'NONE',  ( -0.6815859821374816718, -0.9381226230606176664, -10.43392279678083057 ) ) ;
#3833 = CARTESIAN_POINT ( 'NONE',  ( 1.102829285353923661, -0.3583309563939502396, -4.526922796780831426 ) ) ;
#3834 = CARTESIAN_POINT ( 'NONE',  ( -4.149159937520358552E-07, -1.084999999999922471, -8.805301097967001667 ) ) ;
#3835 = ORIENTED_EDGE ( 'NONE', *, *, #2304, .F. ) ;
#3836 = CARTESIAN_POINT ( 'NONE',  ( 0.4724818616414787065, 2.097441510607578774, 2.799999999999999822 ) ) ;
#3837 = CARTESIAN_POINT ( 'NONE',  ( -7.074485523250553921E-07, -1.084999999999771259, -3.435301172233002909 ) ) ;
#3838 = VERTEX_POINT ( 'NONE', #4475 ) ;
#3839 = CARTESIAN_POINT ( 'NONE',  ( -1.031896320180243354, -0.3352834388968184420, -14.53330099261701491 ) ) ;
#3840 = CARTESIAN_POINT ( 'NONE',  ( -1.219258070856292786, 7.465802469043678121E-17, -1.752422796780830350 ) ) ;
#3841 = CARTESIAN_POINT ( 'NONE',  ( -1.701301616704080644, -1.236067977499790249, -1.348233829641838355 ) ) ;
#3842 = CARTESIAN_POINT ( 'NONE',  ( 0.9864004998515546463, -0.7166619127879003681, -0.4368781958361909190 ) ) ;
#3843 = CARTESIAN_POINT ( 'NONE',  ( -1.377562434537998870, -0.7792373680202535624, -1.119158434920774603 ) ) ;
#3844 = ORIENTED_EDGE ( 'NONE', *, *, #2417, .F. ) ;
#3845 = FACE_OUTER_BOUND ( 'NONE', #64, .T. ) ;
#3846 = CARTESIAN_POINT ( 'NONE',  ( -1.701301616704080644, 1.236067977499790471, -3.347067162975172927 ) ) ;
#3847 = FACE_OUTER_BOUND ( 'NONE', #4363, .T. ) ;
#3848 = ADVANCED_FACE ( 'NONE', ( #4147 ), #1704, .T. ) ;
#3849 = CARTESIAN_POINT ( 'NONE',  ( -0.6815859821374816718, -0.9381226230606176664, -11.62437819583619181 ) ) ;
#3850 = CARTESIAN_POINT ( 'NONE',  ( -2.000000000000000000, 2.449293598294706414E-16, 0.000000000000000000 ) ) ;
#3851 = CARTESIAN_POINT ( 'NONE',  ( -0.5475281105264995229, 0.5475281105265085158, 1.220055506715776117 ) ) ;
#3852 = CARTESIAN_POINT ( 'NONE',  ( -1.102829285353923883, 0.3583309563939501841, -10.19237819583619142 ) ) ;
#3853 = EDGE_CURVE ( 'NONE', #1075, #3185, #355, .T. ) ;
#3854 = CARTESIAN_POINT ( 'NONE',  ( -1.420080017511287505E-16, -1.159583333333335409, -13.83492279678083214 ) ) ;
#3855 = CARTESIAN_POINT ( 'NONE',  ( 0.9864004998515546463, -0.7166619127879003681, -2.826422796780831082 ) ) ;
#3856 = CARTESIAN_POINT ( 'NONE',  ( 0.000000000000000000, 2.204364238465235428E-15, -12.00000000000000000 ) ) ;
#3857 = CARTESIAN_POINT ( 'NONE',  ( 0.3525563055469337348, 1.084986606090974526, -11.57980677765104360 ) ) ;
#3858 = CARTESIAN_POINT ( 'NONE',  ( -1.175570504584947162, -1.618033988749895347, -11.84956716297517332 ) ) ;
#3859 = VERTEX_POINT ( 'NONE', #2409 ) ;
#3860 = CARTESIAN_POINT ( 'NONE',  ( 0.9229561270619648372, -0.6705668777936371061, -12.11680099261701216 ) ) ;
#3861 = CARTESIAN_POINT ( 'NONE',  ( 0.4161566909720827989, 1.020617088274974105, -8.530951769452730815 ) ) ;
#3862 = CARTESIAN_POINT ( 'NONE',  ( -1.902113032590308173, -0.6180339887498949025, -3.227733829641839414 ) ) ;
#3863 = CARTESIAN_POINT ( 'NONE',  ( 1.219258070856293008, -2.239740740713103683E-16, -2.047878195836190685 ) ) ;
#3864 = CARTESIAN_POINT ( 'NONE',  ( 0.6018151795705721785, -1.744902362252955363, -0.7937345148692527275 ) ) ;
#3865 = ORIENTED_EDGE ( 'NONE', *, *, #3871, .T. ) ;
#3866 = CARTESIAN_POINT ( 'NONE',  ( 0.6172445715374546005, -0.8928131170710873477, -5.562530558041234308 ) ) ;
#3867 = CARTESIAN_POINT ( 'NONE',  ( -2.449293598294707893E-16, -2.000000000000000888, -8.090567162975174753 ) ) ;
#3868 = CARTESIAN_POINT ( 'NONE',  ( 1.549512160561797636, -0.2434110741385036303, -11.15146199586823705 ) ) ;
#3869 = CARTESIAN_POINT ( 'NONE',  ( -0.3767714644234081978, 1.159583333333334965, -8.670878195836191793 ) ) ;
#3870 = CARTESIAN_POINT ( 'NONE',  ( 0.6377469987373346472, 0.8777834388968193124, -8.089300992617014074 ) ) ;
#3871 = EDGE_CURVE ( 'NONE', #3881, #4049, #3090, .T. ) ;
#3872 = CARTESIAN_POINT ( 'NONE',  ( -3.457824547736949867E-12, -1.085000000000001741, -9.315000000015379200 ) ) ;
#3873 = CARTESIAN_POINT ( 'NONE',  ( 1.219258070856293230, -2.239740740713104176E-16, -9.207878195836189050 ) ) ;
#3874 = AXIS2_PLACEMENT_3D ( 'NONE', #2501, #3878, #76 ) ;
#3875 = CARTESIAN_POINT ( 'NONE',  ( -1.420080017511287505E-16, -1.159583333333335409, -12.04492279678083122 ) ) ;
#3876 = CARTESIAN_POINT ( 'NONE',  ( 1.902113032590308173, 0.6180339887498946805, -7.702733829641839058 ) ) ;
#3877 = EDGE_CURVE ( 'NONE', #4464, #1325, #736, .T. ) ;
#3878 = DIRECTION ( 'NONE',  ( 0.000000000000000000, 0.000000000000000000, 1.000000000000000000 ) ) ;
#3879 = AXIS2_PLACEMENT_3D ( 'NONE', #3379, #3016, #212 ) ;
#3880 = CARTESIAN_POINT ( 'NONE',  ( 0.000000000000000000, 2.000000000000000888, -12.56556716297517440 ) ) ;
#3881 = VERTEX_POINT ( 'NONE', #4172 ) ;
#3882 = CARTESIAN_POINT ( 'NONE',  ( -1.960379453666025285, -0.3674504019688065171, -10.43041832274053604 ) ) ;
#3883 = CARTESIAN_POINT ( 'NONE',  ( 0.000000000000000000, 1.159583333333335409, -14.72992279678083172 ) ) ;
#3884 = CARTESIAN_POINT ( 'NONE',  ( 1.902113032590308173, 0.6180339887498946805, -7.553567162975173943 ) ) ;
#3885 = CARTESIAN_POINT ( 'NONE',  ( -1.102829285353923661, 0.3583309563939501285, 0.5476218041638101219 ) ) ;
#3886 = LINE ( 'NONE', #3549, #1235 ) ;
#3887 = ORIENTED_EDGE ( 'NONE', *, *, #3331, .T. ) ;
#3888 = CARTESIAN_POINT ( 'NONE',  ( 0.9031130720418169000, 0.6018404676282241850, -5.120185455737874314 ) ) ;
#3889 = CARTESIAN_POINT ( 'NONE',  ( -1.701301616704080644, -1.236067977499790249, -6.569067162975174234 ) ) ;
#3890 = CARTESIAN_POINT ( 'NONE',  ( 0.1543037892780088627, 1.149271007012226287, -1.637828151971327362 ) ) ;
#3891 = CARTESIAN_POINT ( 'NONE',  ( -2.102924448476535257, 1.287669847337751433E-16, -3.317233829641838661 ) ) ;
#3892 = CARTESIAN_POINT ( 'NONE',  ( 0.9864004998515545353, -0.7166619127879003681, -11.17687819583619024 ) ) ;
#3893 = CARTESIAN_POINT ( 'NONE',  ( 2.097441510607459758, -0.4724818616414863115, 2.799999999999999822 ) ) ;
#3894 = CARTESIAN_POINT ( 'NONE',  ( -0.2695970745732855778, -1.085000000000001297, -4.016494471967436475 ) ) ;
#3895 = CARTESIAN_POINT ( 'NONE',  ( -1.420080017511287752E-16, -1.159583333333335631, -13.23537819583619246 ) ) ;
#3896 = CARTESIAN_POINT ( 'NONE',  ( 0.000000000000000000, 1.159583333333335409, -11.14992279678083165 ) ) ;
#3897 = CARTESIAN_POINT ( 'NONE',  ( -0.6498393924658131260, -2.000000000000000444, -10.11923382964183737 ) ) ;
#3898 = CARTESIAN_POINT ( 'NONE',  ( 0.9229561270619647262, 0.6705668777936368841, -4.598800992617012362 ) ) ;
#3899 = CARTESIAN_POINT ( 'NONE',  ( -0.6498393924658125709, 2.000000000000000444, -10.68606716297517600 ) ) ;
#3900 = EDGE_LOOP ( 'NONE', ( #2305, #4410, #4272, #2712, #3993, #1831, #1407, #3073, #930, #4434, #813, #3531, #3241, #72, #2320, #880, #1626, #2594, #3096, #2835 ) ) ;
#3901 = EDGE_CURVE ( 'NONE', #2656, #1483, #2004, .T. ) ;
#3902 = CARTESIAN_POINT ( 'NONE',  ( -1.443696347921663126, 1.105840471809452996, -10.71355152926608234 ) ) ;
#3903 = CARTESIAN_POINT ( 'NONE',  ( 0.9215586645454753034, -0.5731102365808007360, -10.81569214259678624 ) ) ;
#3904 = CARTESIAN_POINT ( 'NONE',  ( 1.175570504584947384, 1.618033988749895347, -9.164567162975172820 ) ) ;
#3905 = CARTESIAN_POINT ( 'NONE',  ( -1.140836513298521870, 6.985608921807308758E-17, -7.972500000000000142 ) ) ;
#3906 = CARTESIAN_POINT ( 'NONE',  ( -0.4508391851248867432, 0.9944471296096306645, -8.298829606442023277 ) ) ;
#3907 = VERTEX_POINT ( 'NONE', #4124 ) ;
#3908 = PLANE ( 'NONE',  #1245 ) ;
#3909 = CARTESIAN_POINT ( 'NONE',  ( -0.6815859821374816718, -0.9381226230606176664, -9.834378195836192660 ) ) ;
#3910 = CARTESIAN_POINT ( 'NONE',  ( 2.102924448476535257, -3.863009542013253312E-16, -2.273067162975173083 ) ) ;
#3911 = CARTESIAN_POINT ( 'NONE',  ( 1.578952574860186031, 0.3789350426821671558, -11.05355232811203869 ) ) ;
#3912 = CARTESIAN_POINT ( 'NONE',  ( 2.102924448476535257, -3.863009542013253312E-16, -0.6322338296418389403 ) ) ;
#3913 = CARTESIAN_POINT ( 'NONE',  ( -1.420080017511287505E-16, -1.159583333333335409, -7.865378195836190578 ) ) ;
#3914 = ORIENTED_EDGE ( 'NONE', *, *, #2859, .T. ) ;
#3915 = CARTESIAN_POINT ( 'NONE',  ( 1.219258070856292786, -2.239740740713103683E-16, -6.227422796780829550 ) ) ;
#3916 = CARTESIAN_POINT ( 'NONE',  ( -0.7193545265413008316, 0.8123411785859201428, -4.634059593768130370 ) ) ;
#3917 = CARTESIAN_POINT ( 'NONE',  ( 1.219258070856293230, -2.239740740713104176E-16, -12.78787819583618912 ) ) ;
#3918 = CARTESIAN_POINT ( 'NONE',  ( -0.6815859821374815608, 0.9381226230606178884, -10.97092279678083138 ) ) ;
#3919 = CARTESIAN_POINT ( 'NONE',  ( -1.902113032590308173, -0.6180339887498949025, -8.597733829641839520 ) ) ;
#3920 = DIRECTION ( 'NONE',  ( 1.000000000000000000, 0.000000000000000000, 0.000000000000000000 ) ) ;
#3921 = CARTESIAN_POINT ( 'NONE',  ( -1.902113032590308173, -0.6180339887498949025, -10.23856716297517622 ) ) ;
#3922 = EDGE_LOOP ( 'NONE', ( #2149, #732, #3732, #4164 ) ) ;
#3923 = CARTESIAN_POINT ( 'NONE',  ( -0.3525378704127039020, 1.085000000000001741, -14.98080099261701115 ) ) ;
#3924 = CARTESIAN_POINT ( 'NONE',  ( 0.07226541341380667005, -1.085000000000001741, -9.295692516529889815 ) ) ;
#3925 = CARTESIAN_POINT ( 'NONE',  ( -1.902113032590308173, -0.6180339887498949025, -10.23856716297517622 ) ) ;
#3926 = CARTESIAN_POINT ( 'NONE',  ( 0.6377469987373346472, 0.8777834388968193124, -8.598999999999998423 ) ) ;
#3927 = VECTOR ( 'NONE', #1602, 1000.000000000000000 ) ;
#3928 = PRODUCT_DEFINITION_SHAPE ( 'NONE', 'NONE',  #2195 ) ;
#3929 = VERTEX_POINT ( 'NONE', #3134 ) ;
#3930 = CARTESIAN_POINT ( 'NONE',  ( -0.9864004998515548683, -0.7166619127879001461, -9.923878195836188354 ) ) ;
#3931 = EDGE_CURVE ( 'NONE', #640, #1992, #2365, .T. ) ;
#3932 = CARTESIAN_POINT ( 'NONE',  ( -1.175570504584946940, 1.618033988749895569, 0.1434328370248268147 ) ) ;
#3933 = CARTESIAN_POINT ( 'NONE',  ( -0.9229561270619647262, -0.6705668777936368841, -10.86380099261701382 ) ) ;
#3934 = CARTESIAN_POINT ( 'NONE',  ( -2.449293598294707893E-16, -2.000000000000000888, -2.869733829641838874 ) ) ;
#3935 = CARTESIAN_POINT ( 'NONE',  ( 0.3767714644234080867, -1.159583333333335631, -4.195878195836190372 ) ) ;
#3936 = CARTESIAN_POINT ( 'NONE',  ( -0.3767714644234081978, 1.159583333333334965, -5.690422796780831405 ) ) ;
#3937 = CARTESIAN_POINT ( 'NONE',  ( 1.984865668659319127, 0.1478247296177058467, -0.6136002232726409655 ) ) ;
#3938 = CARTESIAN_POINT ( 'NONE',  ( -1.219258070856293230, 7.465802469043680586E-17, -2.942878195836190258 ) ) ;
#3939 = CARTESIAN_POINT ( 'NONE',  ( 1.219258070856293008, -2.239740740713103683E-16, -8.017422796780833139 ) ) ;
#3940 = CARTESIAN_POINT ( 'NONE',  ( -2.102924448476535257, 1.287669847337750940E-16, -8.687233829641840543 ) ) ;
#3941 = DIRECTION ( 'NONE',  ( 0.000000000000000000, 0.000000000000000000, 1.000000000000000000 ) ) ;
#3942 = CARTESIAN_POINT ( 'NONE',  ( -1.701301616704080644, 1.236067977499790471, -10.50706716297517218 ) ) ;
#3943 = AXIS2_PLACEMENT_3D ( 'NONE', #676, #4450, #1015 ) ;
#3944 = LINE ( 'NONE', #3696, #4072 ) ;
#3945 = B_SPLINE_CURVE_WITH_KNOTS ( 'NONE', 3,
 ( #698, #285, #1378, #2389, #2773, #2118, #2096, #1037, #3472, #1680, #307, #3494, #376, #3066, #1333, #2730, #4104, #993, #653, #3428, #4259, #2904, #465, #3960, #2229, #3199, #3872 ),
 .UNSPECIFIED., .F., .F.,
 ( 4, 2, 1, 1, 2, 2, 1, 2, 2, 2, 2, 2, 2, 2, 4 ),
 ( 0.2247490601440106095, 0.2325587998002942025, 0.2335350172573296690, 0.2340231259858473467, 0.2341451531679767384, 0.2342671803501061301, 0.2345112347143649134, 0.2364636696284350137, 0.2403685394565752698, 0.2481782791128557819, 0.2559880187691362941, 0.2637977584254168062, 0.2716074980816973183, 0.2794172377379778305, 0.2872269773942583426 ),
 .UNSPECIFIED. ) ;
#3946 = CARTESIAN_POINT ( 'NONE',  ( -1.328741777074880588E-16, -1.085000000000001741, -10.59530099261701430 ) ) ;
#3947 = CARTESIAN_POINT ( 'NONE',  ( 0.6816777401424686245, -0.8492851438673421072, -9.123386450986584961 ) ) ;
#3948 = CIRCLE ( 'NONE', #2650, 1.867876830866352034 ) ;
#3949 = CARTESIAN_POINT ( 'NONE',  ( 1.909717917498444884, -0.5946285596660084716, 1.071655605148382762 ) ) ;
#3950 = CARTESIAN_POINT ( 'NONE',  ( 0.9229561270619648372, 0.6705668777936369951, -12.26849999999999774 ) ) ;
#3951 = ORIENTED_EDGE ( 'NONE', *, *, #1462, .F. ) ;
#3952 = CARTESIAN_POINT ( 'NONE',  ( 0.6498393924658134591, 2.000000000000000444, -12.80423382964183965 ) ) ;
#3953 = PRODUCT_RELATED_PRODUCT_CATEGORY ( 'detail', '', ( #1953 ) ) ;
#3954 = CARTESIAN_POINT ( 'NONE',  ( 1.102829285353923661, -0.3583309563939502396, -11.08737819583619100 ) ) ;
#3955 = DIRECTION ( 'NONE',  ( 0.3826834323650893377, -0.9238795325112869605, -2.140535888111866324E-17 ) ) ;
#3956 = CARTESIAN_POINT ( 'NONE',  ( 1.902113032590307728, -0.6180339887498953466, -2.511733829641840110 ) ) ;
#3957 = CARTESIAN_POINT ( 'NONE',  ( 0.3767714644234085863, 1.159583333333334965, -3.479878195836191512 ) ) ;
#3958 = ADVANCED_FACE ( 'NONE', ( #4195 ), #2453, .T. ) ;
#3959 = CARTESIAN_POINT ( 'NONE',  ( 1.219258070856292786, -2.239740740713103683E-16, -9.807422796780830510 ) ) ;
#3960 = CARTESIAN_POINT ( 'NONE',  ( -0.5903175444485190271, -0.9233827586374697693, -9.479350682542150963 ) ) ;
#3961 = CARTESIAN_POINT ( 'NONE',  ( -0.6815859821374816718, 0.9381226230606179994, -5.001378195836191587 ) ) ;
#3962 = CARTESIAN_POINT ( 'NONE',  ( 1.219258070856293008, -2.239740740713103683E-16, -6.227422796780831327 ) ) ;
#3963 = CARTESIAN_POINT ( 'NONE',  ( 1.701301616704080200, -1.236067977499790693, -0.8112338296418392103 ) ) ;
#3964 = CARTESIAN_POINT ( 'NONE',  ( 0.000000000000000000, -3.276250000000000995, 0.2237500000000016420 ) ) ;
#3965 = CARTESIAN_POINT ( 'NONE',  ( -2.102924448476535257, 1.287669847337751433E-16, -8.538067162975172764 ) ) ;
#3966 = CARTESIAN_POINT ( 'NONE',  ( -0.06531158353414502626, -1.083117836551209745, -2.171646753817287223 ) ) ;
#3967 = CARTESIAN_POINT ( 'NONE',  ( 0.3525378704127042351, 1.085000000000001741, -6.209800992617013904 ) ) ;
#3968 = CARTESIAN_POINT ( 'NONE',  ( -0.6815859821374816718, -0.9381226230606176664, -12.22392279678082971 ) ) ;
#3969 = CARTESIAN_POINT ( 'NONE',  ( -1.701301616704080644, 1.236067977499790471, 0.08376617035816059931 ) ) ;
#3970 = CARTESIAN_POINT ( 'NONE',  ( 1.031896320180243132, -0.3352834388968186641, -12.53699999999999903 ) ) ;
#3971 = ORIENTED_EDGE ( 'NONE', *, *, #2059, .T. ) ;
#3972 = CARTESIAN_POINT ( 'NONE',  ( 0.3325000000000000178, 1.062066823462632259, 1.200000000000000178 ) ) ;
#3973 = CARTESIAN_POINT ( 'NONE',  ( 0.6815859821374814498, -0.9381226230606178884, 0.6640772032191697427 ) ) ;
#3974 = CARTESIAN_POINT ( 'NONE',  ( 1.102829285353923661, -0.3583309563939502396, -12.87737819583619192 ) ) ;
#3975 = CARTESIAN_POINT ( 'NONE',  ( 1.175570504584946718, -1.618033988749895569, -2.541567162975173044 ) ) ;
#3976 = DIRECTION ( 'NONE',  ( -0.000000000000000000, -2.316899349738235597E-17, 1.000000000000000000 ) ) ;
#3977 = CARTESIAN_POINT ( 'NONE',  ( 0.000000000000000000, 2.000000000000000888, -3.764733829641838891 ) ) ;
#3978 = CARTESIAN_POINT ( 'NONE',  ( 0.3767714644234085863, 1.159583333333334965, -7.059878195836189363 ) ) ;
#3979 = CARTESIAN_POINT ( 'NONE',  ( -0.3767714644234081978, 1.159583333333334965, -9.270422796780831476 ) ) ;
#3980 = DIRECTION ( 'NONE',  ( 0.000000000000000000, -1.000000000000000000, 0.000000000000000000 ) ) ;
#3981 = EDGE_CURVE ( 'NONE', #1340, #2082, #3157, .T. ) ;
#3982 = CARTESIAN_POINT ( 'NONE',  ( -1.102829285353924105, -0.3583309563939500730, -6.433378195836191082 ) ) ;
#3983 = CARTESIAN_POINT ( 'NONE',  ( -0.9864004998515548683, 0.7166619127879002571, -7.301422796780830282 ) ) ;
#3984 = CARTESIAN_POINT ( 'NONE',  ( 1.175570504584947384, 1.618033988749895347, -3.943733829641839161 ) ) ;
#3985 = CARTESIAN_POINT ( 'NONE',  ( -2.124133646925254304, 0.4724818616415007999, 2.800000000000000266 ) ) ;
#3986 = EDGE_CURVE ( 'NONE', #573, #2482, #333, .T. ) ;
#3987 = CARTESIAN_POINT ( 'NONE',  ( -1.175570504584947162, -1.618033988749895347, -8.269567162975173247 ) ) ;
#3988 = CARTESIAN_POINT ( 'NONE',  ( -0.3325000000000000178, -1.838044505796148087, 1.199999999999999512 ) ) ;
#3989 = CARTESIAN_POINT ( 'NONE',  ( -0.3525378704127041241, -1.085000000000001741, -8.894800992617014401 ) ) ;
#3990 = CARTESIAN_POINT ( 'NONE',  ( 0.3767714644234080867, -1.159583333333335631, -13.74542279678083112 ) ) ;
#3991 = CARTESIAN_POINT ( 'NONE',  ( -1.701301616704080644, 1.236067977499790249, -1.557067162975173558 ) ) ;
#3992 = CARTESIAN_POINT ( 'NONE',  ( 0.6377469987373346472, 0.8777834388968193124, -12.17900000000000027 ) ) ;
#3993 = ORIENTED_EDGE ( 'NONE', *, *, #2574, .F. ) ;
#3994 = CARTESIAN_POINT ( 'NONE',  ( 0.6498393924658134591, 2.000000000000000444, -11.01423382964184050 ) ) ;
#3995 = CARTESIAN_POINT ( 'NONE',  ( -1.175570504584946940, 1.618033988749895569, -14.32573382964183928 ) ) ;
#3996 = CARTESIAN_POINT ( 'NONE',  ( 1.175570504584946718, -1.618033988749895569, -9.850733829641839634 ) ) ;
#3997 = CARTESIAN_POINT ( 'NONE',  ( -1.420080017511287505E-16, -1.159583333333335409, -13.23537819583619246 ) ) ;
#3998 = CONICAL_SURFACE ( 'NONE', #300, 2.149999999997260769, 0.1745329251994333364 ) ;
#3999 = CARTESIAN_POINT ( 'NONE',  ( 1.175570504584946718, -1.618033988749895569, 1.038432837024826805 ) ) ;
#4000 = CARTESIAN_POINT ( 'NONE',  ( 0.000000000000000000, 0.000000000000000000, -0.6000000000000000888 ) ) ;
#4001 = ORIENTED_EDGE ( 'NONE', *, *, #688, .F. ) ;
#4002 = CARTESIAN_POINT ( 'NONE',  ( 0.9864004998515545353, -0.7166619127879003681, -4.016878195836190990 ) ) ;
#4003 = CARTESIAN_POINT ( 'NONE',  ( -0.9864004998515547573, -0.7166619127879001461, -8.733422796780834219 ) ) ;
#4004 = CARTESIAN_POINT ( 'NONE',  ( 0.9864004998515548683, -0.7166619127879004791, -4.016878195836190990 ) ) ;
#4005 = CARTESIAN_POINT ( 'NONE',  ( 0.000000000000000000, 1.159583333333335409, -9.359922796780832499 ) ) ;
#4006 = LINE ( 'NONE', #3132, #3087 ) ;
#4007 = ORIENTED_EDGE ( 'NONE', *, *, #178, .T. ) ;
#4008 = DIRECTION ( 'NONE',  ( 0.000000000000000000, 0.000000000000000000, 1.000000000000000000 ) ) ;
#4009 = CARTESIAN_POINT ( 'NONE',  ( 1.701301616704080866, 1.236067977499790027, -5.674067162975173773 ) ) ;
#4010 = CARTESIAN_POINT ( 'NONE',  ( -0.9994672175885109811, -0.4223375685121191214, -2.489403030545954465 ) ) ;
#4011 = EDGE_CURVE ( 'NONE', #1075, #3117, #2474, .T. ) ;
#4012 = CARTESIAN_POINT ( 'NONE',  ( 0.3525378704127042351, 1.085000000000001741, -11.57980099261701135 ) ) ;
#4013 = CARTESIAN_POINT ( 'NONE',  ( -1.219258070856293008, 7.465802469043678121E-17, -8.912422796780830936 ) ) ;
#4014 = CARTESIAN_POINT ( 'NONE',  ( -1.175570504584947162, -1.618033988749895347, -1.109567162975173771 ) ) ;
#4015 = CARTESIAN_POINT ( 'NONE',  ( 1.031896320180243354, 0.3352834388968182755, -1.617999999999999661 ) ) ;
#4016 = ORIENTED_EDGE ( 'NONE', *, *, #962, .F. ) ;
#4017 = CARTESIAN_POINT ( 'NONE',  ( -1.175570504584947162, -1.618033988749895347, -6.628733829641839215 ) ) ;
#4018 = CIRCLE ( 'NONE', #3301, 1.084999999999999520 ) ;
#4019 = CARTESIAN_POINT ( 'NONE',  ( -0.6498393924658125709, 2.000000000000000444, -14.41523382964183853 ) ) ;
#4020 = CARTESIAN_POINT ( 'NONE',  ( 1.701301616704080200, -1.236067977499790693, -9.761233829641836834 ) ) ;
#4021 = CARTESIAN_POINT ( 'NONE',  ( -0.6815859821374816718, -0.9381226230606176664, -8.044378195836191736 ) ) ;
#4022 = PLANE ( 'NONE',  #377 ) ;
#4023 = DIRECTION ( 'NONE',  ( 0.000000000000000000, -1.000000000000000000, 0.000000000000000000 ) ) ;
#4024 = ORIENTED_EDGE ( 'NONE', *, *, #1213, .F. ) ;
#4025 = FACE_OUTER_BOUND ( 'NONE', #3103, .T. ) ;
#4026 = CARTESIAN_POINT ( 'NONE',  ( -1.420080017511287505E-16, -1.159583333333335409, -3.094922796780830598 ) ) ;
#4027 =( NAMED_UNIT ( * ) PLANE_ANGLE_UNIT ( ) SI_UNIT ( $, .RADIAN. ) );
#4028 = CARTESIAN_POINT ( 'NONE',  ( 0.000000000000000000, 2.000000000000000888, -12.56556716297517440 ) ) ;
#4029 = CARTESIAN_POINT ( 'NONE',  ( 1.102829285353924105, 0.3583309563939499620, -7.328378195836190656 ) ) ;
#4030 = CARTESIAN_POINT ( 'NONE',  ( -1.102829285353923883, -0.3583309563939500175, -5.242922796780830730 ) ) ;
#4031 = CARTESIAN_POINT ( 'NONE',  ( -2.011540401588610028, 0.4258133208652433166, 2.266576138033841836 ) ) ;
#4032 = B_SPLINE_CURVE_WITH_KNOTS ( 'NONE', 3,
 ( #4258, #4193, #3177, #1422 ),
 .UNSPECIFIED., .F., .F.,
 ( 4, 4 ),
 ( 0.000000000000000000, 0.001626924007965244645 ),
 .UNSPECIFIED. ) ;
#4033 = DIRECTION ( 'NONE',  ( -0.000000000000000000, -2.316899349738235597E-17, 1.000000000000000000 ) ) ;
#4034 = CARTESIAN_POINT ( 'NONE',  ( 0.6498393924658134591, 2.000000000000000444, -5.495067162975174391 ) ) ;
#4035 = DIRECTION ( 'NONE',  ( 0.000000000000000000, -1.000000000000000000, -2.478176394252582127E-16 ) ) ;
#4036 = CARTESIAN_POINT ( 'NONE',  ( -1.031896320180243354, -0.3352834388968184420, -9.163300992617013918 ) ) ;
#4037 = CARTESIAN_POINT ( 'NONE',  ( -0.9864004998515548683, 0.7166619127879002571, -12.67142279678083305 ) ) ;
#4038 = CARTESIAN_POINT ( 'NONE',  ( 0.6498393924658134591, 2.000000000000000444, -5.495067162975174391 ) ) ;
#4039 = CARTESIAN_POINT ( 'NONE',  ( -0.9229561270619648372, -0.6705668777936369951, -4.213500000000000689 ) ) ;
#4040 = EDGE_CURVE ( 'NONE', #1523, #1672, #1400, .T. ) ;
#4041 = ORIENTED_EDGE ( 'NONE', *, *, #290, .T. ) ;
#4042 = B_SPLINE_CURVE_WITH_KNOTS ( 'NONE', 3,
 ( #4068, #3035, #4091, #959 ),
 .UNSPECIFIED., .F., .F.,
 ( 4, 4 ),
 ( 0.001614422578505832770, 0.001698055051981674354 ),
 .UNSPECIFIED. ) ;
#4043 = CARTESIAN_POINT ( 'NONE',  ( -0.6498393924658125709, 2.000000000000000444, -7.255233829641838383 ) ) ;
#4044 = CARTESIAN_POINT ( 'NONE',  ( -0.6498393924658125709, 2.000000000000000444, -12.62523382964184115 ) ) ;
#4045 = CARTESIAN_POINT ( 'NONE',  ( -2.102924448476535257, 1.287669847337751433E-16, -10.47723382964183791 ) ) ;
#4046 = CARTESIAN_POINT ( 'NONE',  ( -0.9864004998515548683, 0.7166619127879002571, -8.491878195836193299 ) ) ;
#4047 = DIRECTION ( 'NONE',  ( 0.08715574274765836016, 0.000000000000000000, -0.9961946980917455452 ) ) ;
#4048 = FACE_OUTER_BOUND ( 'NONE', #1349, .T. ) ;
#4049 = VERTEX_POINT ( 'NONE', #719 ) ;
#4050 = CARTESIAN_POINT ( 'NONE',  ( -1.420080017511287505E-16, -1.159583333333335409, -2.495378195836190471 ) ) ;
#4051 = CARTESIAN_POINT ( 'NONE',  ( -1.350133536487361452, 0.4535811382399554392, -1.314843364169690165 ) ) ;
#4052 = CARTESIAN_POINT ( 'NONE',  ( -0.6498393924658125709, 2.000000000000000444, -12.47606716297517337 ) ) ;
#4053 = CARTESIAN_POINT ( 'NONE',  ( 0.5697351742727575497, 1.468636426524216221, -11.14586422701861146 ) ) ;
#4054 = CARTESIAN_POINT ( 'NONE',  ( -1.420080017511287505E-16, -1.159583333333335409, 0.4850772032191693617 ) ) ;
#4055 = CARTESIAN_POINT ( 'NONE',  ( -1.902113032590307728, 0.6180339887498951246, -5.196733829641839719 ) ) ;
#4056 = LINE ( 'NONE', #632, #536 ) ;
#4057 = CARTESIAN_POINT ( 'NONE',  ( 1.175570504584946718, -1.618033988749895569, -0.7515671629751731198 ) ) ;
#4058 = CARTESIAN_POINT ( 'NONE',  ( -0.9860518951946630750, -0.4528319352040989232, -2.480478829857031720 ) ) ;
#4059 = CARTESIAN_POINT ( 'NONE',  ( -1.328741777074880588E-16, -1.085000000000001741, -3.435300992617013272 ) ) ;
#4060 = CARTESIAN_POINT ( 'NONE',  ( 0.9864004998515546463, -0.7166619127879003681, -9.986422796780830780 ) ) ;
#4061 = CARTESIAN_POINT ( 'NONE',  ( -1.175570504584947162, -1.618033988749895347, -2.899567162975173584 ) ) ;
#4062 = CARTESIAN_POINT ( 'NONE',  ( -0.6377469987373344251, 0.8777834388968194235, -2.870999999999998664 ) ) ;
#4063 = ORIENTED_EDGE ( 'NONE', *, *, #4189, .F. ) ;
#4064 = CARTESIAN_POINT ( 'NONE',  ( 1.902113032590308173, 0.6180339887498946805, -5.912733829641839911 ) ) ;
#4065 = CARTESIAN_POINT ( 'NONE',  ( -1.902113032590308173, -0.6180339887498949025, -12.17773382964184137 ) ) ;
#4066 = CARTESIAN_POINT ( 'NONE',  ( 1.902113032590307728, -0.6180339887498953466, -9.671733829641839364 ) ) ;
#4067 = CARTESIAN_POINT ( 'NONE',  ( 0.6815859821374814498, -0.9381226230606178884, -5.896378195836192049 ) ) ;
#4068 = CARTESIAN_POINT ( 'NONE',  ( 1.088868311864843230, -1.944950119079587722E-16, -1.725153930907082023 ) ) ;
#4069 = FACE_OUTER_BOUND ( 'NONE', #3129, .T. ) ;
#4070 = ORIENTED_EDGE ( 'NONE', *, *, #65, .T. ) ;
#4071 = CARTESIAN_POINT ( 'NONE',  ( 0.9864004998515547573, 0.7166619127879000350, -1.868878195836190192 ) ) ;
#4072 = VECTOR ( 'NONE', #948, 1000.000000000000114 ) ;
#4073 = CARTESIAN_POINT ( 'NONE',  ( 1.701301616704080200, -1.236067977499790693, -13.19206716297517268 ) ) ;
#4074 = CARTESIAN_POINT ( 'NONE',  ( 1.219258070856293230, -2.239740740713104176E-16, -2.047878195836190685 ) ) ;
#4075 = AXIS2_PLACEMENT_3D ( 'NONE', #253, #2985, #4047 ) ;
#4076 = CARTESIAN_POINT ( 'NONE',  ( 1.102829285353923661, -0.3583309563939502396, 0.8430772032191700127 ) ) ;
#4077 = DIRECTION ( 'NONE',  ( 0.000000000000000000, -1.000000000000000000, 0.000000000000000000 ) ) ;
#4078 = DIRECTION ( 'NONE',  ( 0.01733375049385996527, -0.08714264840443973481, 0.9960450290638855897 ) ) ;
#4079 = CARTESIAN_POINT ( 'NONE',  ( 1.909710346231129563, -0.5946518616307814309, 1.220818897363342703 ) ) ;
#4080 = CARTESIAN_POINT ( 'NONE',  ( 0.8986106328497872608, -0.6081021072387763349, -1.876830159738738013 ) ) ;
#4081 = CARTESIAN_POINT ( 'NONE',  ( -0.9229561270619648372, 0.6705668777936369951, -5.851800992617014252 ) ) ;
#4082 = CARTESIAN_POINT ( 'NONE',  ( 0.6815859821374817828, 0.9381226230606176664, -4.168922796780830886 ) ) ;
#4083 = CARTESIAN_POINT ( 'NONE',  ( 1.175570504584946718, -1.618033988749895569, -6.121567162975174448 ) ) ;
#4084 = CARTESIAN_POINT ( 'NONE',  ( 0.6377469987373343141, -0.8777834388968194235, -3.765999999999998682 ) ) ;
#4085 = ORIENTED_EDGE ( 'NONE', *, *, #3469, .T. ) ;
#4086 = CARTESIAN_POINT ( 'NONE',  ( 1.175570504584946718, -1.618033988749895569, -8.060733829641840487 ) ) ;
#4087 = CARTESIAN_POINT ( 'NONE',  ( 0.5461851752634754309, 0.5461851752634773183, 1.200000000000000178 ) ) ;
#4088 = CARTESIAN_POINT ( 'NONE',  ( -0.6498393924658125709, 2.000000000000000444, -7.255233829641838383 ) ) ;
#4089 = CARTESIAN_POINT ( 'NONE',  ( -0.3767714644234084753, -1.159583333333334965, -7.954878195836191601 ) ) ;
#4090 = B_SPLINE_CURVE_WITH_KNOTS ( 'NONE', 3,
 ( #3505, #234, #1367, #1690 ),
 .UNSPECIFIED., .F., .F.,
 ( 4, 4 ),
 ( 0.000000000000000000, 0.001626924007965247897 ),
 .UNSPECIFIED. ) ;
#4091 = CARTESIAN_POINT ( 'NONE',  ( 1.085210444210634062, -0.05605641454758773790, -1.728334945863167160 ) ) ;
#4092 = CARTESIAN_POINT ( 'NONE',  ( 1.031896320180243132, -0.3352834388968186641, -6.657300992617014579 ) ) ;
#4093 = VERTEX_POINT ( 'NONE', #3762 ) ;
#4094 = VECTOR ( 'NONE', #1984, 1000.000000000000000 ) ;
#4095 = CARTESIAN_POINT ( 'NONE',  ( 0.3767714644234080867, -1.159583333333335631, -2.405878195836191225 ) ) ;
#4096 = EDGE_LOOP ( 'NONE', ( #1371, #3844, #4456, #658 ) ) ;
#4097 = APPROVAL_PERSON_ORGANIZATION ( #1674, #537, #3125 ) ;
#4098 = DATE_AND_TIME ( #3061, #1417 ) ;
#4099 = CARTESIAN_POINT ( 'NONE',  ( -1.175570504584946940, 1.618033988749895569, -12.38656716297517413 ) ) ;
#4100 = CARTESIAN_POINT ( 'NONE',  ( 1.102829285353924105, 0.3583309563939499620, -1.958378195836191216 ) ) ;
#4101 = EDGE_CURVE ( 'NONE', #3321, #755, #3945, .T. ) ;
#4102 = CARTESIAN_POINT ( 'NONE',  ( 0.9864004998515548683, 0.7166619127879000350, -2.468422796780829653 ) ) ;
#4103 = CARTESIAN_POINT ( 'NONE',  ( 7.891820033768399189E-06, 1.084999999941005600, -2.540336538185393955 ) ) ;
#4104 = CARTESIAN_POINT ( 'NONE',  ( -0.9988354377452114408, 0.4509949759015102200, -9.882684236138253198 ) ) ;
#4105 = CARTESIAN_POINT ( 'NONE',  ( -1.902113032590308173, -0.6180339887498949025, 0.5014328370248257727 ) ) ;
#4106 = CARTESIAN_POINT ( 'NONE',  ( -0.9229561270619648372, -0.6705668777936369951, -1.913800992617013197 ) ) ;
#4107 = CARTESIAN_POINT ( 'NONE',  ( 1.102829285353923883, 0.3583309563939498510, -4.347922796780831156 ) ) ;
#4108 = CARTESIAN_POINT ( 'NONE',  ( 0.5997539145452920328, 0.6755115521568662018, 2.800000000000000266 ) ) ;
#4109 = B_SPLINE_CURVE_WITH_KNOTS ( 'NONE', 3,
 ( #1357, #3110, #4449, #3427 ),
 .UNSPECIFIED., .F., .F.,
 ( 4, 4 ),
 ( 0.000000000000000000, 0.001626924007965249198 ),
 .UNSPECIFIED. ) ;
#4110 = ORIENTED_EDGE ( 'NONE', *, *, #4189, .T. ) ;
#4111 = CARTESIAN_POINT ( 'NONE',  ( 0.6498393924658125709, -2.000000000000000888, -4.570233829641838774 ) ) ;
#4112 = CARTESIAN_POINT ( 'NONE',  ( -0.6533226538271080797, -0.6533226538271098560, 2.800000000000000266 ) ) ;
#4113 = CARTESIAN_POINT ( 'NONE',  ( 0.7027298018159342519, -0.8302681423603636146, -10.90582678301091590 ) ) ;
#4114 = CARTESIAN_POINT ( 'NONE',  ( 1.701301616704080200, -1.236067977499790693, -6.181233829641838540 ) ) ;
#4115 = CARTESIAN_POINT ( 'NONE',  ( -1.102829285353923883, -0.3583309563939500175, -4.643378195836191047 ) ) ;
#4116 = CARTESIAN_POINT ( 'NONE',  ( 0.9989791563187391255, -0.5032155272947285152, -11.95561249148627248 ) ) ;
#4117 = EDGE_LOOP ( 'NONE', ( #146, #4418, #624, #2793 ) ) ;
#4118 = FACE_OUTER_BOUND ( 'NONE', #3677, .T. ) ;
#4119 = CARTESIAN_POINT ( 'NONE',  ( -0.6498393924658131260, -2.000000000000000444, -9.970067162975174924 ) ) ;
#4120 = CARTESIAN_POINT ( 'NONE',  ( -0.9864004998515550904, -0.7166619127879002571, 0.8161218041638096388 ) ) ;
#4121 = CARTESIAN_POINT ( 'NONE',  ( -0.3767714644234084753, -1.159583333333334965, 0.3955772032191699483 ) ) ;
#4122 = PLANE ( 'NONE',  #4390 ) ;
#4123 = ADVANCED_FACE ( 'NONE', ( #1145 ), #2727, .T. ) ;
#4124 = CARTESIAN_POINT ( 'NONE',  ( -1.482270982984766450, 5.634798344990578750E-14, -1.239342090967797683 ) ) ;
#4125 = CARTESIAN_POINT ( 'NONE',  ( 1.701301616704080200, -1.236067977499790693, -0.6620671629751736509 ) ) ;
#4126 = CARTESIAN_POINT ( 'NONE',  ( -1.140836513298521870, 6.985608921807308758E-17, -0.3028009926170135424 ) ) ;
#4127 = CARTESIAN_POINT ( 'NONE',  ( 0.9864004998515546463, -0.7166619127879003681, -4.616422796780830673 ) ) ;
#4128 = DIRECTION ( 'NONE',  ( -0.000000000000000000, -2.316899349738235597E-17, 1.000000000000000000 ) ) ;
#4129 =( BOUNDED_CURVE ( )  B_SPLINE_CURVE ( 2, ( #4103, #652, #1725, #2795, #306, #1703, #2429, #4, #3493, #4495, #3089, #3448, #375 ),
 .UNSPECIFIED., .F., .T. ) 
 B_SPLINE_CURVE_WITH_KNOTS ( ( 3, 2, 2, 2, 2, 2, 3 ),
 ( 0.8042295165805207757, 0.8042297907109761113, 0.8157187877211328209, 0.8272077847312897525, 0.8386967817414464621, 0.8501857787516031717, 0.8562293237209809282 ),
 .UNSPECIFIED. ) 
 CURVE ( )  GEOMETRIC_REPRESENTATION_ITEM ( )  RATIONAL_B_SPLINE_CURVE ( ( 0.9999976644472393650, 0.9999988321957555826, 1.000000000000000000, 0.9510565162951535312, 1.000000000000000000, 0.9510565162951535312, 1.000000000000000000, 0.9510565162951535312, 1.000000000000000000, 0.9510565162951535312, 1.000000000000000000, 0.9742543109318638761, 0.9755945771500493802 ) ) 
 REPRESENTATION_ITEM ( '' )  );
#4130 = CARTESIAN_POINT ( 'NONE',  ( 1.039822897227388410, -0.3098279238571679528, 1.789795052578634138 ) ) ;
#4131 = VERTEX_POINT ( 'NONE', #2583 ) ;
#4132 = LINE ( 'NONE', #3417, #4137 ) ;
#4133 = CARTESIAN_POINT ( 'NONE',  ( -1.086709312418925766, -0.4079431317157043435, -1.650531208468222877 ) ) ;
#4134 = CARTESIAN_POINT ( 'NONE',  ( -1.902113032590307728, 0.6180339887498951246, -3.406733829641840128 ) ) ;
#4135 = CARTESIAN_POINT ( 'NONE',  ( 1.102829285353923883, 0.3583309563939498510, -0.1683781958361912912 ) ) ;
#4136 = DIRECTION ( 'NONE',  ( 0.000000000000000000, -0.08715574274765836016, -0.9961946980917455452 ) ) ;
#4137 = VECTOR ( 'NONE', #1713, 1000.000000000000000 ) ;
#4138 = ORIENTED_EDGE ( 'NONE', *, *, #1809, .T. ) ;
#4139 = CARTESIAN_POINT ( 'NONE',  ( 0.6747636831636841803, -0.8500403088839310062, -5.544214028264113914 ) ) ;
#4140 = VECTOR ( 'NONE', #3219, 1000.000000000000000 ) ;
#4141 = CALENDAR_DATE ( 2026, 8, 1 ) ;
#4142 = CARTESIAN_POINT ( 'NONE',  ( -1.701301616704080644, -1.236067977499790249, -4.779067162975175087 ) ) ;
#4143 = CARTESIAN_POINT ( 'NONE',  ( 1.345184267361323682, -0.02148646360978534453, -11.55395915618081837 ) ) ;
#4144 = ORIENTED_EDGE ( 'NONE', *, *, #3626, .T. ) ;
#4145 = CARTESIAN_POINT ( 'NONE',  ( 0.9864004998515546463, -0.7166619127879003681, 0.7535772032191689895 ) ) ;
#4146 = DIRECTION ( 'NONE',  ( -0.000000000000000000, -2.316899349738235597E-17, 1.000000000000000000 ) ) ;
#4147 = FACE_OUTER_BOUND ( 'NONE', #2089, .T. ) ;
#4148 = AXIS2_PLACEMENT_3D ( 'NONE', #3226, #1503, #2889 ) ;
#4149 = CARTESIAN_POINT ( 'NONE',  ( -1.701301616704080644, -1.236067977499790249, -1.199067162975173240 ) ) ;
#4150 = CARTESIAN_POINT ( 'NONE',  ( -0.9229561270619648372, 0.6705668777936369951, -2.271800992617013293 ) ) ;
#4151 = AXIS2_PLACEMENT_3D ( 'NONE', #985, #2694, #2672 ) ;
#4152 = CARTESIAN_POINT ( 'NONE',  ( -0.6815859821374816718, -0.9381226230606176664, -5.063922796780830460 ) ) ;
#4153 = CARTESIAN_POINT ( 'NONE',  ( -5.429351684437110380E-05, 1.084999997203177413, -6.629751973960642530 ) ) ;
#4154 = CARTESIAN_POINT ( 'NONE',  ( 1.031896320180243132, -0.3352834388968186641, 1.783000000000001695 ) ) ;
#4155 = VERTEX_POINT ( 'NONE', #419 ) ;
#4156 = EDGE_CURVE ( 'NONE', #2045, #3205, #2560, .T. ) ;
#4157 = CARTESIAN_POINT ( 'NONE',  ( -0.02779309219667205899, -1.084704811056800944, -7.532091726527979425 ) ) ;
#4158 = CARTESIAN_POINT ( 'NONE',  ( 0.3767714644234080867, -1.159583333333335631, -4.795422796780830055 ) ) ;
#4159 = CARTESIAN_POINT ( 'NONE',  ( 0.6498393924658134591, 2.000000000000000444, -2.064233829641839879 ) ) ;
#4160 = CARTESIAN_POINT ( 'NONE',  ( 1.219258070856293008, -2.239740740713103683E-16, -0.2578781958361905935 ) ) ;
#4161 = CARTESIAN_POINT ( 'NONE',  ( 0.3073322153496809706, -1.788440224730490247, -0.8322099673834850719 ) ) ;
#4162 = ORIENTED_EDGE ( 'NONE', *, *, #1017, .F. ) ;
#4163 = CARTESIAN_POINT ( 'NONE',  ( 0.9084286341434996137, -0.6085649099184521349, -5.457764200835827140 ) ) ;
#4164 = ORIENTED_EDGE ( 'NONE', *, *, #3901, .T. ) ;
#4165 = DIRECTION ( 'NONE',  ( 0.000000000000000000, 0.000000000000000000, 1.000000000000000000 ) ) ;
#4166 = CARTESIAN_POINT ( 'NONE',  ( -1.902113032590307728, 0.6180339887498951246, -5.047567162975174604 ) ) ;
#4167 = CARTESIAN_POINT ( 'NONE',  ( 1.534331411000189549, 0.5821397066021886113, -11.02296992515802287 ) ) ;
#4168 = CARTESIAN_POINT ( 'NONE',  ( 0.9120272373613367289, -0.5881178528408319561, -1.870409254689790135 ) ) ;
#4169 = AXIS2_PLACEMENT_3D ( 'NONE', #1656, #2972, #2344 ) ;
#4170 = CARTESIAN_POINT ( 'NONE',  ( -0.3767714644234081978, 1.159583333333334965, -11.06042279678083062 ) ) ;
#4171 = DIRECTION ( 'NONE',  ( 0.9961946980917455452, -3.202050041496897320E-17, 0.08715574274765836016 ) ) ;
#4172 = CARTESIAN_POINT ( 'NONE',  ( 0.000000000000000000, 1.638563085345883241, -11.02158055903820788 ) ) ;
#4173 = APPLICATION_CONTEXT ( 'configuration controlled 3d designs of mechanical parts and assemblies' ) ;
#4174 = CARTESIAN_POINT ( 'NONE',  ( -0.3767714644234085308, -1.159583333333335631, -7.954878195836191601 ) ) ;
#4175 = CARTESIAN_POINT ( 'NONE',  ( 0.6815859821374814498, -0.9381226230606178884, -11.86592279678083095 ) ) ;
#4176 = CARTESIAN_POINT ( 'NONE',  ( -0.9864004998515548683, 0.7166619127879002571, -5.511422796780830247 ) ) ;
#4177 = CARTESIAN_POINT ( 'NONE',  ( 0.6533226538271073025, -0.6533226538271105222, 2.800000000000000266 ) ) ;
#4178 = CARTESIAN_POINT ( 'NONE',  ( 0.6377469987373343141, -0.8777834388968194235, -0.1859999999999986664 ) ) ;
#4179 = CARTESIAN_POINT ( 'NONE',  ( -0.6636028316047930531, -0.8699469815913231097, -11.29229683477455204 ) ) ;
#4180 = EDGE_LOOP ( 'NONE', ( #2805, #19, #1931, #92, #3393, #1508, #1549, #1466, #3233, #668, #3509, #168, #2647, #591, #1022, #2841, #2424, #4007, #904, #556 ) ) ;
#4181 = CARTESIAN_POINT ( 'NONE',  ( 0.6660985219490745957, -0.8681369082619921906, -3.758703999708760790 ) ) ;
#4182 = CARTESIAN_POINT ( 'NONE',  ( 1.102829285353923883, 0.3583309563939498510, -2.557922796780831121 ) ) ;
#4183 = CARTESIAN_POINT ( 'NONE',  ( 1.701301616704080866, 1.236067977499790027, -2.243233829641837929 ) ) ;
#4184 = CARTESIAN_POINT ( 'NONE',  ( -0.6815859821374816718, -0.9381226230606176664, -2.674378195836190741 ) ) ;
#4185 = EDGE_CURVE ( 'NONE', #2482, #153, #2120, .T. ) ;
#4186 = CARTESIAN_POINT ( 'NONE',  ( 1.832368019814738291, -0.8015157141068508517, -0.6000000000000000888 ) ) ;
#4187 = EDGE_LOOP ( 'NONE', ( #3502, #1966, #613, #1203 ) ) ;
#4188 = CARTESIAN_POINT ( 'NONE',  ( -9.618868235926957369E-05, 1.084999991224358418, -4.839560724297450101 ) ) ;
#4189 = EDGE_CURVE ( 'NONE', #2759, #2282, #2338, .T. ) ;
#4190 = CARTESIAN_POINT ( 'NONE',  ( 1.701301616704080866, 1.236067977499790027, -3.884067162975173293 ) ) ;
#4191 = CARTESIAN_POINT ( 'NONE',  ( -7.091967079604857481E-06, 1.084999999952577454, -7.910269118149812151 ) ) ;
#4192 = CARTESIAN_POINT ( 'NONE',  ( 0.000000000000000000, -2.780279219685883210E-16, 1.490777987167568597E-15 ) ) ;
#4193 = CARTESIAN_POINT ( 'NONE',  ( 1.925154055351192550, -0.3791515225169762582, 1.733229342372406334 ) ) ;
#4194 = CARTESIAN_POINT ( 'NONE',  ( 1.102829285353923883, 0.3583309563939498510, -12.69837819583619165 ) ) ;
#4195 = FACE_OUTER_BOUND ( 'NONE', #599, .T. ) ;
#4196 = CARTESIAN_POINT ( 'NONE',  ( 0.9864004998515550904, 0.7166619127879001461, -10.81887819583619148 ) ) ;
#4197 = ORIENTED_EDGE ( 'NONE', *, *, #3575, .T. ) ;
#4198 = CARTESIAN_POINT ( 'NONE',  ( 0.3525378704127037910, -1.085000000000001963, 0.2341990073829857688 ) ) ;
#4199 = CARTESIAN_POINT ( 'NONE',  ( 0.6815859821374817828, 0.9381226230606176664, -2.378922796780830851 ) ) ;
#4200 = CARTESIAN_POINT ( 'NONE',  ( -1.031896320180243132, 0.3352834388968185531, -9.342300992617014188 ) ) ;
#4201 = AXIS2_PLACEMENT_3D ( 'NONE', #337, #3811, #2057 ) ;
#4202 = CARTESIAN_POINT ( 'NONE',  ( 1.031896320180243354, 0.3352834388968182755, 0.1720000000000002638 ) ) ;
#4203 = CARTESIAN_POINT ( 'NONE',  ( -1.701301616704080644, -1.236067977499790249, -10.14906716297517342 ) ) ;
#4204 = VERTEX_POINT ( 'NONE', #118 ) ;
#4205 = CARTESIAN_POINT ( 'NONE',  ( -1.890637388046801037, -0.6522961497046981805, -10.38274297513777178 ) ) ;
#4206 = CARTESIAN_POINT ( 'NONE',  ( 1.057865871644744660, 0.2415552677185757169, -10.59300892629246604 ) ) ;
#4207 = CARTESIAN_POINT ( 'NONE',  ( 0.000000000000000000, 2.000000000000000888, -5.554733829641838483 ) ) ;
#4208 = CARTESIAN_POINT ( 'NONE',  ( -0.9864004998515548683, -0.7166619127879001461, 0.8161218041638096388 ) ) ;
#4209 = CARTESIAN_POINT ( 'NONE',  ( -1.497856515585744175, -0.1974291554167716956, -1.208053653042111986 ) ) ;
#4210 = EDGE_LOOP ( 'NONE', ( #278, #3543, #4231, #2855 ) ) ;
#4211 = CARTESIAN_POINT ( 'NONE',  ( 0.01524524446079110473, -1.084899566131758641, -5.730974826053502724 ) ) ;
#4212 = VECTOR ( 'NONE', #572, 1000.000000000000227 ) ;
#4213 = CARTESIAN_POINT ( 'NONE',  ( 2.102924448476535257, -3.863009542013253312E-16, -4.063067162975173119 ) ) ;
#4214 = DIRECTION ( 'NONE',  ( 0.000000000000000000, 0.000000000000000000, 1.000000000000000000 ) ) ;
#4215 = CARTESIAN_POINT ( 'NONE',  ( 0.9418563540259017319, -0.5403248798883221182, -1.855395607364069610 ) ) ;
#4216 = EDGE_CURVE ( 'NONE', #2695, #1151, #1516, .T. ) ;
#4217 = VECTOR ( 'NONE', #2487, 1000.000000000000114 ) ;
#4218 = LINE ( 'NONE', #1102, #4140 ) ;
#4219 = CARTESIAN_POINT ( 'NONE',  ( 2.738911528132881301E-12, 2.160543879220488961E-13, 1.200000000000000178 ) ) ;
#4220 = CARTESIAN_POINT ( 'NONE',  ( 0.6815859821374815608, -0.9381226230606179994, -9.476378195836192120 ) ) ;
#4221 = CARTESIAN_POINT ( 'NONE',  ( -0.6815859821374815608, 0.9381226230606178884, -14.55092279678083145 ) ) ;
#4222 = CARTESIAN_POINT ( 'NONE',  ( 1.902113032590307728, -0.6180339887498953466, -7.881733829641839328 ) ) ;
#4223 = CARTESIAN_POINT ( 'NONE',  ( 1.701301616704080866, 1.236067977499790027, -12.83406716297517214 ) ) ;
#4224 = VERTEX_POINT ( 'NONE', #140 ) ;
#4225 = CIRCLE ( 'NONE', #1174, 1.867876830863716364 ) ;
#4226 = CARTESIAN_POINT ( 'NONE',  ( 0.000000000000000000, 1.638563085345883241, -11.02158055903820788 ) ) ;
#4227 = CARTESIAN_POINT ( 'NONE',  ( 0.1445289106870669416, -1.077756319382901840, -9.276588682218582349 ) ) ;
#4228 = CARTESIAN_POINT ( 'NONE',  ( 1.902113032590307728, -0.6180339887498953466, -7.732567162975174213 ) ) ;
#4229 = CARTESIAN_POINT ( 'NONE',  ( 0.3767714644234086419, 1.159583333333334965, -1.689878195836191477 ) ) ;
#4230 = CARTESIAN_POINT ( 'NONE',  ( 0.7928453636986385611, -1.689474755513697302, -0.7683943030242356143 ) ) ;
#4231 = ORIENTED_EDGE ( 'NONE', *, *, #4261, .F. ) ;
#4232 = CARTESIAN_POINT ( 'NONE',  ( 0.8313630606557452785, -0.7055976506954758642, -5.489453018400690887 ) ) ;
#4233 = CARTESIAN_POINT ( 'NONE',  ( 1.175570504584947384, 1.618033988749895347, -3.794567162975173602 ) ) ;
#4234 = CARTESIAN_POINT ( 'NONE',  ( 0.5174845043531030031, -1.325960403578387403, -11.40858778461111633 ) ) ;
#4235 = CARTESIAN_POINT ( 'NONE',  ( 0.8895286891179794431, -0.6213114786763433983, -1.881107759719479189 ) ) ;
#4236 = CARTESIAN_POINT ( 'NONE',  ( 0.9229561270619647262, 0.6705668777936368841, -8.178800992617013321 ) ) ;
#4237 = CARTESIAN_POINT ( 'NONE',  ( 0.000000000000000000, -3.429011037612588783E-16, 2.799999999999999822 ) ) ;
#4238 = ADVANCED_FACE ( 'NONE', ( #3583 ), #3515, .T. ) ;
#4239 = CARTESIAN_POINT ( 'NONE',  ( -0.6815859821374816718, 0.9381226230606179994, -10.37137819583619169 ) ) ;
#4240 = AXIS2_PLACEMENT_3D ( 'NONE', #1587, #3718, #264 ) ;
#4241 = CARTESIAN_POINT ( 'NONE',  ( 0.6815859821374817828, 0.9381226230606176664, -11.32892279678083014 ) ) ;
#4242 = CARTESIAN_POINT ( 'NONE',  ( -2.102924448476535257, 1.287669847337750940E-16, -6.897233829641838732 ) ) ;
#4243 = CARTESIAN_POINT ( 'NONE',  ( 1.140836513298521870, -2.095682676542191888E-16, -2.987800992617013485 ) ) ;
#4244 = CC_DESIGN_APPROVAL ( #537, ( #1121 ) ) ;
#4245 = CARTESIAN_POINT ( 'NONE',  ( 1.175570504584947384, 1.618033988749895347, -12.74456716297517467 ) ) ;
#4246 = CARTESIAN_POINT ( 'NONE',  ( 8.931115395849342775E-15, 1.036497276896142239E-13, 2.799999999999999822 ) ) ;
#4247 = CARTESIAN_POINT ( 'NONE',  ( -0.3525378704127039020, 1.085000000000001741, -13.19080099261701555 ) ) ;
#4248 = CARTESIAN_POINT ( 'NONE',  ( 1.083603914163250304, 0.07036423956462840856, -10.63834055402051249 ) ) ;
#4249 = CARTESIAN_POINT ( 'NONE',  ( -0.6498393924658125709, 2.000000000000000444, -7.106067162975174156 ) ) ;
#4250 = CARTESIAN_POINT ( 'NONE',  ( -0.6377469987373345361, -0.8777834388968193124, -11.28399999999999892 ) ) ;
#4251 = CARTESIAN_POINT ( 'NONE',  ( -0.05170801254733416175, 1.084999846239743215, -8.407117152238551938 ) ) ;
#4252 = ORIENTED_EDGE ( 'NONE', *, *, #486, .T. ) ;
#4253 = CARTESIAN_POINT ( 'NONE',  ( 0.6498393924658125709, -2.000000000000000888, -13.52023382964184250 ) ) ;
#4254 = CARTESIAN_POINT ( 'NONE',  ( 1.902113032590307728, -0.6180339887498953466, -2.362567162975174551 ) ) ;
#4255 = CARTESIAN_POINT ( 'NONE',  ( 0.000000000000000000, -3.429011037612588783E-16, 2.799999999999999822 ) ) ;
#4256 = CARTESIAN_POINT ( 'NONE',  ( -1.902113032590307728, 0.6180339887498951246, -1.616733829641840092 ) ) ;
#4257 = CARTESIAN_POINT ( 'NONE',  ( -0.6815859821374816718, -0.9381226230606176664, -8.044378195836191736 ) ) ;
#4258 = CARTESIAN_POINT ( 'NONE',  ( 1.838044505796146311, -0.3325000000000066236, 1.199999999999999734 ) ) ;
#4259 = CARTESIAN_POINT ( 'NONE',  ( -0.9960412041750503764, -0.4571787854665120276, -9.641906084173371028 ) ) ;
#4260 = CARTESIAN_POINT ( 'NONE',  ( -1.102829285353924105, -0.3583309563939500730, -11.80337819583619030 ) ) ;
#4261 = EDGE_CURVE ( 'NONE', #4093, #322, #398, .T. ) ;
#4262 = CARTESIAN_POINT ( 'NONE',  ( 0.3767714644234086419, 1.159583333333334965, -13.02942279678083182 ) ) ;
#4263 = CARTESIAN_POINT ( 'NONE',  ( -2.449293598294707893E-16, -2.000000000000000888, -6.449733829641838945 ) ) ;
#4264 = CARTESIAN_POINT ( 'NONE',  ( -1.031896320180243132, 0.3352834388968185531, -5.762300992617014117 ) ) ;
#4265 = CARTESIAN_POINT ( 'NONE',  ( -1.902113032590307728, 0.6180339887498951246, -10.41756716297517471 ) ) ;
#4266 = ORIENTED_EDGE ( 'NONE', *, *, #2443, .F. ) ;
#4267 = ADVANCED_FACE ( 'NONE', ( #2862 ), #3178, .T. ) ;
#4268 = DIRECTION ( 'NONE',  ( -0.000000000000000000, -2.316899349738235597E-17, 1.000000000000000000 ) ) ;
#4269 = CARTESIAN_POINT ( 'NONE',  ( 0.6178724576830862958, 0.9105356014000574039, -10.37960916142412593 ) ) ;
#4270 = CARTESIAN_POINT ( 'NONE',  ( -2.102924448476535257, 1.287669847337751433E-16, 0.2627661703581609665 ) ) ;
#4271 = CARTESIAN_POINT ( 'NONE',  ( -1.328741777074880588E-16, -1.085000000000001741, -7.524999999999999467 ) ) ;
#4272 = ORIENTED_EDGE ( 'NONE', *, *, #1809, .F. ) ;
#4273 = CARTESIAN_POINT ( 'NONE',  ( -1.701301616704080644, -1.236067977499790249, -13.87823382964184127 ) ) ;
#4274 = CARTESIAN_POINT ( 'NONE',  ( -0.9864004998515548683, -0.7166619127879001461, -13.50387819583618843 ) ) ;
#4275 = CARTESIAN_POINT ( 'NONE',  ( -1.902113032590308173, -0.6180339887498949025, -1.288567162975174263 ) ) ;
#4276 = DIRECTION ( 'NONE',  ( -1.000000000000000000, 0.000000000000000000, 0.000000000000000000 ) ) ;
#4277 = CARTESIAN_POINT ( 'NONE',  ( 1.175570504584946718, -1.618033988749895569, -2.690733829641838604 ) ) ;
#4278 = CARTESIAN_POINT ( 'NONE',  ( -1.102829285353923883, -0.3583309563939500175, -4.643378195836191047 ) ) ;
#4279 = CARTESIAN_POINT ( 'NONE',  ( 0.9864004998515545353, -0.7166619127879003681, -9.986422796780830780 ) ) ;
#4280 = CARTESIAN_POINT ( 'NONE',  ( 0.000000000000000000, 0.000000000000000000, 1.399999999999999689 ) ) ;
#4281 = CARTESIAN_POINT ( 'NONE',  ( 1.102829285353923883, -0.3583309563939503506, -7.507378195836190926 ) ) ;
#4282 = CARTESIAN_POINT ( 'NONE',  ( 0.000000000000000000, 1.159583333333335409, -7.569922796780831575 ) ) ;
#4283 = CARTESIAN_POINT ( 'NONE',  ( -0.6498393924658125709, 2.000000000000000444, -7.255233829641838383 ) ) ;
#4284 = CARTESIAN_POINT ( 'NONE',  ( 0.6377469987373343141, -0.8777834388968194235, -3.256300992617013002 ) ) ;
#4285 = CARTESIAN_POINT ( 'NONE',  ( 1.902113032590308173, 0.6180339887498946805, -11.13356716297517579 ) ) ;
#4286 = CARTESIAN_POINT ( 'NONE',  ( -1.062385930898700037, 0.3341042614156028989, 1.218336791887518977 ) ) ;
#4287 = CARTESIAN_POINT ( 'NONE',  ( -1.031896320180243132, 0.3352834388968185531, -12.92230099261701426 ) ) ;
#4288 = CARTESIAN_POINT ( 'NONE',  ( 0.3397492278070357585, -1.030443795647972616, -9.224227665366758089 ) ) ;
#4289 = CARTESIAN_POINT ( 'NONE',  ( 1.701301616704080200, -1.236067977499790693, -9.612067162975172607 ) ) ;
#4290 = CARTESIAN_POINT ( 'NONE',  ( -1.328741777074880588E-16, -1.085000000000001741, -12.89499999999999957 ) ) ;
#4291 = EDGE_CURVE ( 'NONE', #1783, #3361, #4395, .T. ) ;
#4292 = AXIS2_PLACEMENT_3D ( 'NONE', #4246, #1197, #743 ) ;
#4293 = ORIENTED_EDGE ( 'NONE', *, *, #1803, .F. ) ;
#4294 = FACE_OUTER_BOUND ( 'NONE', #683, .T. ) ;
#4295 = AXIS2_PLACEMENT_3D ( 'NONE', #2839, #753, #2878 ) ;
#4296 = CARTESIAN_POINT ( 'NONE',  ( 0.6815859821374817828, 0.9381226230606176664, -10.72937819583619223 ) ) ;
#4297 = CARTESIAN_POINT ( 'NONE',  ( 1.902113032590307728, -0.6180339887498953466, 1.217432837024827075 ) ) ;
#4298 = DIRECTION ( 'NONE',  ( -0.000000000000000000, 0.000000000000000000, -1.000000000000000000 ) ) ;
#4299 = CARTESIAN_POINT ( 'NONE',  ( -2.102924448476535257, 1.287669847337751433E-16, -1.527233829641838847 ) ) ;
#4300 = CARTESIAN_POINT ( 'NONE',  ( 0.9864004998515545353, -0.7166619127879003681, -7.596878195836191061 ) ) ;
#4301 = CARTESIAN_POINT ( 'NONE',  ( 0.6815859821374814498, -0.9381226230606178884, -6.495922796780831732 ) ) ;
#4302 =( BOUNDED_CURVE ( )  B_SPLINE_CURVE ( 2, ( #3270, #446, #4284, #144, #1171, #4243, #828, #1541, #1845, #2233, #169 ),
 .UNSPECIFIED., .F., .T. ) 
 B_SPLINE_CURVE_WITH_KNOTS ( ( 3, 2, 2, 2, 2, 3 ),
 ( 0.7467847935392368797, 0.7582738026703410572, 0.7697627996804998762, 0.7812517966906585842, 0.7927407937008174033, 0.8042295165805207757 ),
 .UNSPECIFIED. ) 
 CURVE ( )  GEOMETRIC_REPRESENTATION_ITEM ( )  RATIONAL_B_SPLINE_CURVE ( ( 1.000000000000000000, 0.9510565162951535312, 1.000000000000000000, 0.9510565162951535312, 1.000000000000000000, 0.9510565162951535312, 1.000000000000000000, 0.9510565162951535312, 1.000000000000000000, 0.9510576840993979486, 0.9999976644472393650 ) ) 
 REPRESENTATION_ITEM ( '' )  );
#4303 = CARTESIAN_POINT ( 'NONE',  ( -1.018737429542565964, 0.4607432907340208716, -4.513521078617554139 ) ) ;
#4304 = CARTESIAN_POINT ( 'NONE',  ( -1.219258070856293230, 7.465802469043680586E-17, -4.732878195836189406 ) ) ;
#4305 =( BOUNDED_CURVE ( )  B_SPLINE_CURVE ( 2, ( #2842, #2495, #1839, #697, #2140, #2516, #1469, #4236, #3870, #2539, #3470, #1122, #2473 ),
 .UNSPECIFIED., .F., .T. ) 
 B_SPLINE_CURVE_WITH_KNOTS ( ( 3, 2, 2, 2, 2, 2, 3 ),
 ( 0.4021148882465678809, 0.4136038923656448763, 0.4250928893758016414, 0.4365818863859584620, 0.4480708833961152826, 0.4595598804062720477, 0.4595601261923724090 ),
 .UNSPECIFIED. ) 
 CURVE ( )  GEOMETRIC_REPRESENTATION_ITEM ( )  RATIONAL_B_SPLINE_CURVE ( ( 1.000000000000000000, 0.9510565162951535312, 1.000000000000000000, 0.9510565162951535312, 1.000000000000000000, 0.9510565162951535312, 1.000000000000000000, 0.9510565162951535312, 1.000000000000000000, 0.9510565162951535312, 1.000000000000000000, 0.9999989529435869828, 0.9999979059319736852 ) ) 
 REPRESENTATION_ITEM ( '' )  );
#4306 = CARTESIAN_POINT ( 'NONE',  ( 0.3767714644234086419, 1.159583333333334965, -7.659422796780830822 ) ) ;
#4307 = VECTOR ( 'NONE', #1730, 1000.000000000000000 ) ;
#4308 = CARTESIAN_POINT ( 'NONE',  ( 1.175570504584946718, -1.618033988749895569, -6.270733829641840451 ) ) ;
#4309 = B_SPLINE_CURVE_WITH_KNOTS ( 'NONE', 3,
 ( #4484, #4504, #3054, #1366, #4181, #274, #2760, #2104, #3792, #2419, #2439, #2782, #1320, #1070, #2714, #2461 ),
 .UNSPECIFIED., .F., .F.,
 ( 4, 2, 2, 2, 2, 2, 2, 4 ),
 ( 0.6318973565209231591, 0.6390770764988726871, 0.6462567964768221040, 0.6534365164547716320, 0.6606162364327211600, 0.6677959564106705770, 0.6749756763886201050, 0.6893351163445190499 ),
 .UNSPECIFIED. ) ;
#4310 = CARTESIAN_POINT ( 'NONE',  ( 1.031896320180243354, 0.3352834388968182755, -4.688300992617014273 ) ) ;
#4311 = CARTESIAN_POINT ( 'NONE',  ( 1.701301616704080866, 1.236067977499790027, -3.884067162975173293 ) ) ;
#4312 = VECTOR ( 'NONE', #4078, 1000.000000000000227 ) ;
#4313 = ORIENTED_EDGE ( 'NONE', *, *, #3525, .F. ) ;
#4314 = CARTESIAN_POINT ( 'NONE',  ( -1.031896320180243132, 0.3352834388968185531, -9.342300992617014188 ) ) ;
#4315 = CARTESIAN_POINT ( 'NONE',  ( 0.3767714644234080867, -1.159583333333335631, -11.95542279678083375 ) ) ;
#4316 = CARTESIAN_POINT ( 'NONE',  ( -1.175570504584946940, 1.618033988749895569, -8.806567162975174057 ) ) ;
#4317 = CARTESIAN_POINT ( 'NONE',  ( 1.031896320180243354, 0.3352834388968182755, -10.56800000000000139 ) ) ;
#4318 = VERTEX_POINT ( 'NONE', #2496 ) ;
#4319 = CARTESIAN_POINT ( 'NONE',  ( -1.175570504584946940, 1.618033988749895569, -14.32573382964183928 ) ) ;
#4320 = CARTESIAN_POINT ( 'NONE',  ( -0.6815859821374816718, -0.9381226230606176664, -1.483922796780830833 ) ) ;
#4321 = ADVANCED_FACE ( 'NONE', ( #3558 ), #3305, .T. ) ;
#4322 = CARTESIAN_POINT ( 'NONE',  ( -0.3767714644234084753, -1.159583333333334965, -11.53487819583618901 ) ) ;
#4323 = CARTESIAN_POINT ( 'NONE',  ( -0.6498393924658131260, -2.000000000000000444, 0.7699328370248271769 ) ) ;
#4324 = CARTESIAN_POINT ( 'NONE',  ( 2.124133646925257413, -0.3325000000000076228, 1.199999999999999734 ) ) ;
#4325 = CARTESIAN_POINT ( 'NONE',  ( -2.102924448476535257, 1.287669847337751433E-16, 0.2627661703581609665 ) ) ;
#4326 = CARTESIAN_POINT ( 'NONE',  ( 1.102829285353923661, -0.3583309563939502396, -5.717378195836191779 ) ) ;
#4327 = ADVANCED_FACE ( 'NONE', ( #3644 ), #1955, .T. ) ;
#4328 = CARTESIAN_POINT ( 'NONE',  ( -0.6815859821374815608, 0.9381226230606178884, -7.390922796780830417 ) ) ;
#4329 = CARTESIAN_POINT ( 'NONE',  ( -0.7661506027952368347, 1.058776650303399292, -1.460041546802054890 ) ) ;
#4330 = CARTESIAN_POINT ( 'NONE',  ( 0.6815859821374815608, -0.9381226230606179994, -4.106378195836190237 ) ) ;
#4331 = CARTESIAN_POINT ( 'NONE',  ( -1.102829285353923883, -0.3583309563939500175, -8.822922796780831689 ) ) ;
#4332 = CARTESIAN_POINT ( 'NONE',  ( 1.701301616704080866, 1.236067977499789805, -4.033233829641838852 ) ) ;
#4333 = DIRECTION ( 'NONE',  ( -0.08714264840443966542, -0.01733375049386024630, 0.9960450290638855897 ) ) ;
#4334 = CARTESIAN_POINT ( 'NONE',  ( 2.102924448476535257, -3.863009542013253312E-16, -5.853067162975172266 ) ) ;
#4335 = CARTESIAN_POINT ( 'NONE',  ( 1.081290088097354607, -0.08962817648451677777, -1.729932983802751956 ) ) ;
#4336 = CARTESIAN_POINT ( 'NONE',  ( -0.9229561270619648372, -0.6705668777936369951, -9.073800992617016448 ) ) ;
#4337 = CARTESIAN_POINT ( 'NONE',  ( -0.3767714644234084753, -1.159583333333334965, -12.13442279678083047 ) ) ;
#4338 = CARTESIAN_POINT ( 'NONE',  ( -1.902113032590308173, -0.6180339887498949025, -3.078567162975174298 ) ) ;
#4339 = CARTESIAN_POINT ( 'NONE',  ( 1.031896320180243354, 0.3352834388968182755, -8.777999999999998693 ) ) ;
#4340 = ORIENTED_EDGE ( 'NONE', *, *, #4156, .T. ) ;
#4341 = CARTESIAN_POINT ( 'NONE',  ( 1.701301616704080866, 1.236067977499790027, -11.19323382964184077 ) ) ;
#4342 = CARTESIAN_POINT ( 'NONE',  ( 0.3767714644234080867, -1.159583333333335631, 0.5745772032191684975 ) ) ;
#4343 = CARTESIAN_POINT ( 'NONE',  ( -1.219258070856293008, 7.465802469043678121E-17, -10.10287819583619040 ) ) ;
#4344 = FACE_OUTER_BOUND ( 'NONE', #2510, .T. ) ;
#4345 = CARTESIAN_POINT ( 'NONE',  ( -0.0002211427535189968373, 1.084999977132613314, -11.99999914979668603 ) ) ;
#4346 = CARTESIAN_POINT ( 'NONE',  ( -2.449293598294707893E-16, -2.000000000000000888, 0.7102661703581609753 ) ) ;
#4347 = EDGE_CURVE ( 'NONE', #179, #2687, #1560, .T. ) ;
#4348 = CARTESIAN_POINT ( 'NONE',  ( 1.102829285353923883, 0.3583309563939498510, -5.538378195836191509 ) ) ;
#4349 = CARTESIAN_POINT ( 'NONE',  ( 0.3767714644234085863, 1.159583333333334965, -7.659422796780830822 ) ) ;
#4350 = CARTESIAN_POINT ( 'NONE',  ( -0.8477963004009043679, 1.011503816810241707, -1.444108294969437267 ) ) ;
#4351 = CARTESIAN_POINT ( 'NONE',  ( 0.9864004998515550904, 0.7166619127879001461, -5.448878195836191374 ) ) ;
#4352 = ADVANCED_FACE ( 'NONE', ( #506 ), #2158, .T. ) ;
#4353 = CARTESIAN_POINT ( 'NONE',  ( 0.9864004998515548683, 0.7166619127879000350, -7.838422796780830204 ) ) ;
#4354 = CARTESIAN_POINT ( 'NONE',  ( -1.175570504584946940, 1.618033988749895569, -5.375733829641839989 ) ) ;
#4355 = CARTESIAN_POINT ( 'NONE',  ( -1.066199735695178896, -0.4559074802500834300, -1.637828151971328028 ) ) ;
#4356 = CARTESIAN_POINT ( 'NONE',  ( 0.6498393924658134591, 2.000000000000000444, -9.075067162975173574 ) ) ;
#4357 = CARTESIAN_POINT ( 'NONE',  ( 0.4157155518889024681, 1.078491581958877621, -1.652213092817422790 ) ) ;
#4358 = CARTESIAN_POINT ( 'NONE',  ( 0.9229561270619648372, -0.6705668777936371061, -8.536800992617013861 ) ) ;
#4359 = AXIS2_PLACEMENT_3D ( 'NONE', #3556, #2183, #397 ) ;
#4360 = CARTESIAN_POINT ( 'NONE',  ( -0.3767714644234081978, 1.159583333333334965, -9.270422796780833252 ) ) ;
#4361 = CARTESIAN_POINT ( 'NONE',  ( -2.102924448476535257, 1.287669847337750940E-16, -3.168067162975173101 ) ) ;
#4362 = CARTESIAN_POINT ( 'NONE',  ( -0.3525378704127041241, -1.085000000000001741, -2.244499999999999051 ) ) ;
#4363 = EDGE_LOOP ( 'NONE', ( #3971, #3573, #248, #4396 ) ) ;
#4364 = CARTESIAN_POINT ( 'NONE',  ( 1.902113032590308173, 0.6180339887498946805, -7.702733829641839058 ) ) ;
#4365 = CARTESIAN_POINT ( 'NONE',  ( 1.902113032590307728, -0.6180339887498953466, -13.25173382964183943 ) ) ;
#4366 = CARTESIAN_POINT ( 'NONE',  ( -0.6498393924658131260, -2.000000000000000444, -8.329233829641840003 ) ) ;
#4367 = CARTESIAN_POINT ( 'NONE',  ( -0.6815859821374815608, 0.9381226230606178884, -5.001378195836191587 ) ) ;
#4368 = AXIS2_PLACEMENT_3D ( 'NONE', #57, #3204, #471 ) ;
#4369 = CARTESIAN_POINT ( 'NONE',  ( -0.9229561270619647262, 0.6705668777936368841, -4.061800992617013328 ) ) ;
#4370 = CARTESIAN_POINT ( 'NONE',  ( 0.000000000000000000, -3.429011037612588783E-16, 2.799999999999999822 ) ) ;
#4371 = ORIENTED_EDGE ( 'NONE', *, *, #3051, .T. ) ;
#4372 = CARTESIAN_POINT ( 'NONE',  ( -0.3325000000000000178, -1.838044505796148087, 1.199999999999999512 ) ) ;
#4373 = CARTESIAN_POINT ( 'NONE',  ( -0.6815859821374816718, -0.9381226230606176664, -8.643922796780831419 ) ) ;
#4374 = CARTESIAN_POINT ( 'NONE',  ( 4.286263797015737088E-16, 3.500000000000000000, 2.799999999999999822 ) ) ;
#4375 = CARTESIAN_POINT ( 'NONE',  ( -1.102829285353923883, 0.3583309563939501841, -4.822378195836191317 ) ) ;
#4376 = CARTESIAN_POINT ( 'NONE',  ( -0.9864004998515548683, 0.7166619127879002571, -9.091422796780831206 ) ) ;
#4377 = CARTESIAN_POINT ( 'NONE',  ( -1.902113032590308173, -0.6180339887498949025, -3.227733829641839414 ) ) ;
#4378 = EDGE_CURVE ( 'NONE', #2170, #3929, #101, .T. ) ;
#4379 = CARTESIAN_POINT ( 'NONE',  ( -0.3333434474477703913, 1.062234595591231345, 1.209640648442770638 ) ) ;
#4380 = CARTESIAN_POINT ( 'NONE',  ( 1.902113032590308173, 0.6180339887498946805, -9.343567162975173090 ) ) ;
#4381 = CARTESIAN_POINT ( 'NONE',  ( -0.9959796133822123032, -0.4304977938826814454, -2.487026985677361690 ) ) ;
#4382 = VECTOR ( 'NONE', #4128, 1000.000000000000000 ) ;
#4383 = CARTESIAN_POINT ( 'NONE',  ( -0.6377469987373345361, -0.8777834388968193124, -7.194300992617013613 ) ) ;
#4384 = CARTESIAN_POINT ( 'NONE',  ( -1.102829285353923883, -0.3583309563939500175, -14.19292279678083268 ) ) ;
#4385 = CARTESIAN_POINT ( 'NONE',  ( -2.449293598294707893E-16, -2.000000000000000888, -4.510567162975172906 ) ) ;
#4386 = VERTEX_POINT ( 'NONE', #3039 ) ;
#4387 = CARTESIAN_POINT ( 'NONE',  ( 1.031896320180243132, -0.3352834388968186641, -5.376999999999999780 ) ) ;
#4388 = ORIENTED_EDGE ( 'NONE', *, *, #2753, .F. ) ;
#4389 = CARTESIAN_POINT ( 'NONE',  ( 2.102924448476535257, -3.863009542013253312E-16, -7.792233829641840082 ) ) ;
#4390 = AXIS2_PLACEMENT_3D ( 'NONE', #1014, #3782, #3156 ) ;
#4391 = CARTESIAN_POINT ( 'NONE',  ( 0.6498393924658134591, 2.000000000000000444, -12.80423382964183965 ) ) ;
#4392 = CARTESIAN_POINT ( 'NONE',  ( -1.175570504584946940, 1.618033988749895569, -10.74573382964183921 ) ) ;
#4393 = CARTESIAN_POINT ( 'NONE',  ( 0.3767714644234080867, -1.159583333333335631, -7.775878195836191331 ) ) ;
#4394 = CARTESIAN_POINT ( 'NONE',  ( -0.2978173070311037618, 1.045713975649979810, -11.92202161139776884 ) ) ;
#4395 = CIRCLE ( 'NONE', #175, 1.867876830863716364 ) ;
#4396 = ORIENTED_EDGE ( 'NONE', *, *, #1267, .F. ) ;
#4397 = DIRECTION ( 'NONE',  ( 1.000000000000000000, 0.000000000000000000, 0.000000000000000000 ) ) ;
#4398 = CARTESIAN_POINT ( 'NONE',  ( -2.004491460155672033, -0.3222976273956877913, -10.38274297513777178 ) ) ;
#4399 = CARTESIAN_POINT ( 'NONE',  ( 1.175570504584946718, -1.618033988749895569, -11.49156716297517455 ) ) ;
#4400 = CARTESIAN_POINT ( 'NONE',  ( 0.6533226538271079686, 0.6533226538271094119, 2.800000000000000266 ) ) ;
#4401 = CARTESIAN_POINT ( 'NONE',  ( -0.9864004998515548683, 0.7166619127879002571, -0.1414227967808309450 ) ) ;
#4402 = CARTESIAN_POINT ( 'NONE',  ( -1.902113032590307728, 0.6180339887498951246, -3.406733829641840128 ) ) ;
#4403 = LINE ( 'NONE', #4379, #3733 ) ;
#4404 = CARTESIAN_POINT ( 'NONE',  ( 1.175570504584947384, 1.618033988749895347, -9.164567162975172820 ) ) ;
#4405 = CARTESIAN_POINT ( 'NONE',  ( -0.1419044786904580524, 1.085001288052485524, -3.010157091375618599 ) ) ;
#4406 = CARTESIAN_POINT ( 'NONE',  ( -0.6377469987373344251, 0.8777834388968194235, -7.731300992617013534 ) ) ;
#4407 = CARTESIAN_POINT ( 'NONE',  ( -1.102829285353923661, 0.3583309563939501285, -10.79192279678083111 ) ) ;
#4408 = CARTESIAN_POINT ( 'NONE',  ( -1.701301616704080644, 1.236067977499790249, -5.137067162975173851 ) ) ;
#4409 = CARTESIAN_POINT ( 'NONE',  ( -0.3525378704127039020, 1.085000000000001741, -4.750499999999998835 ) ) ;
#4410 = ORIENTED_EDGE ( 'NONE', *, *, #638, .F. ) ;
#4411 = ADVANCED_FACE ( 'NONE', ( #2604 ), #1905, .T. ) ;
#4412 = CARTESIAN_POINT ( 'NONE',  ( 0.6498393924658125709, -2.000000000000000888, -9.940233829641842433 ) ) ;
#4413 = CARTESIAN_POINT ( 'NONE',  ( 2.102924448476535257, -3.863009542013253312E-16, -13.16223382964184019 ) ) ;
#4414 = CARTESIAN_POINT ( 'NONE',  ( 1.902113032590307728, -0.6180339887498953466, -7.881733829641839328 ) ) ;
#4415 = CARTESIAN_POINT ( 'NONE',  ( 0.9864004998515546463, -0.7166619127879003681, -7.596878195836191949 ) ) ;
#4416 = CARTESIAN_POINT ( 'NONE',  ( -0.1942618617839930728, 1.068051635392903709, -11.94955129058749854 ) ) ;
#4417 = CARTESIAN_POINT ( 'NONE',  ( 0.9476834374383231729, 0.5470528754851083919, -6.927306758011484433 ) ) ;
#4418 = ORIENTED_EDGE ( 'NONE', *, *, #90, .F. ) ;
#4419 = CARTESIAN_POINT ( 'NONE',  ( 0.1543037892780088627, 1.149271007012226287, -1.637828151971327362 ) ) ;
#4420 = B_SPLINE_CURVE_WITH_KNOTS ( 'NONE', 3,
 ( #4226, #1090, #2890, #1110, #2547, #786, #408, #1433, #3902, #2830, #3186, #2850, #1153, #1131, #3882, #4205 ),
 .UNSPECIFIED., .F., .F.,
 ( 4, 2, 2, 2, 2, 2, 2, 4 ),
 ( 0.003652608559243550670, 0.004094749506944299865, 0.004536890454645048192, 0.004979031402345797386, 0.005421172350046546580, 0.005863313297747295774, 0.006305454245448044968, 0.007189736140849543357 ),
 .UNSPECIFIED. ) ;
#4421 = CARTESIAN_POINT ( 'NONE',  ( -2.102924448476535257, 1.287669847337751433E-16, -10.32806716297517546 ) ) ;
#4422 = CARTESIAN_POINT ( 'NONE',  ( 0.9864004998515548683, -0.7166619127879004791, 1.353121804163808672 ) ) ;
#4423 = CARTESIAN_POINT ( 'NONE',  ( 0.3767714644234080867, -1.159583333333335631, -3.005422796780831352 ) ) ;
#4424 = CARTESIAN_POINT ( 'NONE',  ( -1.701301616704080644, 1.236067977499790249, -5.286233829641839854 ) ) ;
#4425 = LINE ( 'NONE', #584, #3658 ) ;
#4426 = B_SPLINE_CURVE_WITH_KNOTS ( 'NONE', 3,
 ( #1257, #3755, #2648, #2313, #574, #1303, #2337, #1975, #2720, #2025, #3352, #647, #3401, #1351, #1627, #1281, #3012, #279, #1673, #600 ),
 .UNSPECIFIED., .F., .F.,
 ( 4, 2, 2, 2, 2, 2, 2, 2, 2, 4 ),
 ( 0.000000000000000000, 0.0005594663770396325880, 0.001118932754079265176, 0.001398665942599081578, 0.001678399131118897764, 0.002237865508158530352, 0.002797331885198163157, 0.003356798262237795528, 0.003916264639277427899, 0.004475731016317060704 ),
 .UNSPECIFIED. ) ;
#4427 = CARTESIAN_POINT ( 'NONE',  ( 0.000000000000000000, 2.000000000000000888, -1.825567162975173519 ) ) ;
#4428 = CARTESIAN_POINT ( 'NONE',  ( -1.084866246825451963, 0.1429960633209990950, -2.642343043861784313 ) ) ;
#4429 = CARTESIAN_POINT ( 'NONE',  ( -1.031896320180243132, 0.3352834388968185531, -2.182300992617014490 ) ) ;
#4430 = CARTESIAN_POINT ( 'NONE',  ( -1.219258070856293008, 7.465802469043678121E-17, -5.332422796780829977 ) ) ;
#4431 = CARTESIAN_POINT ( 'NONE',  ( 0.6498393924658125709, -2.000000000000000888, -4.421067162975173659 ) ) ;
#4432 = CARTESIAN_POINT ( 'NONE',  ( -1.031896320180243132, 0.3352834388968185531, -4.482000000000000206 ) ) ;
#4433 = CC_DESIGN_DATE_AND_TIME_ASSIGNMENT ( #4511, #2111, ( #1191 ) ) ;
#4434 = ORIENTED_EDGE ( 'NONE', *, *, #1043, .F. ) ;
#4435 = CARTESIAN_POINT ( 'NONE',  ( 1.175570504584947384, 1.618033988749895347, -5.733733829641838753 ) ) ;
#4436 = VECTOR ( 'NONE', #3437, 1000.000000000000114 ) ;
#4437 = CARTESIAN_POINT ( 'NONE',  ( -1.035135279368648131, -0.3680482042283771960, -7.873637365469905447 ) ) ;
#4438 = CARTESIAN_POINT ( 'NONE',  ( 0.6498393924658125709, -2.000000000000000888, -6.360233829641838810 ) ) ;
#4439 = CARTESIAN_POINT ( 'NONE',  ( 1.102829285353923661, -0.3583309563939502396, -7.507378195836190926 ) ) ;
#4440 = EDGE_CURVE ( 'NONE', #842, #3246, #914, .T. ) ;
#4441 = CARTESIAN_POINT ( 'NONE',  ( -1.083746950101308171, -0.1505623361253031200, -11.51579407634529417 ) ) ;
#4442 = CARTESIAN_POINT ( 'NONE',  ( 0.6377469987373343141, -0.8777834388968194235, -6.836300992617014849 ) ) ;
#4443 = ORIENTED_EDGE ( 'NONE', *, *, #1236, .T. ) ;
#4444 = FACE_OUTER_BOUND ( 'NONE', #362, .T. ) ;
#4445 = CLOSED_SHELL ( 'NONE', ( #1437, #4352, #1581, #123, #4238, #1833, #3166, #4327, #463, #1127, #3741, #4267, #2630, #3848, #604, #4411, #351, #2666, #1495, #1664, #631, #2114, #4123, #846, #267, #1408, #3958, #544, #815, #2811, #3108, #3465, #430, #2601, #3415, #3651, #575, #3133, #935, #2660, #1633, #737, #2066, #1913, #1467, #3391, #1693, #2526, #2146, #3190, #1049, #760, #3194, #994, #4321, #2468 ) ) ;
#4446 = CARTESIAN_POINT ( 'NONE',  ( 1.701301616704080866, 1.236067977499790027, -9.254067162975172067 ) ) ;
#4447 = CARTESIAN_POINT ( 'NONE',  ( 0.3767714644234087529, 1.159583333333335631, 0.1001218041638100853 ) ) ;
#4448 = CARTESIAN_POINT ( 'NONE',  ( 0.000000000000000000, 1.159583333333335409, -0.4099227967808306006 ) ) ;
#4449 = CARTESIAN_POINT ( 'NONE',  ( -0.4258133208652016277, 2.011540401588722382, 2.266576138033842280 ) ) ;
#4450 = DIRECTION ( 'NONE',  ( -0.000000000000000000, -2.316899349738235597E-17, 1.000000000000000000 ) ) ;
#4451 = CARTESIAN_POINT ( 'NONE',  ( -0.3767714644234083088, 1.159583333333335631, -14.04087819583619279 ) ) ;
#4452 = CARTESIAN_POINT ( 'NONE',  ( -0.3525378704127041241, -1.085000000000001741, -5.314800992617012554 ) ) ;
#4453 = CARTESIAN_POINT ( 'NONE',  ( -0.6815859821374815608, 0.9381226230606178884, -7.390922796780830417 ) ) ;
#4454 = CARTESIAN_POINT ( 'NONE',  ( -0.6377469987373344251, 0.8777834388968194235, -9.521300992617014458 ) ) ;
#4455 = CARTESIAN_POINT ( 'NONE',  ( 0.9229561270619648372, 0.6705668777936369951, -6.898499999999999410 ) ) ;
#4456 = ORIENTED_EDGE ( 'NONE', *, *, #967, .F. ) ;
#4457 = CARTESIAN_POINT ( 'NONE',  ( -1.701301616704080644, 1.236067977499790471, -5.286233829641839854 ) ) ;
#4458 = DIRECTION ( 'NONE',  ( 0.000000000000000000, 0.000000000000000000, 1.000000000000000000 ) ) ;
#4459 = CARTESIAN_POINT ( 'NONE',  ( 0.03223078980941823657, -1.085000000000001741, -11.09643188514182377 ) ) ;
#4460 = CARTESIAN_POINT ( 'NONE',  ( 1.175570504584947384, 1.618033988749895347, -9.313733829641838824 ) ) ;
#4461 = VECTOR ( 'NONE', #60, 1000.000000000000000 ) ;
#4462 = CARTESIAN_POINT ( 'NONE',  ( 0.9864004998515548683, 0.7166619127879000350, -5.448878195836191374 ) ) ;
#4463 = CARTESIAN_POINT ( 'NONE',  ( 1.084033017667286325, -0.07607509188498222386, -7.097105185892669255 ) ) ;
#4464 = VERTEX_POINT ( 'NONE', #1604 ) ;
#4465 = VECTOR ( 'NONE', #2680, 1000.000000000000000 ) ;
#4466 = LINE ( 'NONE', #3734, #75 ) ;
#4467 = EDGE_CURVE ( 'NONE', #1861, #3004, #1270, .T. ) ;
#4468 = VERTEX_POINT ( 'NONE', #2947 ) ;
#4469 = COORDINATED_UNIVERSAL_TIME_OFFSET ( 6, 0, .BEHIND. ) ;
#4470 = CARTESIAN_POINT ( 'NONE',  ( -1.902113032590308173, -0.6180339887498949025, -8.448567162975173517 ) ) ;
#4471 = CARTESIAN_POINT ( 'NONE',  ( 0.6815859821374815608, -0.9381226230606179994, 1.263621804163809648 ) ) ;
#4472 = EDGE_CURVE ( 'NONE', #3004, #1483, #1282, .T. ) ;
#4473 = CARTESIAN_POINT ( 'NONE',  ( 1.102829285353923661, -0.3583309563939502396, -2.736922796780831391 ) ) ;
#4474 = CARTESIAN_POINT ( 'NONE',  ( -0.3325000000000000178, -2.124133646925259189, 1.199999999999999289 ) ) ;
#4475 = CARTESIAN_POINT ( 'NONE',  ( -1.089910946951945903, 0.4724818616414899197, 2.800000000000000266 ) ) ;
#4476 = CARTESIAN_POINT ( 'NONE',  ( -2.102924448476535257, 1.287669847337751433E-16, -3.168067162975173101 ) ) ;
#4477 = CARTESIAN_POINT ( 'NONE',  ( -1.031896320180243132, 0.3352834388968185531, -0.3923009926170128447 ) ) ;
#4478 = CARTESIAN_POINT ( 'NONE',  ( -0.3767714644234084753, -1.159583333333334965, -4.974422796780830325 ) ) ;
#4479 = CARTESIAN_POINT ( 'NONE',  ( -0.3525378704127040685, -1.085000000000001741, -8.894800992617014401 ) ) ;
#4480 = ORIENTED_EDGE ( 'NONE', *, *, #3710, .T. ) ;
#4481 = CARTESIAN_POINT ( 'NONE',  ( 0.000000000000000000, -3.429011037612588783E-16, 2.799999999999999822 ) ) ;
#4482 = ORIENTED_EDGE ( 'NONE', *, *, #2748, .T. ) ;
#4483 = CARTESIAN_POINT ( 'NONE',  ( -1.175570504584947162, -1.618033988749895347, -4.838733829641839179 ) ) ;
#4484 = CARTESIAN_POINT ( 'NONE',  ( -3.093056325110807920E-12, -1.085000000000001741, -3.945000000013751951 ) ) ;
#4485 = CARTESIAN_POINT ( 'NONE',  ( 0.6815859821374814498, -0.9381226230606178884, -2.915922796780830328 ) ) ;
#4486 = CARTESIAN_POINT ( 'NONE',  ( -1.175570504584946940, 1.618033988749895569, -5.375733829641839989 ) ) ;
#4487 = CARTESIAN_POINT ( 'NONE',  ( -0.9864004998515548683, -0.7166619127879001461, -2.763878195836189544 ) ) ;
#4488 = DIRECTION ( 'NONE',  ( 0.08715574274765836016, 0.000000000000000000, 0.9961946980917455452 ) ) ;
#4489 = ORIENTED_EDGE ( 'NONE', *, *, #2364, .F. ) ;
#4490 = CARTESIAN_POINT ( 'NONE',  ( 0.002315126732280080139, -1.085000031209618410, -5.734388729514190430 ) ) ;
#4491 = APPROVAL_DATE_TIME ( #4098, #261 ) ;
#4492 = CARTESIAN_POINT ( 'NONE',  ( -1.902113032590308173, -0.6180339887498949025, -12.02856716297517536 ) ) ;
#4493 = CARTESIAN_POINT ( 'NONE',  ( 0.6815859821374815608, -0.9381226230606179994, -0.5263781958361902769 ) ) ;
#4494 = CARTESIAN_POINT ( 'NONE',  ( -0.9864004998515548683, -0.7166619127879001461, -1.573422796780830080 ) ) ;
#4495 = CARTESIAN_POINT ( 'NONE',  ( -0.9229561270619647262, -0.6705668777936368841, -1.913800992617013197 ) ) ;
#4496 = CARTESIAN_POINT ( 'NONE',  ( 0.000000000000000000, -2.780279219685883210E-16, 1.490777987167568597E-15 ) ) ;
#4497 = EDGE_CURVE ( 'NONE', #3907, #1143, #1898, .T. ) ;
#4498 = CARTESIAN_POINT ( 'NONE',  ( -1.175570504584947162, -1.618033988749895347, -1.109567162975173771 ) ) ;
#4499 = CARTESIAN_POINT ( 'NONE',  ( 1.031896320180243132, -0.3352834388968186641, -4.867300992617014543 ) ) ;
#4500 = CARTESIAN_POINT ( 'NONE',  ( 1.102829285353923661, -0.3583309563939502396, -6.316922796780831462 ) ) ;
#4501 = CARTESIAN_POINT ( 'NONE',  ( -3.490181284755988057E-07, 1.084999999999888942, -9.700299436759417304 ) ) ;
#4502 = CARTESIAN_POINT ( 'NONE',  ( 1.031896320180243132, -0.3352834388968186641, -0.006999999999998327005 ) ) ;
#4503 = ORIENTED_EDGE ( 'NONE', *, *, #2864, .F. ) ;
#4504 = CARTESIAN_POINT ( 'NONE',  ( 0.1418588465686444477, -1.085000000000002185, -3.907380440015097545 ) ) ;
#4505 = CARTESIAN_POINT ( 'NONE',  ( 0.9864004998515545353, -0.7166619127879003681, -4.616422796780830673 ) ) ;
#4506 = CARTESIAN_POINT ( 'NONE',  ( -2.102924448476535257, 1.287669847337751433E-16, -5.107233829641838696 ) ) ;
#4507 = CARTESIAN_POINT ( 'NONE',  ( 1.111300738473050442, -0.3311256190839088620, 1.449416856742442583 ) ) ;
#4508 = FACE_OUTER_BOUND ( 'NONE', #2589, .T. ) ;
#4509 = EDGE_LOOP ( 'NONE', ( #830, #1895, #2829, #2987 ) ) ;
#4510 = CARTESIAN_POINT ( 'NONE',  ( 0.6636076431047264190, 0.8645476510105758461, -5.025488686880792422 ) ) ;
#4511 = DATE_AND_TIME ( #3083, #254 ) ;
#4512 = CARTESIAN_POINT ( 'NONE',  ( 0.6498393924658134591, 2.000000000000000444, -7.285067162975174426 ) ) ;
ENDSEC;
END-ISO-10303-21;
